uri,label,pageRank,influenced_out,influenced_in,influenced_total,almaMater_out,knownFor_out,notableWork_out,religion_out,ideology_out,field_in,almaMater_in,religion_in,ideology_in,fields,likely_religion_or_belief,likely_institution,likely_field_or_discipline
<http://dbpedia.org/resource/Vaklush_Tolev>,Vaklush Tolev,488.2483169206686,0,8,8,1,4,0,0,0,0,0,0,0,[],false,false,false
<http://dbpedia.org/resource/Islam>,Islam,302.1101623030823,1,0,1,0,0,0,0,0,1,0,2982,2,[],true,false,false
<http://dbpedia.org/resource/Christianity>,Christianity,224.0168980565371,1,0,1,0,0,0,0,0,0,0,2601,0,[],true,false,false
<http://dbpedia.org/resource/Princeton_University>,Princeton University,216.36254136330697,0,1,1,0,0,0,0,0,0,1636,0,0,[],false,true,false
<http://dbpedia.org/resource/Efrat_Lifshitz>,Efrat Lifshitz,187.06521709952852,0,0,0,2,1,0,0,0,0,0,0,0,[],false,false,false
<http://dbpedia.org/resource/Chandan_Dasgupta>,Chandan Dasgupta,140.73919756981243,0,0,0,3,2,0,0,0,0,0,0,0,[],false,false,false
<http://dbpedia.org/resource/Massachusetts_Institute_of_Technology>,Massachusetts Institute of Technology,105.18520076525844,0,1,1,0,0,0,0,0,0,1559,0,0,[],false,true,false
<http://dbpedia.org/resource/University_of_Pennsylvania>,University of Pennsylvania,102.83991490610629,0,1,1,0,0,0,0,0,0,1114,0,0,[],false,true,false
<http://dbpedia.org/resource/Buddhism>,Buddhism,86.02949294674097,3,0,3,0,0,0,0,0,0,0,964,1,[],true,false,false
<http://dbpedia.org/resource/George_Bonanno>,George Bonanno,52.689799093013264,0,0,0,2,2,0,0,0,0,0,0,0,[],false,false,false
<http://dbpedia.org/resource/Photography>,Photography,48.07204802983275,0,1,1,0,0,0,0,0,497,0,0,0,[],false,false,true
<http://dbpedia.org/resource/Dusan_Krajcinovic>,Dusan Krajcinovic,45.53491523065444,0,0,0,1,1,0,0,0,0,0,0,0,[],false,false,false
<http://dbpedia.org/resource/Dartmouth_College>,Dartmouth College,42.87676296351759,0,1,1,0,0,0,0,0,0,515,0,0,[],false,true,false
<http://dbpedia.org/resource/Judaism>,Judaism,37.65951218132221,2,0,2,0,0,0,0,0,0,0,531,0,[],true,false,false
<http://dbpedia.org/resource/Timothy_M._P._Tait>,Timothy M. P. Tait,35.72828102127536,0,0,0,2,1,0,0,0,0,0,0,0,[],false,false,false
<http://dbpedia.org/resource/Raymond_Cattell>,Raymond Cattell,35.09947836338896,0,0,0,1,3,0,0,0,0,0,0,0,[],false,false,false
<http://dbpedia.org/resource/James_Giles_(philosopher)>,James Giles (philosopher),29.54905893329654,0,5,5,0,0,0,0,0,0,0,0,0,[],false,false,false
<http://dbpedia.org/resource/Hosahalli_Ramaswamy>,Hosahalli Ramaswamy,27.72173594089719,0,0,0,2,3,0,0,0,0,0,0,0,[],false,false,false
<http://dbpedia.org/resource/Nalin_de_Silva>,Nalin de Silva,24.525022979625838,0,1,1,0,0,0,0,0,0,0,0,0,[],false,false,false
<http://dbpedia.org/resource/Protestantism>,Protestantism,22.65431014992163,0,1,1,0,0,0,0,0,0,0,413,1,[],true,false,false
<http://dbpedia.org/resource/Aykut_Barka>,Aykut Barka,21.161284456017093,0,0,0,1,1,0,0,0,0,0,0,0,[],false,false,false
<http://dbpedia.org/resource/Amit_Chakrabarti>,Amit Chakrabarti,20.088051172898922,0,0,0,2,2,0,0,0,0,0,0,0,[],false,false,false
<http://dbpedia.org/resource/Wesleyan_University>,Wesleyan University,18.989973408417704,0,1,1,0,0,0,0,0,0,240,0,0,[],false,true,false
<http://dbpedia.org/resource/Eton_College>,Eton College,17.9843584063434,0,0,0,0,0,0,1,0,0,211,0,0,[],false,true,false
<http://dbpedia.org/resource/A._D._Gordon>,A. D. Gordon,16.229573724657886,1,2,3,0,0,0,0,0,0,0,0,0,[],false,false,false
<http://dbpedia.org/resource/Venkatesh_K._R._Kodur>,Venkatesh K. R. Kodur,15.498878038752503,0,0,0,2,5,0,0,0,0,0,0,0,[],false,false,false
<http://dbpedia.org/resource/Rachel_Bluwstein>,Rachel Bluwstein,13.945137577637741,0,1,1,0,0,0,0,0,0,0,0,0,[],false,false,false
<http://dbpedia.org/resource/Bowdoin_College>,Bowdoin College,13.505842585420886,0,1,1,0,0,0,0,0,0,154,0,0,[],false,true,false
<http://dbpedia.org/resource/C._R._Hagen>,C. R. Hagen,13.360151483253492,0,0,0,4,11,0,0,0,0,0,0,0,[],false,false,false
<http://dbpedia.org/resource/Economic_liberalism>,Economic liberalism,13.299829443993492,1,0,1,0,0,0,0,0,0,0,0,341,[],false,false,false
<http://dbpedia.org/resource/Ettore_Gotti_Tedeschi>,Ettore Gotti Tedeschi,11.45485502739447,0,1,1,0,0,0,0,0,0,0,0,0,[],false,false,false
<http://dbpedia.org/resource/Clarence_S._Clay_Jr.>,Clarence S. Clay Jr.,10.001868235236014,0,0,0,1,1,0,0,0,0,0,0,0,[],false,false,false
<http://dbpedia.org/resource/Rockefeller_Foundation>,Rockefeller Foundation,6.094464670200846,0,1,1,0,0,0,0,0,0,1,0,0,[],false,false,false
<http://dbpedia.org/resource/Taoism>,Taoism,5.819749412410507,1,1,2,0,0,0,0,0,0,0,145,0,[],true,false,false
<http://dbpedia.org/resource/Leo_Strauss>,Leo Strauss,5.1689187128513545,96,76,172,0,0,0,0,0,0,0,0,0,[],false,false,false
<http://dbpedia.org/resource/Peter_Schönemann>,Peter Schönemann,5.1224261014801025,0,0,0,0,1,0,0,0,0,0,0,0,[],false,false,false
<http://dbpedia.org/resource/John_Nesselroade>,John Nesselroade,5.1224261014801025,0,0,0,0,2,0,0,0,0,0,0,0,[],false,false,false
<http://dbpedia.org/resource/Heraclitus>,Heraclitus,5.086857419447741,30,4,34,0,0,0,0,0,0,0,0,0,[],false,false,false
<http://dbpedia.org/resource/Achimota_School>,Achimota School,4.553000000000002,0,0,0,0,0,0,1,0,0,55,0,0,[],false,true,false
<http://dbpedia.org/resource/Joseph_de_Maistre>,Joseph de Maistre,4.383953901183031,41,49,90,0,0,0,0,0,0,0,0,0,[],false,false,false
<http://dbpedia.org/resource/Ph.D.>,Ph.D.,4.268804667730324,1,1,2,0,0,0,0,0,0,100,0,0,[],false,true,false
<http://dbpedia.org/resource/Robbie_Bonham>,Robbie Bonham,4.223518750000001,0,12,12,0,0,0,0,0,0,0,0,0,[],false,false,false
<http://dbpedia.org/resource/Zoroastrianism>,Zoroastrianism,4.089492574612887,1,0,1,0,0,0,0,0,0,0,90,0,[],true,false,false
<http://dbpedia.org/resource/Malaysia>,Malaysia,3.646060116040544,0,0,0,0,0,0,1,0,0,0,2,0,[],true,false,false
<http://dbpedia.org/resource/Harrow_School>,Harrow School,3.5287500000000005,0,0,0,0,0,0,1,0,0,42,0,0,[],false,true,false
<http://dbpedia.org/resource/Juan_Bautista_Alberdi>,Juan Bautista Alberdi,3.4981567763548393,19,41,60,0,0,0,0,0,0,0,0,0,[],false,false,false
<http://dbpedia.org/resource/Doctor_Who>,Doctor Who,3.458625000000001,1,0,1,0,0,0,0,0,0,0,0,0,[],false,false,false
<http://dbpedia.org/resource/Søren_Kierkegaard>,Søren Kierkegaard,3.3716670722087665,58,37,95,0,0,0,0,0,0,0,0,0,[],false,false,false
<http://dbpedia.org/resource/Winchester_College>,Winchester College,3.229466294710569,0,0,0,0,0,0,1,0,0,40,0,0,[],false,true,false
<http://dbpedia.org/resource/Yaşar_Nuri_Öztürk>,Yaşar Nuri Öztürk,3.0894358951177363,4,22,26,0,0,0,0,0,0,0,0,0,[],false,false,false
<http://dbpedia.org/resource/Developmental_psychology>,Developmental psychology,2.8689650596962917,0,1,1,0,0,0,0,0,1,0,0,0,[],false,false,false
<http://dbpedia.org/resource/Thomas_Paine>,Thomas Paine,2.8394699553060665,20,10,30,0,0,0,0,0,0,0,0,0,[],false,false,false
<http://dbpedia.org/resource/Christopher_Hitchens>,Christopher Hitchens,2.8022462894974653,5,26,31,0,0,0,0,0,0,0,0,0,[],false,false,false
<http://dbpedia.org/resource/Caner_Taslaman>,Caner Taslaman,2.7719527666992394,0,9,9,0,0,0,0,0,0,0,0,0,[],false,false,false
<http://dbpedia.org/resource/Westminster_School>,Westminster School,2.7637500000000013,0,0,0,0,0,0,1,0,0,30,0,0,[],false,true,false
<http://dbpedia.org/resource/Gregorio_Baro>,Gregorio Baro,2.750799833048827,0,0,0,1,5,0,0,0,0,0,0,0,[],false,false,false
<http://dbpedia.org/resource/Companions_of_the_Prophet>,Companions of the Prophet,2.667320075757576,0,0,0,0,0,0,1,0,0,0,0,0,[],false,false,false
<http://dbpedia.org/resource/Jacques_Ellul>,Jacques Ellul,2.6070777018762596,47,33,80,0,0,0,0,0,0,0,0,0,[],false,false,false
<http://dbpedia.org/resource/Aleksandr_Dugin>,Aleksandr Dugin,2.5997681781085027,3,22,25,0,0,0,0,0,0,0,0,0,[],false,false,false
<http://dbpedia.org/resource/Mookie_Tenembaum>,Mookie Tenembaum,2.4140922604422768,0,31,31,0,0,0,0,0,0,0,0,0,[],false,false,false
<http://dbpedia.org/resource/Adolf_Hitler>,Adolf Hitler,2.4000578450114705,0,1,1,0,0,0,0,0,0,0,0,0,[],false,false,false
<http://dbpedia.org/resource/Douglas_W._Owsley>,Douglas W. Owsley,2.378616957906112,2,5,7,2,4,0,0,0,0,0,0,0,[],false,false,false
<http://dbpedia.org/resource/John_Ruskin>,John Ruskin,2.360221737650483,36,21,57,0,0,0,0,0,0,0,0,0,[],false,false,false
<http://dbpedia.org/resource/Ludwig_Wittgenstein>,Ludwig Wittgenstein,2.314558925021813,166,33,199,0,0,0,0,0,0,0,0,0,[],false,false,false
<http://dbpedia.org/resource/Physics>,Physics,2.3082233543525117,0,1,1,0,0,0,0,0,2,20,0,0,[],false,true,false
<http://dbpedia.org/resource/Religious_Society_of_Friends>,Religious Society of Friends,2.240269087614517,1,0,1,0,0,0,0,0,0,0,14,0,[],true,false,false
<http://dbpedia.org/resource/Friedrich_Hayek>,Friedrich Hayek,2.2030158886068874,54,31,85,0,0,0,0,0,0,0,0,0,"[Political science, Psychology, Jurisprudence]",false,false,false
"<http://dbpedia.org/resource/Trinity_College,_Kandy>","Trinity College, Kandy",2.2006249999999996,0,0,0,0,0,0,1,0,0,28,0,0,[],false,true,false
<http://dbpedia.org/resource/Mário_Ferreira_dos_Santos>,Mário Ferreira dos Santos,2.197551248915698,3,47,50,0,0,0,0,0,0,0,0,0,[],false,false,false
<http://dbpedia.org/resource/Muhammad>,Muhammad,2.19425,8,0,8,0,0,0,0,0,0,0,0,0,[],false,false,false
<http://dbpedia.org/resource/Eastern_Christianity>,Eastern Christianity,2.144504910365367,0,1,1,0,0,0,0,0,0,0,16,0,[],true,false,false
<http://dbpedia.org/resource/Hossein_Elahi_Ghomshei>,Hossein Elahi Ghomshei,2.1209902386619515,0,18,18,0,0,0,0,0,0,0,0,0,[],false,false,false
<http://dbpedia.org/resource/Sigmund_Freud>,Sigmund Freud,2.1085506662111158,79,44,123,1,5,0,0,0,0,0,0,0,[],false,false,false
<http://dbpedia.org/resource/Marshall_McLuhan>,Marshall McLuhan,2.0277754646946167,23,25,48,0,0,0,0,0,0,0,0,0,[],false,false,false
<http://dbpedia.org/resource/Robert_Anton_Wilson>,Robert Anton Wilson,2.0216019771609393,2,24,26,0,0,0,0,0,0,0,0,0,[],false,false,false
<http://dbpedia.org/resource/Portugal>,Portugal,1.9987499999999998,0,0,0,0,0,0,5,0,0,0,0,0,[],false,false,false
<http://dbpedia.org/resource/Friedrich_Nietzsche>,Friedrich Nietzsche,1.9889228214961727,109,28,137,0,0,0,0,0,0,0,0,0,[],false,false,false
<http://dbpedia.org/resource/Gilles_Deleuze>,Gilles Deleuze,1.9812213589160685,45,42,87,0,0,0,0,0,0,0,0,0,[],false,false,false
<http://dbpedia.org/resource/Solomon_Mikhlin>,Solomon Mikhlin,1.9323425296076666,0,0,0,1,3,0,0,0,0,0,0,0,[],false,false,false
<http://dbpedia.org/resource/Pirate_Party>,Pirate Party,1.927258928571429,0,0,0,0,0,0,0,8,0,0,0,39,[],false,false,false
<http://dbpedia.org/resource/Charles_Darwin>,Charles Darwin,1.9083801317862898,66,23,89,0,3,0,0,0,0,0,0,0,[],false,false,false
<http://dbpedia.org/resource/Arthur_Schopenhauer>,Arthur Schopenhauer,1.8891692367130684,73,24,97,0,0,0,0,0,0,0,0,0,[],false,false,false
<http://dbpedia.org/resource/Karl_Marx>,Karl Marx,1.8824097440240537,222,31,253,0,0,0,0,0,0,1,0,0,[],false,false,false
<http://dbpedia.org/resource/Iran>,Iran,1.881875,0,0,0,0,0,0,1,0,0,0,1,0,[],true,false,false
<http://dbpedia.org/resource/Philip_Paul>,Philip Paul,1.8445425214324185,0,0,0,0,1,0,0,0,0,0,0,0,[],false,false,false
<http://dbpedia.org/resource/Gary_Peller>,Gary Peller,1.8338923487683394,0,3,3,0,0,0,0,0,0,0,0,0,[],false,false,false
<http://dbpedia.org/resource/Artificial_intelligence>,Artificial intelligence,1.8135544027258796,0,1,1,0,0,0,0,0,0,0,0,0,[],false,false,false
<http://dbpedia.org/resource/Sufism>,Sufism,1.807155120506827,2,1,3,0,0,0,0,0,1,0,20,3,[],true,false,false
<http://dbpedia.org/resource/China>,China,1.7823541666666665,1,0,1,0,0,0,0,0,0,0,0,0,[],false,false,false
<http://dbpedia.org/resource/Andrzej_Grzegorczyk>,Andrzej Grzegorczyk,1.7806018470346672,2,20,22,2,13,0,0,0,0,0,0,0,[],false,false,false
<http://dbpedia.org/resource/August_Köhler>,August Köhler,1.7724809378309714,0,0,0,0,1,0,0,0,0,0,0,0,[],false,false,false
<http://dbpedia.org/resource/Peter_Lamborn_Wilson>,Peter Lamborn Wilson,1.768980821741623,2,11,13,0,0,0,0,0,0,0,0,0,[],false,false,false
"<http://dbpedia.org/resource/S._Thomas'_College,_Mount_Lavinia>","S. Thomas' College, Mount Lavinia",1.7640892857142862,0,0,0,0,0,0,1,0,0,29,0,0,[],false,true,false
<http://dbpedia.org/resource/Cornel_West>,Cornel West,1.7560499506277325,1,21,22,0,0,0,0,0,0,0,0,0,[],false,false,false
<http://dbpedia.org/resource/Marlborough_College>,Marlborough College,1.7545780247198177,0,0,0,0,0,0,1,0,0,24,0,0,[],false,true,false
<http://dbpedia.org/resource/Alan_Watts>,Alan Watts,1.7434408201550462,7,16,23,0,0,0,0,0,0,0,0,0,[],false,false,false
<http://dbpedia.org/resource/Music>,Music,1.7346166159806178,0,1,1,0,0,0,0,0,20,0,0,0,[],false,false,true
"<http://dbpedia.org/resource/Queen's_College,_Taunton>","Queen's College, Taunton",1.707930957091434,0,0,0,0,0,0,1,0,0,4,0,0,[],false,false,false
<http://dbpedia.org/resource/Benjamin_Snyder>,Benjamin Snyder,1.700419354229524,0,0,0,0,1,0,0,0,0,0,0,0,[],false,false,false
<http://dbpedia.org/resource/Slavoj_Žižek>,Slavoj Žižek,1.6999510281529742,21,28,49,0,0,0,0,0,0,0,0,0,[],false,false,false
<http://dbpedia.org/resource/Reza_Negarestani>,Reza Negarestani,1.697159492830632,0,9,9,0,0,0,0,0,0,0,0,0,[],false,false,false
<http://dbpedia.org/resource/Bob_Black>,Bob Black,1.693908265398553,4,27,31,0,0,0,0,0,0,0,0,0,[],false,false,false
<http://dbpedia.org/resource/Alain_de_Benoist>,Alain de Benoist,1.68475944693002,2,22,24,0,0,0,0,0,0,0,0,0,[],false,false,false
<http://dbpedia.org/resource/Origen>,Origen,1.683545537089556,23,18,41,0,0,0,0,0,0,0,0,0,[],false,false,false
<http://dbpedia.org/resource/Abraham_Lincoln>,Abraham Lincoln,1.6766209172312896,0,2,2,0,0,0,0,0,1,0,0,0,[],false,false,false
<http://dbpedia.org/resource/Li_Zhensheng_(geneticist)>,Li Zhensheng (geneticist),1.6650010416666665,0,1,1,1,0,0,0,0,0,0,0,0,[],false,false,false
<http://dbpedia.org/resource/Murray_Rothbard>,Murray Rothbard,1.660923379328599,17,31,48,1,0,0,0,0,0,0,0,0,"[Economic history, History of economic thought, Legal philosophy, Praxeology]",false,false,false
<http://dbpedia.org/resource/Michel_Aflaq__1>,Michel Aflaq  1,1.6561713633357686,15,18,33,0,0,0,0,0,0,0,0,0,[],false,false,false
<http://dbpedia.org/resource/Ramon_Llull__Ramon_Llull__1>,Ramon Llull  Ramon Llull  1,1.6207947855608578,35,18,53,0,0,0,0,0,0,0,0,0,[],false,false,false
<http://dbpedia.org/resource/Tommaso_Palamidessi>,Tommaso Palamidessi,1.6194113713553628,0,5,5,0,0,0,0,0,0,0,0,0,[],false,false,false
<http://dbpedia.org/resource/Moravian_Church>,Moravian Church,1.6096891140368716,0,1,1,0,0,0,0,0,0,0,11,0,[],true,false,false
<http://dbpedia.org/resource/Nikolai_Berdyaev>,Nikolai Berdyaev,1.5976664425483655,12,14,26,0,0,0,0,0,0,0,0,0,[],false,false,false
<http://dbpedia.org/resource/Estado_Novo_(Portugal)>,Estado Novo (Portugal),1.5525000000000002,0,0,0,0,0,0,1,0,0,0,0,0,[],false,false,false
<http://dbpedia.org/resource/Natural_history>,Natural history,1.5419075369063036,0,1,1,0,0,0,0,0,9,0,0,0,[],false,false,false
<http://dbpedia.org/resource/Stanley_Cavell>,Stanley Cavell,1.5387188992512915,34,18,52,0,0,0,0,0,0,0,0,0,[],false,false,false
<http://dbpedia.org/resource/Seyyed_Hossein_Nasr>,Seyyed Hossein Nasr,1.5383730373478812,39,17,56,0,0,0,0,0,0,0,0,0,[],false,false,false
<http://dbpedia.org/resource/Historical_Vedic_religion>,Historical Vedic religion,1.5355000000000008,1,0,1,0,0,0,0,0,0,0,21,0,[],true,false,false
<http://dbpedia.org/resource/Baltasar_Gracián>,Baltasar Gracián,1.5347820753379886,2,5,7,0,0,0,0,0,0,0,0,0,[],false,false,false
<http://dbpedia.org/resource/Jamgön_Ju_Mipham_Gyatso>,Jamgön Ju Mipham Gyatso,1.525024342021249,4,12,16,0,0,0,0,0,0,0,0,0,[],false,false,false
<http://dbpedia.org/resource/Susan_Petrilli>,Susan Petrilli,1.5230228155728398,0,9,9,0,0,0,0,0,0,0,0,0,[],false,false,false
<http://dbpedia.org/resource/Wincenty_Lutosławski>,Wincenty Lutosławski,1.5078240957701083,1,11,12,0,0,0,0,0,0,0,0,0,[],false,false,false
<http://dbpedia.org/resource/Cornelius_Castoriadis>,Cornelius Castoriadis,1.4888773995205105,34,25,59,0,0,0,0,0,0,0,0,0,[],false,false,false
<http://dbpedia.org/resource/Camil_Mureșanu>,Camil Mureșanu,1.4872439647132154,1,12,13,1,0,0,0,0,0,0,0,0,[],false,false,false
<http://dbpedia.org/resource/Harold_J._Brodie>,Harold J. Brodie,1.474180957091434,0,0,0,1,1,0,0,0,0,0,0,0,[],false,false,false
<http://dbpedia.org/resource/Marsilio_Ficino>,Marsilio Ficino,1.4726442806830118,11,18,29,0,0,0,0,0,0,0,0,0,[],false,false,false
<http://dbpedia.org/resource/Martin_Heidegger>,Martin Heidegger,1.464624550167261,124,32,156,0,0,0,0,0,0,0,0,0,[],false,false,false
<http://dbpedia.org/resource/Ann-Sophie_Barwich>,Ann-Sophie Barwich,1.4635425608848454,0,5,5,2,0,0,0,0,0,0,0,0,[],false,false,false
<http://dbpedia.org/resource/Immanuel_Kant>,Immanuel Kant,1.4502968450673057,200,21,221,0,0,0,0,0,0,0,0,0,[],false,false,false
<http://dbpedia.org/resource/Isaac_Newton>,Isaac Newton,1.4444067989523297,43,17,60,0,17,0,0,0,0,0,0,0,[],false,false,false
<http://dbpedia.org/resource/Gottfried_Wilhelm_Leibniz>,Gottfried Wilhelm Leibniz,1.4327918478781245,50,21,71,0,0,0,0,0,0,0,0,0,[],false,false,false
<http://dbpedia.org/resource/Jerzy_Grotowski>,Jerzy Grotowski,1.4316504058750334,0,1,1,2,0,0,0,0,0,0,0,0,[],false,false,false
<http://dbpedia.org/resource/Plinio_Corrêa_de_Oliveira>,Plinio Corrêa de Oliveira,1.4273651183220526,1,11,12,0,0,0,0,0,0,0,0,0,[],false,false,false
<http://dbpedia.org/resource/Ashley_Dawson>,Ashley Dawson,1.4262979667106652,0,14,14,1,0,0,0,0,0,0,0,0,[],false,false,false
<http://dbpedia.org/resource/Tan_Malaka>,Tan Malaka,1.4254216977520433,12,19,31,0,0,0,0,0,0,0,0,0,[],false,false,false
<http://dbpedia.org/resource/Alfred_Werner_Maurer>,Alfred Werner Maurer,1.4249999999999998,0,10,10,0,0,0,0,0,0,0,0,0,[],false,false,false
<http://dbpedia.org/resource/Plato>,Plato,1.4249495232907323,158,17,175,0,0,0,0,0,0,0,0,0,[],false,false,false
<http://dbpedia.org/resource/Georges_Sorel>,Georges Sorel,1.402486443830744,18,19,37,0,0,0,0,0,0,0,0,0,[],false,false,false
<http://dbpedia.org/resource/Charles_Taylor_(philosopher)>,Charles Taylor (philosopher),1.3955421030785113,30,30,60,0,0,0,0,0,0,0,0,0,[],false,false,false
<http://dbpedia.org/resource/Amina_Mama>,Amina Mama,1.3890540926775852,0,20,20,0,0,0,0,0,0,0,0,0,[],false,false,false
<http://dbpedia.org/resource/Jaime_Guzmán>,Jaime Guzmán,1.3817611085374781,0,2,2,1,0,0,0,0,0,0,0,0,[],false,false,false
<http://dbpedia.org/resource/Ion_Dragoumis>,Ion Dragoumis,1.3648149272524266,10,18,28,0,0,0,0,0,0,0,0,0,[],false,false,false
<http://dbpedia.org/resource/Python_(programming_language)>,Python (programming language),1.3628593603066588,31,20,51,0,0,0,0,0,0,0,0,0,[],false,false,false
<http://dbpedia.org/resource/Romania>,Romania,1.3598130600031166,0,3,3,0,0,0,0,0,0,0,0,0,[],false,false,false
<http://dbpedia.org/resource/John_Colet>,John Colet,1.3563259640685894,1,12,13,0,0,0,0,0,0,0,0,0,[],false,false,false
<http://dbpedia.org/resource/Functional_analysis>,Functional analysis,1.3558931148607232,0,1,1,0,0,0,0,0,1,0,0,0,[],false,false,false
<http://dbpedia.org/resource/Peter_Hacker>,Peter Hacker,1.3483303385667869,3,12,15,0,0,0,0,0,0,0,0,0,[],false,false,false
<http://dbpedia.org/resource/Douglas_Groothuis>,Douglas Groothuis,1.3446564781803232,0,12,12,0,0,0,0,0,0,0,0,0,[],false,false,false
<http://dbpedia.org/resource/Giacomo_Leopardi>,Giacomo Leopardi,1.3430590459084681,10,19,29,0,0,0,0,0,0,0,0,0,[],false,false,false
<http://dbpedia.org/resource/Hirata_Atsutane>,Hirata Atsutane,1.342836164985805,1,10,11,0,0,0,0,0,0,0,0,0,[],false,false,false
<http://dbpedia.org/resource/Cicero>,Cicero,1.3365897217706024,16,15,31,0,0,0,0,0,0,0,0,0,[],false,false,false
<http://dbpedia.org/resource/Michel_de_Montaigne>,Michel de Montaigne,1.3350925570166963,39,17,56,0,0,0,0,0,0,0,0,0,[],false,false,false
<http://dbpedia.org/resource/Ryan_Rems>,Ryan Rems,1.3297291666666669,0,3,3,0,0,0,0,0,0,0,0,0,[],false,false,false
<http://dbpedia.org/resource/Desiderius_Erasmus>,Desiderius Erasmus,1.328376738414681,1,1,2,0,0,0,0,0,0,0,0,0,[],false,false,false
<http://dbpedia.org/resource/Michel_Foucault>,Michel Foucault,1.326875648957633,70,30,100,0,0,0,0,0,0,0,0,0,[],false,false,false
<http://dbpedia.org/resource/Rust_(programming_language)>,Rust (programming language),1.3164764626695071,8,17,25,0,0,0,0,0,0,0,0,0,[],false,false,false
<http://dbpedia.org/resource/Charles_Maurras>,Charles Maurras,1.2923489228313103,23,17,40,0,0,0,0,0,0,0,0,0,[],false,false,false
<http://dbpedia.org/resource/Hayashi_Ōen>,Hayashi Ōen,1.2914105597514556,0,1,1,0,0,0,0,0,0,0,0,0,[],false,false,false
<http://dbpedia.org/resource/Luiz_Felipe_Pondé>,Luiz Felipe Pondé,1.287959244735527,0,14,14,0,0,0,0,0,0,0,0,0,[],false,false,false
<http://dbpedia.org/resource/Seneca_the_Younger>,Seneca the Younger,1.2856346243167254,17,12,29,0,0,0,0,0,0,0,0,0,[],false,false,false
<http://dbpedia.org/resource/René_Descartes>,René Descartes,1.2804958370591066,58,23,81,0,0,0,0,0,0,0,0,0,[],false,false,false
<http://dbpedia.org/resource/Thomas_Meehan_(botanist)>,Thomas Meehan (botanist),1.279365601532523,0,11,11,0,0,0,0,0,0,0,0,0,[],false,false,false
<http://dbpedia.org/resource/Abu_al-Hasan_al-Shushtari>,Abu al-Hasan al-Shushtari,1.279131156769699,5,11,16,0,0,0,0,0,0,0,0,0,[],false,false,false
<http://dbpedia.org/resource/Kabir>,Kabir,1.2697284262154016,2,3,5,0,0,0,0,0,0,0,0,0,[],false,false,false
<http://dbpedia.org/resource/Ray_Brassier>,Ray Brassier,1.2683885919277247,1,12,13,0,0,0,0,0,0,0,0,0,[],false,false,false
<http://dbpedia.org/resource/Jacques_Derrida>,Jacques Derrida,1.2668291657255462,59,32,91,0,0,0,0,0,0,0,0,0,[],false,false,false
<http://dbpedia.org/resource/Numerical_analysis>,Numerical analysis,1.264742917815799,0,1,1,0,0,0,0,0,0,0,0,0,[],false,false,false
<http://dbpedia.org/resource/Bertrand_Russell>,Bertrand Russell,1.2645172094730188,91,25,116,0,0,0,0,0,0,0,0,0,[],false,false,false
<http://dbpedia.org/resource/Olavo_de_Carvalho>,Olavo de Carvalho,1.2575208348289522,0,7,7,0,0,0,0,0,0,0,0,0,[],false,false,false
<http://dbpedia.org/resource/Hiroki_Azuma>,Hiroki Azuma,1.2565832658649962,1,12,13,0,0,0,0,0,0,0,0,0,[],false,false,false
<http://dbpedia.org/resource/Nikolas_Kompridis>,Nikolas Kompridis,1.2536389757502113,0,12,12,0,0,0,0,0,0,0,0,0,[],false,false,false
<http://dbpedia.org/resource/Judith_Revel>,Judith Revel,1.2474377824230745,0,6,6,0,0,0,0,0,0,0,0,0,[],false,false,false
<http://dbpedia.org/resource/Eric_Voegelin>,Eric Voegelin,1.2472011163344499,15,24,39,0,0,0,0,0,0,0,0,0,[],false,false,false
<http://dbpedia.org/resource/Russell_Kirk>,Russell Kirk,1.2275793389626513,11,16,27,0,0,0,0,0,0,0,0,0,[],false,false,false
<http://dbpedia.org/resource/Bedford_School>,Bedford School,1.2273749999999999,0,0,0,0,0,0,1,0,0,13,0,0,[],false,true,false
<http://dbpedia.org/resource/Ahamed_Muhyudheen_Noorishah_Jeelani>,Ahamed Muhyudheen Noorishah Jeelani,1.2258970114526677,3,12,15,0,0,0,0,0,0,0,0,0,[],false,false,false
<http://dbpedia.org/resource/Carlo_Michelstaedter>,Carlo Michelstaedter,1.2233555653798884,3,22,25,0,0,0,0,0,0,0,0,0,[],false,false,false
<http://dbpedia.org/resource/Noëlle_McAfee>,Noëlle McAfee,1.223154230176863,0,6,6,0,0,0,0,0,0,0,0,0,[],false,false,false
<http://dbpedia.org/resource/Tamaki_Saitō>,Tamaki Saitō,1.218095669863814,0,1,1,0,0,0,0,0,0,0,0,0,[],false,false,false
<http://dbpedia.org/resource/Vincenzo_Di_Nicola>,Vincenzo Di Nicola,1.2113504549164988,0,7,7,0,2,0,0,0,0,0,0,0,[],false,false,false
<http://dbpedia.org/resource/Scipione_Ammirato>,Scipione Ammirato,1.205757521550267,8,14,22,0,0,0,0,0,0,0,0,0,[],false,false,false
<http://dbpedia.org/resource/Theodor_W._Adorno>,Theodor W. Adorno,1.200147334037184,19,21,40,0,0,0,0,0,0,0,0,0,[],false,false,false
<http://dbpedia.org/resource/Idris_(programming_language)>,Idris (programming language),1.1957344842488677,0,10,10,0,0,0,0,0,0,0,0,0,[],false,false,false
<http://dbpedia.org/resource/Julia_(programming_language)>,Julia (programming language),1.1956782514324593,0,12,12,0,0,0,0,0,0,0,0,0,[],false,false,false
<http://dbpedia.org/resource/Agustín_García_Calvo>,Agustín García Calvo,1.1878050305276038,10,10,20,0,0,0,0,0,0,0,0,0,[],false,false,false
<http://dbpedia.org/resource/Henri_de_Saint-Simon>,Henri de Saint-Simon,1.1861387727563453,12,18,30,0,0,0,0,0,0,0,0,0,[],false,false,false
<http://dbpedia.org/resource/Nick_Bruno>,Nick Bruno,1.1848750000000001,0,4,4,2,0,0,0,0,0,0,0,0,[],false,false,false
<http://dbpedia.org/resource/Jaffna_Central_College>,Jaffna Central College,1.1785,0,0,0,0,0,0,1,0,0,18,0,0,[],false,true,false
<http://dbpedia.org/resource/Clement_of_Alexandria>,Clement of Alexandria,1.176340739017603,9,13,22,0,0,0,0,0,0,0,0,0,[],false,false,false
<http://dbpedia.org/resource/Walter_Benjamin>,Walter Benjamin,1.1733248605662414,27,23,50,0,0,0,0,0,0,0,0,0,[],false,false,false
<http://dbpedia.org/resource/Shirley_R._Steinberg>,Shirley R. Steinberg,1.1657989831876152,0,8,8,1,0,0,0,0,0,0,0,0,[],false,false,false
<http://dbpedia.org/resource/Differential_geometry>,Differential geometry,1.157478199703549,0,1,1,0,0,0,0,0,0,0,0,0,[],false,false,false
<http://dbpedia.org/resource/Carl_Jung>,Carl Jung,1.1506647521672928,34,23,57,2,9,0,0,0,0,0,0,0,[],false,false,false
<http://dbpedia.org/resource/Rainer_Forst>,Rainer Forst,1.1495360849373488,0,14,14,0,0,0,0,0,0,0,0,0,[],false,false,false
<http://dbpedia.org/resource/İhsan_Eliaçık>,İhsan Eliaçık,1.147409976731362,0,5,5,0,0,0,0,0,0,0,0,0,[],false,false,false
<http://dbpedia.org/resource/C_Sharp_(programming_language)>,C Sharp (programming language),1.146775982510534,33,18,51,0,0,0,0,0,0,0,0,0,[],false,false,false
<http://dbpedia.org/resource/Guillaume_Faye>,Guillaume Faye,1.146683617669495,0,20,20,0,0,0,0,0,0,0,0,0,[],false,false,false
<http://dbpedia.org/resource/Michel_Onfray>,Michel Onfray,1.1410505453624047,0,16,16,0,0,0,0,0,0,0,0,0,[],false,false,false
<http://dbpedia.org/resource/Erving_Goffman>,Erving Goffman,1.140892325136804,5,13,18,0,6,0,0,0,0,0,0,0,[],false,false,false
<http://dbpedia.org/resource/Aristotle>,Aristotle,1.1263290019430177,193,12,205,0,0,0,0,0,0,0,0,0,[],false,false,false
<http://dbpedia.org/resource/Thomas_Kuhn>,Thomas Kuhn,1.1212458538054189,17,15,32,0,0,0,0,0,0,0,0,0,[],false,false,false
<http://dbpedia.org/resource/Burton_C._Gray>,Burton C. Gray,1.11280415319626,0,3,3,2,0,0,0,0,0,0,0,0,"[Economics, Political philosophy, Business]",false,false,false
<http://dbpedia.org/resource/Hugh_of_Saint_Victor>,Hugh of Saint Victor,1.1119155157896712,5,12,17,0,0,0,0,0,0,0,0,0,[],false,false,false
<http://dbpedia.org/resource/Native_Americans_in_the_United_States>,Native Americans in the United States,1.1105,0,0,0,0,0,0,6,0,0,0,4,0,[],true,false,false
<http://dbpedia.org/resource/Nick_Srnicek>,Nick Srnicek,1.1071015069085788,0,2,2,0,0,0,0,0,0,0,0,0,[],false,false,false
<http://dbpedia.org/resource/Martin_Luther_King_Jr.>,Martin Luther King Jr.,1.1070915542234985,3,2,5,0,0,0,0,0,0,0,0,0,[],false,false,false
<http://dbpedia.org/resource/Laurie_Bauer>,Laurie Bauer,1.1062500000000002,0,0,0,0,1,0,0,0,0,0,0,0,[],false,false,false
<http://dbpedia.org/resource/William_James>,William James,1.1035638937776884,53,24,77,0,0,0,0,0,0,0,0,0,[],false,false,false
<http://dbpedia.org/resource/Sandrine_Bergès>,Sandrine Bergès,1.102728974858929,0,9,9,0,0,0,0,0,0,0,0,0,[],false,false,false
<http://dbpedia.org/resource/Roger_Bacon>,Roger Bacon,1.1017248097969503,7,12,19,0,0,0,0,0,0,0,0,0,[],false,false,false
<http://dbpedia.org/resource/Julius_Evola>,Julius Evola,1.0985297850264157,7,17,24,0,0,0,0,0,0,0,0,0,[],false,false,false
<http://dbpedia.org/resource/Dharmaraja_College>,Dharmaraja College,1.095625,0,0,0,0,0,0,1,0,0,10,0,0,[],false,true,false
<http://dbpedia.org/resource/Group_theory>,Group theory,1.0942746047902459,0,1,1,0,0,0,0,0,0,0,0,0,[],false,false,false
<http://dbpedia.org/resource/Zeno_of_Citium__Zeno_of_Citium__1>,Zeno of Citium  Zeno of Citium  1,1.0939689932323635,7,9,16,0,0,0,0,0,0,0,0,0,[],false,false,false
<http://dbpedia.org/resource/QML>,QML,1.0925771906563004,2,4,6,0,0,0,0,0,0,0,0,0,[],false,false,false
<http://dbpedia.org/resource/Turkey>,Turkey,1.09190625,0,0,0,0,0,0,1,0,0,0,2,0,[],true,false,false
<http://dbpedia.org/resource/Zen>,Zen,1.0887575291088223,0,2,2,0,0,0,0,0,0,0,10,0,[],true,false,false
<http://dbpedia.org/resource/Peter_Kreeft>,Peter Kreeft,1.0857371854159152,0,12,12,0,0,0,0,0,0,0,0,0,[],false,false,false
"<http://dbpedia.org/resource/Richmond_College,_Galle>","Richmond College, Galle",1.085,0,0,0,0,0,0,1,0,0,10,0,0,[],false,true,false
<http://dbpedia.org/resource/Emil_Cioran>,Emil Cioran,1.0849928995504028,3,16,19,0,0,0,0,0,0,0,0,0,[],false,false,false
<http://dbpedia.org/resource/Thomas_Jefferson>,Thomas Jefferson,1.0749413167669881,5,8,13,1,0,0,0,0,0,0,0,0,[],false,false,false
<http://dbpedia.org/resource/LFE_(programming_language)>,LFE (programming language),1.0723577185875013,0,8,8,0,0,0,0,0,0,0,0,0,[],false,false,false
<http://dbpedia.org/resource/Smalltalk>,Smalltalk,1.071475290173424,51,9,60,0,0,0,0,0,0,0,0,0,[],false,false,false
<http://dbpedia.org/resource/Plutarch>,Plutarch,1.0713913970943518,29,13,42,0,0,0,0,0,0,0,0,0,[],false,false,false
<http://dbpedia.org/resource/Emanuele_Tesauro>,Emanuele Tesauro,1.0709978208578217,6,11,17,0,0,0,0,0,0,0,0,0,[],false,false,false
<http://dbpedia.org/resource/Juan_José_Sebreli>,Juan José Sebreli,1.069812649780961,0,10,10,0,0,0,0,0,0,0,0,0,[],false,false,false
<http://dbpedia.org/resource/Herbert_A._Simon>,Herbert A. Simon,1.069480528101543,24,11,35,0,5,0,0,0,0,0,0,0,[],false,false,false
<http://dbpedia.org/resource/Baruch_Spinoza>,Baruch Spinoza,1.0675476356109885,53,13,66,0,0,0,0,0,0,0,0,0,[],false,false,false
<http://dbpedia.org/resource/Vladimir_Solovyov_(philosopher)>,Vladimir Solovyov (philosopher),1.0673069329112306,14,17,31,0,0,0,0,0,0,0,0,0,[],false,false,false
<http://dbpedia.org/resource/Charterhouse_School>,Charterhouse School,1.06375,0,0,0,0,0,0,1,0,0,11,0,0,[],false,true,false
<http://dbpedia.org/resource/Ibn_Sab'in>,Ibn Sab'in,1.0613835023320337,6,13,19,0,0,0,0,0,0,0,0,0,[],false,false,false
<http://dbpedia.org/resource/MATLAB>,MATLAB,1.0608987122269025,5,7,12,0,0,0,0,0,0,0,0,0,[],false,false,false
<http://dbpedia.org/resource/Ray_Ellin>,Ray Ellin,1.0605625000000003,0,9,9,0,0,0,0,0,0,0,0,0,[],false,false,false
<http://dbpedia.org/resource/Muhammad_Iqbal>,Muhammad Iqbal,1.0583493241025208,24,14,38,0,0,0,0,0,0,0,0,0,[],false,false,false
<http://dbpedia.org/resource/Microsoft>,Microsoft,1.0543851093918652,1,0,1,0,0,0,0,0,0,0,0,0,[],false,false,false
<http://dbpedia.org/resource/Cesare_Magati>,Cesare Magati,1.0537492580630756,0,10,10,2,1,0,0,0,0,0,0,0,[],false,false,false
<http://dbpedia.org/resource/John_Scotus_Eriugena__John_Scotus_Eriugena__1>,John Scotus Eriugena  John Scotus Eriugena  1,1.0530917967003848,16,8,24,0,0,0,0,0,0,0,0,0,[],false,false,false
<http://dbpedia.org/resource/William_Shakespeare>,William Shakespeare,1.0503481674752981,5,1,6,0,0,0,0,0,0,0,0,0,[],false,false,false
<http://dbpedia.org/resource/Rafael_Gambra_Ciudad>,Rafael Gambra Ciudad,1.050301874433597,0,9,9,0,0,0,0,0,0,0,0,0,[],false,false,false
<http://dbpedia.org/resource/Butler_D._Shaffer>,Butler D. Shaffer,1.0492018912672358,0,24,24,1,0,0,0,0,0,0,0,0,[],false,false,false
<http://dbpedia.org/resource/JR-BASIC>,JR-BASIC,1.0462272843717626,0,1,1,0,0,0,0,0,0,0,0,0,[],false,false,false
<http://dbpedia.org/resource/Edmund_Jaeger>,Edmund Jaeger,1.0458658957412592,1,10,11,1,1,0,0,0,0,0,0,0,[],false,false,false
<http://dbpedia.org/resource/Family_therapy>,Family therapy,1.044703748355204,0,1,1,0,0,0,0,0,0,0,0,0,[],false,false,false
<http://dbpedia.org/resource/Henry_David_Thoreau>,Henry David Thoreau,1.04448727068268,26,11,37,0,0,0,0,0,0,0,0,0,[],false,false,false
<http://dbpedia.org/resource/Scratch_(programming_language)>,Scratch (programming language),1.0436477717436075,7,8,15,0,0,0,0,0,0,0,0,0,[],false,false,false
<http://dbpedia.org/resource/Agricultural_economics>,Agricultural economics,1.0431670814155354,0,1,1,0,0,0,0,0,13,0,0,0,[],false,false,false
<http://dbpedia.org/resource/Auschwitz_concentration_camp>,Auschwitz concentration camp,1.0425000000000002,0,0,0,0,1,4,0,0,0,0,0,0,[],false,false,false
<http://dbpedia.org/resource/Nick_Land>,Nick Land,1.041272119254678,6,15,21,0,0,0,0,0,0,0,0,0,[],false,false,false
<http://dbpedia.org/resource/James_Crichton-Browne>,James Crichton-Browne,1.040401745438728,0,11,11,1,6,0,0,0,0,0,0,0,[],false,false,false
<http://dbpedia.org/resource/Economist>,Economist,1.0379772533520055,1,0,1,0,0,0,0,0,7,0,0,0,[],false,false,false
<http://dbpedia.org/resource/Giambattista_Vico>,Giambattista Vico,1.0374755503730626,29,20,49,0,0,0,0,0,0,0,0,0,[],false,false,false
<http://dbpedia.org/resource/Ibn_Arabi__Ibn_ʿArabī__1>,Ibn Arabi  Ibn ʿArabī  1,1.0352142192760945,38,11,49,0,0,0,0,0,0,0,0,0,[],false,false,false
<http://dbpedia.org/resource/Tiqqun>,Tiqqun,1.0325768907251862,0,12,12,0,0,0,0,0,0,0,0,0,[],false,false,false
<http://dbpedia.org/resource/John_Grinder>,John Grinder,1.0276209464813097,5,11,16,0,0,0,0,0,0,0,0,0,[],false,false,false
<http://dbpedia.org/resource/Peter_Rollins>,Peter Rollins,1.0253629688687027,5,15,20,0,0,0,0,0,0,0,0,0,[],false,false,false
"<http://dbpedia.org/resource/Presbyterian_College_of_Education,_Akropong>","Presbyterian College of Education, Akropong",1.0212500000000002,0,0,0,0,0,0,1,0,0,9,0,0,[],false,false,false
<http://dbpedia.org/resource/Communist_Party_of_Great_Britain>,Communist Party of Great Britain,1.0212499999999998,0,0,0,0,0,0,0,3,0,0,0,0,[],false,false,false
<http://dbpedia.org/resource/Partial_differential_equation>,Partial differential equation,1.0203219385070204,0,2,2,0,0,0,0,0,0,0,0,0,[],false,false,false
<http://dbpedia.org/resource/PowerShell>,PowerShell,1.0195885611945894,0,11,11,0,0,0,0,0,0,0,0,0,[],false,false,false
<http://dbpedia.org/resource/Hans_Rohrbach>,Hans Rohrbach,1.0187112042361879,0,18,18,0,0,0,0,0,0,0,0,0,[],false,false,false
<http://dbpedia.org/resource/Jürgen_Habermas>,Jürgen Habermas,1.016763608415924,21,28,49,0,0,0,0,0,0,0,0,0,[],false,false,false
<http://dbpedia.org/resource/Microsoft_BASIC>,Microsoft BASIC,1.0167392235214967,0,2,2,0,0,0,0,0,0,0,0,0,[],false,false,false
<http://dbpedia.org/resource/Perl>,Perl,1.014118027321481,16,10,26,0,0,0,0,0,0,0,0,0,[],false,false,false
<http://dbpedia.org/resource/Java_(programming_language)>,Java (programming language),1.0111788151140344,49,13,62,0,0,0,0,0,0,0,0,0,[],false,false,false
<http://dbpedia.org/resource/Edith_Stein>,Edith Stein,1.0107559910384893,13,14,27,0,0,0,0,0,0,0,0,0,[],false,false,false
<http://dbpedia.org/resource/Alan_Moore>,Alan Moore,1.0091807948898197,0,1,1,0,0,14,0,0,0,0,0,0,[],false,false,false
<http://dbpedia.org/resource/Ljubodrag_Simonović>,Ljubodrag Simonović,1.0043808263146052,2,16,18,0,0,0,0,0,0,0,0,0,[],false,false,false
<http://dbpedia.org/resource/Alexandre_Koyré>,Alexandre Koyré,0.9954992502832524,6,9,15,0,0,0,0,0,0,0,0,0,[],false,false,false
<http://dbpedia.org/resource/Haskell>,Haskell,0.9950901294175901,29,15,44,0,0,0,0,0,0,0,0,0,[],false,false,false
<http://dbpedia.org/resource/Stephen_Lynch_(musician)>,Stephen Lynch (musician),0.9885250000000002,2,6,8,0,0,0,0,0,0,0,0,0,[],false,false,false
<http://dbpedia.org/resource/Julia_Kristeva>,Julia Kristeva,0.9882666360088421,1,9,10,0,0,0,0,0,0,0,0,0,[],false,false,false
<http://dbpedia.org/resource/Gadge_Maharaj>,Gadge Maharaj,0.9872966847604089,0,5,5,0,0,0,0,0,0,0,0,0,[],false,false,false
<http://dbpedia.org/resource/Alvin_Plantinga>,Alvin Plantinga,0.9847279395878994,14,19,33,0,0,0,0,0,0,0,0,0,[],false,false,false
<http://dbpedia.org/resource/Levi_Bryant>,Levi Bryant,0.9805820791970693,0,12,12,0,0,0,0,0,0,0,0,0,[],false,false,false
<http://dbpedia.org/resource/William_of_Ockham>,William of Ockham,0.9800399161940008,19,10,29,0,0,0,0,0,0,0,0,0,[],false,false,false
<http://dbpedia.org/resource/Brazil>,Brazil,0.9792532176659134,0,0,0,0,0,0,6,0,0,0,1,0,[],true,false,false
<http://dbpedia.org/resource/Punahou_School>,Punahou School,0.9787500000000002,0,0,0,0,0,0,1,0,0,8,0,0,[],false,false,false
<http://dbpedia.org/resource/Antonio_Gramsci>,Antonio Gramsci,0.9767904441340687,24,16,40,0,0,0,0,0,0,0,0,0,[],false,false,false
<http://dbpedia.org/resource/Mark_Fisher>,Mark Fisher,0.9750557189536669,1,14,15,0,0,0,0,0,0,0,0,0,[],false,false,false
<http://dbpedia.org/resource/Michael_Muhammad_Knight>,Michael Muhammad Knight,0.9745980992401898,0,2,2,0,0,0,0,0,0,0,0,0,[],false,false,false
<http://dbpedia.org/resource/Jean-Paul_Sartre>,Jean-Paul Sartre,0.9719324180626197,51,18,69,0,0,0,0,0,0,0,0,0,[],false,false,false
<http://dbpedia.org/resource/Albert_Camus>,Albert Camus,0.9700258913233073,6,16,22,0,0,0,0,0,0,0,0,0,[],false,false,false
<http://dbpedia.org/resource/COBOL>,COBOL,0.9674264064247199,8,8,16,0,0,0,0,0,0,0,0,0,[],false,false,false
<http://dbpedia.org/resource/Jörg_Guido_Hülsmann>,Jörg Guido Hülsmann,0.9662246431436559,0,9,9,2,0,0,0,0,0,0,0,0,"[Financial economics, Macroeconomics, Monetary economics, History of economic thought]",false,false,false
<http://dbpedia.org/resource/Jean-Jacques_Rousseau>,Jean-Jacques Rousseau,0.9654962545239357,67,23,90,0,0,0,0,0,0,0,0,0,[],false,false,false
<http://dbpedia.org/resource/Judith_Butler>,Judith Butler,0.9641576296644738,11,19,30,0,0,0,0,0,0,0,0,0,[],false,false,false
<http://dbpedia.org/resource/Sextus_Empiricus>,Sextus Empiricus,0.9628635287179971,11,7,18,0,0,0,0,0,0,0,0,0,[],false,false,false
<http://dbpedia.org/resource/David_G._Hebert>,David G. Hebert,0.9625817116073313,0,8,8,1,7,0,0,0,0,0,0,0,[],false,false,false
<http://dbpedia.org/resource/Kazlaser>,Kazlaser,0.9612404689154856,0,0,0,0,1,0,0,0,0,0,0,0,[],false,false,false
<http://dbpedia.org/resource/Natsu_Ando>,Natsu Ando,0.9612404689154856,0,0,0,0,1,0,0,0,0,0,0,0,[],false,false,false
<http://dbpedia.org/resource/Kit_Burns>,Kit Burns,0.9612404689154856,0,0,0,0,1,0,0,0,0,0,0,0,[],false,false,false
<http://dbpedia.org/resource/Tommy_Hadden>,Tommy Hadden,0.9612404689154856,0,0,0,0,1,0,0,0,0,0,0,0,[],false,false,false
<http://dbpedia.org/resource/Ephraim_Snow>,Ephraim Snow,0.9612404689154856,0,0,0,0,1,0,0,0,0,0,0,0,[],false,false,false
<http://dbpedia.org/resource/Joe_Erich>,Joe Erich,0.9612404689154856,0,0,0,0,1,0,0,0,0,0,0,0,[],false,false,false
<http://dbpedia.org/resource/National_Convergence_%22Kwa_Na_Kwa%22>,National Convergence %22Kwa Na Kwa%22,0.9612404689154856,0,0,0,0,0,0,0,1,0,0,0,1,[],false,false,false
<http://dbpedia.org/resource/Norbert_Schwarz>,Norbert Schwarz,0.9612404689154856,0,0,0,0,1,0,0,0,0,0,0,0,[],false,false,false
<http://dbpedia.org/resource/Robert_Burnham_Jr.>,Robert Burnham Jr.,0.9612404689154856,0,0,0,0,1,0,0,0,0,0,0,0,[],false,false,false
<http://dbpedia.org/resource/Danny_Greene>,Danny Greene,0.9612404689154856,0,0,0,0,1,0,0,0,0,0,0,0,[],false,false,false
<http://dbpedia.org/resource/John_Nardi>,John Nardi,0.9612404689154856,0,0,0,0,1,0,0,0,0,0,0,0,[],false,false,false
<http://dbpedia.org/resource/Ted_Noten>,Ted Noten,0.9612404689154856,0,0,0,0,0,1,0,0,0,0,0,0,[],false,false,false
<http://dbpedia.org/resource/Jen_Dziura>,Jen Dziura,0.9612404689154856,0,0,0,0,1,0,0,0,0,0,0,0,[],false,false,false
<http://dbpedia.org/resource/Jennarong_Muengtaweepongsa>,Jennarong Muengtaweepongsa,0.9612404689154856,0,0,0,0,1,0,0,0,0,0,0,0,[],false,false,false
<http://dbpedia.org/resource/Antonio_Diego_Voci>,Antonio Diego Voci,0.9612404689154856,0,0,0,0,0,1,0,0,0,0,0,0,[],false,false,false
<http://dbpedia.org/resource/Mario_Christian_Meyer>,Mario Christian Meyer,0.9607885537549491,0,18,18,0,2,0,0,0,0,0,0,0,[],false,false,false
<http://dbpedia.org/resource/Carl_Schmitt>,Carl Schmitt,0.957693881617165,44,23,67,0,0,0,0,0,0,0,0,0,[],false,false,false
<http://dbpedia.org/resource/Derek_Parfit>,Derek Parfit,0.9525325489258489,10,15,25,0,0,0,0,0,0,0,0,0,[],false,false,false
<http://dbpedia.org/resource/Mexico>,Mexico,0.9521875000000001,0,0,0,0,0,0,4,0,0,0,0,0,[],false,false,false
<http://dbpedia.org/resource/Percival_Bailey>,Percival Bailey,0.9515770158149844,1,12,13,3,0,0,0,0,0,0,0,0,[],false,false,false
<http://dbpedia.org/resource/Fritjof_Capra>,Fritjof Capra,0.9472730595772972,1,10,11,1,2,0,0,0,0,0,0,0,[],false,false,false
<http://dbpedia.org/resource/Friedrich_Schleiermacher>,Friedrich Schleiermacher,0.94713616370638,20,14,34,0,0,0,0,0,0,0,0,0,[],false,false,false
<http://dbpedia.org/resource/Alex_Callinicos>,Alex Callinicos,0.9456732535030549,0,8,8,0,0,0,0,0,0,0,0,0,[],false,false,false
<http://dbpedia.org/resource/Steve_Bannon>,Steve Bannon,0.9343616547936072,0,2,2,0,0,0,0,0,0,0,0,0,[],false,false,false
<http://dbpedia.org/resource/René_Girard>,René Girard,0.9294477757482255,8,15,23,0,2,0,0,0,0,0,0,0,[],false,false,false
<http://dbpedia.org/resource/Cornelius_Van_Til>,Cornelius Van Til,0.9294277596690405,7,10,17,0,0,0,0,0,0,0,0,0,[],false,false,false
<http://dbpedia.org/resource/Lynne_Tirrell>,Lynne Tirrell,0.92931172043961,0,5,5,0,0,0,0,0,0,0,0,0,[],false,false,false
<http://dbpedia.org/resource/Meher_Baba>,Meher Baba,0.9288125000000003,2,6,8,0,0,0,0,0,0,0,0,0,[],false,false,false
<http://dbpedia.org/resource/Dimitrije_Mitrinović>,Dimitrije Mitrinović,0.927666143713283,2,8,10,0,0,0,0,0,0,0,0,0,[],false,false,false
<http://dbpedia.org/resource/Rugby_School>,Rugby School,0.925625,0,0,0,0,0,0,1,0,0,9,0,0,[],false,false,false
<http://dbpedia.org/resource/Ibn_Barrajan>,Ibn Barrajan,0.9237854797979799,3,9,12,0,0,0,0,0,0,0,0,0,[],false,false,false
"<http://dbpedia.org/resource/St._Anthony's_College,_Kandy>","St. Anthony's College, Kandy",0.91925,0,0,0,0,0,0,1,0,0,9,0,0,[],false,false,false
<http://dbpedia.org/resource/Masao_Abe>,Masao Abe,0.9180741454273865,0,9,9,0,0,0,0,0,0,0,0,0,[],false,false,false
<http://dbpedia.org/resource/Jan_Blommaert>,Jan Blommaert,0.916718834951674,0,8,8,2,0,0,0,0,0,0,0,0,[],false,false,false
<http://dbpedia.org/resource/Nicholas_of_Cusa>,Nicholas of Cusa,0.9162562270891353,14,15,29,0,0,0,0,0,0,0,0,0,[],false,false,false
<http://dbpedia.org/resource/Michele_Mahone>,Michele Mahone,0.9150000000000001,0,6,6,0,0,0,0,0,0,0,0,0,[],false,false,false
<http://dbpedia.org/resource/GW-BASIC>,GW-BASIC,0.9150000000000001,3,6,9,0,0,0,0,0,0,0,0,0,[],false,false,false
<http://dbpedia.org/resource/Richard_Coates>,Richard Coates,0.9150000000000001,0,0,0,1,3,0,0,0,0,0,0,0,[],false,false,false
<http://dbpedia.org/resource/Lev_Vygotsky>,Lev Vygotsky,0.9147192185492315,8,13,21,1,3,0,0,0,0,0,0,0,[],false,false,false
<http://dbpedia.org/resource/Marin_Mersenne>,Marin Mersenne,0.9131808783628313,1,11,12,0,4,0,0,0,0,0,0,0,[],false,false,false
<http://dbpedia.org/resource/Mahatma_Gandhi>,Mahatma Gandhi,0.9112268301569622,6,2,8,0,0,0,0,0,0,0,0,0,[],false,false,false
<http://dbpedia.org/resource/Andreas_Vesalius>,Andreas Vesalius,0.9106294411152649,0,3,3,0,1,0,0,0,0,0,0,0,[],false,false,false
<http://dbpedia.org/resource/Common_Lisp>,Common Lisp,0.9095297369455337,21,7,28,0,0,0,0,0,0,0,0,0,[],false,false,false
<http://dbpedia.org/resource/Ady_Jean-Gardy>,Ady Jean-Gardy,0.9085470254138006,0,9,9,0,0,0,0,0,0,0,0,0,[],false,false,false
<http://dbpedia.org/resource/EuLisp>,EuLisp,0.9044273538495388,2,11,13,0,0,0,0,0,0,0,0,0,[],false,false,false
<http://dbpedia.org/resource/Wahid_Azal>,Wahid Azal,0.9018168492401899,0,1,1,0,0,0,0,0,0,0,0,0,[],false,false,false
"<http://dbpedia.org/resource/St._John's_College,_Jaffna>","St. John's College, Jaffna",0.901339285714286,0,0,0,0,0,0,1,0,0,14,0,0,[],false,true,false
<http://dbpedia.org/resource/Denis_Diderot>,Denis Diderot,0.8994595342379558,11,20,31,0,0,0,0,0,0,0,0,0,[],false,false,false
<http://dbpedia.org/resource/Eduard_Limonov>,Eduard Limonov,0.8993509368811896,0,1,1,1,0,1,0,0,0,0,0,1,[],false,false,false
<http://dbpedia.org/resource/Demetrios_Kydones>,Demetrios Kydones,0.8984473220351848,2,6,8,0,0,0,0,0,0,0,0,0,[],false,false,false
"<http://dbpedia.org/resource/St._Joseph's_College,_Colombo>","St. Joseph's College, Colombo",0.8980000000000002,0,0,0,0,0,0,1,0,0,12,0,0,[],false,true,false
<http://dbpedia.org/resource/Paul_Leonardi>,Paul Leonardi,0.8951800180304108,0,6,6,3,0,0,0,0,0,0,0,0,[],false,false,false
<http://dbpedia.org/resource/Elizabeth_S._Anderson>,Elizabeth S. Anderson,0.8931425217462333,0,11,11,0,0,0,0,0,0,0,0,0,[],false,false,false
<http://dbpedia.org/resource/Catrobat>,Catrobat,0.8923066579717683,0,2,2,0,0,0,0,0,0,0,0,0,[],false,false,false
<http://dbpedia.org/resource/Alexander_Vladimirovich_Bykov>,Alexander Vladimirovich Bykov,0.8916250000000001,0,0,0,0,1,0,0,0,0,0,0,0,[],false,false,false
<http://dbpedia.org/resource/Simon_Critchley>,Simon Critchley,0.8900413588114012,0,18,18,0,0,0,0,0,0,0,0,0,[],false,false,false
<http://dbpedia.org/resource/Mario_Bunge>,Mario Bunge,0.88833903555329,2,10,12,0,0,0,0,0,0,0,0,0,[],false,false,false
<http://dbpedia.org/resource/Martin_Buber__Martin_Buber__1>,Martin Buber  Martin Buber  1,0.8873826751286834,11,12,23,0,0,0,0,0,0,0,0,0,[],false,false,false
<http://dbpedia.org/resource/Cardiology>,Cardiology,0.8873750000000001,0,1,1,0,0,0,0,0,0,0,0,0,[],false,false,false
<http://dbpedia.org/resource/Tara_Smith_(philosopher)>,Tara Smith (philosopher),0.8873662906427878,0,9,9,0,0,0,0,0,0,0,0,0,[],false,false,false
<http://dbpedia.org/resource/Ring_(programming_language)>,Ring (programming language),0.8872707971315096,0,8,8,0,0,0,0,0,0,0,0,0,[],false,false,false
<http://dbpedia.org/resource/Murray_Bookchin>,Murray Bookchin,0.8871204593451957,6,17,23,0,0,0,0,0,0,0,0,0,[],false,false,false
<http://dbpedia.org/resource/Richard_B._Spencer>,Richard B. Spencer,0.8866009368811896,0,1,1,0,0,0,0,0,0,0,0,0,[],false,false,false
<http://dbpedia.org/resource/Confucius>,Confucius,0.8841875000000001,16,6,22,0,0,0,0,0,0,0,0,0,[],false,false,false
<http://dbpedia.org/resource/T._D._J._Nagabhushanam>,T. D. J. Nagabhushanam,0.8822473193020375,1,0,1,4,0,0,0,0,0,0,0,0,[],false,false,false
<http://dbpedia.org/resource/Nikolay_Chernyshevsky>,Nikolay Chernyshevsky,0.8809436650732662,14,18,32,0,0,0,0,0,0,0,0,0,[],false,false,false
<http://dbpedia.org/resource/Auguste_Comte>,Auguste Comte,0.8805227502218168,32,15,47,0,0,0,0,0,0,0,0,0,[],false,false,false
<http://dbpedia.org/resource/Montesquieu>,Montesquieu,0.8791123947015685,25,15,40,0,0,0,0,0,0,0,0,0,[],false,false,false
<http://dbpedia.org/resource/Joe_L._Kincheloe>,Joe L. Kincheloe,0.8789589595638161,0,11,11,1,2,0,0,0,0,0,0,0,[],false,false,false
<http://dbpedia.org/resource/BASIC-PLUS>,BASIC-PLUS,0.8786447224147312,1,5,6,0,0,0,0,0,0,0,0,0,[],false,false,false
<http://dbpedia.org/resource/Israel>,Israel,0.8778125000000001,0,1,1,0,0,0,5,0,0,0,0,0,[],false,false,false
<http://dbpedia.org/resource/David_R._Mayhew>,David R. Mayhew,0.8761644377563766,14,7,21,0,0,0,0,0,0,0,0,0,[],false,false,false
<http://dbpedia.org/resource/Constantine_Sandis>,Constantine Sandis,0.8760684088488349,0,4,4,0,0,0,0,0,0,0,0,0,[],false,false,false
<http://dbpedia.org/resource/C++>,C++,0.8756566572448123,43,11,54,0,0,0,0,0,0,0,0,0,[],false,false,false
<http://dbpedia.org/resource/Paul_Churchland>,Paul Churchland,0.8753742140716585,2,7,9,0,0,0,0,0,0,0,0,0,[],false,false,false
<http://dbpedia.org/resource/Jacques_Dubois>,Jacques Dubois,0.8745849701952932,1,2,3,0,0,0,0,0,0,0,0,0,[],false,false,false
"<http://dbpedia.org/resource/St_Paul's_School,_London>","St Paul's School, London",0.8725,0,0,0,0,0,0,1,0,0,11,0,0,[],false,true,false
<http://dbpedia.org/resource/Gaston_Bachelard>,Gaston Bachelard,0.8708805484157957,25,8,33,0,0,0,0,0,0,0,0,0,[],false,false,false
<http://dbpedia.org/resource/Ananda_Coomaraswamy>,Ananda Coomaraswamy,0.8696977658866922,3,15,18,0,0,0,0,0,0,0,0,0,[],false,false,false
<http://dbpedia.org/resource/Maurice_Bardèche>,Maurice Bardèche,0.8689150011026113,0,5,5,0,0,0,0,0,0,0,0,0,[],false,false,false
<http://dbpedia.org/resource/Karl_Popper>,Karl Popper,0.8688940610235284,40,23,63,0,0,0,0,0,0,0,0,0,[],false,false,false
<http://dbpedia.org/resource/Margaret_Thatcher>,Margaret Thatcher,0.868770650075806,1,6,7,1,0,0,0,0,0,0,0,0,[],false,false,false
<http://dbpedia.org/resource/Robert_B._Pippin>,Robert B. Pippin,0.8684675401273504,6,12,18,0,0,0,0,0,0,0,0,0,[],false,false,false
<http://dbpedia.org/resource/Adam_Smith>,Adam Smith,0.8681010587414588,66,17,83,0,0,0,0,0,0,0,0,0,[],false,false,false
<http://dbpedia.org/resource/Tanhum_of_Jerusalem>,Tanhum of Jerusalem,0.8676260821980257,2,7,9,0,0,0,0,0,0,0,0,0,[],false,false,false
<http://dbpedia.org/resource/Philip_Goff_(philosopher)>,Philip Goff (philosopher),0.8674423582247591,0,8,8,0,0,0,0,0,0,0,0,0,[],false,false,false
<http://dbpedia.org/resource/Haskell_(programming_language)>,Haskell (programming language),0.8668454540180504,27,12,39,0,0,0,0,0,0,0,0,0,[],false,false,false
<http://dbpedia.org/resource/Marco_Tarchi>,Marco Tarchi,0.8660227273116959,0,1,1,0,0,0,0,0,0,0,0,0,[],false,false,false
<http://dbpedia.org/resource/Mathematical_economics>,Mathematical economics,0.865516830266013,0,1,1,0,0,0,0,0,16,0,0,0,[],false,false,false
<http://dbpedia.org/resource/Dietrich_von_Hildebrand>,Dietrich von Hildebrand,0.8630627653591687,4,10,14,0,0,0,0,0,0,0,0,0,[],false,false,false
<http://dbpedia.org/resource/Kirchnerism>,Kirchnerism,0.8626087247286416,0,0,0,0,0,0,0,6,0,0,0,13,[],false,false,false
<http://dbpedia.org/resource/Khurshid_Ahmad_(scholar)>,Khurshid Ahmad (scholar),0.8610781250000001,1,2,3,3,0,0,0,0,0,0,0,0,[Economics],false,false,false
<http://dbpedia.org/resource/Thomas_Hobbes>,Thomas Hobbes,0.8594405223235609,27,17,44,0,0,0,0,0,0,0,0,0,[],false,false,false
<http://dbpedia.org/resource/Antonio_Rosmini>,Antonio Rosmini,0.8576326870165996,0,10,10,0,0,0,0,0,0,0,0,0,[],false,false,false
<http://dbpedia.org/resource/Richard_Dawkins>,Richard Dawkins,0.8571552987120459,1,9,10,3,6,0,0,0,0,0,0,0,[],false,false,false
<http://dbpedia.org/resource/Gershom_Scholem>,Gershom Scholem,0.854128542581033,16,10,26,0,0,0,0,0,0,0,0,0,[],false,false,false
<http://dbpedia.org/resource/Andrzej_Frycz_Modrzewski>,Andrzej Frycz Modrzewski,0.8535956134935753,3,6,9,0,0,0,0,0,0,0,0,0,[],false,false,false
<http://dbpedia.org/resource/Indigenous_peoples_of_the_Americas>,Indigenous peoples of the Americas,0.851515625,0,0,0,0,0,0,3,0,0,0,2,0,[],true,false,false
<http://dbpedia.org/resource/Sibawayh>,Sibawayh,0.8512500000000002,3,6,9,0,0,0,0,0,0,0,0,0,[],false,false,false
<http://dbpedia.org/resource/Robert_Florence>,Robert Florence,0.8512500000000001,0,6,6,0,0,0,0,0,0,0,0,0,[],false,false,false
<http://dbpedia.org/resource/Political_philosophy>,Political philosophy,0.8511681217450826,0,1,1,0,0,0,0,0,5,0,0,0,[],false,false,false
<http://dbpedia.org/resource/NetRexx>,NetRexx,0.8501218246716058,0,5,5,0,0,0,0,0,0,0,0,0,[],false,false,false
<http://dbpedia.org/resource/Kotlin_(programming_language)>,Kotlin (programming language),0.8489218597521014,0,10,10,0,0,0,0,0,0,0,0,0,[],false,false,false
<http://dbpedia.org/resource/Singapore>,Singapore,0.8482142857142858,0,0,0,0,0,0,7,0,0,0,0,0,[],false,false,false
<http://dbpedia.org/resource/José_Guilherme_Merquior>,José Guilherme Merquior,0.8448096089636578,0,12,12,0,0,0,0,0,0,0,0,0,[],false,false,false
<http://dbpedia.org/resource/Sri_Lanka>,Sri Lanka,0.8424843750000001,0,0,0,0,0,0,4,0,0,0,0,0,[],false,false,false
<http://dbpedia.org/resource/Rabindranath_Tagore>,Rabindranath Tagore,0.8423712342130444,2,2,4,0,0,7,0,0,0,0,0,0,[],false,false,false
<http://dbpedia.org/resource/Zhu_Xi>,Zhu Xi,0.8422051016064455,15,6,21,0,0,0,0,0,0,0,0,0,[],false,false,false
<http://dbpedia.org/resource/Iorgu_Iordan>,Iorgu Iordan,0.8412187379386856,0,1,1,0,0,0,0,0,0,0,0,0,[],false,false,false
<http://dbpedia.org/resource/Stephen_P._Hinshaw>,Stephen P. Hinshaw,0.8406250000000002,0,8,8,3,0,0,0,0,0,0,0,0,[],false,false,false
<http://dbpedia.org/resource/Francis_Fukuyama>,Francis Fukuyama,0.8400144434174059,0,13,13,0,0,0,0,0,0,0,0,0,[],false,false,false
<http://dbpedia.org/resource/Alexander_von_Humboldt>,Alexander von Humboldt,0.8368062586495048,14,3,17,4,6,0,0,0,0,0,0,0,[],false,false,false
<http://dbpedia.org/resource/ALGOL_58>,ALGOL 58,0.8338761340595352,6,5,11,0,0,0,0,0,0,0,0,0,[],false,false,false
<http://dbpedia.org/resource/Edmund_Husserl>,Edmund Husserl,0.8331180743955575,87,20,107,0,0,0,0,0,0,0,0,0,[],false,false,false
<http://dbpedia.org/resource/Plotinus>,Plotinus,0.8306133037197121,42,10,52,0,0,0,0,0,0,0,0,0,[],false,false,false
<http://dbpedia.org/resource/Chile>,Chile,0.8300000000000001,0,0,0,0,0,0,4,0,0,0,0,0,[],false,false,false
<http://dbpedia.org/resource/Partial_differential_equations>,Partial differential equations,0.8297789337757666,0,1,1,0,0,0,0,0,0,0,0,0,[],false,false,false
<http://dbpedia.org/resource/Douglas_Haldane>,Douglas Haldane,0.8277764863638621,0,6,6,1,2,0,0,0,0,0,0,0,[],false,false,false
<http://dbpedia.org/resource/Java_(programming_language)__Java__1>,Java (programming language)  Java  1,0.8247010180538944,20,14,34,0,0,0,0,0,0,0,0,0,[],false,false,false
<http://dbpedia.org/resource/James_Greeno>,James Greeno,0.8246375881148033,0,5,5,0,4,0,0,0,0,0,0,0,[],false,false,false
<http://dbpedia.org/resource/Andreas_Dräger>,Andreas Dräger,0.8238906250000001,3,0,3,1,2,0,0,0,0,0,0,0,[],false,false,false
<http://dbpedia.org/resource/Robert_Boyle>,Robert Boyle,0.8233717096537454,2,8,10,0,2,0,0,0,0,0,0,0,[],false,false,false
<http://dbpedia.org/resource/Augusto_Ponzio>,Augusto Ponzio,0.8225106431406124,1,10,11,0,0,0,0,0,0,0,0,0,[],false,false,false
<http://dbpedia.org/resource/Institutional_economics>,Institutional economics,0.8192403179474597,0,1,1,0,0,0,0,0,12,0,0,0,[],false,false,false
<http://dbpedia.org/resource/Aldous_Huxley>,Aldous Huxley,0.8191028369695209,2,7,9,0,0,0,0,0,0,0,0,0,[],false,false,false
<http://dbpedia.org/resource/Émile_Durkheim>,Émile Durkheim,0.8188164645364898,37,15,52,4,6,0,0,0,0,0,0,0,[],false,false,false
<http://dbpedia.org/resource/Vilfredo_Pareto>,Vilfredo Pareto,0.8184330700675714,14,13,27,1,0,0,0,0,0,0,0,0,"[Microeconomics, Socioeconomics]",false,false,false
<http://dbpedia.org/resource/Euclid>,Euclid,0.8179342695349042,11,4,15,0,6,0,0,0,0,0,0,0,[],false,false,false
<http://dbpedia.org/resource/Luciano_Floridi>,Luciano Floridi,0.8178029186596009,0,8,8,0,0,0,0,0,0,0,0,0,[],false,false,false
<http://dbpedia.org/resource/Guru_Nanak>,Guru Nanak,0.8171345811415456,0,1,1,0,0,0,0,0,0,0,0,0,[],false,false,false
<http://dbpedia.org/resource/Karol_Wojtyła>,Karol Wojtyła,0.8153697715305872,0,2,2,0,0,0,0,0,0,0,0,0,[],false,false,false
<http://dbpedia.org/resource/Aleksandar_Bošković>,Aleksandar Bošković,0.8153168579913367,0,7,7,1,0,0,0,0,0,0,0,0,[],false,false,false
<http://dbpedia.org/resource/Ivan_Illich>,Ivan Illich,0.8143326761618941,8,6,14,0,0,0,0,0,0,0,0,0,[],false,false,false
<http://dbpedia.org/resource/Lazăr_Șăineanu>,Lazăr Șăineanu,0.8131986125379093,1,7,8,0,0,0,0,0,0,0,0,0,[],false,false,false
<http://dbpedia.org/resource/Cheltenham_College>,Cheltenham College,0.8130000000000001,0,0,0,0,0,0,1,0,0,8,0,0,[],false,false,false
<http://dbpedia.org/resource/Vvvv__vvvv__1>,Vvvv  vvvv  1,0.8129543024384589,0,5,5,0,0,0,0,0,0,0,0,0,[],false,false,false
<http://dbpedia.org/resource/Margaret_Urban_Walker>,Margaret Urban Walker,0.8122707371450343,0,7,7,0,0,0,0,0,0,0,0,0,[],false,false,false
<http://dbpedia.org/resource/Chapel_(programming_language)>,Chapel (programming language),0.8117218058102859,0,11,11,0,0,0,0,0,0,0,0,0,[],false,false,false
<http://dbpedia.org/resource/Mujaddid_Ahmed_Ijaz>,Mujaddid Ahmed Ijaz,0.8111493404995659,0,3,3,3,3,0,0,0,0,0,0,0,[],false,false,false
<http://dbpedia.org/resource/David_O._Sears>,David O. Sears,0.8075948464054997,0,5,5,2,4,0,0,0,0,0,0,0,[],false,false,false
<http://dbpedia.org/resource/Elizabeth_Colson>,Elizabeth Colson,0.8072659251228412,0,9,9,2,1,0,0,0,0,0,0,0,[],false,false,false
<http://dbpedia.org/resource/Mustafa_İslamoğlu>,Mustafa İslamoğlu,0.8065051084109344,1,1,2,0,0,0,0,0,0,0,0,0,[],false,false,false
<http://dbpedia.org/resource/Edip_Yüksel>,Edip Yüksel,0.8065051084109344,1,1,2,0,0,0,0,0,0,0,0,0,[],false,false,false
<http://dbpedia.org/resource/Sayyid_Ghulam_Hussain_Shah_Bukhari>,Sayyid Ghulam Hussain Shah Bukhari,0.8047468652343751,0,5,5,0,0,0,0,0,0,0,0,0,[],false,false,false
<http://dbpedia.org/resource/William_MacAskill>,William MacAskill,0.8006231408118646,0,4,4,0,0,0,0,0,0,0,0,0,[],false,false,false
"<http://dbpedia.org/resource/Merchant_Taylors'_School,_Northwood>","Merchant Taylors' School, Northwood",0.7990909090909093,0,0,0,0,0,0,1,0,0,7,0,0,[],false,false,false
<http://dbpedia.org/resource/Frans_van_Schooten>,Frans van Schooten,0.7990683285368289,1,7,8,0,1,0,0,0,0,0,0,0,[],false,false,false
<http://dbpedia.org/resource/Jaffna_College>,Jaffna College,0.7981250000000002,0,0,0,0,0,0,1,0,0,13,0,0,[],false,true,false
<http://dbpedia.org/resource/Nancy_Bauer_(philosopher)>,Nancy Bauer (philosopher),0.7956373303503614,0,6,6,0,0,0,0,0,0,0,0,0,[],false,false,false
<http://dbpedia.org/resource/Marx>,Marx,0.794888298428221,14,2,16,0,0,0,0,0,0,0,0,0,[],false,false,false
<http://dbpedia.org/resource/Jeff_Stilwell>,Jeff Stilwell,0.7947305194805195,0,7,7,0,0,0,0,0,0,0,0,0,[],false,false,false
<http://dbpedia.org/resource/Ralph_Waldo_Emerson>,Ralph Waldo Emerson,0.7929927182219854,27,13,40,0,0,0,0,0,0,0,0,0,[],false,false,false
<http://dbpedia.org/resource/Paracelsus>,Paracelsus,0.7905441174229186,12,6,18,0,0,0,0,0,0,0,0,0,[],false,false,false
<http://dbpedia.org/resource/Louis-Anne-Jean_Brocq>,Louis-Anne-Jean Brocq,0.79005,0,4,4,0,2,0,0,0,0,0,0,0,[],false,false,false
<http://dbpedia.org/resource/George_Washington>,George Washington,0.789810227469699,1,2,3,0,0,0,0,0,0,0,0,0,[],false,false,false
<http://dbpedia.org/resource/Collège_de_Montréal>,Collège de Montréal,0.7875000000000001,0,0,0,0,0,0,1,0,0,6,0,0,[],false,false,false
<http://dbpedia.org/resource/Hutu>,Hutu,0.7875000000000001,0,0,0,0,0,0,2,0,0,0,0,7,[],false,false,false
<http://dbpedia.org/resource/J._M._Barrie>,J. M. Barrie,0.7875000000000001,0,0,0,1,0,3,0,0,0,0,0,0,[],false,false,false
<http://dbpedia.org/resource/Haileybury_and_Imperial_Service_College>,Haileybury and Imperial Service College,0.7875000000000001,0,0,0,0,0,0,1,0,0,6,0,0,[],false,false,false
<http://dbpedia.org/resource/Chit_Ko_Ko>,Chit Ko Ko,0.7875000000000001,0,2,2,0,0,0,0,0,0,0,0,0,[],false,false,false
<http://dbpedia.org/resource/Ruben_Safrastyan>,Ruben Safrastyan,0.7875,0,5,5,1,0,0,0,0,0,0,0,0,[],false,false,false
<http://dbpedia.org/resource/APL_(programming_language)>,APL (programming language),0.7866936250938803,15,0,15,0,0,0,0,0,0,0,0,0,[],false,false,false
<http://dbpedia.org/resource/Leo_Tolstoy>,Leo Tolstoy,0.786505277804059,9,8,17,0,0,0,0,0,0,0,0,0,[],false,false,false
<http://dbpedia.org/resource/Franciscus_Sylvius>,Franciscus Sylvius,0.7838427607466605,1,2,3,0,1,0,0,0,0,0,0,0,[],false,false,false
<http://dbpedia.org/resource/Social_psychology>,Social psychology,0.7829749618941699,0,4,4,0,0,0,0,0,1,0,0,0,[],false,false,false
<http://dbpedia.org/resource/John_Locke>,John Locke,0.7828049084309873,50,14,64,0,0,0,0,0,0,0,0,0,[],false,false,false
<http://dbpedia.org/resource/Hans-Hermann_Hoppe>,Hans-Hermann Hoppe,0.782504090777534,7,12,19,1,0,0,0,0,0,0,0,0,"[Economics, Political philosophy, Epistemology, Philosophy and economics, Philosophy of culture]",false,false,false
<http://dbpedia.org/resource/Albert_Einstein>,Albert Einstein,0.7772608670204788,20,11,31,0,15,0,0,0,0,0,0,0,[],false,false,false
<http://dbpedia.org/resource/Malbolge>,Malbolge,0.7772502483681282,0,3,3,0,0,0,0,0,0,0,0,0,[],false,false,false
<http://dbpedia.org/resource/Harvey_Monroe_Hall>,Harvey Monroe Hall,0.774816822742493,0,3,3,1,0,0,0,0,0,0,0,0,[],false,false,false
<http://dbpedia.org/resource/Ludwig_Feuerbach>,Ludwig Feuerbach,0.7747997378251882,10,15,25,0,0,0,0,0,0,0,0,0,[],false,false,false
<http://dbpedia.org/resource/John_Zerzan>,John Zerzan,0.7746167697336317,4,14,18,0,0,0,0,0,0,0,0,0,[],false,false,false
<http://dbpedia.org/resource/Needhi_Bhalla>,Needhi Bhalla,0.773633669023278,0,1,1,2,0,0,0,0,0,0,0,0,[],false,false,false
<http://dbpedia.org/resource/Stanislavs_Ladusãns>,Stanislavs Ladusãns,0.772639456990706,0,1,1,0,0,0,0,0,0,0,0,0,[],false,false,false
<http://dbpedia.org/resource/Tito_Livio_Ferreira>,Tito Livio Ferreira,0.772639456990706,0,1,1,0,0,0,0,0,0,0,0,0,[],false,false,false
<http://dbpedia.org/resource/OpenLisp>,OpenLisp,0.7723087563007753,0,3,3,0,0,0,0,0,0,0,0,0,[],false,false,false
<http://dbpedia.org/resource/Bhutan>,Bhutan,0.769490625,0,0,0,0,0,0,5,0,0,0,0,0,[],false,false,false
<http://dbpedia.org/resource/Ken_Wilber>,Ken Wilber,0.7688766939948006,2,11,13,0,0,0,0,0,0,0,0,0,[],false,false,false
<http://dbpedia.org/resource/William_Eaton_(scientist)>,William Eaton (scientist),0.7685143987790434,2,8,10,1,0,0,0,0,0,0,0,0,[],false,false,false
<http://dbpedia.org/resource/Ruby_(programming_language)>,Ruby (programming language),0.7682817160633425,17,13,30,0,0,0,0,0,0,0,0,0,[],false,false,false
<http://dbpedia.org/resource/Johann_Lukas_Schönlein>,Johann Lukas Schönlein,0.767961937671801,2,0,2,0,2,0,0,0,0,0,0,0,[],false,false,false
<http://dbpedia.org/resource/Mustafa_ibn_Ali_al-Muwaqqit>,Mustafa ibn Ali al-Muwaqqit,0.76505203125,0,1,1,0,0,0,0,0,0,0,0,0,[],false,false,false
<http://dbpedia.org/resource/Wanda_Orlikowski>,Wanda Orlikowski,0.7643058269032533,1,5,6,1,1,0,0,0,0,0,0,0,[],false,false,false
<http://dbpedia.org/resource/Emma_Goldman>,Emma Goldman,0.762342277277486,7,13,20,0,0,0,0,0,0,0,0,0,[],false,false,false
<http://dbpedia.org/resource/Louis_Blanc>,Louis Blanc,0.7599608258578388,15,9,24,0,0,0,0,0,0,0,0,0,[],false,false,false
<http://dbpedia.org/resource/Edward_Laumann>,Edward Laumann,0.7578111295976645,0,8,8,2,1,0,0,0,0,0,0,0,[],false,false,false
<http://dbpedia.org/resource/Thorstein_Veblen>,Thorstein Veblen,0.7574088743821262,21,13,34,0,0,0,0,0,0,0,0,0,[Socioeconomics],false,false,false
<http://dbpedia.org/resource/Jules_Vuillemin>,Jules Vuillemin,0.7567155568587602,2,11,13,0,0,0,0,0,0,0,0,0,[],false,false,false
<http://dbpedia.org/resource/Carl_Linnaeus>,Carl Linnaeus,0.7567094140624999,9,5,14,3,2,0,0,0,0,0,0,0,[],false,false,false
<http://dbpedia.org/resource/Michael_Dowd>,Michael Dowd,0.7566578430830976,0,7,7,1,1,0,0,0,0,0,0,0,[],false,false,false
<http://dbpedia.org/resource/Oscar_Kempthorne>,Oscar Kempthorne,0.7554838074128517,1,3,4,1,4,0,0,0,0,0,0,0,[],false,false,false
<http://dbpedia.org/resource/Abby_Dernburg>,Abby Dernburg,0.755264410306873,1,3,4,2,0,0,0,0,0,0,0,0,[],false,false,false
<http://dbpedia.org/resource/François_Laruelle>,François Laruelle,0.7547328959838085,5,12,17,0,0,0,0,0,0,0,0,0,[],false,false,false
<http://dbpedia.org/resource/Johannes_Peter_Müller>,Johannes Peter Müller,0.7543811823178438,8,0,8,0,0,0,0,0,0,0,0,0,[],false,false,false
<http://dbpedia.org/resource/Rey_Chow>,Rey Chow,0.7542691130094962,0,8,8,0,0,0,0,0,0,0,0,0,[],false,false,false
<http://dbpedia.org/resource/Pyotr_Gannushkin>,Pyotr Gannushkin,0.7525483745164907,1,5,6,1,1,0,0,0,0,0,0,0,[],false,false,false
<http://dbpedia.org/resource/Arthur_Eddington>,Arthur Eddington,0.7520351895755166,1,3,4,2,10,0,0,0,0,0,0,0,[],false,false,false
<http://dbpedia.org/resource/David_Orton_(deep_ecology)>,David Orton (deep ecology),0.7519965752679179,0,4,4,0,0,0,0,0,0,0,0,0,[],false,false,false
<http://dbpedia.org/resource/Karl_Ludwig_von_Haller>,Karl Ludwig von Haller,0.7508868152293562,7,5,12,0,0,0,0,0,0,0,0,0,[],false,false,false
<http://dbpedia.org/resource/Ibn_al-Haytham>,Ibn al-Haytham,0.7507713892674526,9,7,16,0,1,0,0,0,0,0,0,0,[],false,false,false
<http://dbpedia.org/resource/Afghanistan>,Afghanistan,0.7503125000000002,0,0,0,0,0,0,2,0,0,0,1,1,[],true,false,false
<http://dbpedia.org/resource/Peter_Kropotkin>,Peter Kropotkin,0.7501135197780946,21,12,33,0,0,0,0,0,0,0,0,0,[],false,false,false
<http://dbpedia.org/resource/Mary_Dasso>,Mary Dasso,0.7495156250000001,0,5,5,2,1,0,0,0,0,0,0,0,[],false,false,false
<http://dbpedia.org/resource/Simone_Weil>,Simone Weil,0.7492973636318909,4,16,20,0,0,0,0,0,0,0,0,0,[],false,false,false
<http://dbpedia.org/resource/Niccolò_Machiavelli>,Niccolò Machiavelli,0.7491869841219637,33,11,44,0,0,0,0,0,0,0,0,0,[],false,false,false
<http://dbpedia.org/resource/Jeff_McMahan_(philosopher)>,Jeff McMahan (philosopher),0.7490401638228951,0,3,3,0,0,0,0,0,0,0,0,0,[],false,false,false
<http://dbpedia.org/resource/Pakistan_Movement>,Pakistan Movement,0.7490296033601738,0,2,2,0,0,0,0,0,0,0,0,0,[],false,false,false
<http://dbpedia.org/resource/Frederic_Sterling_Lee>,Frederic Sterling Lee,0.748309156629591,0,6,6,1,0,0,0,0,0,0,0,0,[],false,false,false
<http://dbpedia.org/resource/Edgar_Morin>,Edgar Morin,0.747998218409507,3,19,22,0,0,0,0,0,0,0,0,0,[],false,false,false
<http://dbpedia.org/resource/Annette_Markham>,Annette Markham,0.7444785605764299,0,3,3,3,2,0,0,0,0,0,0,0,[],false,false,false
<http://dbpedia.org/resource/Richard_J._Puddephatt>,Richard J. Puddephatt,0.7438183835841092,0,1,1,2,0,0,0,0,0,0,0,0,[],false,false,false
<http://dbpedia.org/resource/John_McDowell>,John McDowell,0.7433418882614056,18,18,36,0,0,0,0,0,0,0,0,0,[],false,false,false
<http://dbpedia.org/resource/Jean-Luc_Marion>,Jean-Luc Marion,0.7428385718366237,2,13,15,0,0,0,0,0,0,0,0,0,[],false,false,false
<http://dbpedia.org/resource/Werner_Landgraf>,Werner Landgraf,0.7427421985677083,0,5,5,0,0,0,0,0,0,0,0,0,[],false,false,false
<http://dbpedia.org/resource/Norberto_Bobbio>,Norberto Bobbio,0.7427371837756689,6,8,14,0,0,0,0,0,0,0,0,0,[],false,false,false
<http://dbpedia.org/resource/Western_Christianity>,Western Christianity,0.7421950267453439,0,2,2,0,0,0,0,0,0,0,3,0,[],true,false,false
<http://dbpedia.org/resource/Amy_Allen_(philosopher)>,Amy Allen (philosopher),0.7403678649632955,0,4,4,0,0,0,0,0,0,0,0,0,[],false,false,false
<http://dbpedia.org/resource/Anna-Teresa_Tymieniecka>,Anna-Teresa Tymieniecka,0.7398746962202495,1,8,9,0,0,0,0,0,0,0,0,0,[],false,false,false
<http://dbpedia.org/resource/John_Burton_Cleland>,John Burton Cleland,0.7396875,0,0,0,2,1,0,0,0,0,0,0,0,[],false,false,false
<http://dbpedia.org/resource/Mitrofan_Lodyzhensky>,Mitrofan Lodyzhensky,0.7396875,2,3,5,0,0,0,0,0,0,0,0,0,[],false,false,false
<http://dbpedia.org/resource/David_Graeber>,David Graeber,0.7385341574794052,2,4,6,0,0,0,0,0,0,0,0,0,[],false,false,false
<http://dbpedia.org/resource/Franklin_D._Roosevelt>,Franklin D. Roosevelt,0.737862125,0,1,1,2,0,0,0,0,0,0,0,0,[],false,false,false
<http://dbpedia.org/resource/Giovanni_Botero>,Giovanni Botero,0.7364343344148929,3,7,10,0,0,0,0,0,0,0,0,0,[],false,false,false
<http://dbpedia.org/resource/Bernard_Bernier>,Bernard Bernier,0.7347679850146374,0,11,11,1,0,0,0,0,0,0,0,0,[],false,false,false
<http://dbpedia.org/resource/Adam_Müller>,Adam Müller,0.7345192359220641,2,5,7,0,0,0,0,0,0,0,0,0,[],false,false,false
<http://dbpedia.org/resource/Haxe>,Haxe,0.7334430347045574,0,10,10,0,0,0,0,0,0,0,0,0,[],false,false,false
<http://dbpedia.org/resource/Craig_Mello>,Craig Mello,0.73210390625,0,0,0,2,1,0,0,0,0,0,0,0,[],false,false,false
<http://dbpedia.org/resource/Menippus>,Menippus,0.7299419914670149,0,1,1,0,0,0,0,0,0,0,0,0,[],false,false,false
<http://dbpedia.org/resource/Robert_Wartenberg>,Robert Wartenberg,0.7299125000000002,0,4,4,0,2,0,0,0,0,0,0,0,[],false,false,false
<http://dbpedia.org/resource/Ad_Bax>,Ad Bax,0.7288794720612632,3,4,7,0,1,0,0,0,0,0,0,0,[],false,false,false
<http://dbpedia.org/resource/Dylan_(programming_language)>,Dylan (programming language),0.7277488011350167,4,7,11,0,0,0,0,0,0,0,0,0,[],false,false,false
<http://dbpedia.org/resource/Gabriel_Salazar>,Gabriel Salazar,0.7276786364511437,0,4,4,2,0,0,0,0,0,0,0,0,[],false,false,false
<http://dbpedia.org/resource/José_Ortega_y_Gasset>,José Ortega y Gasset,0.7269928945433841,17,14,31,0,0,0,0,0,0,0,0,0,[],false,false,false
<http://dbpedia.org/resource/Adam_of_Dryburgh>,Adam of Dryburgh,0.7266209664787103,0,6,6,0,0,0,0,0,0,0,0,0,[],false,false,false
<http://dbpedia.org/resource/Tim_Kane>,Tim Kane,0.7265941991146612,0,4,4,3,0,0,0,0,0,0,0,0,[],false,false,false
<http://dbpedia.org/resource/Paul_B._Preciado>,Paul B. Preciado,0.7264492706351732,0,6,6,0,0,0,0,0,0,0,0,0,[],false,false,false
<http://dbpedia.org/resource/Indian_philosophy>,Indian philosophy,0.7257013757325529,2,3,5,0,0,0,0,0,0,0,0,0,[],false,false,false
<http://dbpedia.org/resource/Bryan_Caplan>,Bryan Caplan,0.7255154815322331,1,6,7,2,0,0,0,0,0,0,0,0,[Economics],false,false,false
<http://dbpedia.org/resource/OpenCL__C/C++_and_C++_for_OpenCL__1>,OpenCL  C/C++ and C++ for OpenCL  1,0.7245580362179124,0,4,4,0,0,0,0,0,0,0,0,0,[],false,false,false
<http://dbpedia.org/resource/Robert_Williams_(geometer)>,Robert Williams (geometer),0.7242095933867645,0,7,7,2,0,0,0,0,0,0,0,0,[],false,false,false
<http://dbpedia.org/resource/Turtlestitch>,Turtlestitch,0.7242094181165423,1,4,5,0,0,0,0,0,0,0,0,0,[],false,false,false
<http://dbpedia.org/resource/Lorraine_Eden>,Lorraine Eden,0.7237500000000001,0,5,5,3,0,0,0,0,0,0,0,0,"[International Economics, International Political Economy, International Business, International Strategic Management]",false,false,false
<http://dbpedia.org/resource/Elvis_Presley>,Elvis Presley,0.7237500000000001,1,0,1,0,0,0,0,0,0,0,0,0,[],false,false,false
<http://dbpedia.org/resource/Muhammad_al-Qunawi>,Muhammad al-Qunawi,0.7235906250000002,1,4,5,0,0,0,0,0,0,0,0,0,[],false,false,false
<http://dbpedia.org/resource/ALGOL_68>,ALGOL 68,0.7220464071381614,19,3,22,0,0,0,0,0,0,0,0,0,[],false,false,false
<http://dbpedia.org/resource/Kendall_Walton>,Kendall Walton,0.7214861440535878,3,6,9,0,0,0,0,0,0,0,0,0,[],false,false,false
<http://dbpedia.org/resource/Stephen_Neale>,Stephen Neale,0.719470146501316,0,5,5,0,0,0,0,0,0,0,0,0,[],false,false,false
<http://dbpedia.org/resource/Emmanuel_Levinas>,Emmanuel Levinas,0.7158563087841279,27,15,42,0,0,0,0,0,0,0,0,0,[],false,false,false
<http://dbpedia.org/resource/Voltaire>,Voltaire,0.7154675169709004,23,14,37,1,0,0,0,0,0,0,0,0,[],false,false,false
<http://dbpedia.org/resource/Nahar_The_Mask>,Nahar The Mask,0.7141875,0,4,4,0,0,0,0,0,0,0,0,0,[],false,false,false
<http://dbpedia.org/resource/Richard_Rorty>,Richard Rorty,0.7140794293575786,22,17,39,0,0,0,0,0,0,0,0,0,[],false,false,false
<http://dbpedia.org/resource/Justus_Lipsius>,Justus Lipsius,0.7132218051421032,10,6,16,0,0,0,0,0,0,0,0,0,[],false,false,false
<http://dbpedia.org/resource/Bolortsetseg_Minjin>,Bolortsetseg Minjin,0.7130851562500001,0,0,0,1,1,0,0,0,0,0,0,0,[],false,false,false
<http://dbpedia.org/resource/Mary_G._Dietz>,Mary G. Dietz,0.7127079156064656,0,8,8,0,0,0,0,0,0,0,0,0,[],false,false,false
<http://dbpedia.org/resource/Jacques_Lacan>,Jacques Lacan,0.7120911380636228,38,17,55,0,0,0,0,0,0,0,0,0,[],false,false,false
<http://dbpedia.org/resource/José_Luis_Rodríguez_Zapatero>,José Luis Rodríguez Zapatero,0.7105469754720324,0,1,1,1,0,0,0,0,0,0,0,0,[],false,false,false
<http://dbpedia.org/resource/Bradford_Keeney>,Bradford Keeney,0.7089868782081399,0,9,9,0,3,0,0,0,0,0,0,0,[],false,false,false
<http://dbpedia.org/resource/Richard_Tarnas>,Richard Tarnas,0.7087277786670478,2,8,10,0,0,0,0,0,0,0,0,0,[],false,false,false
<http://dbpedia.org/resource/Clojure>,Clojure,0.7071974979190906,3,13,16,0,0,0,0,0,0,0,0,0,[],false,false,false
<http://dbpedia.org/resource/Meister_Eckhart>,Meister Eckhart,0.7055180121822245,33,11,44,0,0,0,0,0,0,0,0,0,[],false,false,false
<http://dbpedia.org/resource/Maria_Lugones>,Maria Lugones,0.7048053980329189,0,7,7,0,0,0,0,0,0,0,0,0,[],false,false,false
<http://dbpedia.org/resource/Cynthia_Nielsen>,Cynthia Nielsen,0.7047936811274216,0,4,4,0,0,0,0,0,0,0,0,0,[],false,false,false
<http://dbpedia.org/resource/Helena_Roerich>,Helena Roerich,0.7044906395978394,6,5,11,0,0,0,0,0,0,0,0,0,[],false,false,false
<http://dbpedia.org/resource/Zhang_Weiwei_(professor)>,Zhang Weiwei (professor),0.7040616883745537,0,8,8,0,0,0,0,0,0,0,0,0,[],false,false,false
<http://dbpedia.org/resource/Louis_Nicolas_Vauquelin>,Louis Nicolas Vauquelin,0.7039898337053572,1,0,1,0,2,0,0,0,0,0,0,0,[],false,false,false
<http://dbpedia.org/resource/George_Fitzhugh>,George Fitzhugh,0.70278917433906,6,14,20,0,0,0,0,0,0,0,0,0,[],false,false,false
<http://dbpedia.org/resource/John_Marshall_(archaeologist)>,John Marshall (archaeologist),0.7025000000000001,2,5,7,1,7,0,0,0,0,0,0,0,[],false,false,false
<http://dbpedia.org/resource/Mara_Selvini_Palazzoli>,Mara Selvini Palazzoli,0.699640832889899,1,3,4,0,1,0,0,0,0,0,0,0,[],false,false,false
<http://dbpedia.org/resource/Liborio_Zerda>,Liborio Zerda,0.6984871651785716,1,6,7,1,3,0,0,0,0,0,0,0,[],false,false,false
<http://dbpedia.org/resource/John_Stuart_Mill>,John Stuart Mill,0.6970653118084851,38,11,49,1,0,0,0,0,0,0,0,0,[],false,false,false
<http://dbpedia.org/resource/Socrates>,Socrates,0.6967961915639328,43,6,49,0,0,0,0,0,0,0,0,0,[],false,false,false
<http://dbpedia.org/resource/Sam_Harris>,Sam Harris,0.6966582388263755,0,3,3,0,0,0,0,0,0,0,0,0,[],false,false,false
<http://dbpedia.org/resource/Golnaz_Modarresi_Ghavami>,Golnaz Modarresi Ghavami,0.6963375,0,0,0,0,1,0,0,0,0,0,0,0,[],false,false,false
<http://dbpedia.org/resource/Rudolf_Steiner>,Rudolf Steiner,0.6962671743893605,2,8,10,0,0,0,0,0,0,0,0,0,[],false,false,false
<http://dbpedia.org/resource/Jonathan_Bowen>,Jonathan Bowen,0.6962438681982718,3,10,13,2,3,0,0,0,0,0,0,0,[],false,false,false
<http://dbpedia.org/resource/Bradfield_College>,Bradfield College,0.696125,0,0,0,0,0,0,1,0,0,6,0,0,[],false,false,false
<http://dbpedia.org/resource/Christian_mysticism>,Christian mysticism,0.6957583085735,0,2,2,0,0,0,0,0,0,0,0,0,[],false,false,false
<http://dbpedia.org/resource/William_Thompson_(philosopher)>,William Thompson (philosopher),0.6950004793047512,1,9,10,0,0,0,0,0,0,0,0,0,[],false,false,false
<http://dbpedia.org/resource/Louis_de_Bonald>,Louis de Bonald,0.6947072893014846,18,14,32,0,0,0,0,0,0,0,0,0,[],false,false,false
<http://dbpedia.org/resource/PHP>,PHP,0.6933204611891622,9,10,19,0,0,0,0,0,0,0,0,0,[],false,false,false
<http://dbpedia.org/resource/Claudia_Card>,Claudia Card,0.6930998438518726,2,9,11,0,0,0,0,0,0,0,0,0,[],false,false,false
<http://dbpedia.org/resource/William_Lane_Craig>,William Lane Craig,0.692795207801944,0,10,10,0,0,0,0,0,0,0,0,0,[],false,false,false
<http://dbpedia.org/resource/Leo_VI_the_Wise>,Leo VI the Wise,0.6925107999680135,0,1,1,0,0,0,0,0,0,0,0,0,[],false,false,false
<http://dbpedia.org/resource/Syria>,Syria,0.691875,0,0,0,0,0,0,3,0,0,0,0,1,[],false,false,false
<http://dbpedia.org/resource/Chris_Harman>,Chris Harman,0.6905957994251611,1,6,7,0,0,0,0,0,0,0,0,0,[],false,false,false
<http://dbpedia.org/resource/Early_Christianity>,Early Christianity,0.6894692604180737,1,1,2,0,0,0,0,0,0,0,2,0,[],true,false,false
<http://dbpedia.org/resource/Edward_S._Casey>,Edward S. Casey,0.6868822854135509,4,14,18,0,0,0,0,0,0,0,0,0,[],false,false,false
<http://dbpedia.org/resource/Milton_Friedman>,Milton Friedman,0.6868201835272734,43,14,57,3,0,0,0,0,0,0,0,0,[],false,false,false
<http://dbpedia.org/resource/Joseph_B._Klemp>,Joseph B. Klemp,0.6868192708333335,1,4,5,1,1,0,0,0,0,0,0,0,[],false,false,false
<http://dbpedia.org/resource/Capitalism>,Capitalism,0.6865625000000001,1,0,1,0,0,0,0,0,0,0,1,9,[],true,false,false
<http://dbpedia.org/resource/Hermann_Lotze>,Hermann Lotze,0.6855004163011387,19,9,28,0,0,0,0,0,0,0,0,0,[],false,false,false
<http://dbpedia.org/resource/Marius_Sudol>,Marius Sudol,0.6855000000000001,0,0,0,1,1,0,0,0,0,0,0,0,[],false,false,false
<http://dbpedia.org/resource/Christian_Wolff_(philosopher)>,Christian Wolff (philosopher),0.684285252159019,17,5,22,0,0,0,0,0,0,0,0,0,[],false,false,false
<http://dbpedia.org/resource/G._Marius_Clore>,G. Marius Clore,0.6840950927049755,3,6,9,3,2,0,0,0,0,0,0,0,[],false,false,false
<http://dbpedia.org/resource/Aristides_Leão>,Aristides Leão,0.6835090297749125,0,3,3,2,1,0,0,0,0,0,0,0,[],false,false,false
<http://dbpedia.org/resource/Lorenz_Bruno_Puntel>,Lorenz Bruno Puntel,0.6832228459828165,2,5,7,0,0,0,0,0,0,0,0,0,[],false,false,false
<http://dbpedia.org/resource/Johann_Bernoulli>,Johann Bernoulli,0.6823840067363344,0,0,0,0,5,0,0,0,0,0,0,0,[],false,false,false
<http://dbpedia.org/resource/Bion_of_Borysthenes>,Bion of Borysthenes,0.6822846958435472,1,5,6,0,0,0,0,0,0,0,0,0,[],false,false,false
<http://dbpedia.org/resource/Tibor_Machan>,Tibor Machan,0.6817108289888644,0,13,13,0,0,0,0,0,0,0,0,0,[],false,false,false
<http://dbpedia.org/resource/Jews>,Jews,0.6812500000000001,0,0,0,0,0,0,1,0,0,0,2,1,[],true,false,false
<http://dbpedia.org/resource/Allan_Bloom__Allan_Bloom__1>,Allan Bloom  Allan Bloom  1,0.6810877273224338,6,15,21,0,0,0,0,0,0,0,0,0,[],false,false,false
<http://dbpedia.org/resource/François_Quesnay>,François Quesnay,0.6803357269329343,14,6,20,0,0,0,0,0,0,0,0,0,[],false,false,false
<http://dbpedia.org/resource/Jean-Marie_Guyau>,Jean-Marie Guyau,0.6801514157065672,3,8,11,0,0,0,0,0,0,0,0,0,[],false,false,false
<http://dbpedia.org/resource/Theoklitos_Farmakidis>,Theoklitos Farmakidis,0.6798835292264267,0,4,4,0,0,0,0,0,0,0,0,0,[],false,false,false
<http://dbpedia.org/resource/Sheldon_Wolin>,Sheldon Wolin,0.6793081969173275,6,11,17,0,0,0,0,0,0,0,0,0,[],false,false,false
<http://dbpedia.org/resource/Alejandro_Vallega>,Alejandro Vallega,0.6786187013002335,0,4,4,0,0,0,0,0,0,0,0,0,[],false,false,false
<http://dbpedia.org/resource/Catherine_Malabou>,Catherine Malabou,0.678326979312553,0,7,7,0,0,0,0,0,0,0,0,0,[],false,false,false
<http://dbpedia.org/resource/Reiner_Grundmann>,Reiner Grundmann,0.6778186980189971,0,4,4,1,0,0,0,0,0,0,0,0,[],false,false,false
<http://dbpedia.org/resource/Noah_Diffenbaugh>,Noah Diffenbaugh,0.6770828810920417,0,9,9,2,2,0,0,0,0,0,0,0,[],false,false,false
<http://dbpedia.org/resource/W._E._B._Du_Bois>,W. E. B. Du Bois,0.6770550771877538,7,2,9,0,3,0,0,0,0,0,0,0,[],false,false,false
<http://dbpedia.org/resource/Theodor_Zwinger>,Theodor Zwinger,0.6770104985647866,2,0,2,4,0,0,0,0,0,0,0,0,[],false,false,false
<http://dbpedia.org/resource/Hélène_Metzger>,Hélène Metzger,0.6752859324074789,2,8,10,0,0,0,0,0,0,0,0,0,[],false,false,false
<http://dbpedia.org/resource/Johann_Reuchlin>,Johann Reuchlin,0.6751728373310211,2,6,8,0,0,0,0,0,0,0,0,0,[],false,false,false
<http://dbpedia.org/resource/Masoud_Ahmadzadeh>,Masoud Ahmadzadeh,0.6749891454103206,4,7,11,0,0,0,0,0,0,0,0,0,[],false,false,false
<http://dbpedia.org/resource/Birth_control>,Birth control,0.6748750000000001,0,1,1,0,0,0,0,0,0,0,0,0,[],false,false,false
<http://dbpedia.org/resource/Virginia_Louise_Trimble>,Virginia Louise Trimble,0.673804780381554,0,6,6,0,0,0,0,0,0,0,0,0,[],false,false,false
<http://dbpedia.org/resource/Egypt>,Egypt,0.673546875,0,0,0,0,0,0,1,0,0,0,0,0,[],false,false,false
<http://dbpedia.org/resource/Philo>,Philo,0.6733486420073089,5,5,10,0,0,0,0,0,0,0,0,0,[],false,false,false
<http://dbpedia.org/resource/Abdul_Aziz_al-Harbi>,Abdul Aziz al-Harbi,0.671691484375,0,1,1,0,0,0,1,0,0,0,0,0,[],false,false,false
<http://dbpedia.org/resource/JScript_.NET>,JScript .NET,0.6716721396302996,0,2,2,0,0,0,0,0,0,0,0,0,[],false,false,false
<http://dbpedia.org/resource/Kuruvilla_Pandikattu>,Kuruvilla Pandikattu,0.6713144054398789,0,6,6,0,0,0,0,0,0,0,0,0,[],false,false,false
<http://dbpedia.org/resource/Galileo_Galilei>,Galileo Galilei,0.6710092831410429,4,5,9,0,4,0,0,0,0,0,0,0,[],false,false,false
<http://dbpedia.org/resource/Wolfram_Language>,Wolfram Language,0.6709376957701971,3,11,14,0,0,0,0,0,0,0,0,0,[],false,false,false
<http://dbpedia.org/resource/George_Siber>,George Siber,0.670625,0,6,6,1,0,0,0,0,0,0,0,0,[],false,false,false
<http://dbpedia.org/resource/Martin_Luther>,Martin Luther,0.6704041558415539,5,6,11,0,0,0,0,0,0,0,0,0,[],false,false,false
<http://dbpedia.org/resource/Ugo_Fano>,Ugo Fano,0.6699293292589384,1,3,4,1,5,0,0,0,0,0,0,0,[],false,false,false
<http://dbpedia.org/resource/Allegro_Common_Lisp>,Allegro Common Lisp,0.6692794378252283,0,4,4,0,0,0,0,0,0,0,0,0,[],false,false,false
<http://dbpedia.org/resource/Diocesan_Boys'_School>,Diocesan Boys' School,0.668463105836804,0,0,0,0,0,0,1,0,0,10,0,0,[],false,true,false
<http://dbpedia.org/resource/Leszek_Kołakowski>,Leszek Kołakowski,0.66822225628198,5,11,16,0,0,0,0,0,0,0,0,0,[],false,false,false
<http://dbpedia.org/resource/Karl_Rahner>,Karl Rahner,0.6674405395077313,10,11,21,0,0,0,0,0,0,0,0,0,[],false,false,false
<http://dbpedia.org/resource/Javier_Mariátegui>,Javier Mariátegui,0.6671116243241427,0,5,5,2,0,0,0,0,0,0,0,0,[],false,false,false
<http://dbpedia.org/resource/Rapira>,Rapira,0.6669526229988358,0,3,3,0,0,0,0,0,0,0,0,0,[],false,false,false
<http://dbpedia.org/resource/Lisp_(programming_language)>,Lisp (programming language),0.6655215621232206,75,1,76,0,0,0,0,0,0,0,0,0,[],false,false,false
<http://dbpedia.org/resource/Alexander_the_Great>,Alexander the Great,0.6653125,0,1,1,0,0,0,0,0,0,0,0,0,[],false,false,false
<http://dbpedia.org/resource/Steve_Keen>,Steve Keen,0.6650995226343521,0,14,14,0,0,0,0,0,0,0,0,0,[],false,false,false
<http://dbpedia.org/resource/Walter_Block>,Walter Block,0.6640956970101247,1,11,12,0,0,0,0,0,0,0,0,0,"[Political economy, Political philosophy, Environmental economics, Transport economics]",false,false,false
<http://dbpedia.org/resource/William_H._Poteat>,William H. Poteat,0.6632970319216303,0,8,8,0,0,0,0,0,0,0,0,0,[],false,false,false
<http://dbpedia.org/resource/Edmund_Burke>,Edmund Burke,0.6629413770880731,12,12,24,1,0,0,0,0,1,0,0,0,[],false,false,false
<http://dbpedia.org/resource/Peter_Sloterdijk>,Peter Sloterdijk,0.6622809874830523,4,12,16,0,0,0,0,0,0,0,0,0,[],false,false,false
<http://dbpedia.org/resource/John_F._Kennedy>,John F. Kennedy,0.6622716962283907,0,1,1,0,0,0,0,0,0,0,0,0,[],false,false,false
<http://dbpedia.org/resource/Bang-Yen_Chen>,Bang-Yen Chen,0.6620965759404732,0,4,4,3,1,0,0,0,0,0,0,0,[],false,false,false
<http://dbpedia.org/resource/Annie_Jump_Cannon>,Annie Jump Cannon,0.6618889657700667,1,2,3,3,1,0,0,0,0,0,0,0,[],false,false,false
<http://dbpedia.org/resource/Giovanni_Pico_della_Mirandola>,Giovanni Pico della Mirandola,0.6608563561421817,4,8,12,0,0,0,0,0,0,0,0,0,[],false,false,false
<http://dbpedia.org/resource/F*_(programming_language)__F*__1>,F* (programming language)  F*  1,0.6602022185233783,0,6,6,0,0,0,0,0,0,0,0,0,[],false,false,false
<http://dbpedia.org/resource/A._G._Ramakrishnan>,A. G. Ramakrishnan,0.66,0,4,4,0,0,0,0,0,0,0,0,0,[],false,false,false
<http://dbpedia.org/resource/Tony_Laubach>,Tony Laubach,0.66,0,4,4,2,2,0,0,0,0,0,0,0,[],false,false,false
<http://dbpedia.org/resource/Arthur_Batelle_Whiting>,Arthur Batelle Whiting,0.66,0,2,2,1,0,0,0,0,0,0,0,0,[],false,false,false
<http://dbpedia.org/resource/Han_Fei>,Han Fei,0.66,10,4,14,0,0,0,0,0,0,0,0,0,[],false,false,false
<http://dbpedia.org/resource/Jeremy_Yoder>,Jeremy Yoder,0.66,0,3,3,2,0,0,0,0,0,0,0,0,[],false,false,false
<http://dbpedia.org/resource/Xu_Zidong>,Xu Zidong,0.66,5,4,9,3,0,0,0,0,0,0,0,0,[],false,false,false
<http://dbpedia.org/resource/Julia_C._Gage>,Julia C. Gage,0.66,0,3,3,3,0,0,0,0,0,0,0,0,[],false,false,false
<http://dbpedia.org/resource/Hanaoka_Seishū>,Hanaoka Seishū,0.66,3,3,6,0,1,0,0,0,0,0,0,0,[],false,false,false
<http://dbpedia.org/resource/Jonathan_Haidt>,Jonathan Haidt,0.6596375262563522,0,3,3,0,6,0,0,0,0,0,0,0,[],false,false,false
<http://dbpedia.org/resource/Bruno_Latour>,Bruno Latour,0.6594745803190755,3,10,13,0,0,0,0,0,0,0,0,0,[],false,false,false
<http://dbpedia.org/resource/Philip_Pettit>,Philip Pettit,0.6594675420226258,1,6,7,0,0,0,0,0,0,0,0,0,[],false,false,false
<http://dbpedia.org/resource/Pseudo-Dionysius_the_Areopagite__Pseudo-Dionysius_the_Areopagite__1>,Pseudo-Dionysius the Areopagite  Pseudo-Dionysius the Areopagite  1,0.6590241588428813,2,7,9,0,0,0,0,0,0,0,0,0,[],false,false,false
<http://dbpedia.org/resource/Cesare_Beccaria>,Cesare Beccaria,0.6589430266805097,7,6,13,0,0,0,0,0,0,0,0,0,[],false,false,false
<http://dbpedia.org/resource/Stilpo>,Stilpo,0.658264023796609,6,5,11,0,0,0,0,0,0,0,0,0,[],false,false,false
<http://dbpedia.org/resource/Muhammad_Muneeb_ur_Rehman>,Muhammad Muneeb ur Rehman,0.6568125,0,1,1,0,0,0,0,0,0,0,0,0,[],false,false,false
<http://dbpedia.org/resource/Nuel_Belnap>,Nuel Belnap,0.6560394591765817,1,3,4,0,0,0,0,0,0,0,0,0,[],false,false,false
<http://dbpedia.org/resource/Andrew_N._Schofield>,Andrew N. Schofield,0.65575,1,4,5,1,1,0,0,0,0,0,0,0,[],false,false,false
<http://dbpedia.org/resource/Michel_Ferlus>,Michel Ferlus,0.6551860858516043,0,5,5,0,3,0,0,0,0,0,0,0,[],false,false,false
<http://dbpedia.org/resource/Abu_Hayyan_Al_Gharnati>,Abu Hayyan Al Gharnati,0.6549990828825489,0,1,1,0,0,0,0,0,0,0,0,0,[],false,false,false
<http://dbpedia.org/resource/Léon_Walras>,Léon Walras,0.6546050869764785,15,6,21,1,0,0,0,0,0,0,0,0,"[Economics, Microeconomics]",false,false,false
<http://dbpedia.org/resource/Hong_Daeyong>,Hong Daeyong,0.6541470684968288,4,8,12,0,0,0,0,0,0,0,0,0,[],false,false,false
<http://dbpedia.org/resource/Chaos_magic>,Chaos magic,0.6540162863020795,0,1,1,0,0,0,0,0,0,0,0,0,[],false,false,false
<http://dbpedia.org/resource/Pierpaolo_Donati>,Pierpaolo Donati,0.6531304376254119,3,6,9,2,4,0,0,0,0,0,0,0,[],false,false,false
<http://dbpedia.org/resource/Hartley_College>,Hartley College,0.6527740513392858,0,0,0,0,0,0,1,0,0,10,0,0,[],false,true,false
<http://dbpedia.org/resource/Alexander_Bain_(philosopher)>,Alexander Bain (philosopher),0.6523307057705049,6,6,12,0,1,0,0,0,0,0,0,0,[],false,false,false
<http://dbpedia.org/resource/Collège_Jean-de-Brébeuf>,Collège Jean-de-Brébeuf,0.6520335101578905,0,0,0,0,0,0,1,0,0,11,0,0,[],false,true,false
<http://dbpedia.org/resource/Dewi_Zephaniah_Phillips>,Dewi Zephaniah Phillips,0.6516092462171739,0,6,6,0,0,0,0,0,0,0,0,0,[],false,false,false
<http://dbpedia.org/resource/Arcesilaus>,Arcesilaus,0.6515640278882087,6,8,14,0,0,0,0,0,0,0,0,0,[],false,false,false
<http://dbpedia.org/resource/John_Maynard_Keynes>,John Maynard Keynes,0.6514185312254472,72,19,91,1,0,0,0,0,0,0,0,0,[],false,false,false
<http://dbpedia.org/resource/Marguerite_Porete>,Marguerite Porete,0.6512058799365394,3,7,10,0,0,0,0,0,0,0,0,0,[],false,false,false
<http://dbpedia.org/resource/Herbert_Blumer>,Herbert Blumer,0.6511008294793618,4,7,11,0,0,0,0,0,0,0,0,0,[],false,false,false
<http://dbpedia.org/resource/Juan_Donoso_Cortés>,Juan Donoso Cortés,0.6510920075532134,7,9,16,0,0,0,0,0,0,0,0,0,[],false,false,false
<http://dbpedia.org/resource/Charles_Sanders_Peirce>,Charles Sanders Peirce,0.6510758212264912,42,16,58,0,0,0,0,0,0,0,0,0,[],false,false,false
<http://dbpedia.org/resource/Arthur_Evans>,Arthur Evans,0.6504375000000002,4,5,9,1,2,0,0,0,0,0,0,0,[],false,false,false
<http://dbpedia.org/resource/Thiruvalluvar>,Thiruvalluvar,0.6504375000000002,14,4,18,0,0,0,0,0,0,0,0,0,[],false,false,false
<http://dbpedia.org/resource/Davor_Džalto>,Davor Džalto,0.6496283264090831,0,8,8,0,0,0,0,0,0,0,0,0,[],false,false,false
<http://dbpedia.org/resource/Fellow_of_the_Royal_Society>,Fellow of the Royal Society,0.6493750000000001,1,0,1,0,0,0,0,0,0,0,0,0,[],false,false,false
<http://dbpedia.org/resource/Andrew_Millar_(scientist)>,Andrew Millar (scientist),0.6491093750000001,0,0,0,2,4,0,0,0,0,0,0,0,[],false,false,false
<http://dbpedia.org/resource/Helena_Blavatsky>,Helena Blavatsky,0.6484132038315963,5,3,8,0,0,0,0,0,0,0,0,0,[],false,false,false
<http://dbpedia.org/resource/Mely_G._Tan>,Mely G. Tan,0.6481000000000001,0,0,0,3,1,0,0,0,0,0,0,0,[],false,false,false
<http://dbpedia.org/resource/Benjamin_Lee_Whorf>,Benjamin Lee Whorf,0.6479383794576903,6,7,13,1,5,0,0,0,0,0,0,0,[],false,false,false
<http://dbpedia.org/resource/Microsoft_Power_Fx__Microsoft_Power_Fx__1>,Microsoft Power Fx  Microsoft Power Fx  1,0.6478595855370999,0,5,5,0,0,0,0,0,0,0,0,0,[],false,false,false
<http://dbpedia.org/resource/Sherwood_Washburn>,Sherwood Washburn,0.646490729498088,0,3,3,1,0,0,0,0,0,0,0,0,[],false,false,false
<http://dbpedia.org/resource/Visual_anthropology>,Visual anthropology,0.6452893805275277,0,1,1,0,0,0,0,0,0,0,0,0,[],false,false,false
<http://dbpedia.org/resource/ISLISP>,ISLISP,0.6444831338129617,1,4,5,0,0,0,0,0,0,0,0,0,[],false,false,false
<http://dbpedia.org/resource/Giovanni_Dosi>,Giovanni Dosi,0.6442797611050831,0,6,6,1,0,0,0,0,0,0,0,0,"[Industrial Organization, Innovation Economics, Theory of the Firm]",false,false,false
<http://dbpedia.org/resource/Andrew_Carstairs-McCarthy>,Andrew Carstairs-McCarthy,0.6440884106120331,0,0,0,1,1,0,0,0,0,0,0,0,[],false,false,false
<http://dbpedia.org/resource/Lenin>,Lenin,0.6436291351693554,8,3,11,0,0,0,0,0,0,0,0,0,[],false,false,false
<http://dbpedia.org/resource/Niklas_Luhmann>,Niklas Luhmann,0.642760808191082,10,8,18,2,3,0,0,0,0,0,0,0,[],false,false,false
<http://dbpedia.org/resource/Ervin_László>,Ervin László,0.6426909461940763,0,4,4,0,2,0,0,0,0,0,0,0,[],false,false,false
<http://dbpedia.org/resource/Charles_Blount_(deist)>,Charles Blount (deist),0.6426434725907494,0,1,1,0,0,0,0,0,0,0,0,0,[],false,false,false
<http://dbpedia.org/resource/Paul_Ricœur>,Paul Ricœur,0.6419902871622158,5,9,14,0,0,0,0,0,0,0,0,0,[],false,false,false
<http://dbpedia.org/resource/Jonathan_A._C._Brown>,Jonathan A. C. Brown,0.6397874076451804,0,5,5,2,0,0,0,0,0,0,0,0,[],false,false,false
<http://dbpedia.org/resource/Sewall_Wright>,Sewall Wright,0.6389159118070371,5,1,6,3,12,0,0,0,0,0,0,0,[],false,false,false
<http://dbpedia.org/resource/Rakhine_people>,Rakhine people,0.6387500000000002,0,0,0,0,0,0,1,0,0,0,0,7,[],false,false,false
"<http://dbpedia.org/resource/St._Anthony_High_School,_Lahore>","St. Anthony High School, Lahore",0.63875,0,0,0,0,0,0,1,0,0,5,0,0,[],false,false,false
<http://dbpedia.org/resource/Arethas_of_Caesarea>,Arethas of Caesarea,0.6382480655598342,1,4,5,0,0,0,0,0,0,0,0,0,[],false,false,false
<http://dbpedia.org/resource/John_Philoponus>,John Philoponus,0.6379518148581791,11,7,18,0,0,0,0,0,0,0,0,0,[],false,false,false
<http://dbpedia.org/resource/SystemVerilog>,SystemVerilog,0.6369161482083946,0,5,5,0,0,0,0,0,0,0,0,0,[],false,false,false
<http://dbpedia.org/resource/Andy_Sumner>,Andy Sumner,0.6365230274682241,0,11,11,0,0,0,0,0,0,0,0,0,[International development],false,false,false
<http://dbpedia.org/resource/Posidonius>,Posidonius,0.6360654618720459,7,5,12,0,0,0,0,0,0,0,0,0,[],false,false,false
<http://dbpedia.org/resource/Jean_Piaget>,Jean Piaget,0.6348187285279894,28,8,36,2,6,0,0,0,0,0,0,0,[],false,false,false
<http://dbpedia.org/resource/John_van_Ruysbroeck__John_of_Ruusbroec__1>,John van Ruysbroeck  John of Ruusbroec  1,0.6347273360706124,17,7,24,0,0,0,0,0,0,0,0,0,[],false,false,false
<http://dbpedia.org/resource/James_Keener>,James Keener,0.6339370502565523,0,1,1,1,2,0,0,0,0,0,0,0,[],false,false,false
<http://dbpedia.org/resource/Edward_N._Zalta>,Edward N. Zalta,0.6327621506596749,0,4,4,0,0,0,0,0,0,0,0,0,[],false,false,false
<http://dbpedia.org/resource/Eudoxus_of_Cnidus>,Eudoxus of Cnidus,0.6324168738508965,3,1,4,0,0,0,0,0,0,0,0,0,[],false,false,false
<http://dbpedia.org/resource/Héloïse>,Héloïse,0.6310860525404853,4,7,11,0,0,0,0,0,0,0,0,0,[],false,false,false
<http://dbpedia.org/resource/Jsish>,Jsish,0.6308151282711337,0,4,4,0,0,0,0,0,0,0,0,0,[],false,false,false
<http://dbpedia.org/resource/Atari_BASIC>,Atari BASIC,0.6307299459586335,2,4,6,0,0,0,0,0,0,0,0,0,[],false,false,false
<http://dbpedia.org/resource/Mario_Roederer>,Mario Roederer,0.630663547767857,0,1,1,0,0,0,0,0,0,0,0,0,[],false,false,false
<http://dbpedia.org/resource/Emilio_Del_Giudice>,Emilio Del Giudice,0.6293491780893437,1,3,4,0,2,0,0,0,0,0,0,0,[],false,false,false
<http://dbpedia.org/resource/Eric_Ghysels>,Eric Ghysels,0.629266397045271,0,6,6,2,0,0,0,0,0,0,0,0,"[Econometrics, Finance, Machine Learning, Financial econometrics, Fintech]",false,false,false
<http://dbpedia.org/resource/Jason_Brennan>,Jason Brennan,0.6287391371980644,0,3,3,0,0,0,0,0,0,0,0,0,[],false,false,false
<http://dbpedia.org/resource/Theodor_Herzl>,Theodor Herzl,0.628288362624159,0,2,2,1,1,0,0,0,0,0,0,0,[],false,false,false
<http://dbpedia.org/resource/American_Indian_Movement>,American Indian Movement,0.628125,0,0,0,0,0,0,0,4,0,0,0,0,[],false,false,false
<http://dbpedia.org/resource/Petr_Chelčický>,Petr Chelčický,0.6281035708508025,4,5,9,0,0,0,0,0,0,0,0,0,[],false,false,false
<http://dbpedia.org/resource/Franciscus_Mercurius_van_Helmont>,Franciscus Mercurius van Helmont,0.627778229522855,3,5,8,0,0,0,0,0,0,0,0,0,[],false,false,false
<http://dbpedia.org/resource/Amia_Srinivasan>,Amia Srinivasan,0.6269450673598989,0,1,1,0,0,0,0,0,0,0,0,0,[],false,false,false
<http://dbpedia.org/resource/Stephen_Yablo>,Stephen Yablo,0.6267078036008744,0,2,2,0,0,0,0,0,0,0,0,0,[],false,false,false
<http://dbpedia.org/resource/Kazimierz_Twardowski>,Kazimierz Twardowski,0.6265988129110965,11,8,19,0,0,0,0,0,0,0,0,0,[],false,false,false
<http://dbpedia.org/resource/James_Fenton>,James Fenton,0.6263818397770262,0,1,1,1,0,0,0,0,0,0,0,0,[],false,false,false
<http://dbpedia.org/resource/Martin_Amis>,Martin Amis,0.6263818397770262,0,1,1,1,0,0,0,0,0,0,0,0,[],false,false,false
<http://dbpedia.org/resource/Gad_Saad>,Gad Saad,0.6263818397770262,0,1,1,0,0,0,0,0,0,0,0,0,[],false,false,false
<http://dbpedia.org/resource/Io_(programming_language)>,Io (programming language),0.6246304065375693,2,5,7,0,0,0,0,0,0,0,0,0,[],false,false,false
<http://dbpedia.org/resource/Brand_Blanshard>,Brand Blanshard,0.6232808810590683,2,7,9,0,0,0,0,0,0,0,0,0,[],false,false,false
<http://dbpedia.org/resource/Raymond_Aron>,Raymond Aron,0.6230898269504693,15,13,28,0,0,0,0,0,0,0,0,0,[],false,false,false
<http://dbpedia.org/resource/Karl_Jaspers>,Karl Jaspers,0.6228465280221117,12,14,26,0,0,0,0,0,0,0,0,0,[],false,false,false
<http://dbpedia.org/resource/Fernando_Báez_(writer)>,Fernando Báez (writer),0.6228234834454872,0,1,1,0,0,0,0,0,0,0,0,0,[],false,false,false
<http://dbpedia.org/resource/E._B._Ford>,E. B. Ford,0.6228063381494998,7,4,11,2,0,0,0,0,0,0,0,0,[],false,false,false
<http://dbpedia.org/resource/Radley_College>,Radley College,0.62175,0,0,0,0,0,0,1,0,0,6,0,0,[],false,false,false
<http://dbpedia.org/resource/Giorgio_Agamben>,Giorgio Agamben,0.621301036973293,4,13,17,0,0,0,0,0,0,0,0,0,[],false,false,false
<http://dbpedia.org/resource/Adelard_of_Bath>,Adelard of Bath,0.6212993931720049,6,3,9,0,0,0,0,0,0,0,0,0,[],false,false,false
<http://dbpedia.org/resource/Johann_Gottlieb_Fichte>,Johann Gottlieb Fichte,0.6210024282491161,32,7,39,0,0,0,0,0,0,0,0,0,[],false,false,false
<http://dbpedia.org/resource/William_Godwin>,William Godwin,0.6209659915687376,12,12,24,0,0,0,0,0,0,0,0,0,[],false,false,false
<http://dbpedia.org/resource/Djamila_Ribeiro>,Djamila Ribeiro,0.6205458233207836,0,6,6,0,0,0,0,0,0,0,0,0,[],false,false,false
<http://dbpedia.org/resource/Christiaan_Huygens>,Christiaan Huygens,0.6204636649269537,4,3,7,0,26,0,0,0,0,0,0,0,[],false,false,false
<http://dbpedia.org/resource/Kenneth_L._Schmitz>,Kenneth L. Schmitz,0.6204316814553279,0,10,10,0,0,0,0,0,0,0,0,0,[],false,false,false
<http://dbpedia.org/resource/Richard_Wagner>,Richard Wagner,0.6203551258741414,1,2,3,0,0,0,0,0,0,0,0,0,[],false,false,false
<http://dbpedia.org/resource/Percy_Bysshe_Shelley>,Percy Bysshe Shelley,0.620056286920208,1,2,3,1,0,0,0,0,0,0,0,0,[],false,false,false
<http://dbpedia.org/resource/Augustin_Pyramus_de_Candolle>,Augustin Pyramus de Candolle,0.6198989196666853,4,3,7,0,1,0,0,0,0,0,0,0,[],false,false,false
<http://dbpedia.org/resource/ALGOL>,ALGOL,0.6195420528578607,22,0,22,0,0,0,0,0,0,0,0,0,[],false,false,false
<http://dbpedia.org/resource/Curtis_Yarvin>,Curtis Yarvin,0.618707231196187,0,2,2,0,0,0,0,0,0,0,0,0,[],false,false,false
<http://dbpedia.org/resource/Tehran_Von_Ghasri>,Tehran Von Ghasri,0.6179250000000002,0,4,4,0,0,0,0,0,0,0,0,0,[],false,false,false
<http://dbpedia.org/resource/José-Carlos_Mariátegui>,José-Carlos Mariátegui,0.6175000000000002,0,4,4,2,0,0,0,0,0,0,0,0,[],false,false,false
<http://dbpedia.org/resource/Timothy_Lee_Barnwell>,Timothy Lee Barnwell,0.6175,0,5,5,1,0,0,0,0,0,0,0,0,[],false,false,false
<http://dbpedia.org/resource/Jawdat_Said>,Jawdat Said,0.6172620445839333,0,2,2,0,0,0,0,0,0,0,0,0,[],false,false,false
<http://dbpedia.org/resource/Luigi_Taparelli>,Luigi Taparelli,0.6171361528307668,5,6,11,0,0,0,0,0,0,0,0,0,[],false,false,false
<http://dbpedia.org/resource/Peter_Boettke>,Peter Boettke,0.6169425857387254,3,14,17,1,0,0,0,0,0,0,0,0,[Political economy],false,false,false
<http://dbpedia.org/resource/Michael_Oakeshott>,Michael Oakeshott,0.6169268192454239,11,15,26,0,0,0,0,0,0,0,0,0,[],false,false,false
<http://dbpedia.org/resource/Bertram_Cohler>,Bertram Cohler,0.6163871424174369,0,9,9,1,0,0,0,0,0,0,0,0,[],false,false,false
<http://dbpedia.org/resource/Ronald_A._Kuipers>,Ronald A. Kuipers,0.6159323395549611,0,10,10,0,0,0,0,0,0,0,0,0,[],false,false,false
<http://dbpedia.org/resource/Awami_Workers_Party>,Awami Workers Party,0.6153750000000001,0,0,0,0,0,0,0,2,0,0,0,0,[],false,false,false
<http://dbpedia.org/resource/Dimitri_Ginev>,Dimitri Ginev,0.6144294226968825,0,6,6,0,0,0,0,0,0,0,0,0,[],false,false,false
<http://dbpedia.org/resource/John_Harnad>,John Harnad,0.6143559949170565,0,6,6,2,0,0,0,0,0,0,0,0,[],false,false,false
<http://dbpedia.org/resource/Qt_(framework)>,Qt (framework),0.6143231455392242,1,1,2,0,0,0,0,0,0,0,0,0,[],false,false,false
<http://dbpedia.org/resource/Alexander_Dobrokhotov>,Alexander Dobrokhotov,0.6139483215492775,0,8,8,0,0,0,0,0,0,0,0,0,[],false,false,false
<http://dbpedia.org/resource/Abu_Abd_al-Rahman_Ibn_Aqil_al-Zahiri>,Abu Abd al-Rahman Ibn Aqil al-Zahiri,0.6137546875,1,4,5,0,0,0,0,0,0,0,0,0,[],false,false,false
<http://dbpedia.org/resource/Pierre_Teilhard_de_Chardin>,Pierre Teilhard de Chardin,0.6131479951340303,12,12,24,0,0,0,0,0,0,0,0,0,[],false,false,false
<http://dbpedia.org/resource/Vladimir_Lenin>,Vladimir Lenin,0.6130703674258406,15,5,20,1,0,0,0,0,0,0,0,0,[],false,false,false
<http://dbpedia.org/resource/James_Hendler>,James Hendler,0.6126594124084992,1,7,8,3,1,0,0,0,0,0,0,0,[],false,false,false
<http://dbpedia.org/resource/Benjamin_Franklin>,Benjamin Franklin,0.6125101140567784,1,2,3,0,0,0,0,0,0,0,0,0,[],false,false,false
<http://dbpedia.org/resource/David_Hume>,David Hume,0.6115692375422992,77,18,95,0,0,0,0,0,0,0,0,0,[],false,false,false
<http://dbpedia.org/resource/Rory_M._McVeigh>,Rory M. McVeigh,0.6112935122612573,0,2,2,2,2,0,0,0,0,0,0,0,[],false,false,false
<http://dbpedia.org/resource/Karl_Korsch>,Karl Korsch,0.6112862418523124,6,7,13,0,0,0,0,0,0,0,0,0,[],false,false,false
<http://dbpedia.org/resource/Carolina_Cristina_Alves>,Carolina Cristina Alves,0.6111595757553637,0,8,8,3,0,0,0,0,0,0,0,0,[],false,false,false
<http://dbpedia.org/resource/Joseph_De_Maistre>,Joseph De Maistre,0.6101344999858657,4,13,17,0,0,0,0,0,0,0,0,0,[],false,false,false
<http://dbpedia.org/resource/Evan_Durbin>,Evan Durbin,0.6100480747851208,2,7,9,0,0,0,0,0,0,0,0,0,[Macroeconomics],false,false,false
<http://dbpedia.org/resource/Jabir_ibn_Hayyan>,Jabir ibn Hayyan,0.6091195912621328,5,8,13,0,0,0,0,0,0,0,0,0,[],false,false,false
<http://dbpedia.org/resource/Émile_Armand>,Émile Armand,0.6086080531576102,4,8,12,0,0,0,0,0,0,0,0,0,[],false,false,false
<http://dbpedia.org/resource/Scala_(programming_language)>,Scala (programming language),0.6085578058036484,13,16,29,0,0,0,0,0,0,0,0,0,[],false,false,false
<http://dbpedia.org/resource/Wilhelm_Georg_Friedrich_Roscher>,Wilhelm Georg Friedrich Roscher,0.6078849413172435,0,3,3,0,0,0,0,0,0,0,0,0,[Economics],false,false,false
<http://dbpedia.org/resource/Merritt_Ruhlen>,Merritt Ruhlen,0.6078661163806901,0,4,4,0,1,0,0,0,0,0,0,0,[],false,false,false
<http://dbpedia.org/resource/Federal_Peronism>,Federal Peronism,0.606875,0,0,0,0,0,0,0,4,0,0,0,9,[],false,false,false
<http://dbpedia.org/resource/August_Kekulé>,August Kekulé,0.6062108368757697,1,6,7,1,2,0,0,0,0,0,0,0,[],false,false,false
<http://dbpedia.org/resource/Maurice_Blanchot>,Maurice Blanchot,0.6059625387164739,15,11,26,0,0,0,0,0,0,0,0,0,[],false,false,false
<http://dbpedia.org/resource/Gordon_Clark>,Gordon Clark,0.6057107554825183,6,8,14,0,0,0,0,0,0,0,0,0,[],false,false,false
<http://dbpedia.org/resource/Karl_Leonhard_Reinhold>,Karl Leonhard Reinhold,0.6056983108534563,6,4,10,0,0,0,0,0,0,0,0,0,[],false,false,false
<http://dbpedia.org/resource/Zig_(programming_language)>,Zig (programming language),0.6056854282853802,0,7,7,0,0,0,0,0,0,0,0,0,[],false,false,false
<http://dbpedia.org/resource/Oswald_Spengler>,Oswald Spengler,0.6050448308526842,25,13,38,0,0,0,0,0,0,0,0,0,[],false,false,false
<http://dbpedia.org/resource/Rachel_Carson>,Rachel Carson,0.6050108658854167,2,2,4,2,0,4,0,0,0,0,0,0,[],false,false,false
<http://dbpedia.org/resource/Swift_(programming_language)>,Swift (programming language),0.6049809658390399,1,11,12,0,0,0,0,0,0,0,0,0,[],false,false,false
<http://dbpedia.org/resource/Jiddu_Krishnamurti>,Jiddu Krishnamurti,0.6043686794692436,12,3,15,0,0,0,0,0,0,0,0,0,[],false,false,false
<http://dbpedia.org/resource/Anita_L._Allen>,Anita L. Allen,0.6043181284269038,0,6,6,0,0,0,0,0,0,0,0,0,[],false,false,false
<http://dbpedia.org/resource/Derek_Abbott>,Derek Abbott,0.6043136937169491,0,2,2,2,3,0,0,0,0,0,0,0,[],false,false,false
<http://dbpedia.org/resource/Johann_Wolfgang_von_Goethe>,Johann Wolfgang von Goethe,0.603462478878365,18,7,25,0,0,8,0,0,0,0,0,0,[],false,false,false
<http://dbpedia.org/resource/Blaise_Pascal>,Blaise Pascal,0.6029763176798875,23,8,31,0,0,0,0,0,0,0,0,0,[],false,false,false
<http://dbpedia.org/resource/Seann_Walsh>,Seann Walsh,0.6026250000000001,0,1,1,0,0,0,0,0,0,0,0,0,[],false,false,false
<http://dbpedia.org/resource/Go_(programming_language)>,Go (programming language),0.6024743344180964,4,11,15,0,0,0,0,0,0,0,0,0,[],false,false,false
<http://dbpedia.org/resource/Georgy_Chelpanov>,Georgy Chelpanov,0.602217798749993,2,6,8,1,0,0,0,0,0,0,0,0,[],false,false,false
<http://dbpedia.org/resource/Max_Black>,Max Black,0.6021842909398086,3,6,9,0,0,0,0,0,0,0,0,0,[],false,false,false
<http://dbpedia.org/resource/Richard_D._Wolff>,Richard D. Wolff,0.6019997139620078,2,11,13,2,0,0,0,0,0,0,0,0,"[Political economy, Marxian economics, International affairs]",false,false,false
<http://dbpedia.org/resource/Iraklis_Mitsopoulos>,Iraklis Mitsopoulos,0.6018667230845551,2,5,7,2,1,0,0,0,0,0,0,0,[],false,false,false
<http://dbpedia.org/resource/Ernst_Heinrich_Weber>,Ernst Heinrich Weber,0.6016491401148999,1,1,2,1,1,0,0,0,0,0,0,0,[],false,false,false
<http://dbpedia.org/resource/Lua_(programming_language)>,Lua (programming language),0.6015153274885559,10,8,18,0,0,0,0,0,0,0,0,0,[],false,false,false
<http://dbpedia.org/resource/David_de_la_Croix>,David de la Croix,0.6014501158973966,0,6,6,1,0,0,0,0,0,0,0,0,"[Economic growth, Demographic economics]",false,false,false
<http://dbpedia.org/resource/Max_Scheler>,Max Scheler,0.6007877963602114,14,12,26,0,0,0,0,0,0,0,0,0,[],false,false,false
<http://dbpedia.org/resource/August_Bier>,August Bier,0.6006259044048247,0,6,6,0,2,0,0,0,0,0,0,0,[],false,false,false
<http://dbpedia.org/resource/Carlos_Gershenson>,Carlos Gershenson,0.6005997615750115,0,3,3,0,1,0,0,0,0,0,0,0,[],false,false,false
<http://dbpedia.org/resource/Nathan_Widder>,Nathan Widder,0.5998035620023069,0,5,5,0,0,0,0,0,0,0,0,0,[],false,false,false
<http://dbpedia.org/resource/Albert_Schweitzer>,Albert Schweitzer,0.5989551940707792,1,3,4,1,2,0,0,0,0,0,0,0,[],false,false,false
<http://dbpedia.org/resource/J._Moufawad-Paul>,J. Moufawad-Paul,0.5980092280306126,0,8,8,0,0,0,0,0,0,0,0,0,[],false,false,false
<http://dbpedia.org/resource/Afar_people>,Afar people,0.5962500000000002,0,0,0,0,0,0,1,0,0,0,0,4,[],false,false,false
<http://dbpedia.org/resource/Bury_Grammar_School>,Bury Grammar School,0.5962500000000002,0,0,0,0,0,0,1,0,0,5,0,0,[],false,false,false
<http://dbpedia.org/resource/Chin_people>,Chin people,0.5962500000000002,0,0,0,0,0,0,4,0,0,0,0,4,[],false,false,false
<http://dbpedia.org/resource/Prince_Alfred_College>,Prince Alfred College,0.5962500000000002,0,0,0,0,0,0,1,0,0,4,0,0,[],false,false,false
<http://dbpedia.org/resource/Saudi_Arabia>,Saudi Arabia,0.5962500000000002,0,0,0,0,0,0,6,0,0,0,0,0,[],false,false,false
<http://dbpedia.org/resource/Éamon_de_Valera>,Éamon de Valera,0.5962500000000002,1,0,1,2,0,0,0,0,0,0,0,0,[],false,false,false
<http://dbpedia.org/resource/Thomas_Kilduff>,Thomas Kilduff,0.5962500000000002,0,0,0,2,1,0,0,0,0,0,0,0,[],false,false,false
<http://dbpedia.org/resource/Ibn_Abd_al-Hadi>,Ibn Abd al-Hadi,0.5962500000000002,0,4,4,0,0,0,0,0,0,0,0,0,[],false,false,false
<http://dbpedia.org/resource/Mo_Gilligan>,Mo Gilligan,0.5962500000000002,0,4,4,0,0,0,0,0,0,0,0,0,[],false,false,false
<http://dbpedia.org/resource/Jandino_Asporaat>,Jandino Asporaat,0.5962500000000002,0,4,4,0,0,0,0,0,0,0,0,0,[],false,false,false
<http://dbpedia.org/resource/Louis_Augustin_Guillaume_Bosc>,Louis Augustin Guillaume Bosc,0.5962500000000002,0,3,3,0,0,0,0,0,0,0,0,0,[],false,false,false
<http://dbpedia.org/resource/David_Seyfort_Ruegg>,David Seyfort Ruegg,0.5962500000000002,0,4,4,0,0,0,0,0,0,0,0,0,[],false,false,false
<http://dbpedia.org/resource/Syed_Shujaat_Ali_Qadri>,Syed Shujaat Ali Qadri,0.5962500000000002,1,4,5,0,0,0,0,0,0,0,0,0,[],false,false,false
<http://dbpedia.org/resource/Louis_Agassiz_Fuertes>,Louis Agassiz Fuertes,0.5962500000000002,0,4,4,0,0,0,0,0,0,0,0,0,[],false,false,false
<http://dbpedia.org/resource/Costa_Rica>,Costa Rica,0.5962500000000002,0,0,0,0,0,0,5,0,0,0,0,0,[],false,false,false
<http://dbpedia.org/resource/Nikša_Gligo>,Nikša Gligo,0.5962500000000002,0,3,3,2,2,0,0,0,0,0,0,0,[],false,false,false
<http://dbpedia.org/resource/Ampleforth_College>,Ampleforth College,0.59625,0,0,0,0,0,0,1,0,0,6,0,0,[],false,false,false
<http://dbpedia.org/resource/John_Frame_(theologian)>,John Frame (theologian),0.5958340965875957,0,4,4,0,0,0,0,0,0,0,0,0,[],false,false,false
<http://dbpedia.org/resource/Shields_Warren>,Shields Warren,0.5957187500000001,2,3,5,3,1,0,0,0,0,0,0,0,[],false,false,false
<http://dbpedia.org/resource/Pony_(programming_language)>,Pony (programming language),0.5956624800685885,0,1,1,0,0,0,0,0,0,0,0,0,[],false,false,false
<http://dbpedia.org/resource/Friedrich_Tiedemann>,Friedrich Tiedemann,0.5954947977749552,0,2,2,0,0,0,0,0,0,0,0,0,[],false,false,false
<http://dbpedia.org/resource/Henry_George>,Henry George,0.5947938728187177,34,6,40,0,0,0,0,0,0,0,0,0,[],false,false,false
<http://dbpedia.org/resource/Georges_Bataille>,Georges Bataille,0.5947223532108206,15,12,27,0,0,0,0,0,0,0,0,0,[],false,false,false
<http://dbpedia.org/resource/P._D._Premasiri>,P. D. Premasiri,0.5943375000000002,0,3,3,0,2,0,0,0,0,0,0,0,[],false,false,false
<http://dbpedia.org/resource/Ibn_Mada'>,Ibn Mada',0.5941166064783322,1,4,5,0,0,0,0,0,0,0,0,0,[],false,false,false
<http://dbpedia.org/resource/Hans-Georg_Gadamer>,Hans-Georg Gadamer,0.5937228428159516,21,15,36,0,0,0,0,0,0,0,0,0,[],false,false,false
<http://dbpedia.org/resource/Lionel_Snell>,Lionel Snell,0.5929605183940915,1,6,7,0,0,0,0,0,0,0,0,0,[],false,false,false
<http://dbpedia.org/resource/Brad_R._Roth>,Brad R. Roth,0.5928714718499193,0,2,2,5,0,0,0,0,0,0,0,0,[],false,false,false
<http://dbpedia.org/resource/Gremlin_(query_language)>,Gremlin (query language),0.592778537506756,0,6,6,0,0,0,0,0,0,0,0,0,[],false,false,false
<http://dbpedia.org/resource/Ballerina_(programming_language)>,Ballerina (programming language),0.5924804367635964,0,5,5,0,0,0,0,0,0,0,0,0,[],false,false,false
<http://dbpedia.org/resource/Henri_Lefebvre>,Henri Lefebvre,0.5922433892632116,14,13,27,0,0,0,0,0,0,0,0,0,[],false,false,false
<http://dbpedia.org/resource/Gregory_Bateson>,Gregory Bateson,0.5919620334592087,34,7,41,0,2,0,0,0,0,0,0,0,[],false,false,false
<http://dbpedia.org/resource/John_Anderson_(philosopher)>,John Anderson (philosopher),0.5918761554496736,7,6,13,0,0,0,0,0,0,0,0,0,[],false,false,false
<http://dbpedia.org/resource/Nancy_Chodorow>,Nancy Chodorow,0.5917305995527415,1,4,5,4,0,0,0,0,0,0,0,0,[],false,false,false
<http://dbpedia.org/resource/Ferdinand_de_Saussure>,Ferdinand de Saussure,0.5897473604980403,21,5,26,0,0,0,0,0,0,0,0,0,[],false,false,false
<http://dbpedia.org/resource/Jacob_Bernoulli>,Jacob Bernoulli,0.5895924737969165,0,2,2,0,16,0,0,0,0,0,0,0,[],false,false,false
<http://dbpedia.org/resource/David_M._Berry>,David M. Berry,0.5895077753130757,0,5,5,0,0,0,0,0,0,0,0,0,[],false,false,false
<http://dbpedia.org/resource/Ladislaus_Bortkiewicz>,Ladislaus Bortkiewicz,0.5892092893999786,2,3,5,4,2,0,0,0,0,0,0,0,[],false,false,false
<http://dbpedia.org/resource/The_Beatles>,The Beatles,0.5891666666666667,1,0,1,0,0,0,0,0,0,0,0,0,[],false,false,false
<http://dbpedia.org/resource/AssemblyScript>,AssemblyScript,0.5885017922524819,0,3,3,0,0,0,0,0,0,0,0,0,[],false,false,false
<http://dbpedia.org/resource/Newspeak_(programming_language)>,Newspeak (programming language),0.5884722742493177,0,5,5,0,0,0,0,0,0,0,0,0,[],false,false,false
<http://dbpedia.org/resource/Oscar_Horta>,Oscar Horta,0.5880764205351213,1,1,2,0,0,0,0,0,0,0,0,0,[],false,false,false
<http://dbpedia.org/resource/Democritus>,Democritus,0.5879977931554572,8,6,14,0,0,0,0,0,0,0,0,0,[],false,false,false
<http://dbpedia.org/resource/Christian_Friedrich_Ecklon>,Christian Friedrich Ecklon,0.5866875,0,3,3,0,0,0,0,0,0,0,0,0,[],false,false,false
<http://dbpedia.org/resource/Terrell_Ward_Bynum>,Terrell Ward Bynum,0.5865054813786079,0,7,7,0,0,0,0,0,0,0,0,0,[],false,false,false
<http://dbpedia.org/resource/Ivan_Sechenov>,Ivan Sechenov,0.5859518237663012,5,6,11,2,0,0,0,0,0,0,0,0,[],false,false,false
<http://dbpedia.org/resource/Monaldo_Leopardi>,Monaldo Leopardi,0.5851309748238102,4,7,11,0,0,0,0,0,0,0,0,0,[],false,false,false
<http://dbpedia.org/resource/Peter_Singer>,Peter Singer,0.5846383488661157,18,8,26,0,0,0,0,0,0,0,0,0,[],false,false,false
<http://dbpedia.org/resource/Sergey_Paramonov_(entomologist)>,Sergey Paramonov (entomologist),0.5845511830696285,0,5,5,1,1,0,0,0,0,0,0,0,[],false,false,false
<http://dbpedia.org/resource/John_Wycliffe>,John Wycliffe,0.5845112702487022,9,6,15,0,0,0,0,0,0,0,0,0,[],false,false,false
<http://dbpedia.org/resource/Masahiro_Morioka>,Masahiro Morioka,0.5831480936226047,0,8,8,0,0,0,0,0,0,0,0,0,[],false,false,false
<http://dbpedia.org/resource/May_Mandelbaum_Edel>,May Mandelbaum Edel,0.5828944183016829,0,4,4,2,1,0,0,0,0,0,0,0,[],false,false,false
<http://dbpedia.org/resource/Erich_Przywara>,Erich Przywara,0.5827870772013094,6,14,20,0,0,0,0,0,0,0,0,0,[],false,false,false
<http://dbpedia.org/resource/George_C._Homans>,George C. Homans,0.5815998269042322,4,8,12,2,0,0,0,0,0,0,0,0,[],false,false,false
<http://dbpedia.org/resource/Brian_Massumi>,Brian Massumi,0.5815910173472829,0,7,7,0,0,0,0,0,0,0,0,0,[],false,false,false
<http://dbpedia.org/resource/Timothy_Morton>,Timothy Morton,0.5806210221542532,0,4,4,0,0,0,0,0,0,0,0,0,[],false,false,false
<http://dbpedia.org/resource/Jofish_Kaye>,Jofish Kaye,0.5805704587196804,0,0,0,2,2,0,0,0,0,0,0,0,[],false,false,false
<http://dbpedia.org/resource/Lucilio_Vanini>,Lucilio Vanini,0.5795806628367579,1,5,6,0,0,0,0,0,0,0,0,0,[],false,false,false
<http://dbpedia.org/resource/Alfred_Korzybski>,Alfred Korzybski,0.5792274497168182,8,5,13,0,0,0,0,0,0,0,0,0,[],false,false,false
<http://dbpedia.org/resource/Max_Stirner>,Max Stirner,0.5789357199245868,40,13,53,0,0,0,0,0,0,0,0,0,[],false,false,false
<http://dbpedia.org/resource/Noweb>,Noweb,0.5786921875000001,0,1,1,0,0,0,0,0,0,0,0,0,[],false,false,false
<http://dbpedia.org/resource/Mario_Javier_Saban>,Mario Javier Saban,0.5784102426362312,0,4,4,0,0,0,0,0,0,0,0,0,[],false,false,false
<http://dbpedia.org/resource/Joseph_Takahashi>,Joseph Takahashi,0.5783147343750001,0,4,4,2,1,0,0,0,0,0,0,0,[],false,false,false
<http://dbpedia.org/resource/First_Nations_in_Canada>,First Nations in Canada,0.5771250000000001,0,0,0,0,0,0,3,0,0,0,0,1,[],false,false,false
<http://dbpedia.org/resource/Ivan_Ergić>,Ivan Ergić,0.576861793439825,0,1,1,0,0,0,0,0,0,0,0,0,[],false,false,false
<http://dbpedia.org/resource/Radovan_Nastić>,Radovan Nastić,0.576861793439825,0,1,1,0,0,0,0,0,0,0,0,0,[],false,false,false
<http://dbpedia.org/resource/Jonathan_Fruoco>,Jonathan Fruoco,0.5758364898987063,0,2,2,2,1,0,0,0,0,0,0,0,[],false,false,false
<http://dbpedia.org/resource/Ernst_Bloch>,Ernst Bloch,0.5757758505904471,9,6,15,0,0,0,0,0,0,0,0,0,[],false,false,false
<http://dbpedia.org/resource/Brian_Leiter>,Brian Leiter,0.575169267120887,0,3,3,0,0,0,0,0,0,0,0,0,[],false,false,false
<http://dbpedia.org/resource/Richard_R._Wright_Jr.>,Richard R. Wright Jr.,0.5750000000000002,4,4,8,3,1,0,0,0,0,0,0,0,[],false,false,false
<http://dbpedia.org/resource/Jules_Verne>,Jules Verne,0.5750000000000002,0,0,0,0,0,6,0,0,0,0,0,0,[],false,false,false
"<http://dbpedia.org/resource/Magdalen_College_School,_Oxford>","Magdalen College School, Oxford",0.5750000000000002,0,0,0,0,0,0,1,0,0,5,0,0,[],false,false,false
<http://dbpedia.org/resource/Xavier_High_School_(New_York_City)>,Xavier High School (New York City),0.575,0,0,0,0,0,0,1,0,0,5,0,0,[],false,false,false
<http://dbpedia.org/resource/Repton_School>,Repton School,0.575,0,0,0,0,0,0,1,0,0,5,0,0,[],false,false,false
<http://dbpedia.org/resource/Christ's_Hospital>,Christ's Hospital,0.575,0,0,0,0,0,0,1,0,0,6,0,0,[],false,false,false
<http://dbpedia.org/resource/August_Schleicher>,August Schleicher,0.5748540907979979,3,6,9,0,0,0,0,0,0,0,0,0,[],false,false,false
<http://dbpedia.org/resource/Keith_Frankish>,Keith Frankish,0.5745711678513127,0,3,3,0,0,0,0,0,0,0,0,0,[],false,false,false
<http://dbpedia.org/resource/Al-Kindi>,Al-Kindi,0.5745087659247805,10,7,17,0,0,0,0,0,0,0,0,0,[],false,false,false
<http://dbpedia.org/resource/Samuel_Edward_Konkin_III>,Samuel Edward Konkin III,0.5742517911658487,3,7,10,0,0,0,0,0,0,0,0,0,[],false,false,false
<http://dbpedia.org/resource/Augustus_De_Morgan>,Augustus De Morgan,0.5737816662173729,3,3,6,2,5,0,0,0,0,0,0,0,[],false,false,false
<http://dbpedia.org/resource/Post-left_anarchy>,Post-left anarchy,0.573705493339383,0,1,1,0,0,0,0,0,0,0,0,1,[],false,false,false
<http://dbpedia.org/resource/Eva_Frommer>,Eva Frommer,0.5734135300785683,0,2,2,1,1,0,0,0,0,0,0,0,[],false,false,false
<http://dbpedia.org/resource/Luise_Drüke>,Luise Drüke,0.5732717072833013,0,2,2,1,0,0,0,0,0,0,0,0,[],false,false,false
<http://dbpedia.org/resource/Andrew_Sherratt>,Andrew Sherratt,0.5723881387515828,0,2,2,1,0,0,0,0,0,0,0,0,[],false,false,false
<http://dbpedia.org/resource/Chavismo>,Chavismo,0.5721666666666667,0,0,0,0,0,0,0,5,0,0,0,10,[],false,false,false
<http://dbpedia.org/resource/Gabriel_Marcel>,Gabriel Marcel,0.5715958564566964,10,11,21,0,0,0,0,0,0,0,0,0,[],false,false,false
<http://dbpedia.org/resource/Dart_(programming_language)>,Dart (programming language),0.5715529927237292,0,10,10,0,0,0,0,0,0,0,0,0,[],false,false,false
<http://dbpedia.org/resource/Karl_Polanyi>,Karl Polanyi,0.5714954903102909,30,13,43,0,0,0,0,0,0,0,0,0,"[Economic history, Economic anthropology, Economic sociology]",false,false,false
<http://dbpedia.org/resource/Bryan_Reynolds_(scholar)>,Bryan Reynolds (scholar),0.5713955427132953,0,8,8,0,0,0,0,0,0,0,0,0,[],false,false,false
<http://dbpedia.org/resource/Éric_Pichet>,Éric Pichet,0.571190917739854,0,8,8,3,0,0,0,0,0,0,0,0,[Corporate governance],false,false,false
<http://dbpedia.org/resource/John_Gray_(philosopher)>,John Gray (philosopher),0.5710779907166906,0,6,6,0,0,0,0,0,0,0,0,0,[],false,false,false
<http://dbpedia.org/resource/Bas_van_Fraassen>,Bas van Fraassen,0.5709809466924579,6,5,11,0,0,0,0,0,0,0,0,0,[],false,false,false
<http://dbpedia.org/resource/Bo_Burnham>,Bo Burnham,0.5701231250000001,0,1,1,0,0,0,0,0,0,0,0,0,[],false,false,false
<http://dbpedia.org/resource/Drew_Lynch>,Drew Lynch,0.5701231250000001,0,1,1,0,0,0,0,0,0,0,0,0,[],false,false,false
<http://dbpedia.org/resource/John_Hick>,John Hick,0.5689684596062499,0,9,9,0,0,0,0,0,0,0,0,0,[],false,false,false
<http://dbpedia.org/resource/Antoine_Laurent_de_Jussieu>,Antoine Laurent de Jussieu,0.568625,3,3,6,0,1,0,0,0,0,0,0,0,[],false,false,false
<http://dbpedia.org/resource/Stefano_Bloch>,Stefano Bloch,0.5684576286807306,0,4,4,0,0,0,0,0,0,0,0,0,[],false,false,false
<http://dbpedia.org/resource/Cω>,Cω,0.5680205208275552,2,3,5,0,0,0,0,0,0,0,0,0,[],false,false,false
<http://dbpedia.org/resource/Mladen_Dolar>,Mladen Dolar,0.567636174923098,2,7,9,0,0,0,0,0,0,0,0,0,[],false,false,false
<http://dbpedia.org/resource/Mirza_Mazhar_Jan-e-Janaan>,Mirza Mazhar Jan-e-Janaan,0.5666517857142858,4,5,9,0,0,0,0,0,0,0,0,0,[],false,false,false
<http://dbpedia.org/resource/Ada_(programming_language)>,Ada (programming language),0.5665598510061891,16,8,24,0,0,0,0,0,0,0,0,0,[],false,false,false
<http://dbpedia.org/resource/Bakul_Harshadrai_Dholakia>,Bakul Harshadrai Dholakia,0.5664967033217914,3,3,6,1,0,0,0,0,0,0,0,0,"[Competitive Strategy, Economic planning, Economic Policy, Managerial economics]",false,false,false
<http://dbpedia.org/resource/Hans_Vaihinger>,Hans Vaihinger,0.5664849013799718,5,8,13,0,0,0,0,0,0,0,0,0,[],false,false,false
<http://dbpedia.org/resource/Leonore_Herzenberg>,Leonore Herzenberg,0.5654865267857144,1,7,8,0,0,0,0,0,0,0,0,0,[],false,false,false
<http://dbpedia.org/resource/George_Selgin>,George Selgin,0.5652807914772127,1,6,7,2,0,0,0,0,0,0,0,0,"[Monetary theory, Macroeconomics]",false,false,false
<http://dbpedia.org/resource/B._R._Ambedkar>,B. R. Ambedkar,0.5651894046906697,3,2,5,5,0,0,0,0,0,0,0,1,[],false,false,false
<http://dbpedia.org/resource/Alexander_of_Aphrodisias>,Alexander of Aphrodisias,0.5651069980502402,6,5,11,0,0,0,0,0,0,0,0,0,[],false,false,false
<http://dbpedia.org/resource/Nancy_Fraser>,Nancy Fraser,0.5644446785964237,1,6,7,0,0,0,0,0,0,0,0,0,[],false,false,false
<http://dbpedia.org/resource/Mulford_B._Foster>,Mulford B. Foster,0.5643750000000001,0,5,5,0,0,0,0,0,0,0,0,0,[],false,false,false
<http://dbpedia.org/resource/Spain>,Spain,0.5643750000000001,0,0,0,0,0,0,2,0,0,0,0,0,[],false,false,false
<http://dbpedia.org/resource/Kelvyn_Jones>,Kelvyn Jones,0.5643750000000001,0,4,4,1,2,0,0,0,0,0,0,0,[],false,false,false
<http://dbpedia.org/resource/Swami_Vivekananda>,Swami Vivekananda,0.5643750000000001,2,0,2,0,0,0,1,0,0,0,0,0,[],false,false,false
<http://dbpedia.org/resource/Snell_Putney>,Snell Putney,0.5638843250489249,0,10,10,1,0,0,0,0,0,0,0,0,[],false,false,false
<http://dbpedia.org/resource/Lee_Altenberg>,Lee Altenberg,0.5638171694885877,0,5,5,1,0,0,0,0,0,0,0,0,[],false,false,false
<http://dbpedia.org/resource/Sass_(stylesheet_language)>,Sass (stylesheet language),0.5636558971238534,4,4,8,0,0,0,0,0,0,0,0,0,[],false,false,false
<http://dbpedia.org/resource/Isaiah_Berlin>,Isaiah Berlin,0.5634476379393993,11,16,27,0,0,0,0,0,0,0,0,0,[],false,false,false
<http://dbpedia.org/resource/Jane_S._Richardson>,Jane S. Richardson,0.5633457320305235,0,4,4,2,2,0,0,0,0,0,0,0,[],false,false,false
<http://dbpedia.org/resource/David_Blitz>,David Blitz,0.5628645052864945,2,3,5,0,0,0,0,0,0,0,0,0,[],false,false,false
<http://dbpedia.org/resource/Erasmus>,Erasmus,0.5620723726163241,6,3,9,0,0,0,0,0,0,0,0,0,[],false,false,false
<http://dbpedia.org/resource/Jordi_Pigem>,Jordi Pigem,0.5620145735520249,0,5,5,0,0,0,0,0,0,0,0,0,[],false,false,false
<http://dbpedia.org/resource/Victor_Ernest_Shelford>,Victor Ernest Shelford,0.5619843750000001,2,3,5,2,2,0,0,0,0,0,0,0,[],false,false,false
<http://dbpedia.org/resource/Alice_Crary>,Alice Crary,0.5611118623910791,1,5,6,0,0,0,0,0,0,0,0,0,[],false,false,false
<http://dbpedia.org/resource/Samuel_Myers_Jr.>,Samuel Myers Jr.,0.5609891246263857,0,1,1,2,0,0,0,0,0,0,0,0,[],false,false,false
<http://dbpedia.org/resource/Giovanni_Battista_Riccioli>,Giovanni Battista Riccioli,0.5595937500000001,4,3,7,0,1,0,0,0,0,0,0,0,[],false,false,false
<http://dbpedia.org/resource/Norman_Geschwind>,Norman Geschwind,0.5595714249172378,1,3,4,1,1,0,0,0,0,0,0,0,[],false,false,false
<http://dbpedia.org/resource/Pavel_Materna>,Pavel Materna,0.5595200705685475,0,6,6,0,0,0,0,0,0,0,0,0,[],false,false,false
<http://dbpedia.org/resource/Crispin_Wright>,Crispin Wright,0.5584867837062969,9,6,15,0,0,0,0,0,0,0,0,0,[],false,false,false
<http://dbpedia.org/resource/William_Clyde_Martin_Jr.>,William Clyde Martin Jr.,0.558454866186105,0,3,3,2,0,0,0,0,0,0,0,0,[],false,false,false
<http://dbpedia.org/resource/Harry_Lee_Poe>,Harry Lee Poe,0.558,0,2,2,0,0,0,0,0,0,0,0,0,[],false,false,false
<http://dbpedia.org/resource/North_Korea>,North Korea,0.558,0,0,0,0,0,0,5,0,0,0,0,0,[],false,false,false
<http://dbpedia.org/resource/Anthony_B._Pinn>,Anthony B. Pinn,0.558,0,4,4,2,2,0,0,0,0,0,0,0,[],false,false,false
<http://dbpedia.org/resource/Dawn_Bowdish>,Dawn Bowdish,0.558,0,0,0,3,1,0,0,0,0,0,0,0,[],false,false,false
<http://dbpedia.org/resource/Alexandra_Navrotsky>,Alexandra Navrotsky,0.5578126270302773,1,0,1,1,0,0,0,0,0,0,0,0,[],false,false,false
<http://dbpedia.org/resource/Patricia_Churchland>,Patricia Churchland,0.5575015792540663,1,4,5,0,0,0,0,0,0,0,0,0,[],false,false,false
<http://dbpedia.org/resource/Edward_C._Harwood>,Edward C. Harwood,0.5573504476925522,0,9,9,2,0,0,0,0,0,0,0,0,[],false,false,false
<http://dbpedia.org/resource/Jewish_philosophy>,Jewish philosophy,0.5563671460341002,0,2,2,0,0,0,0,0,0,0,0,0,[],false,false,false
<http://dbpedia.org/resource/Abraham_Gottlob_Werner>,Abraham Gottlob Werner,0.5562946875,3,0,3,2,3,0,0,0,0,0,0,0,[],false,false,false
<http://dbpedia.org/resource/Amir_Kulal>,Amir Kulal,0.5562946875,0,1,1,0,0,0,0,0,0,0,0,0,[],false,false,false
<http://dbpedia.org/resource/José_Manuel_Briceño_Guerrero>,José Manuel Briceño Guerrero,0.5562630134338543,1,4,5,0,0,0,0,0,0,0,0,0,[],false,false,false
<http://dbpedia.org/resource/Molecular_dynamics>,Molecular dynamics,0.5562582329510358,0,1,1,0,0,0,0,0,0,0,0,0,[],false,false,false
<http://dbpedia.org/resource/European_Union>,European Union,0.55602375,0,1,1,0,0,0,8,0,0,0,0,0,[],false,false,false
<http://dbpedia.org/resource/Fujimorism>,Fujimorism,0.5558750000000001,0,0,0,0,0,0,0,7,0,0,0,10,[],false,false,false
"<http://dbpedia.org/resource/Martin_Gardner__Plato,_Kant,_G._K._Chesterton,_William_James,_Char__1>","Martin Gardner  Plato, Kant, G. K. Chesterton, William James, Char  1",0.5552382773231808,13,12,25,0,0,0,0,0,0,0,0,0,[],false,false,false
<http://dbpedia.org/resource/Muhammad_Farooq_Khan>,Muhammad Farooq Khan,0.5546235401998753,0,5,5,0,0,0,0,0,0,0,0,0,[],false,false,false
<http://dbpedia.org/resource/SHACL>,SHACL,0.5540099079686822,0,1,1,0,0,0,0,0,0,0,0,0,[],false,false,false
<http://dbpedia.org/resource/Sabina_Leonelli>,Sabina Leonelli,0.5537500000000001,0,4,4,0,0,0,0,0,0,0,0,0,[],false,false,false
<http://dbpedia.org/resource/Maris_Stella_College>,Maris Stella College,0.55375,0,0,0,0,0,0,1,0,0,5,0,0,[],false,false,false
<http://dbpedia.org/resource/Axel_Honneth>,Axel Honneth,0.5536897321235738,4,11,15,0,0,0,0,0,0,0,0,0,[],false,false,false
<http://dbpedia.org/resource/Jill_Walker_Rettberg>,Jill Walker Rettberg,0.553623219649573,0,3,3,0,2,0,0,0,0,0,0,0,[],false,false,false
<http://dbpedia.org/resource/Thomas_Cajetan>,Thomas Cajetan,0.5532470717303455,12,7,19,0,0,0,0,0,0,0,0,0,[],false,false,false
<http://dbpedia.org/resource/Errol_Harris>,Errol Harris,0.552741286968837,0,7,7,0,0,0,0,0,0,0,0,0,[],false,false,false
<http://dbpedia.org/resource/Jaime_Eyzaguirre>,Jaime Eyzaguirre,0.5524720081205406,4,4,8,0,0,0,0,0,0,0,0,0,[],false,false,false
<http://dbpedia.org/resource/Emanuel_Margoliash>,Emanuel Margoliash,0.5524370535714287,0,1,1,0,0,0,0,0,0,0,0,0,[],false,false,false
<http://dbpedia.org/resource/William_Rowan_Hamilton>,William Rowan Hamilton,0.5523023497367268,2,3,5,1,18,0,0,0,0,0,0,0,[],false,false,false
<http://dbpedia.org/resource/Semyon_Frank>,Semyon Frank,0.5511355224837177,1,9,10,0,0,0,0,0,0,0,0,0,[],false,false,false
<http://dbpedia.org/resource/Theodosius_Dobzhansky>,Theodosius Dobzhansky,0.5511303865615732,2,4,6,1,1,0,0,0,0,0,0,0,[],false,false,false
<http://dbpedia.org/resource/Josef_Pieper>,Josef Pieper,0.5510607090893203,4,8,12,0,0,0,0,0,0,0,0,0,[],false,false,false
<http://dbpedia.org/resource/Karachi_Grammar_School>,Karachi Grammar School,0.5507446185166133,0,0,0,0,0,0,2,0,0,7,0,0,[],false,false,false
<http://dbpedia.org/resource/Annie_Massy>,Annie Massy,0.5507142857142857,0,4,4,0,0,0,0,0,0,0,0,0,[],false,false,false
<http://dbpedia.org/resource/Richard_Ritter_von_Strigl>,Richard Ritter von Strigl,0.5503910104715435,0,5,5,1,0,0,0,0,0,0,0,0,"[Political science, Law, Economics, Philosophy]",false,false,false
<http://dbpedia.org/resource/David_Harvey>,David Harvey,0.5501446902354679,9,11,20,1,8,0,0,0,0,0,0,0,[],false,false,false
<http://dbpedia.org/resource/Etoys_(programming_language)>,Etoys (programming language),0.5499947433451018,3,7,10,0,0,0,0,0,0,0,0,0,[],false,false,false
<http://dbpedia.org/resource/Jakob_Schegk>,Jakob Schegk,0.5499113916720464,2,3,5,0,0,0,0,0,0,0,0,0,[],false,false,false
<http://dbpedia.org/resource/Robin_Ince>,Robin Ince,0.5496938991557323,0,5,5,0,0,0,0,0,0,0,0,0,[],false,false,false
<http://dbpedia.org/resource/Jacques_Maritain>,Jacques Maritain,0.5494322288150298,14,9,23,0,0,0,0,0,0,0,0,0,[],false,false,false
<http://dbpedia.org/resource/Omar_Lizardo>,Omar Lizardo,0.5493725277960175,0,3,3,2,5,0,0,0,0,0,0,0,[],false,false,false
<http://dbpedia.org/resource/Gillian_Rose>,Gillian Rose,0.5485621657992168,5,16,21,0,0,0,0,0,0,0,0,0,[],false,false,false
<http://dbpedia.org/resource/Ahmed_Al-Waeli>,Ahmed Al-Waeli,0.5484375,0,1,1,0,0,0,0,0,0,0,0,0,[],false,false,false
<http://dbpedia.org/resource/João_Murça_Pires>,João Murça Pires,0.5484375,0,1,1,1,0,0,0,0,0,0,0,0,[],false,false,false
<http://dbpedia.org/resource/Microsoft_Small_Basic>,Microsoft Small Basic,0.5483320784436421,0,3,3,0,0,0,0,0,0,0,0,0,[],false,false,false
<http://dbpedia.org/resource/Chinese_Buddhism>,Chinese Buddhism,0.5482098214285716,0,3,3,0,0,0,0,0,0,0,8,0,[],true,false,false
<http://dbpedia.org/resource/Francoist_Spain>,Francoist Spain,0.5473750000000001,0,0,0,0,0,0,2,0,0,0,0,9,[],false,false,false
<http://dbpedia.org/resource/Jakob_Klaesi>,Jakob Klaesi,0.5472322776524122,0,5,5,2,3,0,0,0,0,0,0,0,[],false,false,false
<http://dbpedia.org/resource/Umple>,Umple,0.5469056420098983,0,5,5,0,0,0,0,0,0,0,0,0,[],false,false,false
<http://dbpedia.org/resource/Maurice_Berger>,Maurice Berger,0.5468554030285038,0,5,5,2,0,0,0,0,0,0,0,0,[],false,false,false
<http://dbpedia.org/resource/Steven_Novella>,Steven Novella,0.5468113894049834,0,6,6,1,2,0,0,0,0,0,0,0,[],false,false,false
<http://dbpedia.org/resource/Pure_(programming_language)>,Pure (programming language),0.5464928069383855,0,4,4,0,0,0,0,0,0,0,0,0,[],false,false,false
<http://dbpedia.org/resource/Jerome_Lettvin>,Jerome Lettvin,0.5455463455713725,1,7,8,1,1,0,0,0,0,0,0,0,[],false,false,false
<http://dbpedia.org/resource/Johann_Winter_von_Andernach>,Johann Winter von Andernach,0.5452425119118752,2,2,4,0,0,0,0,0,0,0,0,0,[],false,false,false
<http://dbpedia.org/resource/SuperPascal>,SuperPascal,0.5451831800593802,0,5,5,0,0,0,0,0,0,0,0,0,[],false,false,false
<http://dbpedia.org/resource/Danese_Cooper>,Danese Cooper,0.5447453125000001,0,1,1,1,0,0,0,0,0,0,0,0,[],false,false,false
<http://dbpedia.org/resource/Predrag_Palavestra>,Predrag Palavestra,0.5442580829897417,0,1,1,1,0,0,0,0,0,0,0,0,[],false,false,false
<http://dbpedia.org/resource/Paul-André_Meyer>,Paul-André Meyer,0.5441515103212228,0,3,3,1,2,0,0,0,0,0,0,0,[],false,false,false
<http://dbpedia.org/resource/Marcel_Proust>,Marcel Proust,0.5437572245064456,5,5,10,0,0,0,0,0,0,0,0,0,[],false,false,false
<http://dbpedia.org/resource/Damascius>,Damascius,0.5435625705064449,0,5,5,0,0,0,0,0,0,0,0,0,[],false,false,false
<http://dbpedia.org/resource/Norman_Malcolm>,Norman Malcolm,0.5432475083820725,4,5,9,0,0,0,0,0,0,0,0,0,[],false,false,false
<http://dbpedia.org/resource/Namilyango_College>,Namilyango College,0.5431250000000001,0,0,0,0,0,0,1,0,0,9,0,0,[],false,false,false
"<http://dbpedia.org/resource/St._Peter's_College,_Colombo>","St. Peter's College, Colombo",0.5431250000000001,0,0,0,0,0,0,1,0,0,5,0,0,[],false,false,false
<http://dbpedia.org/resource/Sydney_Grammar_School>,Sydney Grammar School,0.5431250000000001,0,0,0,0,0,0,1,0,0,4,0,0,[],false,false,false
<http://dbpedia.org/resource/Giuseppe_Peano>,Giuseppe Peano,0.5429571013703249,2,4,6,1,10,0,0,0,0,0,0,0,[],false,false,false
<http://dbpedia.org/resource/Wilhelm_Dilthey>,Wilhelm Dilthey,0.5425988437665452,13,8,21,0,0,0,0,0,0,0,0,0,[],false,false,false
<http://dbpedia.org/resource/Nyingma>,Nyingma,0.542334125801271,0,1,1,0,0,0,0,0,0,0,3,0,[],true,false,false
<http://dbpedia.org/resource/Windows_PowerShell>,Windows PowerShell,0.5418165029050758,0,4,4,0,0,0,0,0,0,0,0,0,[],false,false,false
<http://dbpedia.org/resource/Aboriginal_Australians>,Aboriginal Australians,0.5415312500000001,0,0,0,0,0,0,3,0,0,0,0,0,[],false,false,false
<http://dbpedia.org/resource/Saddam_Hussein>,Saddam Hussein,0.5413497074460949,0,1,1,0,0,0,0,0,0,0,0,0,[],false,false,false
<http://dbpedia.org/resource/Patricia_M._Shields>,Patricia M. Shields,0.5410733740561514,0,4,4,0,0,0,0,0,0,0,0,0,[],false,false,false
<http://dbpedia.org/resource/Polly_Arnold>,Polly Arnold,0.540758172283578,0,3,3,2,0,0,0,0,0,0,0,0,[],false,false,false
<http://dbpedia.org/resource/Brief_therapy>,Brief therapy,0.5395520026041214,0,2,2,0,0,0,0,0,0,0,0,0,[],false,false,false
<http://dbpedia.org/resource/Gemistos_Plethon>,Gemistos Plethon,0.5394870376896647,7,2,9,0,0,0,0,0,0,0,0,0,[],false,false,false
<http://dbpedia.org/resource/Joule_(programming_language)>,Joule (programming language),0.5394540964669104,2,3,5,0,0,0,0,0,0,0,0,0,[],false,false,false
<http://dbpedia.org/resource/Ibn_Arabi>,Ibn Arabi,0.5392392192760943,13,2,15,0,0,0,0,0,0,0,0,0,[],false,false,false
<http://dbpedia.org/resource/Dean_Zimmerman_(philosopher)>,Dean Zimmerman (philosopher),0.5391689153343339,0,6,6,0,0,0,0,0,0,0,0,0,[],false,false,false
<http://dbpedia.org/resource/Edward_Stringham>,Edward Stringham,0.5383902474653891,0,7,7,3,0,0,0,0,0,0,0,0,[Political economy],false,false,false
<http://dbpedia.org/resource/Jacques_Bouveresse>,Jacques Bouveresse,0.538337877997788,0,3,3,0,0,0,0,0,0,0,0,0,[],false,false,false
<http://dbpedia.org/resource/Alenka_Zupančič>,Alenka Zupančič,0.5381089448573841,2,8,10,0,0,0,0,0,0,0,0,0,[],false,false,false
<http://dbpedia.org/resource/Ceylon_(programming_language)>,Ceylon (programming language),0.5374772453538778,0,6,6,0,0,0,0,0,0,0,0,0,[],false,false,false
<http://dbpedia.org/resource/Dartmouth_BASIC>,Dartmouth BASIC,0.5373834057877546,8,4,12,0,0,0,0,0,0,0,0,0,[],false,false,false
<http://dbpedia.org/resource/Edward_Said>,Edward Said,0.5369776853654984,10,14,24,0,0,0,0,0,0,0,0,0,[],false,false,false
<http://dbpedia.org/resource/Justus_von_Liebig>,Justus von Liebig,0.5369731809765512,5,2,7,2,18,0,0,0,0,0,0,0,[],false,false,false
<http://dbpedia.org/resource/Zhao_Tingyang>,Zhao Tingyang,0.5367423977088442,0,9,9,0,0,0,0,0,0,0,0,0,[],false,false,false
<http://dbpedia.org/resource/Peter_Medawar>,Peter Medawar,0.5359631227186563,0,6,6,0,2,0,0,0,0,0,0,0,[],false,false,false
<http://dbpedia.org/resource/Rhetoric>,Rhetoric,0.5356522308627617,0,1,1,0,0,0,0,0,0,0,0,0,[],false,false,false
<http://dbpedia.org/resource/Michael_Halliday>,Michael Halliday,0.5349356716022752,8,4,12,2,1,0,0,0,0,0,0,0,[],false,false,false
<http://dbpedia.org/resource/José_Carlos_Mariátegui>,José Carlos Mariátegui,0.5342406861360133,4,8,12,0,0,0,0,0,0,0,0,1,[],false,false,false
<http://dbpedia.org/resource/Leibniz>,Leibniz,0.5339478577548682,7,2,9,0,0,0,0,0,0,0,0,0,[],false,false,false
<http://dbpedia.org/resource/JavaScript>,JavaScript,0.53382244860829,26,12,38,0,0,0,0,0,0,0,0,0,[],false,false,false
<http://dbpedia.org/resource/Theresa_Clay>,Theresa Clay,0.533479342471475,0,2,2,1,2,0,0,0,0,0,0,0,[],false,false,false
<http://dbpedia.org/resource/Programming_with_Big_Data_in_R>,Programming with Big Data in R,0.5331455754440512,0,5,5,0,0,0,0,0,0,0,0,0,[],false,false,false
<http://dbpedia.org/resource/Grahame_Bulfield>,Grahame Bulfield,0.5325000000000001,0,0,0,1,1,0,0,0,0,0,0,0,[],false,false,false
<http://dbpedia.org/resource/Lancing_College>,Lancing College,0.5325000000000001,0,0,0,0,0,0,1,0,0,3,0,0,[],false,false,false
<http://dbpedia.org/resource/Kuwait>,Kuwait,0.5325000000000001,0,0,0,0,0,0,3,0,0,0,0,0,[],false,false,false
<http://dbpedia.org/resource/Abundio_Sagástegui_Alva>,Abundio Sagástegui Alva,0.5325000000000001,0,3,3,1,0,0,0,0,0,0,0,0,[],false,false,false
<http://dbpedia.org/resource/Isaac_B._Bersuker>,Isaac B. Bersuker,0.5325000000000001,0,3,3,2,9,0,0,0,0,0,0,0,[],false,false,false
<http://dbpedia.org/resource/Crystal_Watson>,Crystal Watson,0.5325000000000001,0,2,2,2,0,0,0,0,0,0,0,0,[],false,false,false
<http://dbpedia.org/resource/Sirarpie_Der_Nersessian>,Sirarpie Der Nersessian,0.5325000000000001,0,3,3,1,0,0,0,0,0,0,0,0,[],false,false,false
<http://dbpedia.org/resource/Josh_Widdicombe>,Josh Widdicombe,0.5325000000000001,1,4,5,0,0,0,0,0,0,0,0,0,[],false,false,false
<http://dbpedia.org/resource/Georgetown_Visitation_Preparatory_School>,Georgetown Visitation Preparatory School,0.5325000000000001,0,0,0,0,0,0,1,0,0,3,0,0,[],false,false,false
<http://dbpedia.org/resource/David_Glass_(sociologist)>,David Glass (sociologist),0.5325000000000001,0,4,4,0,0,0,0,0,0,0,0,0,[],false,false,false
<http://dbpedia.org/resource/John_Charles_Lounsbury_Fish>,John Charles Lounsbury Fish,0.5325000000000001,1,3,4,1,0,0,0,0,0,0,0,0,[],false,false,false
<http://dbpedia.org/resource/Myron_L._Bender>,Myron L. Bender,0.5325000000000001,0,0,0,0,1,0,0,0,0,0,0,0,[],false,false,false
<http://dbpedia.org/resource/Käthe_Rosenthal>,Käthe Rosenthal,0.5325000000000001,0,3,3,0,0,0,0,0,0,0,0,0,[],false,false,false
<http://dbpedia.org/resource/Parounak_Zelveian>,Parounak Zelveian,0.5325000000000001,0,0,0,1,2,0,0,0,0,0,0,0,[],false,false,false
<http://dbpedia.org/resource/Peter_Lambeck>,Peter Lambeck,0.5325000000000001,0,3,3,2,0,0,0,0,0,0,0,0,[],false,false,false
<http://dbpedia.org/resource/Takeshi_Umehara>,Takeshi Umehara,0.5325000000000001,0,3,3,0,0,0,0,0,0,0,0,0,[],false,false,false
<http://dbpedia.org/resource/Mikhail_Shifman>,Mikhail Shifman,0.5325000000000001,0,0,0,1,4,0,0,0,0,0,0,0,[],false,false,false
<http://dbpedia.org/resource/Gu_Jiegang>,Gu Jiegang,0.5325000000000001,1,5,6,1,1,0,0,0,0,0,0,0,[],false,false,false
<http://dbpedia.org/resource/Alexander_Christakis>,Alexander Christakis,0.5325000000000001,2,3,5,1,0,0,0,0,0,0,0,0,[],false,false,false
<http://dbpedia.org/resource/John_Collier_Jr.>,John Collier Jr.,0.5325000000000001,0,3,3,0,2,0,0,0,0,0,0,0,[],false,false,false
<http://dbpedia.org/resource/Sanjiv_Sam_Gambhir>,Sanjiv Sam Gambhir,0.5325000000000001,0,0,0,0,4,0,0,0,0,0,0,0,[],false,false,false
<http://dbpedia.org/resource/Abingdon_School>,Abingdon School,0.5325000000000001,0,0,0,0,0,0,1,0,0,1,0,0,[],false,false,false
<http://dbpedia.org/resource/William_E._Blackstone>,William E. Blackstone,0.5325000000000001,1,3,4,0,0,0,0,0,0,0,0,0,[],false,false,false
<http://dbpedia.org/resource/Marion_Elizabeth_Stilwell_Cave>,Marion Elizabeth Stilwell Cave,0.5325000000000001,3,1,4,3,0,0,0,0,0,0,0,0,[],false,false,false
<http://dbpedia.org/resource/Norwich_School>,Norwich School,0.5325000000000001,0,0,0,0,0,0,1,0,0,3,0,0,[],false,false,false
<http://dbpedia.org/resource/Intel_Parallel_Building_Blocks>,Intel Parallel Building Blocks,0.5325000000000001,0,3,3,0,0,0,0,0,0,0,0,0,[],false,false,false
<http://dbpedia.org/resource/Valerie_Flint>,Valerie Flint,0.5325000000000001,0,0,0,1,1,0,0,0,0,0,0,0,[],false,false,false
<http://dbpedia.org/resource/Wilfred_Stein>,Wilfred Stein,0.5325000000000001,12,3,15,0,0,0,0,0,0,0,0,0,[],false,false,false
<http://dbpedia.org/resource/T._V._Venkatachala_Sastry>,T. V. Venkatachala Sastry,0.5325000000000001,0,3,3,1,0,0,0,0,0,0,0,0,[],false,false,false
<http://dbpedia.org/resource/Highgate_School>,Highgate School,0.5325000000000001,0,0,0,0,0,0,1,0,0,4,0,0,[],false,false,false
<http://dbpedia.org/resource/Motoori_Norinaga>,Motoori Norinaga,0.5325000000000001,1,4,5,0,0,0,0,0,0,0,0,0,[],false,false,false
<http://dbpedia.org/resource/Rembert_Dodoens>,Rembert Dodoens,0.5325000000000001,0,3,3,1,1,0,0,0,0,0,0,0,[],false,false,false
<http://dbpedia.org/resource/Joan_Bailey-Wilson>,Joan Bailey-Wilson,0.5325000000000001,0,2,2,2,0,0,0,0,0,0,0,0,[],false,false,false
<http://dbpedia.org/resource/Amelia_Earhart>,Amelia Earhart,0.5325000000000001,0,0,0,0,1,0,0,0,0,0,0,0,[],false,false,false
<http://dbpedia.org/resource/Theosophy_(Blavatskian)>,Theosophy (Blavatskian),0.5325000000000001,2,0,2,0,0,0,0,0,1,0,2,0,[],true,false,false
<http://dbpedia.org/resource/Nund_Rishi>,Nund Rishi,0.5325000000000001,0,0,0,0,0,0,1,0,0,0,0,0,[],false,false,false
<http://dbpedia.org/resource/Guillermo_Rein>,Guillermo Rein,0.5325000000000001,0,3,3,3,0,0,0,0,0,0,0,0,[],false,false,false
<http://dbpedia.org/resource/Max_Bennett_(scientist)>,Max Bennett (scientist),0.5320268454422113,1,1,2,0,0,0,0,0,0,0,0,0,[],false,false,false
<http://dbpedia.org/resource/John_Dupré>,John Dupré,0.5320268454422113,1,1,2,0,0,0,0,0,0,0,0,0,[],false,false,false
<http://dbpedia.org/resource/Prochoros_Kydones>,Prochoros Kydones,0.5318211700325873,1,1,2,0,0,0,0,0,0,0,0,0,[],false,false,false
<http://dbpedia.org/resource/Paul_of_Venice>,Paul of Venice,0.5314469148699912,2,9,11,0,0,0,0,0,0,0,0,0,[],false,false,false
<http://dbpedia.org/resource/Fikri_Alican>,Fikri Alican,0.5314375,0,2,2,0,1,0,0,0,0,0,0,0,[],false,false,false
<http://dbpedia.org/resource/James_Clerk_Maxwell>,James Clerk Maxwell,0.5306259800584724,3,3,6,0,0,0,0,0,0,0,0,0,[],false,false,false
<http://dbpedia.org/resource/C._H._Douglas>,C. H. Douglas,0.530402742848011,5,10,15,1,0,0,0,0,0,0,0,0,"[Political science, Economics, Physics, History, Accounting, Civil engineering]",false,false,false
<http://dbpedia.org/resource/Kari_Bruwelheide>,Kari Bruwelheide,0.530228044216586,0,1,1,2,0,0,0,0,0,0,0,0,[],false,false,false
<http://dbpedia.org/resource/Jan_Śniadecki>,Jan Śniadecki,0.5299280354433504,0,4,4,0,0,0,0,0,0,0,0,0,[],false,false,false
<http://dbpedia.org/resource/Gene_Sharp>,Gene Sharp,0.5293359503486846,0,5,5,3,0,0,0,0,0,0,0,0,[],false,false,false
<http://dbpedia.org/resource/Leonard_Bloomfield__Leonard_Bloomfield__1>,Leonard Bloomfield  Leonard Bloomfield  1,0.5291453427523914,2,6,8,5,0,0,0,0,0,0,0,0,[],false,false,false
<http://dbpedia.org/resource/Nim_(programming_language)>,Nim (programming language),0.5288388349798195,0,8,8,0,0,0,0,0,0,0,0,0,[],false,false,false
<http://dbpedia.org/resource/Duncan_K._Foley>,Duncan K. Foley,0.5285714375963704,0,9,9,4,0,0,0,0,0,0,0,0,[Economics],false,false,false
<http://dbpedia.org/resource/Mayo_Fuster_Morell>,Mayo Fuster Morell,0.5285193421383925,1,3,4,3,0,0,0,0,0,0,0,0,[],false,false,false
<http://dbpedia.org/resource/John_C._H._Spence>,John C. H. Spence,0.5272994419642858,0,1,1,1,0,0,0,0,0,0,0,0,[],false,false,false
<http://dbpedia.org/resource/Nicole_C._Rust>,Nicole C. Rust,0.5272426783121203,0,0,0,3,2,0,0,0,0,0,0,0,[],false,false,false
<http://dbpedia.org/resource/Astronomer>,Astronomer,0.5272223126706668,1,0,1,0,0,0,0,0,0,0,0,0,[],false,false,false
<http://dbpedia.org/resource/Benjamin_Tucker>,Benjamin Tucker,0.526933863444121,9,9,18,0,0,0,0,0,0,0,0,0,[],false,false,false
<http://dbpedia.org/resource/John_Bell_Hatcher>,John Bell Hatcher,0.5267312152777778,0,5,5,3,0,0,0,0,0,0,0,0,[],false,false,false
<http://dbpedia.org/resource/Jean_Gebser>,Jean Gebser,0.5267055255839144,9,9,18,0,0,0,0,0,0,0,0,0,[],false,false,false
<http://dbpedia.org/resource/Michel_Henry>,Michel Henry,0.5266019073407374,3,7,10,0,0,0,0,0,0,0,0,0,[],false,false,false
<http://dbpedia.org/resource/Hy>,Hy,0.526479923261242,0,3,3,0,0,0,0,0,0,0,0,0,[],false,false,false
<http://dbpedia.org/resource/Dataparallel-C>,Dataparallel-C,0.5262977428698649,0,1,1,0,0,0,0,0,0,0,0,0,[],false,false,false
<http://dbpedia.org/resource/Cyparissos_Stephanos>,Cyparissos Stephanos,0.526297598183872,1,5,6,2,1,0,0,0,0,0,0,0,[],false,false,false
<http://dbpedia.org/resource/Hans_Reichenbach>,Hans Reichenbach,0.526147312366638,7,2,9,0,0,0,0,0,0,0,0,0,[],false,false,false
<http://dbpedia.org/resource/Alasdair_MacIntyre>,Alasdair MacIntyre,0.5255434891483008,8,14,22,0,0,0,0,0,0,0,0,0,[],false,false,false
<http://dbpedia.org/resource/Dan_Kahan>,Dan Kahan,0.5243980349597078,0,3,3,0,1,0,0,0,0,0,0,0,[],false,false,false
<http://dbpedia.org/resource/ECMAScript_Harmony>,ECMAScript Harmony,0.524385529519769,0,1,1,0,0,0,0,0,0,0,0,0,[],false,false,false
<http://dbpedia.org/resource/E_(programming_language)__E__1>,E (programming language)  E  1,0.524308808468959,1,3,4,0,0,0,0,0,0,0,0,0,[],false,false,false
<http://dbpedia.org/resource/Thomas_J._J._Altizer>,Thomas J. J. Altizer,0.5242951279689779,0,1,1,0,0,0,0,0,0,0,0,0,[],false,false,false
<http://dbpedia.org/resource/Inge_Kaul>,Inge Kaul,0.5241938850927805,0,6,6,1,0,0,0,0,0,0,0,0,"[Development economics, Global public good]",false,false,false
<http://dbpedia.org/resource/David_D._Friedman>,David D. Friedman,0.5233344675154532,6,8,14,2,0,0,0,0,0,0,0,0,"[Law, Economics]",false,false,false
<http://dbpedia.org/resource/Jean_Bodin>,Jean Bodin,0.5225591960390753,3,4,7,0,0,0,0,0,0,0,0,0,[],false,false,false
<http://dbpedia.org/resource/Analytical_psychology>,Analytical psychology,0.5218832109811926,0,1,1,0,0,0,0,0,0,0,0,0,[],false,false,false
<http://dbpedia.org/resource/C_(programming_language)__C__1>,C (programming language)  C  1,0.5215307256444249,24,6,30,0,0,0,0,0,0,0,0,0,[],false,false,false
<http://dbpedia.org/resource/Robert_D._Bullard>,Robert D. Bullard,0.521225577920991,0,2,2,0,0,0,0,0,0,0,0,0,[],false,false,false
<http://dbpedia.org/resource/Averroes>,Averroes,0.5205540469789735,20,10,30,0,0,0,0,0,0,0,0,0,[],false,false,false
<http://dbpedia.org/resource/Jay_Shareef>,Jay Shareef,0.5200378542892238,0,3,3,0,0,0,0,0,0,0,0,0,[],false,false,false
<http://dbpedia.org/resource/Franz_Brentano>,Franz Brentano,0.5198904835418088,18,6,24,0,0,0,0,0,0,0,0,0,[],false,false,false
<http://dbpedia.org/resource/Leo_Petrović>,Leo Petrović,0.51975,4,2,6,1,1,0,0,0,0,0,0,0,[],false,false,false
<http://dbpedia.org/resource/Neil_Gordon_(paediatrician)>,Neil Gordon (paediatrician),0.51975,0,3,3,0,0,0,0,0,0,0,0,0,[],false,false,false
<http://dbpedia.org/resource/Xaverian_Brothers_High_School>,Xaverian Brothers High School,0.51975,0,0,0,0,0,0,1,0,0,8,0,0,[],false,false,false
<http://dbpedia.org/resource/Miguel_de_Unamuno>,Miguel de Unamuno,0.5194548838133765,4,7,11,0,0,0,0,0,0,0,0,0,[],false,false,false
<http://dbpedia.org/resource/Edward_Pococke>,Edward Pococke,0.5187410638360749,0,1,1,0,0,0,0,0,0,0,0,0,[],false,false,false
<http://dbpedia.org/resource/Avital_Ronell>,Avital Ronell,0.5185393084782585,0,12,12,0,0,0,0,0,0,0,0,0,[],false,false,false
<http://dbpedia.org/resource/Alexander_of_Hales__Alexander_of_Hales__1>,Alexander of Hales  Alexander of Hales  1,0.5183177786823179,3,7,10,0,0,0,0,0,0,0,0,0,[],false,false,false
<http://dbpedia.org/resource/Francisco_Suárez>,Francisco Suárez,0.5182397653405265,14,6,20,0,0,0,0,0,0,0,0,0,[],false,false,false
<http://dbpedia.org/resource/Jeremy_Bentham>,Jeremy Bentham,0.5182080278933013,23,9,32,0,0,0,0,0,0,0,0,0,[],false,false,false
<http://dbpedia.org/resource/Ramon_Llull>,Ramon Llull,0.5178149355249309,5,2,7,0,0,0,0,0,0,0,0,0,[],false,false,false
<http://dbpedia.org/resource/Paul_Steinhardt>,Paul Steinhardt,0.5177724530751364,0,0,0,3,8,0,0,0,0,0,0,0,[],false,false,false
<http://dbpedia.org/resource/Louis_Althusser>,Louis Althusser,0.5157583486296069,22,11,33,0,0,0,0,0,0,0,0,0,[],false,false,false
<http://dbpedia.org/resource/José_Ferrater_Mora>,José Ferrater Mora,0.5153841361181548,1,3,4,0,0,0,0,0,0,0,0,0,[],false,false,false
<http://dbpedia.org/resource/Antoine_Arnauld__Antoine_Arnauld__1>,Antoine Arnauld  Antoine Arnauld  1,0.5152925367161187,4,7,11,0,0,0,0,0,0,0,0,0,[],false,false,false
<http://dbpedia.org/resource/ALFA_(XACML)>,ALFA (XACML),0.5150762332589286,0,2,2,0,0,0,0,0,0,0,0,0,[],false,false,false
<http://dbpedia.org/resource/Erich_Fromm>,Erich Fromm,0.5149050392814126,6,10,16,0,0,0,0,0,0,0,0,0,[],false,false,false
<http://dbpedia.org/resource/John_Milbank>,John Milbank,0.5146362147138622,0,3,3,0,0,0,0,0,0,0,0,0,[],false,false,false
<http://dbpedia.org/resource/Robert_H._Crabtree>,Robert H. Crabtree,0.5142963858882856,0,0,0,2,1,0,0,0,0,0,0,0,[],false,false,false
<http://dbpedia.org/resource/Greg_Bahnsen>,Greg Bahnsen,0.5141934642428102,3,2,5,0,0,0,0,0,0,0,0,0,[],false,false,false
<http://dbpedia.org/resource/Samuel_Beckett>,Samuel Beckett,0.5140271383854444,1,5,6,1,0,0,0,0,0,0,0,0,[],false,false,false
<http://dbpedia.org/resource/Toby_Ord>,Toby Ord,0.5135731820316296,1,4,5,0,0,0,0,0,0,0,0,0,[],false,false,false
<http://dbpedia.org/resource/James_Prescott_Joule>,James Prescott Joule,0.513375,0,2,2,0,9,0,0,0,0,0,0,0,[],false,false,false
<http://dbpedia.org/resource/Józef_Retinger>,Józef Retinger,0.513375,3,2,5,0,2,0,0,0,0,0,0,0,[],false,false,false
<http://dbpedia.org/resource/Amartya_Sen>,Amartya Sen,0.5132719413482673,27,13,40,4,0,0,0,0,0,0,0,0,"[Development economics, Social choice theory, Welfare economics]",false,false,false
<http://dbpedia.org/resource/Johannes_Kepler>,Johannes Kepler,0.5131936158479835,5,4,9,0,3,0,0,0,0,0,0,0,[],false,false,false
<http://dbpedia.org/resource/Laurent_Cleenewerck>,Laurent Cleenewerck,0.5131265883332301,0,3,3,4,4,0,0,0,0,0,0,0,[],false,false,false
"<http://dbpedia.org/resource/Antoine_François,_comte_de_Fourcroy>","Antoine François, comte de Fourcroy",0.5130027455357143,0,1,1,0,0,0,0,0,0,0,0,0,[],false,false,false
<http://dbpedia.org/resource/Serge_Tisseron>,Serge Tisseron,0.5119520726359164,0,3,3,0,0,0,0,0,0,0,0,0,[],false,false,false
<http://dbpedia.org/resource/Edward_Gibbon>,Edward Gibbon,0.5113493398815958,9,13,22,1,0,0,0,0,0,0,0,0,[],false,false,false
<http://dbpedia.org/resource/Russians_in_Latvia>,Russians in Latvia,0.5112500000000001,0,0,0,0,0,0,2,0,0,0,0,4,[],false,false,false
<http://dbpedia.org/resource/Jules_Tinel>,Jules Tinel,0.51125,0,0,0,0,2,0,0,0,0,0,0,0,[],false,false,false
<http://dbpedia.org/resource/Albanians_in_Montenegro>,Albanians in Montenegro,0.51125,0,0,0,0,0,0,2,0,0,0,0,7,[],false,false,false
<http://dbpedia.org/resource/Glenalmond_College>,Glenalmond College,0.51125,0,0,0,0,0,0,1,0,0,4,0,0,[],false,false,false
<http://dbpedia.org/resource/Ashkali_and_Balkan_Egyptians>,Ashkali and Balkan Egyptians,0.51125,0,0,0,0,0,0,1,0,0,0,0,4,[],false,false,false
<http://dbpedia.org/resource/Piotr_Piecuch>,Piotr Piecuch,0.51125,0,0,0,1,2,0,0,0,0,0,0,0,[],false,false,false
<http://dbpedia.org/resource/Douglas_Kellner>,Douglas Kellner,0.5108800301868268,1,10,11,0,0,0,0,0,0,0,0,0,[],false,false,false
<http://dbpedia.org/resource/Napier88>,Napier88,0.5103990593568877,0,3,3,0,0,0,0,0,0,0,0,0,[],false,false,false
<http://dbpedia.org/resource/Peter_Gelderloos>,Peter Gelderloos,0.5099554933393832,0,1,1,0,0,0,0,0,0,0,0,0,[],false,false,false
<http://dbpedia.org/resource/Uri_Gordon_(anarchist)>,Uri Gordon (anarchist),0.5099554933393832,0,1,1,0,0,0,0,0,0,0,0,0,[],false,false,false
<http://dbpedia.org/resource/Duns_Scotus__John_Duns_Scotus__1>,Duns Scotus  John Duns Scotus  1,0.5097871567062796,14,7,21,0,0,0,0,0,0,0,0,0,[],false,false,false
<http://dbpedia.org/resource/August_Cieszkowski>,August Cieszkowski,0.5095342349790212,8,5,13,0,0,0,0,0,0,0,0,0,[],false,false,false
<http://dbpedia.org/resource/Modula-3>,Modula-3,0.5091426988155039,7,7,14,0,0,0,0,0,0,0,0,0,[],false,false,false
<http://dbpedia.org/resource/John_Deely>,John Deely,0.5090076006965939,0,5,5,0,0,0,0,0,0,0,0,0,[],false,false,false
<http://dbpedia.org/resource/ACL2>,ACL2,0.5089457050127475,0,2,2,0,0,0,0,0,0,0,0,0,[],false,false,false
<http://dbpedia.org/resource/Luis_de_Molina>,Luis de Molina,0.5087518081746778,4,5,9,0,0,0,0,0,0,0,0,0,[],false,false,false
<http://dbpedia.org/resource/Thailand>,Thailand,0.5082142857142857,0,0,0,0,0,0,5,0,0,0,1,0,[],true,false,false
<http://dbpedia.org/resource/Gottfried_Feder>,Gottfried Feder,0.5077613932263578,4,4,8,1,0,0,0,0,0,0,0,0,[Urbanism],false,false,false
<http://dbpedia.org/resource/Floyd_Henry_Allport>,Floyd Henry Allport,0.5076598600061106,0,5,5,1,1,0,0,0,0,0,0,0,[],false,false,false
<http://dbpedia.org/resource/William_T._Stearn>,William T. Stearn,0.5076139499289772,6,6,12,0,3,0,0,0,0,0,0,0,[],false,false,false
<http://dbpedia.org/resource/Francesco_Parisi_(economist)>,Francesco Parisi (economist),0.5075650766419131,0,3,3,3,0,0,0,0,0,0,0,0,[],false,false,false
<http://dbpedia.org/resource/Salem_Bland>,Salem Bland,0.5074195040575884,0,2,2,0,0,0,0,0,0,0,0,0,[],false,false,false
<http://dbpedia.org/resource/Felsted_School>,Felsted School,0.5073984375000001,0,0,0,0,0,0,1,0,0,4,0,0,[],false,false,false
<http://dbpedia.org/resource/Hadith>,Hadith,0.5072575757575758,3,0,3,0,0,0,0,0,0,0,0,0,[],false,false,false
"<http://dbpedia.org/resource/Wah_Yan_College,_Kowloon>","Wah Yan College, Kowloon",0.5060527812500001,0,0,0,0,0,0,1,0,0,8,0,0,[],false,false,false
<http://dbpedia.org/resource/R._G._Collingwood>,R. G. Collingwood,0.5059752227624402,7,9,16,0,0,0,0,0,0,0,0,0,[],false,false,false
<http://dbpedia.org/resource/Malek_Bennabi>,Malek Bennabi,0.5056222632159394,1,4,5,0,0,0,0,0,0,0,0,0,[],false,false,false
<http://dbpedia.org/resource/Raul_Jimenez_Tellado>,Raul Jimenez Tellado,0.5049109306563122,0,0,0,2,2,0,0,0,0,0,0,0,[],false,false,false
<http://dbpedia.org/resource/Richard_L._Hoffman>,Richard L. Hoffman,0.5048750000000001,0,3,3,2,0,0,0,0,0,0,0,0,[],false,false,false
<http://dbpedia.org/resource/William_Galston>,William Galston,0.5048265717704783,0,4,4,2,0,0,0,0,0,0,0,0,[],false,false,false
<http://dbpedia.org/resource/Giovanni_Arrighi>,Giovanni Arrighi,0.5046142284978467,1,8,9,1,2,0,0,0,0,0,0,0,[],false,false,false
<http://dbpedia.org/resource/John_H._Miller_Jr.>,John H. Miller Jr.,0.5045526525421627,0,4,4,2,2,0,0,0,0,0,0,0,[],false,false,false
<http://dbpedia.org/resource/Web_(programming_system)>,Web (programming system),0.5043437500000001,1,2,3,0,0,0,0,0,0,0,0,0,[],false,false,false
<http://dbpedia.org/resource/Alexandre_Kojève>,Alexandre Kojève,0.5041486617417194,17,10,27,0,0,0,0,0,0,0,0,0,[],false,false,false
<http://dbpedia.org/resource/Biswamoy_Biswas>,Biswamoy Biswas,0.5038125,0,2,2,0,1,0,0,0,0,0,0,0,[],false,false,false
<http://dbpedia.org/resource/Robert_P._Murphy>,Robert P. Murphy,0.503473157969377,0,6,6,2,0,0,0,0,0,0,0,0,"[Financial Economics, Trade]",false,false,false
<http://dbpedia.org/resource/Thomas_Robert_Malthus>,Thomas Robert Malthus,0.5034119796752031,5,8,13,1,0,0,0,0,0,0,0,0,"[Macroeconomics, Demography]",false,false,false
<http://dbpedia.org/resource/Alberto_Buela>,Alberto Buela,0.5023084776411902,0,8,8,0,0,0,0,0,0,0,0,0,[],false,false,false
<http://dbpedia.org/resource/Operations_research>,Operations research,0.5020187720808299,0,1,1,0,0,0,0,0,1,1,0,0,[],false,false,false
<http://dbpedia.org/resource/Alfred_North_Whitehead>,Alfred North Whitehead,0.5018888508413963,41,14,55,0,0,0,0,0,0,0,0,0,[],false,false,false
<http://dbpedia.org/resource/Élisabeth_Roudinesco>,Élisabeth Roudinesco,0.501875856371512,0,5,5,0,0,0,0,0,0,0,0,0,[],false,false,false
<http://dbpedia.org/resource/JSONiq>,JSONiq,0.5016926710196202,0,2,2,0,0,0,0,0,0,0,0,0,[],false,false,false
<http://dbpedia.org/resource/Cleanthes>,Cleanthes,0.5013839267523532,3,3,6,0,0,0,0,0,0,0,0,0,[],false,false,false
<http://dbpedia.org/resource/Henryk_Grossman>,Henryk Grossman,0.5010562447656504,2,4,6,0,0,0,0,0,0,0,0,0,[],false,false,false
<http://dbpedia.org/resource/Eugene_Thacker>,Eugene Thacker,0.5010421196804605,0,8,8,0,0,0,0,0,0,0,0,0,[],false,false,false
<http://dbpedia.org/resource/Henry_of_Langenstein>,Henry of Langenstein,0.5007284420459482,0,5,5,0,1,0,0,0,0,0,0,0,[],false,false,false
<http://dbpedia.org/resource/Ernest_Renan>,Ernest Renan,0.5006492961839193,2,7,9,0,0,0,0,0,0,0,0,0,[],false,false,false
<http://dbpedia.org/resource/Uppingham_School>,Uppingham School,0.5006250000000001,0,0,0,0,0,0,1,0,0,5,0,0,[],false,false,false
<http://dbpedia.org/resource/Doris_Schattschneider>,Doris Schattschneider,0.5004556920902445,0,2,2,1,0,0,0,0,0,0,0,0,[],false,false,false
<http://dbpedia.org/resource/Stephen_Mumford>,Stephen Mumford,0.4995671193323321,0,2,2,0,0,0,0,0,0,0,0,0,[],false,false,false
<http://dbpedia.org/resource/Eugen_Bleuler>,Eugen Bleuler,0.4992851420950046,5,4,9,1,3,0,0,0,0,0,0,0,[],false,false,false
<http://dbpedia.org/resource/Vasant_Honavar>,Vasant Honavar,0.49914586528461363,0,4,4,4,0,0,0,0,0,0,0,0,[],false,false,false
<http://dbpedia.org/resource/Zhuang_Zhou>,Zhuang Zhou,0.49910714285714297,13,5,18,0,0,0,0,0,0,0,0,0,[],false,false,false
<http://dbpedia.org/resource/Bronisław_Malinowski>,Bronisław Malinowski,0.4981534530881189,4,7,11,2,4,0,0,0,0,0,0,0,[],false,false,false
<http://dbpedia.org/resource/Apuleius>,Apuleius,0.4980620933259913,12,7,19,0,0,0,0,0,0,0,0,0,[],false,false,false
<http://dbpedia.org/resource/Edward_Mills_Purcell>,Edward Mills Purcell,0.49794637689570037,0,0,0,2,6,0,0,0,0,0,0,0,[],false,false,false
<http://dbpedia.org/resource/Vilnius_BASIC>,Vilnius BASIC,0.4978625000000001,0,1,1,0,0,0,0,0,0,0,0,0,[],false,false,false
<http://dbpedia.org/resource/Duane_Rousselle>,Duane Rousselle,0.49779585677399496,0,3,3,3,0,0,0,0,0,0,0,0,[],false,false,false
<http://dbpedia.org/resource/Clark_Barwick>,Clark Barwick,0.4973872169584841,0,3,3,2,0,0,0,0,0,0,0,0,[],false,false,false
<http://dbpedia.org/resource/Islamic_philosophy>,Islamic philosophy,0.4973374865782559,1,1,2,0,0,0,0,0,0,0,0,0,[],false,false,false
<http://dbpedia.org/resource/Sheikh>,Sheikh,0.4973374865782559,0,1,1,0,0,0,0,0,0,0,0,0,[],false,false,false
<http://dbpedia.org/resource/Eric_Nguyen>,Eric Nguyen,0.49690240975002886,0,5,5,1,2,0,0,0,0,0,0,0,[],false,false,false
<http://dbpedia.org/resource/Samarendra_Kumar_Mitra>,Samarendra Kumar Mitra,0.49667641355565795,0,5,5,0,1,0,0,0,0,0,0,0,[],false,false,false
<http://dbpedia.org/resource/Maura_Scannell>,Maura Scannell,0.49666797577201816,0,3,3,1,0,0,0,0,0,0,0,0,[],false,false,false
<http://dbpedia.org/resource/Aldo_Capitini>,Aldo Capitini,0.4966174017636442,0,1,1,0,0,0,0,0,0,0,0,0,[],false,false,false
<http://dbpedia.org/resource/Claudio_Magris>,Claudio Magris,0.4966174017636442,0,1,1,1,0,0,0,0,0,0,0,0,[],false,false,false
<http://dbpedia.org/resource/POP-2>,POP-2,0.49642646003074153,1,3,4,0,0,0,0,0,0,0,0,0,[],false,false,false
<http://dbpedia.org/resource/Emmanuel_Mounier>,Emmanuel Mounier,0.4963718289260798,5,6,11,0,0,0,0,0,0,0,0,0,[],false,false,false
<http://dbpedia.org/resource/A._J._Ayer>,A. J. Ayer,0.49625259296814517,10,9,19,0,0,0,0,0,0,0,0,0,[],false,false,false
<http://dbpedia.org/resource/Wolfgang_Kasper>,Wolfgang Kasper,0.495686899642913,0,5,5,2,0,0,0,0,0,0,0,0,"[Political economy, Institutional economics]",false,false,false
<http://dbpedia.org/resource/Peter_Hallward>,Peter Hallward,0.495652723182089,0,11,11,0,0,0,0,0,0,0,0,0,[],false,false,false
<http://dbpedia.org/resource/B_(programming_language)>,B (programming language),0.4955919402494412,3,4,7,0,0,0,0,0,0,0,0,0,[],false,false,false
<http://dbpedia.org/resource/Mohammed_Rustom>,Mohammed Rustom,0.49525736311895363,0,2,2,0,0,0,0,0,0,0,0,0,[],false,false,false
<http://dbpedia.org/resource/Jean-François_Champollion>,Jean-François Champollion,0.49427907504970353,1,0,1,2,1,0,0,0,0,0,0,0,[],false,false,false
<http://dbpedia.org/resource/Moshe_Sharon>,Moshe Sharon,0.49425,0,0,0,1,1,0,0,0,0,0,0,0,[],false,false,false
<http://dbpedia.org/resource/Enikő_Kubinyi>,Enikő Kubinyi,0.49425,0,1,1,0,0,0,0,0,0,0,0,0,[],false,false,false
<http://dbpedia.org/resource/Daniel_Levitin>,Daniel Levitin,0.49425,0,0,0,4,6,0,0,0,0,0,0,0,[],false,false,false
<http://dbpedia.org/resource/John_Vervaeke>,John Vervaeke,0.49425,0,1,1,0,0,0,0,0,0,0,0,0,[],false,false,false
<http://dbpedia.org/resource/M._Hiriyanna>,M. Hiriyanna,0.4939610242744774,1,5,6,0,0,0,0,0,0,0,0,0,[],false,false,false
<http://dbpedia.org/resource/Matilda_Cullen_Knowles>,Matilda Cullen Knowles,0.4938917458927734,2,3,5,1,0,0,0,0,0,0,0,0,[],false,false,false
<http://dbpedia.org/resource/Ronald_Dworkin>,Ronald Dworkin,0.49344708557336264,9,6,15,0,0,0,0,0,0,0,0,0,[],false,false,false
<http://dbpedia.org/resource/Francesco_Severi>,Francesco Severi,0.4932045632567761,0,0,0,1,2,0,0,0,0,0,0,0,[],false,false,false
<http://dbpedia.org/resource/Fazal_Ali_Qureshi>,Fazal Ali Qureshi,0.4930518415178572,3,4,7,0,0,0,0,0,0,0,0,0,[],false,false,false
<http://dbpedia.org/resource/James_Joyce>,James Joyce,0.49246013222634893,3,4,7,0,0,0,0,0,0,0,0,0,[],false,false,false
<http://dbpedia.org/resource/Felix_Jacoby>,Felix Jacoby,0.4923906250000001,0,0,0,1,1,0,0,0,0,0,0,0,[],false,false,false
<http://dbpedia.org/resource/Otto_Heurnius>,Otto Heurnius,0.4920536125876995,1,0,1,0,0,0,0,0,0,0,0,0,[],false,false,false
<http://dbpedia.org/resource/Crystal_(programming_language)>,Crystal (programming language),0.49186006647966174,0,5,5,0,0,0,0,0,0,0,0,0,[],false,false,false
<http://dbpedia.org/resource/Feodor_Iwanowitsch_Kalmyk>,Feodor Iwanowitsch Kalmyk,0.49131087662337675,0,5,5,0,0,0,0,0,0,0,0,0,[],false,false,false
<http://dbpedia.org/resource/Paul_Gottfried>,Paul Gottfried,0.4912277340260657,1,8,9,0,0,0,0,0,0,0,0,0,[],false,false,false
<http://dbpedia.org/resource/Joannes_Antonides_van_der_Linden>,Joannes Antonides van der Linden,0.49091614528982663,0,4,4,1,0,0,0,0,0,0,0,0,[],false,false,false
<http://dbpedia.org/resource/Roger_Scruton>,Roger Scruton,0.49052732810417315,0,6,6,1,1,0,0,0,0,0,0,0,[],false,false,false
<http://dbpedia.org/resource/Anupam_Saraph>,Anupam Saraph,0.4901881064700036,3,5,8,0,0,0,0,0,0,0,0,0,[],false,false,false
<http://dbpedia.org/resource/Dan_Sperber>,Dan Sperber,0.4901329380704631,4,7,11,2,2,0,0,0,0,0,0,0,[],false,false,false
<http://dbpedia.org/resource/David_Buss>,David Buss,0.4900000000000001,0,5,5,0,1,0,0,0,0,0,0,0,[],false,false,false
<http://dbpedia.org/resource/Hungarians_in_Slovakia>,Hungarians in Slovakia,0.4900000000000001,0,0,0,0,0,0,2,0,0,0,0,5,[],false,false,false
"<http://dbpedia.org/resource/Wah_Yan_College,_Hong_Kong>","Wah Yan College, Hong Kong",0.4900000000000001,0,0,0,0,0,0,1,0,0,6,0,0,[],false,false,false
<http://dbpedia.org/resource/Margaret_Brown_(ichthyologist)>,Margaret Brown (ichthyologist),0.48973437500000006,0,2,2,2,0,0,0,0,0,0,0,0,[],false,false,false
<http://dbpedia.org/resource/C_(programming_language)>,C (programming language),0.4894753810786886,59,7,66,0,0,0,0,0,0,0,0,0,[],false,false,false
<http://dbpedia.org/resource/Steven_Soter>,Steven Soter,0.4894232262941313,0,2,2,2,2,0,0,0,0,0,0,0,[],false,false,false
<http://dbpedia.org/resource/Jan_Patočka>,Jan Patočka,0.4893822448210738,5,8,13,0,0,0,0,0,0,0,0,0,[],false,false,false
<http://dbpedia.org/resource/Georgi_Plekhanov>,Georgi Plekhanov,0.48899054535171815,1,7,8,0,0,0,0,0,0,0,0,0,[],false,false,false
<http://dbpedia.org/resource/Stathis_Psillos>,Stathis Psillos,0.4889425744536484,0,3,3,0,0,0,0,0,0,0,0,0,[],false,false,false
<http://dbpedia.org/resource/Henry_Harrington_Janeway>,Henry Harrington Janeway,0.4887826699908648,0,0,0,6,1,0,0,0,0,0,0,0,[],false,false,false
<http://dbpedia.org/resource/Malcolm_H._Chisholm>,Malcolm H. Chisholm,0.48869959334463164,1,1,2,0,0,0,0,0,0,0,0,0,[],false,false,false
<http://dbpedia.org/resource/MUMPS>,MUMPS,0.4883269632612397,3,4,7,0,0,0,0,0,0,0,0,0,[],false,false,false
<http://dbpedia.org/resource/Hans_Jonas>,Hans Jonas,0.4880146661600265,12,5,17,0,0,0,0,0,0,0,0,0,[],false,false,false
<http://dbpedia.org/resource/Abbas_Wasim_Efendi>,Abbas Wasim Efendi,0.4879574732031592,0,2,2,0,0,0,0,0,0,0,0,0,[],false,false,false
<http://dbpedia.org/resource/Fraser_Stoddart>,Fraser Stoddart,0.487778342013889,0,4,4,2,6,0,0,0,0,0,0,0,[],false,false,false
<http://dbpedia.org/resource/Jean_Bourgain>,Jean Bourgain,0.48765463008183246,2,4,6,1,5,0,0,0,0,0,0,0,[],false,false,false
<http://dbpedia.org/resource/Werner_De_Bondt>,Werner De Bondt,0.4876039156378077,0,7,7,1,0,0,0,0,0,0,0,0,"[Behavioral finance, Behavioral economics]",false,false,false
<http://dbpedia.org/resource/Raku_(programming_language)>,Raku (programming language),0.48705491919418276,2,6,8,0,0,0,0,0,0,0,0,0,[],false,false,false
<http://dbpedia.org/resource/Rae_Langton>,Rae Langton,0.4869598718783049,1,5,6,0,0,0,0,0,0,0,0,0,[],false,false,false
<http://dbpedia.org/resource/Pierre_Hadot>,Pierre Hadot,0.48579603017762785,3,7,10,0,0,0,0,0,0,0,0,0,[],false,false,false
<http://dbpedia.org/resource/Marcelo_Osvaldo_Magnasco>,Marcelo Osvaldo Magnasco,0.4854114422462436,0,0,0,1,3,0,0,0,0,0,0,0,[],false,false,false
<http://dbpedia.org/resource/Chrysippus>,Chrysippus,0.48535237075161963,2,6,8,0,0,0,0,0,0,0,0,0,[],false,false,false
<http://dbpedia.org/resource/Ágnes_Heller>,Ágnes Heller,0.4852772468807586,1,5,6,0,0,0,0,0,0,0,0,0,[],false,false,false
<http://dbpedia.org/resource/Mortimer_J._Adler>,Mortimer J. Adler,0.4852298991513747,2,9,11,0,0,0,0,0,0,0,0,0,[],false,false,false
<http://dbpedia.org/resource/Pope_Benedict_XVI>,Pope Benedict XVI,0.48481657650377935,0,4,4,0,0,0,0,0,0,0,0,0,[],false,false,false
<http://dbpedia.org/resource/Belgium>,Belgium,0.48468750000000005,0,0,0,0,0,0,5,0,0,0,1,0,[],true,false,false
<http://dbpedia.org/resource/Wilfrid_Sellars>,Wilfrid Sellars,0.4843117907087001,19,9,28,0,0,0,0,0,0,0,0,0,[],false,false,false
<http://dbpedia.org/resource/Edward_Bernays>,Edward Bernays,0.48402720292068974,0,4,4,0,6,0,0,0,0,0,0,0,[],false,false,false
<http://dbpedia.org/resource/Maine_de_Biran>,Maine de Biran,0.48382926224399425,8,10,18,0,0,0,0,0,0,0,0,0,[],false,false,false
<http://dbpedia.org/resource/Carmel_Humphries>,Carmel Humphries,0.4836250000000001,0,3,3,0,1,0,0,0,0,0,0,0,[],false,false,false
<http://dbpedia.org/resource/Ivan_Sviták>,Ivan Sviták,0.4833949234019952,0,2,2,0,0,0,0,0,0,0,0,0,[],false,false,false
<http://dbpedia.org/resource/Sean_McGrath_(philosopher)>,Sean McGrath (philosopher),0.4833700919763021,0,6,6,0,0,0,0,0,0,0,0,0,[],false,false,false
<http://dbpedia.org/resource/Clive_Granger>,Clive Granger,0.48311549602716536,6,6,12,1,0,0,0,0,0,0,0,0,"[Financial economics, Econometrics]",false,false,false
<http://dbpedia.org/resource/R_(programming_language)>,R (programming language),0.4830412202701129,4,4,8,0,0,0,0,0,0,0,0,0,[],false,false,false
<http://dbpedia.org/resource/Ursula_McConnel>,Ursula McConnel,0.48275870380642083,0,4,4,1,2,0,0,0,0,0,0,0,[],false,false,false
<http://dbpedia.org/resource/Roman_Jakobson>,Roman Jakobson,0.4823319551247076,15,5,20,0,0,0,0,0,0,0,0,0,[],false,false,false
<http://dbpedia.org/resource/Steve_Hanke>,Steve Hanke,0.4823002823517981,0,6,6,1,0,0,0,0,0,0,0,0,"[Financial economics, Monetary economics, International economics, Natural resource economics]",false,false,false
<http://dbpedia.org/resource/Christoph_Junghans>,Christoph Junghans,0.48229687500000007,0,0,0,1,1,0,0,0,0,0,0,0,[],false,false,false
<http://dbpedia.org/resource/Emer_de_Vattel>,Emer de Vattel,0.48213665900159014,4,5,9,0,0,0,0,0,0,0,0,0,[],false,false,false
<http://dbpedia.org/resource/Lasso_(programming_language)>,Lasso (programming language),0.48210457308916815,0,4,4,0,0,0,0,0,0,0,0,0,[],false,false,false
<http://dbpedia.org/resource/Srinivasa_Ramanujan>,Srinivasa Ramanujan,0.48153547112422257,2,2,4,0,11,0,0,0,0,0,0,0,[],false,false,false
<http://dbpedia.org/resource/Mikhail_Bakunin>,Mikhail Bakunin,0.4813959196108054,18,9,27,0,0,0,0,0,0,0,0,0,[],false,false,false
<http://dbpedia.org/resource/Francis_Hutcheson_(philosopher)>,Francis Hutcheson (philosopher),0.4807842547890925,5,4,9,0,0,0,0,0,0,0,0,0,[],false,false,false
<http://dbpedia.org/resource/Diego_Fusaro>,Diego Fusaro,0.48069091210433684,0,1,1,0,0,0,0,0,0,0,0,0,[],false,false,false
<http://dbpedia.org/resource/Gianni_Vattimo>,Gianni Vattimo,0.4801348578568458,9,9,18,0,0,0,0,0,0,0,0,0,[],false,false,false
<http://dbpedia.org/resource/Kabbalah>,Kabbalah,0.47958750000000006,3,0,3,0,0,0,0,0,0,0,1,0,[],true,false,false
<http://dbpedia.org/resource/Johann_Joachim_Winckelmann>,Johann Joachim Winckelmann,0.47954071648472685,11,3,14,1,1,0,0,0,0,0,0,0,[],false,false,false
<http://dbpedia.org/resource/Pierre_Bayle>,Pierre Bayle,0.47937764213219763,16,4,20,0,0,0,0,0,0,0,0,0,[],false,false,false
<http://dbpedia.org/resource/Martha_Nussbaum>,Martha Nussbaum,0.47934948819965845,7,8,15,0,0,0,0,0,0,0,0,0,[],false,false,false
<http://dbpedia.org/resource/Ioke_(programming_language)>,Ioke (programming language),0.47928250311396153,0,4,4,0,0,0,0,0,0,0,0,0,[],false,false,false
<http://dbpedia.org/resource/Herbert_Spencer>,Herbert Spencer,0.4792057596005916,44,10,54,0,0,0,0,0,0,0,0,0,[],false,false,false
<http://dbpedia.org/resource/Aenesidemus>,Aenesidemus,0.4788660435762102,4,4,8,0,0,0,0,0,0,0,0,0,[],false,false,false
<http://dbpedia.org/resource/Seraphim_Rose>,Seraphim Rose,0.4788038894280397,0,2,2,0,0,0,0,0,0,0,0,0,[],false,false,false
<http://dbpedia.org/resource/Milan_Komar>,Milan Komar,0.4781140294266611,3,7,10,0,0,0,0,0,0,0,0,0,[],false,false,false
<http://dbpedia.org/resource/Karl_Rudolphi>,Karl Rudolphi,0.47800046917695854,0,0,0,0,2,0,0,0,0,0,0,0,[],false,false,false
<http://dbpedia.org/resource/Mohammad_Baba_As-Samasi>,Mohammad Baba As-Samasi,0.47799375,1,1,2,0,0,0,0,0,0,0,0,0,[],false,false,false
<http://dbpedia.org/resource/Phoebus_Levene__Phoebus_Levine__1>,Phoebus Levene  Phoebus Levine  1,0.47781603990398236,0,2,2,0,2,0,0,0,0,0,0,0,[],false,false,false
<http://dbpedia.org/resource/Marcel_van_Meerhaeghe>,Marcel van Meerhaeghe,0.47714634055312277,0,3,3,2,0,0,0,0,0,0,0,0,[],false,false,false
<http://dbpedia.org/resource/Prolog>,Prolog,0.4768972980725872,20,3,23,0,0,0,0,0,0,0,0,0,[],false,false,false
<http://dbpedia.org/resource/Heinrich_Johann_Nepomuk_von_Crantz>,Heinrich Johann Nepomuk von Crantz,0.47658481378274137,0,3,3,1,0,0,0,0,0,0,0,0,[],false,false,false
<http://dbpedia.org/resource/Maurice_Kugler>,Maurice Kugler,0.4764799349746795,0,5,5,2,0,0,0,0,0,0,0,0,[],false,false,false
<http://dbpedia.org/resource/Heinrich_Cornelius_Agrippa>,Heinrich Cornelius Agrippa,0.4763104606788163,0,2,2,1,0,0,0,0,0,0,0,0,[],false,false,false
<http://dbpedia.org/resource/Jean-Philippe_Bouchaud>,Jean-Philippe Bouchaud,0.4760312798218642,0,4,4,1,0,0,0,0,0,0,0,0,[],false,false,false
<http://dbpedia.org/resource/Mark_Twain>,Mark Twain,0.4758818407209016,1,3,4,0,0,0,0,0,0,0,0,0,[],false,false,false
<http://dbpedia.org/resource/Eiffel_(programming_language)>,Eiffel (programming language),0.4756127407212294,12,3,15,0,0,0,0,0,0,0,0,0,[],false,false,false
<http://dbpedia.org/resource/ShEx>,ShEx,0.47530585707950884,1,3,4,0,0,0,0,0,0,0,0,0,[],false,false,false
<http://dbpedia.org/resource/Francesco_Boldizzoni>,Francesco Boldizzoni,0.4752989947266375,0,3,3,0,0,0,0,0,0,0,0,0,[],false,false,false
<http://dbpedia.org/resource/Syed_Ahmad_Khan>,Syed Ahmad Khan,0.4752351432934232,7,4,11,0,0,0,0,0,0,0,0,0,[],false,false,false
<http://dbpedia.org/resource/Pierre_Charron>,Pierre Charron,0.47508286176781894,0,4,4,0,0,0,0,0,0,0,0,0,[],false,false,false
<http://dbpedia.org/resource/Graham_Harman>,Graham Harman,0.47479906320737014,3,9,12,0,0,0,0,0,0,0,0,0,[],false,false,false
<http://dbpedia.org/resource/Elaine_Hsiao>,Elaine Hsiao,0.47459375000000004,0,2,2,2,0,0,0,0,0,0,0,0,[],false,false,false
<http://dbpedia.org/resource/Vladimir_Lossky>,Vladimir Lossky,0.474479724663295,0,2,2,0,0,0,0,0,0,0,0,0,[],false,false,false
<http://dbpedia.org/resource/Bijan_Abdolkarimi>,Bijan Abdolkarimi,0.47437552901488356,0,5,5,0,0,0,0,0,0,0,0,0,[],false,false,false
<http://dbpedia.org/resource/Jun_Tsuji>,Jun Tsuji,0.47427587737641574,2,6,8,0,0,0,0,0,0,0,0,0,[],false,false,false
<http://dbpedia.org/resource/Panaetius>,Panaetius,0.47408909203535843,3,3,6,0,0,0,0,0,0,0,0,0,[],false,false,false
<http://dbpedia.org/resource/Botrul_Dongak_Tenpai_Nyima>,Botrul Dongak Tenpai Nyima,0.47406766812102036,0,1,1,0,0,0,0,0,0,0,0,0,[],false,false,false
<http://dbpedia.org/resource/Gendün_Chöphel>,Gendün Chöphel,0.47406766812102036,0,1,1,0,0,0,0,0,0,0,0,0,[],false,false,false
<http://dbpedia.org/resource/Thubten_Chökyi_Dorje>,Thubten Chökyi Dorje,0.47406766812102036,0,1,1,0,0,0,0,0,0,0,0,0,[],false,false,false
<http://dbpedia.org/resource/Lenn_E._Goodman>,Lenn E. Goodman,0.47384807268022033,0,7,7,0,0,0,0,0,0,0,0,0,[],false,false,false
<http://dbpedia.org/resource/Hayashi_Razan>,Hayashi Razan,0.47352654755457363,3,2,5,0,0,0,0,0,0,0,0,0,[],false,false,false
<http://dbpedia.org/resource/Emil_L._Smith>,Emil L. Smith,0.47345535714285725,1,2,3,0,0,0,0,0,0,0,0,0,[],false,false,false
<http://dbpedia.org/resource/Stylus_(stylesheet_language)>,Stylus (stylesheet language),0.4728914614721522,0,3,3,0,0,0,0,0,0,0,0,0,[],false,false,false
<http://dbpedia.org/resource/Abu_Zayd_al-Balkhi>,Abu Zayd al-Balkhi,0.47287854857908557,6,3,9,0,0,0,0,0,0,0,0,0,[],false,false,false
<http://dbpedia.org/resource/Rexx>,Rexx,0.47235566341670376,2,4,6,0,0,0,0,0,0,0,0,0,[],false,false,false
<http://dbpedia.org/resource/Marc_Lavoie>,Marc Lavoie,0.4720626755882839,1,8,9,1,0,0,0,0,0,0,0,0,[Economics],false,false,false
<http://dbpedia.org/resource/TRS-80_Level_II_BASIC>,TRS-80 Level II BASIC,0.4718757960327382,0,1,1,0,0,0,0,0,0,0,0,0,[],false,false,false
<http://dbpedia.org/resource/Jean_Bricmont>,Jean Bricmont,0.471604076376323,0,1,1,0,0,0,0,0,0,0,0,0,[],false,false,false
<http://dbpedia.org/resource/Miranda_(programming_language)>,Miranda (programming language),0.47084102469873845,6,5,11,0,0,0,0,0,0,0,0,0,[],false,false,false
<http://dbpedia.org/resource/Giovanni_Reale>,Giovanni Reale,0.4708104919051626,0,8,8,0,0,0,0,0,0,0,0,0,[],false,false,false
<http://dbpedia.org/resource/John_Perry_(philosopher)>,John Perry (philosopher),0.4704509660727801,1,4,5,0,0,0,0,0,0,0,0,0,[],false,false,false
<http://dbpedia.org/resource/Jack_Amariglio>,Jack Amariglio,0.4702426961055313,0,7,7,3,0,0,0,0,0,0,0,0,[],false,false,false
<http://dbpedia.org/resource/Carlo_Penco>,Carlo Penco,0.4699807513143307,0,3,3,0,0,0,0,0,0,0,0,0,[],false,false,false
<http://dbpedia.org/resource/Elizabeth_Grosz>,Elizabeth Grosz,0.4696895963276618,0,6,6,0,0,0,0,0,0,0,0,0,[],false,false,false
<http://dbpedia.org/resource/L._Harold_DeWolf>,L. Harold DeWolf,0.4696272730560695,0,2,2,0,0,0,0,0,0,0,0,0,[],false,false,false
<http://dbpedia.org/resource/Willard_Van_Orman_Quine>,Willard Van Orman Quine,0.4694548007701044,25,8,33,0,0,0,0,0,0,0,0,0,[],false,false,false
<http://dbpedia.org/resource/Emilie_Snethlage>,Emilie Snethlage,0.4692532176659136,0,3,3,1,1,0,0,0,0,0,0,0,[],false,false,false
<http://dbpedia.org/resource/Qing_dynasty>,Qing dynasty,0.4687500000000001,0,0,0,0,0,0,10,0,0,0,0,1,[],false,false,false
<http://dbpedia.org/resource/Grand_River_Academy>,Grand River Academy,0.46875000000000006,0,0,0,0,0,0,1,0,0,3,0,0,[],false,false,false
<http://dbpedia.org/resource/Nikolai_Korotkov>,Nikolai Korotkov,0.46875000000000006,0,0,0,1,1,0,0,0,0,0,0,0,[],false,false,false
<http://dbpedia.org/resource/Bosniaks_in_Kosovo>,Bosniaks in Kosovo,0.46875000000000006,0,0,0,0,0,0,1,0,0,0,0,3,[],false,false,false
"<http://dbpedia.org/resource/St._Joseph's_Institution,_Singapore>","St. Joseph's Institution, Singapore",0.46875000000000006,0,0,0,0,0,0,2,0,0,3,0,0,[],false,false,false
<http://dbpedia.org/resource/Japetus_Steenstrup>,Japetus Steenstrup,0.46875000000000006,0,3,3,1,0,0,0,0,0,0,0,0,[],false,false,false
<http://dbpedia.org/resource/Mon_people>,Mon people,0.46875000000000006,0,0,0,0,0,0,1,0,0,0,0,3,[],false,false,false
<http://dbpedia.org/resource/Uruguay>,Uruguay,0.46875000000000006,0,0,0,0,0,0,4,0,0,0,0,1,[],false,false,false
<http://dbpedia.org/resource/Libuše_Dušková>,Libuše Dušková,0.46875000000000006,0,3,3,1,0,0,0,0,0,0,0,0,[],false,false,false
<http://dbpedia.org/resource/Colombia>,Colombia,0.46875000000000006,0,0,0,0,0,0,4,0,0,0,0,0,[],false,false,false
<http://dbpedia.org/resource/Michelangelo>,Michelangelo,0.46875000000000006,2,0,2,0,0,5,0,0,0,0,0,0,"[Architecture, Painting, Sculpture, Poetry]",false,false,false
<http://dbpedia.org/resource/Wright_brothers>,Wright brothers,0.46875000000000006,0,0,0,0,3,0,0,0,0,0,0,0,[],false,false,false
<http://dbpedia.org/resource/Indigenous_Australians>,Indigenous Australians,0.46875000000000006,0,0,0,0,0,0,3,0,0,0,0,0,[],false,false,false
<http://dbpedia.org/resource/Eric_R._Bittner>,Eric R. Bittner,0.46875000000000006,0,0,0,2,1,0,0,0,0,0,0,0,[],false,false,false
<http://dbpedia.org/resource/Hilton_College_(South_Africa)>,Hilton College (South Africa),0.46875000000000006,0,0,0,0,0,0,1,0,0,3,0,0,[],false,false,false
<http://dbpedia.org/resource/Albanians_in_Serbia>,Albanians in Serbia,0.46875000000000006,0,0,0,0,0,0,2,0,0,0,0,3,[],false,false,false
<http://dbpedia.org/resource/JoAnne_Flynn>,JoAnne Flynn,0.46875000000000006,0,2,2,2,0,0,0,0,0,0,0,0,[],false,false,false
<http://dbpedia.org/resource/Māori_people>,Māori people,0.46875000000000006,0,0,0,0,0,0,4,0,0,0,0,0,[],false,false,false
<http://dbpedia.org/resource/Leonard_L._Northrup_Jr.>,Leonard L. Northrup Jr.,0.46875000000000006,0,3,3,3,0,0,0,0,0,0,0,0,[],false,false,false
<http://dbpedia.org/resource/Adolpho_Ducke>,Adolpho Ducke,0.46875000000000006,1,2,3,0,0,0,0,0,0,0,0,0,[],false,false,false
<http://dbpedia.org/resource/Ofori_Panin_Senior_High_School>,Ofori Panin Senior High School,0.46875000000000006,0,0,0,0,0,0,1,0,0,3,0,0,[],false,false,false
<http://dbpedia.org/resource/Prem_Saran_Satsangi>,Prem Saran Satsangi,0.46875000000000006,0,3,3,4,1,0,0,0,0,0,0,0,[],false,false,false
<http://dbpedia.org/resource/Italian_diaspora>,Italian diaspora,0.46875000000000006,0,0,0,0,0,0,1,0,0,0,0,3,[],false,false,false
<http://dbpedia.org/resource/Aromanians>,Aromanians,0.46875000000000006,0,0,0,0,0,0,1,0,0,0,0,3,[],false,false,false
<http://dbpedia.org/resource/King's_College_School>,King's College School,0.46875000000000006,0,0,0,0,0,0,1,0,0,4,0,0,[],false,false,false
<http://dbpedia.org/resource/Antonina_Roll-Mecak>,Antonina Roll-Mecak,0.46875000000000006,0,1,1,2,0,0,0,0,0,0,0,0,[],false,false,false
"<http://dbpedia.org/resource/S._Thomas'_College,_Gurutalawa>","S. Thomas' College, Gurutalawa",0.46875000000000006,0,0,0,0,0,0,1,0,0,3,0,0,[],false,false,false
<http://dbpedia.org/resource/Abd_al-Hussein_al-Hilli>,Abd al-Hussein al-Hilli,0.46875000000000006,1,3,4,0,0,0,0,0,0,0,0,0,[],false,false,false
<http://dbpedia.org/resource/Byzantine_Empire>,Byzantine Empire,0.46875000000000006,1,0,1,0,0,0,6,0,0,0,0,0,[],false,false,false
<http://dbpedia.org/resource/Karl_Wilhelm_Gottlob_Kastner>,Karl Wilhelm Gottlob Kastner,0.46867441146990263,0,0,0,1,1,0,0,0,0,0,0,0,[],false,false,false
<http://dbpedia.org/resource/Roman_Ingarden>,Roman Ingarden,0.46848975337429677,8,6,14,0,0,0,0,0,0,0,0,0,[],false,false,false
<http://dbpedia.org/resource/Frank_Cameron_Jackson>,Frank Cameron Jackson,0.4684733622076611,2,1,3,0,0,0,0,0,0,0,0,0,[],false,false,false
<http://dbpedia.org/resource/Shiraz_Minwalla>,Shiraz Minwalla,0.46844305555555565,0,1,1,2,0,0,0,0,0,0,0,0,[],false,false,false
<http://dbpedia.org/resource/Jur_P._van_den_Berg>,Jur P. van den Berg,0.4681938197160598,0,4,4,2,0,0,0,0,0,0,0,0,[],false,false,false
<http://dbpedia.org/resource/Caja_project>,Caja project,0.4681267196241183,0,1,1,0,0,0,0,0,0,0,0,0,[],false,false,false
<http://dbpedia.org/resource/John_Rainwater>,John Rainwater,0.46792104943485335,1,3,4,0,2,0,0,0,0,0,0,0,[],false,false,false
<http://dbpedia.org/resource/Johannes_Baptista_Montanus>,Johannes Baptista Montanus,0.46779027627753816,1,1,2,0,1,0,0,0,0,0,0,0,[],false,false,false
<http://dbpedia.org/resource/Robert_Brandom>,Robert Brandom,0.4674435069662717,6,12,18,0,0,0,0,0,0,0,0,0,[],false,false,false
<http://dbpedia.org/resource/Andrés_Manuel_del_Río>,Andrés Manuel del Río,0.4670707627232143,0,4,4,1,1,0,0,0,0,0,0,0,[],false,false,false
<http://dbpedia.org/resource/Marcel_Gauchet>,Marcel Gauchet,0.46692792878320777,1,7,8,0,0,0,0,0,0,0,0,0,[],false,false,false
<http://dbpedia.org/resource/Jane_Bennett_(political_theorist)>,Jane Bennett (political theorist),0.4667449231140033,0,8,8,0,0,0,0,0,0,0,0,0,[],false,false,false
<http://dbpedia.org/resource/ECL_(data-centric_programming_language)>,ECL (data-centric programming language),0.46654411627927456,0,6,6,0,0,0,0,0,0,0,0,0,[],false,false,false
<http://dbpedia.org/resource/Adam_Weishaupt>,Adam Weishaupt,0.4657300993802502,2,4,6,0,0,0,0,0,0,0,0,0,[],false,false,false
<http://dbpedia.org/resource/Emil_Kraepelin>,Emil Kraepelin,0.4650977677129332,4,4,8,3,2,0,0,0,0,0,0,0,[],false,false,false
<http://dbpedia.org/resource/Diego_Bubbio>,Diego Bubbio,0.4648107260507164,0,4,4,0,0,0,0,0,0,0,0,0,[],false,false,false
<http://dbpedia.org/resource/P._D._Ouspensky>,P. D. Ouspensky,0.4643671875,1,1,2,0,0,0,0,0,0,0,0,0,[],false,false,false
<http://dbpedia.org/resource/Iravatham_Mahadevan>,Iravatham Mahadevan,0.46396875000000004,0,3,3,0,0,0,0,0,0,0,0,0,[],false,false,false
<http://dbpedia.org/resource/T._V._Mahalingam>,T. V. Mahalingam,0.46396875000000004,0,3,3,0,0,0,0,0,0,0,0,0,[],false,false,false
<http://dbpedia.org/resource/Occupy_movement>,Occupy movement,0.4638769906159899,0,1,1,0,0,0,0,0,0,0,0,0,[],false,false,false
<http://dbpedia.org/resource/ECMAScript>,ECMAScript,0.4637319628778699,1,10,11,0,0,0,0,0,0,0,0,0,[],false,false,false
<http://dbpedia.org/resource/Geometric_measure_theory>,Geometric measure theory,0.46355080353735195,0,1,1,0,0,0,0,0,0,0,0,0,[],false,false,false
<http://dbpedia.org/resource/Xtend>,Xtend,0.463517265565051,0,5,5,0,0,0,0,0,0,0,0,0,[],false,false,false
<http://dbpedia.org/resource/Radicales_K>,Radicales K,0.4634528974158678,0,0,0,0,0,0,0,4,0,0,0,3,[],false,false,false
<http://dbpedia.org/resource/Melvin_Seeman>,Melvin Seeman,0.46343919248637705,0,4,4,2,0,0,0,0,0,0,0,0,[],false,false,false
<http://dbpedia.org/resource/Pythagoras>,Pythagoras,0.46304968750000003,14,5,19,0,0,0,0,0,0,0,0,0,[],false,false,false
<http://dbpedia.org/resource/Othmar_Spann>,Othmar Spann,0.4621706556029575,5,1,6,0,0,0,0,0,0,0,0,0,[],false,false,false
<http://dbpedia.org/resource/Ursula_Franklin>,Ursula Franklin,0.4620438520335682,0,5,5,2,4,0,0,0,0,0,0,0,[],false,false,false
<http://dbpedia.org/resource/Thomas_Edison>,Thomas Edison,0.46192746629813614,1,1,2,0,20,0,0,0,0,0,0,0,[],false,false,false
<http://dbpedia.org/resource/Peter_Sarnak>,Peter Sarnak,0.4615754139243938,0,3,3,2,1,0,0,0,0,0,0,0,[],false,false,false
<http://dbpedia.org/resource/Gerolamo_Cardano>,Gerolamo Cardano,0.4610964532936232,9,3,12,1,2,0,0,0,0,0,0,0,[],false,false,false
<http://dbpedia.org/resource/Jakob_Böhme>,Jakob Böhme,0.4609968259211549,9,3,12,0,0,0,0,0,0,0,0,0,[],false,false,false
<http://dbpedia.org/resource/ZPE_Programming_Environment>,ZPE Programming Environment,0.4609855099060174,0,7,7,0,0,0,0,0,0,0,0,0,[],false,false,false
<http://dbpedia.org/resource/Johannes_Trithemius>,Johannes Trithemius,0.4605201385516549,1,4,5,1,1,0,0,0,0,0,0,0,[],false,false,false
<http://dbpedia.org/resource/John_Bonvillian>,John Bonvillian,0.46016618199112386,0,4,4,0,0,0,0,0,0,0,0,0,[],false,false,false
<http://dbpedia.org/resource/Bertram_Schefold>,Bertram Schefold,0.4600912226319824,0,2,2,4,0,0,0,0,0,0,0,0,[],false,false,false
<http://dbpedia.org/resource/Epicurus>,Epicurus,0.460049075082018,25,7,32,0,0,0,0,0,0,0,0,0,[],false,false,false
<http://dbpedia.org/resource/Norris_Bradbury>,Norris Bradbury,0.46000972269403206,0,0,0,2,1,0,0,0,0,0,0,0,[],false,false,false
<http://dbpedia.org/resource/Marvin_Zuckerman__Marvin_Zuckerman__1>,Marvin Zuckerman  Marvin Zuckerman  1,0.4595487260328202,0,4,4,1,3,0,0,0,0,0,0,0,[],false,false,false
<http://dbpedia.org/resource/Al-Khazini>,Al-Khazini,0.45928087906385995,4,3,7,0,0,0,0,0,0,0,0,0,[],false,false,false
<http://dbpedia.org/resource/Anatol_Zhabotinsky>,Anatol Zhabotinsky,0.4591875,0,1,1,0,1,0,0,0,0,0,0,0,[],false,false,false
<http://dbpedia.org/resource/Anis_Ahmad>,Anis Ahmad,0.4591875,1,2,3,2,0,0,0,0,0,0,0,0,"[Comparative religion, Fiqh, Modern Islamic Movements]",false,false,false
<http://dbpedia.org/resource/Johann_Friedrich_Pfaff>,Johann Friedrich Pfaff,0.45906740755613956,0,0,0,1,5,0,0,0,0,0,0,0,[],false,false,false
<http://dbpedia.org/resource/Theophilos_Kairis>,Theophilos Kairis,0.4587344580225097,1,5,6,0,0,0,0,0,0,0,0,0,[],false,false,false
<http://dbpedia.org/resource/PostScript>,PostScript,0.45870676130527943,2,4,6,0,0,0,0,0,0,0,0,0,[],false,false,false
<http://dbpedia.org/resource/George_Vernadsky>,George Vernadsky,0.4586406782823248,0,1,1,3,0,0,0,0,0,0,0,0,[],false,false,false
<http://dbpedia.org/resource/Mircea_Eliade>,Mircea Eliade,0.4585809703371323,2,2,4,0,0,0,0,0,0,0,0,0,[],false,false,false
<http://dbpedia.org/resource/Norbert_Bolz>,Norbert Bolz,0.4585013151015769,0,5,5,0,0,0,0,0,0,0,0,0,[],false,false,false
<http://dbpedia.org/resource/Mao_Zedong>,Mao Zedong,0.45831896222924523,5,1,6,1,0,0,0,0,0,0,0,0,[],false,false,false
"<http://dbpedia.org/resource/Notre_Dame_College,_Dhaka>","Notre Dame College, Dhaka",0.45812500000000006,0,0,0,0,0,0,1,0,0,6,0,0,[],false,false,false
<http://dbpedia.org/resource/Mikhail_Bakhtin>,Mikhail Bakhtin,0.4575194983344886,6,10,16,0,0,0,0,0,0,0,0,0,[],false,false,false
<http://dbpedia.org/resource/John_A._Eddy>,John A. Eddy,0.4569536548086145,0,4,4,2,0,0,0,0,0,0,0,0,[],false,false,false
<http://dbpedia.org/resource/Lynn_Conway>,Lynn Conway,0.456757259779127,0,8,8,1,2,0,0,0,0,0,0,0,[],false,false,false
<http://dbpedia.org/resource/French_Revolution>,French Revolution,0.4565613301488294,0,1,1,0,0,0,0,0,0,0,0,0,[],false,false,false
<http://dbpedia.org/resource/Peter_Struve>,Peter Struve,0.45652628656167044,4,9,13,0,0,0,0,0,0,0,0,0,[],false,false,false
<http://dbpedia.org/resource/Cesare_Lombroso>,Cesare Lombroso,0.4563105305638594,3,7,10,0,1,0,0,0,0,0,0,0,[],false,false,false
<http://dbpedia.org/resource/Pervez_Hoodbhoy>,Pervez Hoodbhoy,0.4561069352016119,0,5,5,6,5,0,0,0,0,0,0,0,[],false,false,false
<http://dbpedia.org/resource/Wim_Crusio>,Wim Crusio,0.45600000000000007,0,2,2,1,2,0,0,0,0,0,0,0,[],false,false,false
<http://dbpedia.org/resource/Quran>,Quran,0.45600000000000007,1,0,1,0,0,0,0,0,0,0,0,0,[],false,false,false
"<http://dbpedia.org/resource/Anthony_Ashley-Cooper,_3rd_Earl_of_Shaftesbury>","Anthony Ashley-Cooper, 3rd Earl of Shaftesbury",0.455946763183333,2,3,5,0,0,0,0,0,0,0,0,0,[],false,false,false
<http://dbpedia.org/resource/Titus_Burckhardt>,Titus Burckhardt,0.455864622948329,2,4,6,0,0,0,0,0,0,0,0,0,[],false,false,false
<http://dbpedia.org/resource/Several_complex_variables>,Several complex variables,0.45576686084926654,0,3,3,0,0,0,0,0,0,0,0,0,[],false,false,false
<http://dbpedia.org/resource/George_Yancy>,George Yancy,0.45505311971541534,0,1,1,0,0,0,0,0,0,0,0,0,[],false,false,false
<http://dbpedia.org/resource/Alexander_R._Galloway>,Alexander R. Galloway,0.4544496428967546,0,5,5,0,0,0,0,0,0,0,0,0,[],false,false,false
<http://dbpedia.org/resource/Jurisprudence>,Jurisprudence,0.4542834461446207,0,1,1,0,0,0,0,0,1,0,0,0,[],false,false,false
<http://dbpedia.org/resource/David_O._Brink>,David O. Brink,0.4542155927046328,0,3,3,0,0,0,0,0,0,0,0,0,[],false,false,false
<http://dbpedia.org/resource/Erwin_Madelung>,Erwin Madelung,0.45417465509147015,0,0,0,1,3,0,0,0,0,0,0,0,[],false,false,false
<http://dbpedia.org/resource/Greek_War_of_Independence>,Greek War of Independence,0.45351669224472546,0,2,2,0,0,0,0,0,0,0,0,0,[],false,false,false
<http://dbpedia.org/resource/Middle_East>,Middle East,0.45348594763769584,0,1,1,0,0,0,0,0,1,0,0,0,[],false,false,false
<http://dbpedia.org/resource/Diana_Baumrind>,Diana Baumrind,0.4534168275756955,0,4,4,2,1,0,0,0,0,0,0,0,[],false,false,false
<http://dbpedia.org/resource/William_of_Champeaux>,William of Champeaux,0.45340668076442453,2,3,5,0,0,0,0,0,0,0,0,0,[],false,false,false
<http://dbpedia.org/resource/William_Wollaston>,William Wollaston,0.45307526211840826,3,6,9,0,0,0,0,0,0,0,0,0,[],false,false,false
<http://dbpedia.org/resource/Epictetus>,Epictetus,0.45283909203535844,4,2,6,0,0,0,0,0,0,0,0,0,[],false,false,false
<http://dbpedia.org/resource/Peter_Blau>,Peter Blau,0.45283588828349275,1,5,6,0,0,0,0,0,0,0,0,0,[],false,false,false
<http://dbpedia.org/resource/Richard_McKeon>,Richard McKeon,0.45282129609240984,6,6,12,0,0,0,0,0,0,0,0,0,[],false,false,false
<http://dbpedia.org/resource/Fang_Kaitai>,Fang Kaitai,0.45278866864466655,0,2,2,1,2,0,0,0,0,0,0,0,[],false,false,false
<http://dbpedia.org/resource/Ragnar_Fjørtoft>,Ragnar Fjørtoft,0.4527358476560312,3,4,7,0,0,0,0,0,0,0,0,0,[],false,false,false
<http://dbpedia.org/resource/Claude_Lévi-Strauss>,Claude Lévi-Strauss,0.4523711524855058,21,9,30,0,0,0,0,0,0,0,0,0,[],false,false,false
<http://dbpedia.org/resource/Michael_R._Gold>,Michael R. Gold,0.45236684027777785,0,0,0,3,1,0,0,0,0,0,0,0,[],false,false,false
<http://dbpedia.org/resource/Pascal_(programming_language)>,Pascal (programming language),0.45216613525212934,45,4,49,0,0,0,0,0,0,0,0,0,[],false,false,false
<http://dbpedia.org/resource/Antonio_Negri>,Antonio Negri,0.45193546827813547,3,7,10,0,0,0,0,0,0,0,0,0,[],false,false,false
<http://dbpedia.org/resource/Neuro-linguistic_programming>,Neuro-linguistic programming,0.45184834148888964,0,1,1,0,0,0,0,0,0,0,0,0,[],false,false,false
<http://dbpedia.org/resource/Wilhelm_Eduard_Weber>,Wilhelm Eduard Weber,0.45172162421660766,0,0,0,2,4,0,0,0,0,0,0,0,[],false,false,false
<http://dbpedia.org/resource/Neil_Cohn>,Neil Cohn,0.4517105301967474,0,0,0,3,2,0,0,0,0,0,0,0,[],false,false,false
<http://dbpedia.org/resource/Budhy_Munawar_Rachman>,Budhy Munawar Rachman,0.45156180777565325,0,2,2,0,0,0,0,0,0,0,0,0,[],false,false,false
<http://dbpedia.org/resource/Jorge_Ferrer>,Jorge Ferrer,0.4512092725499377,0,1,1,0,0,0,0,0,0,0,0,0,[],false,false,false
<http://dbpedia.org/resource/ELI_(programming_language)>,ELI (programming language),0.4510572184624744,0,2,2,0,0,0,0,0,0,0,0,0,[],false,false,false
<http://dbpedia.org/resource/Georges_Chapouthier>,Georges Chapouthier,0.45078763814011086,0,2,2,2,0,0,0,0,0,0,0,0,[],false,false,false
<http://dbpedia.org/resource/Peter_Landrock>,Peter Landrock,0.4503981741066682,0,0,0,2,1,0,0,0,0,0,0,0,[],false,false,false
<http://dbpedia.org/resource/Louis_Agassiz>,Louis Agassiz,0.4499107030844841,9,1,10,0,2,0,0,0,0,0,0,0,[],false,false,false
<http://dbpedia.org/resource/Wynne_Godley>,Wynne Godley,0.4498046459035554,6,4,10,0,0,0,0,0,0,0,0,0,[Monetary economics],false,false,false
<http://dbpedia.org/resource/E._J._Bowen>,E. J. Bowen,0.44969102062807215,0,0,0,1,1,0,0,0,0,0,0,0,[],false,false,false
<http://dbpedia.org/resource/Muhammadiyah>,Muhammadiyah,0.44962500000000005,0,1,1,0,0,0,0,0,0,0,0,0,[],false,false,false
<http://dbpedia.org/resource/Al-Biruni>,Al-Biruni,0.44962500000000005,1,2,3,0,0,0,1,0,0,0,0,0,[],false,false,false
"<http://dbpedia.org/resource/Elizabeth_College,_Guernsey>","Elizabeth College, Guernsey",0.44962500000000005,0,0,0,0,0,0,1,0,0,2,0,0,[],false,false,false
<http://dbpedia.org/resource/Józef_Maria_Hoene-Wroński>,Józef Maria Hoene-Wroński,0.44947062240518765,3,4,7,0,0,0,0,0,0,0,0,0,[],false,false,false
<http://dbpedia.org/resource/Marc_Stevens_(cryptology)>,Marc Stevens (cryptology),0.4493738798810232,0,0,0,2,1,0,0,0,0,0,0,0,[],false,false,false
<http://dbpedia.org/resource/Neo-Concrete_Movement>,Neo-Concrete Movement,0.4490798157952994,0,1,1,0,0,0,0,0,0,0,0,0,[],false,false,false
<http://dbpedia.org/resource/Jean_Charles_Léonard_de_Sismondi>,Jean Charles Léonard de Sismondi,0.44883050340571734,4,5,9,0,0,0,0,0,0,0,0,0,[Political economy],false,false,false
<http://dbpedia.org/resource/Mustafa_Emirbayer>,Mustafa Emirbayer,0.44863500587998645,0,1,1,2,2,0,0,0,0,0,0,0,[],false,false,false
<http://dbpedia.org/resource/María_Zambrano>,María Zambrano,0.44837677589148633,0,7,7,0,0,0,0,0,0,0,0,0,[],false,false,false
<http://dbpedia.org/resource/Theodore_Drange>,Theodore Drange,0.44811887393027977,0,2,2,0,0,0,0,0,0,0,0,0,[],false,false,false
<http://dbpedia.org/resource/Dante_Alighieri>,Dante Alighieri,0.4480317312158363,4,2,6,0,0,1,0,0,0,0,0,0,[],false,false,false
<http://dbpedia.org/resource/J._M._R._Parrondo>,J. M. R. Parrondo,0.4480268674719631,1,1,2,1,3,0,0,0,0,0,0,0,[],false,false,false
<http://dbpedia.org/resource/Gustav_Bergmann>,Gustav Bergmann,0.44793092665522827,4,4,8,0,0,0,0,0,0,0,0,0,[],false,false,false
<http://dbpedia.org/resource/Ian_Hacking>,Ian Hacking,0.44751850374095553,2,8,10,0,0,0,0,0,0,0,0,0,[],false,false,false
<http://dbpedia.org/resource/Casper_Hoogenraad>,Casper Hoogenraad,0.44750000000000006,0,0,0,0,1,0,0,0,0,0,0,0,[],false,false,false
<http://dbpedia.org/resource/Primavera_De_Filippi>,Primavera De Filippi,0.44750000000000006,0,3,3,3,0,0,0,0,0,0,0,0,[],false,false,false
<http://dbpedia.org/resource/Andrew_Pickles>,Andrew Pickles,0.44750000000000006,0,3,3,0,0,0,0,0,0,0,0,0,[],false,false,false
<http://dbpedia.org/resource/Tigrayans>,Tigrayans,0.44750000000000006,0,0,0,0,0,0,2,0,0,0,0,3,[],false,false,false
<http://dbpedia.org/resource/Mercersburg_Academy>,Mercersburg Academy,0.44750000000000006,0,0,0,0,0,0,1,0,0,4,0,0,[],false,false,false
<http://dbpedia.org/resource/Sherborne_School>,Sherborne School,0.44750000000000006,0,0,0,0,0,0,1,0,0,4,0,0,[],false,false,false
<http://dbpedia.org/resource/W._Lloyd_Warner>,W. Lloyd Warner,0.44750000000000006,2,3,5,0,0,0,0,0,0,0,0,0,[],false,false,false
<http://dbpedia.org/resource/Ali>,Ali,0.44750000000000006,1,0,1,0,0,0,0,0,0,0,0,0,[],false,false,false
"<http://dbpedia.org/resource/Brentwood_School,_Essex>","Brentwood School, Essex",0.44750000000000006,0,0,0,0,0,0,1,0,0,3,0,0,[],false,false,false
<http://dbpedia.org/resource/Joan_Beauchamp_Procter>,Joan Beauchamp Procter,0.44750000000000006,0,2,2,0,1,0,0,0,0,0,0,0,[],false,false,false
<http://dbpedia.org/resource/Morocco>,Morocco,0.44750000000000006,0,0,0,0,0,0,8,0,0,0,0,1,[],false,false,false
<http://dbpedia.org/resource/Clongowes_Wood_College>,Clongowes Wood College,0.44750000000000006,0,0,0,0,0,0,2,0,0,4,0,0,[],false,false,false
<http://dbpedia.org/resource/Presbyterian_Boys'_Senior_High_School>,Presbyterian Boys' Senior High School,0.44750000000000006,0,0,0,0,0,0,1,0,0,3,0,0,[],false,false,false
<http://dbpedia.org/resource/E_(programming_language)>,E (programming language),0.44726795197269015,3,1,4,0,0,0,0,0,0,0,0,0,[],false,false,false
<http://dbpedia.org/resource/Dominic_of_Flanders>,Dominic of Flanders,0.4472116016012535,0,5,5,0,0,0,0,0,0,0,0,0,[],false,false,false
<http://dbpedia.org/resource/David_D._Keck>,David D. Keck,0.446328655519334,1,1,2,0,0,0,0,0,0,0,0,0,[],false,false,false
<http://dbpedia.org/resource/Peg_Birmingham>,Peg Birmingham,0.44601615636251074,0,6,6,0,0,0,0,0,0,0,0,0,[],false,false,false
<http://dbpedia.org/resource/Catherine_J._Murphy>,Catherine J. Murphy,0.4455028928263714,0,0,0,0,1,0,0,0,0,0,0,0,[],false,false,false
<http://dbpedia.org/resource/Johann_Schweigger>,Johann Schweigger,0.4454519445131099,0,0,0,1,1,0,0,0,0,0,0,0,[],false,false,false
<http://dbpedia.org/resource/Barry_Smith_(ontologist)>,Barry Smith (ontologist),0.4451250150714563,0,5,5,0,4,0,0,0,0,0,0,0,[],false,false,false
<http://dbpedia.org/resource/Urbiscript>,Urbiscript,0.44481551261868096,0,3,3,0,0,0,0,0,0,0,0,0,[],false,false,false
<http://dbpedia.org/resource/Étienne_Geoffroy_Saint-Hilaire>,Étienne Geoffroy Saint-Hilaire,0.4447500936282602,3,5,8,0,0,0,0,0,0,0,0,0,[],false,false,false
<http://dbpedia.org/resource/Zena_Werb>,Zena Werb,0.44462084635416665,0,1,1,0,1,0,0,0,0,0,0,0,[],false,false,false
<http://dbpedia.org/resource/Kathryn_Norlock>,Kathryn Norlock,0.4445673878856474,0,1,1,0,0,0,0,0,0,0,0,0,[],false,false,false
<http://dbpedia.org/resource/New_Left>,New Left,0.44438102681172603,0,2,2,0,0,0,0,0,0,0,0,6,[],false,false,false
<http://dbpedia.org/resource/Josef_von_Fodor>,Josef von Fodor,0.4443275266237579,0,0,0,1,2,0,0,0,0,0,0,0,[],false,false,false
<http://dbpedia.org/resource/Raymond_Clare_Archibald>,Raymond Clare Archibald,0.44431250000000005,0,2,2,1,0,0,0,0,0,0,0,0,[],false,false,false
<http://dbpedia.org/resource/Jane_Stephens>,Jane Stephens,0.44427132713701817,0,4,4,1,0,0,0,0,0,0,0,0,[],false,false,false
<http://dbpedia.org/resource/Louis_XIV>,Louis XIV,0.444188269819565,0,1,1,0,0,0,0,0,0,0,0,0,[],false,false,false
<http://dbpedia.org/resource/Carol_W._Greider>,Carol W. Greider,0.44416918027268604,0,0,0,0,1,0,0,0,0,0,0,0,[],false,false,false
<http://dbpedia.org/resource/Kevin_M._Murphy>,Kevin M. Murphy,0.4440983575971279,1,4,5,2,0,0,0,0,0,0,0,0,[Social economics],false,false,false
<http://dbpedia.org/resource/Grotius>,Grotius,0.44339569973358534,4,2,6,0,0,0,0,0,0,0,0,0,[],false,false,false
<http://dbpedia.org/resource/David_M._Potts_(academic)>,David M. Potts (academic),0.443309765625,0,2,2,2,0,0,0,0,0,0,0,0,[],false,false,false
<http://dbpedia.org/resource/Ralph_W._Gerard>,Ralph W. Gerard,0.4432488682295926,0,4,4,1,3,0,0,0,0,0,0,0,[],false,false,false
<http://dbpedia.org/resource/Rachel_Croson>,Rachel Croson,0.44321274995284093,0,4,4,2,0,0,0,0,0,0,0,0,[],false,false,false
<http://dbpedia.org/resource/Harold_McGee>,Harold McGee,0.44306480827426814,6,1,7,2,1,0,0,0,0,0,0,0,[],false,false,false
<http://dbpedia.org/resource/Peter_Forsskål>,Peter Forsskål,0.4428354707031251,0,3,3,0,0,0,0,0,0,0,0,0,[],false,false,false
<http://dbpedia.org/resource/C*>,C*,0.44270322690572356,1,2,3,0,0,0,0,0,0,0,0,0,[],false,false,false
<http://dbpedia.org/resource/Alphonso_Lingis>,Alphonso Lingis,0.44214516586744174,2,8,10,0,0,0,0,0,0,0,0,0,[],false,false,false
<http://dbpedia.org/resource/Friedrich_Engels>,Friedrich Engels,0.4420866626480186,21,8,29,0,0,0,0,0,0,0,0,0,[],false,false,false
<http://dbpedia.org/resource/Gabriele_Falloppio>,Gabriele Falloppio,0.4420209725950062,0,0,0,0,1,0,0,0,0,0,0,0,[],false,false,false
<http://dbpedia.org/resource/Dale_Pendell>,Dale Pendell,0.4418748094334829,0,1,1,0,0,0,0,0,0,0,0,0,[],false,false,false
<http://dbpedia.org/resource/Modula-2>,Modula-2,0.44152563641882253,11,4,15,0,0,0,0,0,0,0,0,0,[],false,false,false
<http://dbpedia.org/resource/Paul_Feyerabend>,Paul Feyerabend,0.4412469431114171,5,6,11,0,0,0,0,0,0,0,0,0,[],false,false,false
<http://dbpedia.org/resource/Charles_Tanford>,Charles Tanford,0.4410693195221452,0,4,4,1,1,0,0,0,0,0,0,0,[],false,false,false
<http://dbpedia.org/resource/Alfonso_Valenzuela-Aguilera>,Alfonso Valenzuela-Aguilera,0.4409576286807304,0,3,3,4,1,0,0,0,0,0,0,0,[],false,false,false
<http://dbpedia.org/resource/Christian_Gostečnik>,Christian Gostečnik,0.44092303842101227,0,2,2,3,1,0,0,0,0,0,0,0,[],false,false,false
<http://dbpedia.org/resource/Hongkun_Park>,Hongkun Park,0.44051797689737404,0,0,0,3,1,0,0,0,0,0,0,0,[],false,false,false
<http://dbpedia.org/resource/Bar_Hebraeus>,Bar Hebraeus,0.4404745615351785,0,4,4,0,0,0,0,0,0,0,0,0,[],false,false,false
<http://dbpedia.org/resource/AmbientTalk>,AmbientTalk,0.4404536072240842,1,5,6,0,0,0,0,0,0,0,0,0,[],false,false,false
<http://dbpedia.org/resource/Ferdinand_Ulrich>,Ferdinand Ulrich,0.4404048298085863,0,9,9,0,0,0,0,0,0,0,0,0,[],false,false,false
<http://dbpedia.org/resource/Alan_White_(American_philosopher)__Alan_White__1>,Alan White (American philosopher)  Alan White  1,0.44036970954269694,0,1,1,0,0,0,0,0,0,0,0,0,[],false,false,false
<http://dbpedia.org/resource/Alan_White_(American_philosopher)>,Alan White (American philosopher),0.44036970954269694,0,1,1,0,0,0,0,0,0,0,0,0,[],false,false,false
<http://dbpedia.org/resource/Arthur_A._Cohen>,Arthur A. Cohen,0.4403473433960123,1,5,6,0,0,0,0,0,0,0,0,0,[],false,false,false
<http://dbpedia.org/resource/Al-ʻIjliyyah>,Al-ʻIjliyyah,0.4400625,0,1,1,0,0,0,0,0,0,0,0,0,[],false,false,false
<http://dbpedia.org/resource/Gamal_Abdul_Nasser>,Gamal Abdul Nasser,0.4400625,0,1,1,0,0,0,0,0,0,0,0,0,[],false,false,false
<http://dbpedia.org/resource/Frederick_Kenneth_McTaggart>,Frederick Kenneth McTaggart,0.4395174373204635,0,3,3,1,1,0,0,0,0,0,0,0,[],false,false,false
<http://dbpedia.org/resource/Jean-Robert_Chouet>,Jean-Robert Chouet,0.4393764494564337,0,2,2,1,0,0,0,0,0,0,0,0,[],false,false,false
<http://dbpedia.org/resource/R._Lanier_Anderson_(philosopher)>,R. Lanier Anderson (philosopher),0.4392330571851483,0,3,3,0,0,0,0,0,0,0,0,0,[],false,false,false
<http://dbpedia.org/resource/George_Doundoulakis>,George Doundoulakis,0.4390906649003072,2,3,5,1,1,0,0,0,0,0,0,0,[],false,false,false
<http://dbpedia.org/resource/Ernst_Haeckel>,Ernst Haeckel,0.439043010223043,7,6,13,3,1,0,0,0,0,0,0,0,[],false,false,false
<http://dbpedia.org/resource/Philippe-Joseph_Salazar>,Philippe-Joseph Salazar,0.43882728703751167,0,5,5,0,0,0,0,0,0,0,0,0,[],false,false,false
<http://dbpedia.org/resource/Zygmunt_Wilhelm_Birnbaum>,Zygmunt Wilhelm Birnbaum,0.43871671901455367,0,3,3,1,3,0,0,0,0,0,0,0,[],false,false,false
<http://dbpedia.org/resource/Anil_Kumar_Das>,Anil Kumar Das,0.43869642857142865,0,0,0,4,1,0,0,0,0,0,0,0,[],false,false,false
<http://dbpedia.org/resource/Leonard_Nelson__Leonard_Nelson__1>,Leonard Nelson  Leonard Nelson  1,0.4386428205401999,3,6,9,0,0,0,0,0,0,0,0,0,[],false,false,false
<http://dbpedia.org/resource/Enrique_Dussel>,Enrique Dussel,0.4386212861433702,1,6,7,0,0,0,0,0,0,0,0,0,[],false,false,false
<http://dbpedia.org/resource/Gottlob_Frege__Gottlob_Frege__1>,Gottlob Frege  Gottlob Frege  1,0.43851487595711874,9,8,17,0,0,0,0,0,0,0,0,0,[],false,false,false
<http://dbpedia.org/resource/Konstantinos_M._Mitsopoulos>,Konstantinos M. Mitsopoulos,0.4383593795270605,0,5,5,2,0,0,0,0,0,0,0,0,[],false,false,false
<http://dbpedia.org/resource/Josiah_Royce>,Josiah Royce,0.4383112657292376,18,5,23,0,0,0,0,0,0,0,0,0,[],false,false,false
<http://dbpedia.org/resource/Friedrich_Wilhelm_Joseph_Schelling>,Friedrich Wilhelm Joseph Schelling,0.4378893031431342,43,11,54,0,0,0,0,0,0,0,0,0,[],false,false,false
<http://dbpedia.org/resource/Alasdair_Cochrane>,Alasdair Cochrane,0.43753353033924197,0,5,5,0,0,0,0,0,0,0,0,0,[],false,false,false
<http://dbpedia.org/resource/Julian_Rotter>,Julian Rotter,0.4375199958038452,2,4,6,3,3,0,0,0,0,0,0,0,[],false,false,false
<http://dbpedia.org/resource/ToonTalk>,ToonTalk,0.43738824855054487,0,2,2,0,0,0,0,0,0,0,0,0,[],false,false,false
<http://dbpedia.org/resource/Anti-psychiatry>,Anti-psychiatry,0.43732837552064574,0,1,1,0,0,0,0,0,0,0,0,0,[],false,false,false
<http://dbpedia.org/resource/Philip_Melanchthon>,Philip Melanchthon,0.43694830274103563,1,1,2,0,0,0,0,0,0,0,0,0,[],false,false,false
"<http://dbpedia.org/resource/St._Patrick's_High_School,_Karachi>","St. Patrick's High School, Karachi",0.436875,0,0,0,0,0,0,1,0,0,3,0,0,[],false,false,false
<http://dbpedia.org/resource/Masolino_da_Panicale>,Masolino da Panicale,0.436875,0,3,3,0,0,1,0,0,0,0,0,0,"[Painting, Fresco]",false,false,false
<http://dbpedia.org/resource/Fabian_Society>,Fabian Society,0.436875,1,0,1,0,0,0,0,0,0,0,0,0,[],false,false,false
<http://dbpedia.org/resource/Leonardo_López_Luján>,Leonardo López Luján,0.436875,0,0,0,2,1,0,0,0,0,0,0,0,[],false,false,false
<http://dbpedia.org/resource/Teuku_Jacob>,Teuku Jacob,0.436875,0,2,2,1,1,0,0,0,0,0,0,0,[],false,false,false
<http://dbpedia.org/resource/Rivka_Bertisch_Meir>,Rivka Bertisch Meir,0.43670097320181234,0,3,3,2,1,0,0,0,0,0,0,0,[],false,false,false
<http://dbpedia.org/resource/Michael_Tye_(philosopher)>,Michael Tye (philosopher),0.43644329067736026,0,4,4,0,0,0,0,0,0,0,0,0,[],false,false,false
<http://dbpedia.org/resource/James_Mill>,James Mill,0.436258429008414,5,4,9,0,0,0,0,0,0,0,0,0,[],false,false,false
<http://dbpedia.org/resource/Anton_Dohrn>,Anton Dohrn,0.436098870308897,2,2,4,0,0,0,0,0,0,0,0,0,[],false,false,false
<http://dbpedia.org/resource/Richard_Cytowic>,Richard Cytowic,0.43604522460850986,0,2,2,3,1,0,0,0,0,0,0,0,[],false,false,false
<http://dbpedia.org/resource/XHarbour>,XHarbour,0.4359984375,0,1,1,0,0,0,0,0,0,0,0,0,[],false,false,false
<http://dbpedia.org/resource/Edward_Atkinson_(activist)>,Edward Atkinson (activist),0.43587901927192263,0,4,4,2,0,0,0,0,0,0,0,0,[],false,false,false
<http://dbpedia.org/resource/Dada_Maheshvarananda>,Dada Maheshvarananda,0.43579829050073515,0,4,4,0,0,0,0,0,0,0,0,0,[],false,false,false
<http://dbpedia.org/resource/Elliott_H._Lieb>,Elliott H. Lieb,0.4357769899071486,0,0,0,2,20,0,0,0,0,0,0,0,[],false,false,false
<http://dbpedia.org/resource/Nikolai_Ivanov_(mathematician)>,Nikolai Ivanov (mathematician),0.43548756640164793,0,1,1,1,1,0,0,0,0,0,0,0,[],false,false,false
<http://dbpedia.org/resource/Walter_Fricke>,Walter Fricke,0.4351442940468261,0,4,4,0,1,0,0,0,0,0,0,0,[],false,false,false
<http://dbpedia.org/resource/Michael_Butler_(computer_scientist)>,Michael Butler (computer scientist),0.43512187500000005,0,3,3,3,1,0,0,0,0,0,0,0,[],false,false,false
<http://dbpedia.org/resource/John_Calvin>,John Calvin,0.43511988910853405,5,4,9,0,0,0,0,0,0,0,0,0,[],false,false,false
<http://dbpedia.org/resource/Adam_Ferguson>,Adam Ferguson,0.43488981857614256,4,3,7,0,0,0,0,0,0,0,0,0,[],false,false,false
<http://dbpedia.org/resource/Jérôme_Lalande>,Jérôme Lalande,0.43471364703145593,0,1,1,0,0,0,0,0,0,0,0,0,[],false,false,false
<http://dbpedia.org/resource/Sambhu_Nath_De>,Sambhu Nath De,0.43469593005797186,0,0,0,4,4,0,0,0,0,0,0,0,[],false,false,false
<http://dbpedia.org/resource/Dorothea_Lange>,Dorothea Lange,0.43442582593891277,0,0,0,0,0,2,0,0,0,0,0,0,[],false,false,false
<http://dbpedia.org/resource/G._E._Moore>,G. E. Moore,0.4343975947797695,18,8,26,0,0,0,0,0,0,0,0,0,[],false,false,false
<http://dbpedia.org/resource/Joseph_Stalin>,Joseph Stalin,0.43428001398314203,0,2,2,0,0,0,0,0,0,0,0,0,[],false,false,false
<http://dbpedia.org/resource/Oliver_E._Williamson>,Oliver E. Williamson,0.43340144418922155,3,7,10,6,0,0,0,0,0,0,0,0,[Microeconomics],false,false,false
<http://dbpedia.org/resource/Nancy_Cartwright_(philosopher)>,Nancy Cartwright (philosopher),0.43332928138188787,0,2,2,0,0,0,0,0,0,0,0,0,[],false,false,false
<http://dbpedia.org/resource/Jarrett_Zigon>,Jarrett Zigon,0.433294611343736,0,7,7,0,0,0,0,0,0,0,0,0,[],false,false,false
<http://dbpedia.org/resource/Don_Clark_(psychologist)>,Don Clark (psychologist),0.4332046650470089,0,3,3,2,1,0,0,0,0,0,0,0,[],false,false,false
<http://dbpedia.org/resource/Thomas_Mann>,Thomas Mann,0.4331146973701764,3,3,6,0,0,5,0,0,0,0,0,0,[],false,false,false
<http://dbpedia.org/resource/Stephen_R._Barley>,Stephen R. Barley,0.4329535431009091,4,4,8,3,1,0,0,0,0,0,0,0,[],false,false,false
<http://dbpedia.org/resource/Michael_Peters_(education_academic)>,Michael Peters (education academic),0.43289274824572943,0,5,5,1,0,0,0,0,0,0,0,0,[],false,false,false
<http://dbpedia.org/resource/Ghislain_Deslandes>,Ghislain Deslandes,0.43287226005901086,0,6,6,0,0,0,0,0,0,0,0,0,[],false,false,false
<http://dbpedia.org/resource/Tadashi_Nagano>,Tadashi Nagano,0.4328685906065758,1,4,5,0,0,0,0,0,0,0,0,0,[],false,false,false
<http://dbpedia.org/resource/Arthur_Prior>,Arthur Prior,0.4328529533860744,7,5,12,0,0,0,0,0,0,0,0,0,[],false,false,false
<http://dbpedia.org/resource/Alexander_Animalu>,Alexander Animalu,0.43230785479678646,0,2,2,2,1,0,0,0,0,0,0,0,[],false,false,false
<http://dbpedia.org/resource/Thomas_Reardon>,Thomas Reardon,0.43228854166666675,0,0,0,0,3,0,0,0,0,0,0,0,[],false,false,false
<http://dbpedia.org/resource/GNU_Guile>,GNU Guile,0.4320133560576542,0,4,4,0,0,0,0,0,0,0,0,0,[],false,false,false
<http://dbpedia.org/resource/William_Healey_Dall>,William Healey Dall,0.43184861936556074,4,6,10,0,1,0,0,0,0,0,0,0,[],false,false,false
<http://dbpedia.org/resource/Li_Minqi>,Li Minqi,0.43183732726359153,0,5,5,2,2,0,0,0,0,0,0,0,[],false,false,false
<http://dbpedia.org/resource/William_Conklin_Cusick>,William Conklin Cusick,0.43158737241578216,0,3,3,0,0,0,0,0,0,0,0,0,[],false,false,false
<http://dbpedia.org/resource/Gideon_Rosen>,Gideon Rosen,0.4311302457922194,0,4,4,0,0,0,0,0,0,0,0,0,[],false,false,false
<http://dbpedia.org/resource/C._Wright_Mills>,C. Wright Mills,0.43094508484825894,4,5,9,0,0,0,0,0,0,0,0,0,[],false,false,false
<http://dbpedia.org/resource/Henry_Hazlitt>,Henry Hazlitt,0.43086358741524167,16,11,27,0,0,0,0,0,0,0,0,0,[Literary criticism],false,false,false
<http://dbpedia.org/resource/Paul_Watzlawick>,Paul Watzlawick,0.43085715946358577,2,3,5,0,0,0,0,0,0,0,0,0,[],false,false,false
<http://dbpedia.org/resource/Gabrielle_Charlotte_Lévy>,Gabrielle Charlotte Lévy,0.4307656250000001,0,0,0,0,2,0,0,0,0,0,0,0,[],false,false,false
<http://dbpedia.org/resource/Suisheng_Zhao>,Suisheng Zhao,0.43050000000000005,2,3,5,0,0,0,0,0,0,0,0,0,[],false,false,false
<http://dbpedia.org/resource/Fergus_I._M._Craik>,Fergus I. M. Craik,0.43050000000000005,4,4,8,2,1,0,0,0,0,0,0,0,[],false,false,false
<http://dbpedia.org/resource/Erich_Hintzsche>,Erich Hintzsche,0.43050000000000005,0,2,2,1,1,0,0,0,0,0,0,0,[],false,false,false
<http://dbpedia.org/resource/Lukáš_Plank>,Lukáš Plank,0.43050000000000005,0,3,3,1,1,0,0,0,0,0,0,0,[],false,false,false
<http://dbpedia.org/resource/Herman_Melville>,Herman Melville,0.42996458090787826,1,1,2,0,0,0,0,0,0,0,0,0,[],false,false,false
<http://dbpedia.org/resource/Paolo_Piccione>,Paolo Piccione,0.42963909048199866,0,1,1,2,0,0,0,0,0,0,0,0,[],false,false,false
<http://dbpedia.org/resource/Mario_Kopić>,Mario Kopić,0.42949306336020765,0,7,7,0,0,0,0,0,0,0,0,0,[],false,false,false
<http://dbpedia.org/resource/Jonathan_Shay>,Jonathan Shay,0.42949062500000007,0,3,3,1,2,0,0,0,0,0,0,0,[],false,false,false
<http://dbpedia.org/resource/Wolfgang_Ketterle>,Wolfgang Ketterle,0.4294673828125001,0,1,1,4,3,0,0,0,0,0,0,0,[],false,false,false
<http://dbpedia.org/resource/Gregory_Fernando_Pappas>,Gregory Fernando Pappas,0.4293312969536993,0,4,4,0,0,0,0,0,0,0,0,0,[],false,false,false
<http://dbpedia.org/resource/Ha-Joon_Chang>,Ha-Joon Chang,0.42904851777735764,0,9,9,2,0,0,0,0,0,0,0,0,[Development economics],false,false,false
<http://dbpedia.org/resource/Peter_Lombard>,Peter Lombard,0.42895865762611296,3,2,5,0,0,0,0,0,0,0,0,0,[],false,false,false
<http://dbpedia.org/resource/Jon_Michael_Dunn>,Jon Michael Dunn,0.42881677015004727,0,0,0,2,1,0,0,0,0,0,0,0,[],false,false,false
<http://dbpedia.org/resource/Fredric_Jameson>,Fredric Jameson,0.4287346718964912,3,5,8,0,0,0,0,0,0,0,0,0,[],false,false,false
<http://dbpedia.org/resource/Malcolm_Bolton>,Malcolm Bolton,0.42869375,0,1,1,1,1,0,0,0,0,0,0,0,[],false,false,false
<http://dbpedia.org/resource/ALGOL_W>,ALGOL W,0.4283666399052233,2,3,5,0,0,0,0,0,0,0,0,0,[],false,false,false
<http://dbpedia.org/resource/Peter_Leeson>,Peter Leeson,0.4280254737477859,0,7,7,2,0,0,0,0,0,0,0,0,[Economics],false,false,false
<http://dbpedia.org/resource/Alexander_Macfarlane>,Alexander Macfarlane,0.42797747949828424,2,4,6,1,0,0,0,0,0,0,0,0,[],false,false,false
<http://dbpedia.org/resource/Victor_Hugo>,Victor Hugo,0.42744398665424355,4,2,6,0,0,3,0,0,0,0,0,0,[],false,false,false
<http://dbpedia.org/resource/Michael_Keane_(economist)>,Michael Keane (economist),0.4274334333206244,0,3,3,2,0,0,0,0,0,0,0,0,[Econometrics],false,false,false
<http://dbpedia.org/resource/Geneviève_Thiroux_d'Arconville>,Geneviève Thiroux d'Arconville,0.42706205357142857,1,3,4,0,0,0,0,0,0,0,0,0,[],false,false,false
<http://dbpedia.org/resource/St._George_Littledale>,St. George Littledale,0.42704687500000005,0,2,2,0,1,0,0,0,0,0,0,0,[],false,false,false
<http://dbpedia.org/resource/Moriba_Jah>,Moriba Jah,0.426675,0,0,0,0,3,0,0,0,0,0,0,0,[],false,false,false
<http://dbpedia.org/resource/Croquet_Project>,Croquet Project,0.4265809955720641,0,2,2,0,0,0,0,0,0,0,0,0,[],false,false,false
<http://dbpedia.org/resource/Bernard_Kettlewell>,Bernard Kettlewell,0.4262929853166261,2,3,5,1,1,0,0,0,0,0,0,0,[],false,false,false
<http://dbpedia.org/resource/Ashk_Dahlén>,Ashk Dahlén,0.4262500000000001,0,3,3,2,0,0,0,0,0,0,0,0,[],false,false,false
<http://dbpedia.org/resource/Dragon_School>,Dragon School,0.42625,0,0,0,0,0,0,1,0,0,3,0,0,[],false,false,false
<http://dbpedia.org/resource/Lewis_E._Kay>,Lewis E. Kay,0.4260614685632223,0,3,3,0,0,0,0,0,0,0,0,0,[],false,false,false
<http://dbpedia.org/resource/Thomas_J._Sargent>,Thomas J. Sargent,0.4259675909525319,4,5,9,2,0,0,0,0,0,0,0,0,"[Macroeconomics, Monetary economics]",false,false,false
<http://dbpedia.org/resource/Robert_Higgs>,Robert Higgs,0.4259480682451573,0,6,6,0,0,0,0,0,0,0,0,0,"[Economic history, Political economy, Health economics]",false,false,false
<http://dbpedia.org/resource/John_Selden>,John Selden,0.42594334178425075,18,3,21,0,0,0,0,0,0,0,0,0,[],false,false,false
<http://dbpedia.org/resource/Jeanne_Bamberger>,Jeanne Bamberger,0.4259433172814699,1,3,4,3,0,0,0,0,0,0,0,0,[],false,false,false
<http://dbpedia.org/resource/Gottlob_Frege>,Gottlob Frege,0.4257236700041732,26,7,33,0,0,0,0,0,0,0,0,0,[],false,false,false
<http://dbpedia.org/resource/Hirofumi_Uzawa>,Hirofumi Uzawa,0.42568411171986265,6,4,10,2,0,0,0,0,0,0,0,0,[Mathematical economics],false,false,false
<http://dbpedia.org/resource/Graciela_Chichilnisky>,Graciela Chichilnisky,0.42563054619197194,1,3,4,1,3,0,0,0,0,0,0,0,[],false,false,false
<http://dbpedia.org/resource/Alexander_Piatigorsky>,Alexander Piatigorsky,0.42536584821428575,0,2,2,0,0,0,0,0,0,0,0,0,[],false,false,false
<http://dbpedia.org/resource/XSB>,XSB,0.42526813134636265,0,3,3,0,0,0,0,0,0,0,0,0,[],false,false,false
<http://dbpedia.org/resource/QBasic>,QBasic,0.42518750000000005,4,2,6,0,0,0,0,0,0,0,0,0,[],false,false,false
<http://dbpedia.org/resource/National_Democracy_(Poland)>,National Democracy (Poland),0.4251875,0,0,0,0,0,0,0,2,0,0,0,4,[],false,false,false
<http://dbpedia.org/resource/Augustyn_Wróblewski>,Augustyn Wróblewski,0.4251365707374436,0,1,1,0,0,0,0,0,0,0,0,0,[],false,false,false
<http://dbpedia.org/resource/Mikky_Lafey>,Mikky Lafey,0.42501886585791726,0,8,8,0,0,0,0,0,0,0,0,0,[],false,false,false
<http://dbpedia.org/resource/Le_Corbusier>,Le Corbusier,0.42487738537489433,0,2,2,0,0,0,0,0,0,0,0,0,[],false,false,false
<http://dbpedia.org/resource/Lucretius>,Lucretius,0.42483507494129125,24,7,31,0,0,0,0,0,0,0,0,0,[],false,false,false
<http://dbpedia.org/resource/Gilbert_Durand>,Gilbert Durand,0.42473101265805857,1,4,5,0,0,0,0,0,0,0,0,0,[],false,false,false
<http://dbpedia.org/resource/Martin_Kutta>,Martin Kutta,0.42465625000000007,0,0,0,2,4,0,0,0,0,0,0,0,[],false,false,false
<http://dbpedia.org/resource/Mohammad_Sami_(professor)>,Mohammad Sami (professor),0.4246532976304853,0,0,0,2,1,0,0,0,0,0,0,0,[],false,false,false
<http://dbpedia.org/resource/Heinrich_Scherk>,Heinrich Scherk,0.42441973945955547,0,0,0,1,2,0,0,0,0,0,0,0,[],false,false,false
<http://dbpedia.org/resource/Peter_Reinhard_Hansen>,Peter Reinhard Hansen,0.4243206434865382,0,4,4,2,0,0,0,0,0,0,0,0,[Econometrics],false,false,false
<http://dbpedia.org/resource/Eusebius>,Eusebius,0.42421812034604434,0,3,3,0,0,1,0,0,0,0,0,0,[],false,false,false
<http://dbpedia.org/resource/Albrecht_von_Haller>,Albrecht von Haller,0.42420733807528405,0,2,2,0,0,0,0,0,0,0,0,0,[],false,false,false
<http://dbpedia.org/resource/XSLT>,XSLT,0.4241524229140725,3,2,5,0,0,0,0,0,0,0,0,0,[],false,false,false
<http://dbpedia.org/resource/Said_Gafurov>,Said Gafurov,0.42401884652945837,0,4,4,1,0,0,0,0,0,0,0,0,"[Political economy, Islamic studies, Philosophy, Probability, Orientalism, International Economics, Securities research]",false,false,false
<http://dbpedia.org/resource/Werner_E._Reichardt>,Werner E. Reichardt,0.4239084049684301,0,1,1,0,0,0,0,0,0,0,0,0,[],false,false,false
<http://dbpedia.org/resource/Francisco_Antonio_Encina>,Francisco Antonio Encina,0.42390536229174247,3,6,9,0,0,0,0,0,0,0,0,0,[],false,false,false
<http://dbpedia.org/resource/Maimonides>,Maimonides,0.4238516059276533,22,8,30,0,0,0,0,0,0,0,0,0,[],false,false,false
<http://dbpedia.org/resource/John_Whiteside_Parsons>,John Whiteside Parsons,0.423567691246964,0,1,1,0,0,0,0,0,0,0,0,0,[],false,false,false
<http://dbpedia.org/resource/Stefan_Gandler>,Stefan Gandler,0.42339848055356,0,1,1,0,0,0,0,0,0,0,0,0,[],false,false,false
<http://dbpedia.org/resource/Isa_ibn_Aban>,Isa ibn Aban,0.4232142857142858,0,4,4,0,0,0,0,0,0,0,0,0,[],false,false,false
<http://dbpedia.org/resource/John_M._Olson_(biophysicist)>,John M. Olson (biophysicist),0.4232142857142858,0,0,0,2,1,0,0,0,0,0,0,0,[],false,false,false
<http://dbpedia.org/resource/Anselm_of_Laon__Anselm_of_Laon__1>,Anselm of Laon  Anselm of Laon  1,0.4232142857142858,4,3,7,0,0,0,0,0,0,0,0,0,[],false,false,false
<http://dbpedia.org/resource/Gregory_Retallack>,Gregory Retallack,0.42321428571428577,0,3,3,2,1,0,0,0,0,0,0,0,[],false,false,false
<http://dbpedia.org/resource/W._I._Thomas>,W. I. Thomas,0.4231797675407938,1,1,2,0,1,0,0,0,0,0,0,0,[],false,false,false
<http://dbpedia.org/resource/Bernard_Gert>,Bernard Gert,0.4231727399856978,2,6,8,0,0,0,0,0,0,0,0,0,[],false,false,false
<http://dbpedia.org/resource/David_Williams_(mathematician)>,David Williams (mathematician),0.42313846999166865,0,0,0,1,1,0,0,0,0,0,0,0,[],false,false,false
<http://dbpedia.org/resource/Gustave_Thibon>,Gustave Thibon,0.42306854023150936,1,2,3,0,0,0,0,0,0,0,0,0,[],false,false,false
<http://dbpedia.org/resource/Richard_N._Frye>,Richard N. Frye,0.4230625,0,1,1,2,0,0,0,0,0,0,0,0,[],false,false,false
<http://dbpedia.org/resource/G._Ainsworth_Harrison>,G. Ainsworth Harrison,0.4230625,0,1,1,0,0,0,0,0,0,0,0,0,[],false,false,false
<http://dbpedia.org/resource/Fred_Rogers>,Fred Rogers,0.4230625,0,1,1,0,0,0,0,0,0,0,0,0,[],false,false,false
<http://dbpedia.org/resource/Lorenz_von_Stein>,Lorenz von Stein,0.4230126902826312,0,7,7,1,0,0,0,0,0,0,0,0,[Political economics],false,false,false
<http://dbpedia.org/resource/Hannah_Arendt>,Hannah Arendt,0.42299536980828817,18,8,26,0,0,0,0,0,0,0,0,0,[],false,false,false
<http://dbpedia.org/resource/Apple_Dylan>,Apple Dylan,0.4228579199045346,3,3,6,0,0,0,0,0,0,0,0,0,[],false,false,false
<http://dbpedia.org/resource/René_Guénon>,René Guénon,0.42284442781185544,27,9,36,0,0,0,0,0,0,0,0,0,[],false,false,false
<http://dbpedia.org/resource/Pir_Fazal_Ali_Qureshi>,Pir Fazal Ali Qureshi,0.42281442522321433,1,2,3,0,0,0,0,0,0,0,0,0,[],false,false,false
<http://dbpedia.org/resource/Chai_Keong_Toh>,Chai Keong Toh,0.4227084763783397,0,0,0,2,1,0,0,0,0,0,0,0,[],false,false,false
<http://dbpedia.org/resource/Joseph_Schumpeter>,Joseph Schumpeter,0.4226048876478376,35,9,44,1,0,0,0,0,0,0,0,0,[],false,false,false
<http://dbpedia.org/resource/Mohammadreza_Jalaeipour>,Mohammadreza Jalaeipour,0.4225312500000001,0,1,1,3,0,0,0,0,0,0,0,0,[],false,false,false
<http://dbpedia.org/resource/Edward_Trifonov>,Edward Trifonov,0.42253125,0,0,0,1,4,0,0,0,0,0,0,0,[],false,false,false
<http://dbpedia.org/resource/Majid_Naficy>,Majid Naficy,0.4223145923733898,0,2,2,0,0,0,0,0,0,0,0,0,[],false,false,false
<http://dbpedia.org/resource/Sang-Min_Whang>,Sang-Min Whang,0.42206347904972363,0,3,3,2,0,0,0,0,0,0,0,0,[],false,false,false
<http://dbpedia.org/resource/Wolfgang_Stegmüller>,Wolfgang Stegmüller,0.42201669727616403,2,3,5,0,0,0,0,0,0,0,0,0,[],false,false,false
<http://dbpedia.org/resource/Khwaja_Shamsuddin_Azeemi_(spiritual_teacher)>,Khwaja Shamsuddin Azeemi (spiritual teacher),0.42200000000000004,0,1,1,0,0,0,0,0,0,0,0,0,[],false,false,false
<http://dbpedia.org/resource/Elixir_(programming_language)>,Elixir (programming language),0.421880821878,1,4,5,0,0,0,0,0,0,0,0,0,[],false,false,false
<http://dbpedia.org/resource/Object-Oriented_Turing>,Object-Oriented Turing,0.4216377121618183,0,1,1,0,0,0,0,0,0,0,0,0,[],false,false,false
<http://dbpedia.org/resource/Rama_Cont>,Rama Cont,0.4215693091047258,0,1,1,1,2,0,0,0,0,0,0,0,[],false,false,false
<http://dbpedia.org/resource/Seyed_Javad_Miri>,Seyed Javad Miri,0.42139080582042776,0,3,3,0,0,0,0,0,0,0,0,0,[],false,false,false
<http://dbpedia.org/resource/Judith_H._Myers>,Judith H. Myers,0.42126613604378965,0,1,1,0,0,0,0,0,0,0,0,0,[],false,false,false
<http://dbpedia.org/resource/Daniel_Guérin>,Daniel Guérin,0.42116625848006256,0,6,6,0,0,0,0,0,0,0,0,0,[],false,false,false
<http://dbpedia.org/resource/Thomas_Lemke_(sociologist)>,Thomas Lemke (sociologist),0.42111205963408843,0,1,1,1,3,0,0,0,0,0,0,0,[],false,false,false
<http://dbpedia.org/resource/Lily_May_Perry>,Lily May Perry,0.4209375,0,3,3,3,0,0,0,0,0,0,0,0,[],false,false,false
<http://dbpedia.org/resource/Linus_Pauling>,Linus Pauling,0.4207724192172769,2,2,4,0,0,0,0,0,0,0,0,0,[],false,false,false
<http://dbpedia.org/resource/Jean_Baudrillard>,Jean Baudrillard,0.42073827452880236,13,6,19,0,0,0,0,0,0,0,0,0,[],false,false,false
<http://dbpedia.org/resource/Clean_(programming_language)>,Clean (programming language),0.42067105852423164,3,5,8,0,0,0,0,0,0,0,0,0,[],false,false,false
<http://dbpedia.org/resource/Karl_Kautsky>,Karl Kautsky,0.42047002385606175,9,7,16,0,0,0,0,0,0,0,0,0,[],false,false,false
<http://dbpedia.org/resource/Richard_Feynman>,Richard Feynman,0.42046380164651326,12,3,15,2,40,0,0,0,0,0,0,0,[],false,false,false
<http://dbpedia.org/resource/Franz_Kafka>,Franz Kafka,0.42032936216085276,8,2,10,1,0,0,0,0,0,0,0,0,[],false,false,false
<http://dbpedia.org/resource/Alan_Ward_(historian)>,Alan Ward (historian),0.42031152615504297,0,1,1,2,0,0,0,0,0,0,0,0,[],false,false,false
<http://dbpedia.org/resource/Dylan_Evans>,Dylan Evans,0.4200083205332863,0,0,0,1,2,0,0,0,0,0,0,0,[],false,false,false
<http://dbpedia.org/resource/Kashmiris>,Kashmiris,0.41987500000000005,0,0,0,0,0,0,3,0,0,0,0,3,[],false,false,false
<http://dbpedia.org/resource/WebAssembly>,WebAssembly,0.41983401980403223,1,2,3,0,0,0,0,0,0,0,0,0,[],false,false,false
<http://dbpedia.org/resource/Robin_Clark_(chemist)>,Robin Clark (chemist),0.41982069027913516,0,0,0,0,1,0,0,0,0,0,0,0,[],false,false,false
<http://dbpedia.org/resource/Hildegarde_Howard>,Hildegarde Howard,0.4195833258301478,0,0,0,1,1,0,0,0,0,0,0,0,[],false,false,false
<http://dbpedia.org/resource/Interlisp>,Interlisp,0.41941777861294194,2,3,5,0,0,0,0,0,0,0,0,0,[],false,false,false
<http://dbpedia.org/resource/Sarah_Kofman>,Sarah Kofman,0.41912603353314304,0,7,7,0,0,0,0,0,0,0,0,0,[],false,false,false
<http://dbpedia.org/resource/Herman_Boerhaave>,Herman Boerhaave,0.41908140485799006,2,0,2,0,0,0,0,0,0,0,0,0,[],false,false,false
<http://dbpedia.org/resource/Niels_Bohr>,Niels Bohr,0.4190669441923768,6,2,8,1,0,0,0,0,0,0,0,0,[],false,false,false
<http://dbpedia.org/resource/Kurt_Lewin>,Kurt Lewin,0.4190632799263739,14,4,18,1,4,0,0,0,0,0,0,0,[],false,false,false
<http://dbpedia.org/resource/Bonaventure>,Bonaventure,0.4189085112252948,11,4,15,0,0,0,0,0,0,0,0,0,[],false,false,false
<http://dbpedia.org/resource/Peter_Railton>,Peter Railton,0.41874706079655655,1,5,6,0,0,0,0,0,0,0,0,0,[],false,false,false
<http://dbpedia.org/resource/OMDoc>,OMDoc,0.4187425481914156,0,1,1,0,0,0,0,0,0,0,0,0,[],false,false,false
<http://dbpedia.org/resource/Donald_Cary_Williams>,Donald Cary Williams,0.4185652969124462,8,6,14,0,0,0,0,0,0,0,0,0,[],false,false,false
<http://dbpedia.org/resource/Ewan_Birney>,Ewan Birney,0.4182740600656909,0,5,5,2,3,0,0,0,0,0,0,0,[],false,false,false
<http://dbpedia.org/resource/Hermann_Lebert>,Hermann Lebert,0.418169601255085,0,3,3,0,1,0,0,0,0,0,0,0,[],false,false,false
<http://dbpedia.org/resource/BASIC_XL>,BASIC XL,0.4180602270324192,0,1,1,0,0,0,0,0,0,0,0,0,[],false,false,false
<http://dbpedia.org/resource/Turbo-Basic_XL>,Turbo-Basic XL,0.4180602270324192,0,1,1,0,0,0,0,0,0,0,0,0,[],false,false,false
<http://dbpedia.org/resource/Ioannis_Papadakis>,Ioannis Papadakis,0.4179753787878788,2,2,4,4,0,0,0,0,0,0,0,0,[],false,false,false
<http://dbpedia.org/resource/Donald_Van_Slyke>,Donald Van Slyke,0.41793430025249284,0,2,2,0,0,0,0,0,0,0,0,0,[],false,false,false
<http://dbpedia.org/resource/Katarina_Juselius>,Katarina Juselius,0.41783231279294836,3,3,6,1,0,0,0,0,0,0,0,0,[Statistics],false,false,false
<http://dbpedia.org/resource/Daniel_Ross_(philosopher)>,Daniel Ross (philosopher),0.41772196137001294,0,1,1,0,0,0,0,0,0,0,0,0,[],false,false,false
<http://dbpedia.org/resource/Charles_Lasègue>,Charles Lasègue,0.4176887536089712,0,5,5,0,0,0,0,0,0,0,0,0,[],false,false,false
<http://dbpedia.org/resource/Robert_Hooke>,Robert Hooke,0.41747316561891806,1,1,2,1,3,0,0,0,0,0,0,0,[],false,false,false
<http://dbpedia.org/resource/Johann_Makowsky>,Johann Makowsky,0.4171214814152928,0,0,0,1,5,0,0,0,0,0,0,0,[],false,false,false
<http://dbpedia.org/resource/Mark_Thornton>,Mark Thornton,0.4168516048256406,0,4,4,0,0,0,0,0,0,0,0,0,"[Economic history, Political economy, History of economic thought, Prohibitionism]",false,false,false
<http://dbpedia.org/resource/Mizrahi_Jews>,Mizrahi Jews,0.41683928571428575,0,0,0,0,0,0,1,0,0,0,0,5,[],false,false,false
<http://dbpedia.org/resource/Sheikh_Mujibur_Rahman>,Sheikh Mujibur Rahman,0.4168114231274633,0,1,1,2,0,0,0,0,0,0,0,0,[],false,false,false
<http://dbpedia.org/resource/David_Shepherd_Nivison>,David Shepherd Nivison,0.41668750000000004,0,0,0,2,1,0,0,0,0,0,0,0,[],false,false,false
<http://dbpedia.org/resource/Nancy_Andrews_(biologist)>,Nancy Andrews (biologist),0.4165909090909091,0,0,0,3,1,0,0,0,0,0,0,0,[],false,false,false
<http://dbpedia.org/resource/Bootstrap_(front-end_framework)>,Bootstrap (front-end framework),0.4165681919293388,0,2,2,0,0,0,0,0,0,0,0,0,[],false,false,false
<http://dbpedia.org/resource/Søren_Johansen>,Søren Johansen,0.41596285354046725,1,5,6,1,0,0,0,0,0,0,0,0,[Econometrics],false,false,false
<http://dbpedia.org/resource/Max_Müller_(Catholic_intellectual)>,Max Müller (Catholic intellectual),0.41592955097064643,0,5,5,0,0,0,0,0,0,0,0,0,[],false,false,false
<http://dbpedia.org/resource/Erik_Ringmar>,Erik Ringmar,0.41574382463989995,0,1,1,2,0,0,0,0,0,0,0,0,[],false,false,false
<http://dbpedia.org/resource/Rahula_College>,Rahula College,0.4156250000000001,0,0,0,0,0,0,1,0,0,4,0,0,[],false,false,false
<http://dbpedia.org/resource/Galen>,Galen,0.41551273026960067,15,5,20,0,0,0,0,0,0,0,0,0,[],false,false,false
<http://dbpedia.org/resource/A._C._Ewing>,A. C. Ewing,0.414894349948096,0,1,1,0,0,0,0,0,0,0,0,0,[],false,false,false
<http://dbpedia.org/resource/James_A._Michener>,James A. Michener,0.414894349948096,0,1,1,3,0,1,0,0,0,0,0,0,[],false,false,false
<http://dbpedia.org/resource/Philodemus>,Philodemus,0.4148120654786229,2,2,4,0,0,0,0,0,0,0,0,0,[],false,false,false
<http://dbpedia.org/resource/Phyllis_Stern>,Phyllis Stern,0.41475344884039,0,2,2,0,0,0,0,0,0,0,0,0,[],false,false,false
<http://dbpedia.org/resource/Gabriel_Wagner>,Gabriel Wagner,0.41468631247692667,1,4,5,0,0,0,0,0,0,0,0,0,[],false,false,false
<http://dbpedia.org/resource/John_Bowlby>,John Bowlby,0.4146628108963349,9,7,16,2,1,0,0,0,0,0,0,0,[],false,false,false
<http://dbpedia.org/resource/Morris_Copeland>,Morris Copeland,0.41466221819718047,2,4,6,0,0,0,0,0,0,0,0,0,[Political economics],false,false,false
<http://dbpedia.org/resource/Extempore_(software)>,Extempore (software),0.41462033597861614,0,3,3,0,0,0,0,0,0,0,0,0,[],false,false,false
<http://dbpedia.org/resource/Fritz_Perls>,Fritz Perls,0.41458780551119334,1,6,7,0,1,0,0,0,0,0,0,0,[],false,false,false
<http://dbpedia.org/resource/Mizar_system>,Mizar system,0.4143156546794701,3,1,4,0,0,0,0,0,0,0,0,0,[],false,false,false
<http://dbpedia.org/resource/Jack_London>,Jack London,0.4142573825554259,0,1,1,0,0,2,0,0,0,0,0,0,[],false,false,false
<http://dbpedia.org/resource/ALGOL_60>,ALGOL 60,0.4141061766948249,30,1,31,0,0,0,0,0,0,0,0,0,[],false,false,false
<http://dbpedia.org/resource/Will_Kymlicka>,Will Kymlicka,0.4139717775147089,0,5,5,0,0,0,0,0,0,0,0,0,[],false,false,false
<http://dbpedia.org/resource/Joel_Tropp>,Joel Tropp,0.41376120871801064,0,0,0,1,2,0,0,0,0,0,0,0,[],false,false,false
<http://dbpedia.org/resource/Georg_Henrik_von_Wright>,Georg Henrik von Wright,0.4136838927984922,2,7,9,0,0,0,0,0,0,0,0,0,[],false,false,false
<http://dbpedia.org/resource/Che_Guevara>,Che Guevara,0.4136565043923997,3,3,6,1,0,0,0,0,0,0,0,0,[],false,false,false
<http://dbpedia.org/resource/Frederic_Harrison>,Frederic Harrison,0.41347450195444274,0,4,4,0,0,0,0,0,0,0,0,0,[],false,false,false
<http://dbpedia.org/resource/Wilhelmine_Key>,Wilhelmine Key,0.4132454583640481,0,1,1,0,0,0,0,0,0,0,0,0,[],false,false,false
<http://dbpedia.org/resource/Peter_Sterling_(neuroscientist)>,Peter Sterling (neuroscientist),0.41304258483691053,0,0,0,3,1,0,0,0,0,0,0,0,[],false,false,false
<http://dbpedia.org/resource/Arthur_Seldon>,Arthur Seldon,0.41278842993753323,2,4,6,0,0,0,0,0,0,0,0,0,[],false,false,false
<http://dbpedia.org/resource/James_Watt>,James Watt,0.4126446182264782,0,6,6,0,16,0,0,0,0,0,0,0,[],false,false,false
<http://dbpedia.org/resource/Sayyad_Laal_Shah_Hamdani>,Sayyad Laal Shah Hamdani,0.4122287946428572,2,5,7,0,0,0,0,0,0,0,0,0,[],false,false,false
<http://dbpedia.org/resource/Debiprasad_Chattopadhyaya>,Debiprasad Chattopadhyaya,0.41220742340199523,2,3,5,0,0,0,0,0,0,0,0,0,[],false,false,false
<http://dbpedia.org/resource/VisSim>,VisSim,0.41205176306944685,0,3,3,0,0,0,0,0,0,0,0,0,[],false,false,false
<http://dbpedia.org/resource/Antonio_José_Cavanilles>,Antonio José Cavanilles,0.412001720703125,1,1,2,0,2,0,0,0,0,0,0,0,[],false,false,false
<http://dbpedia.org/resource/Lucas_Introna>,Lucas Introna,0.411950015201772,0,1,1,0,0,0,0,0,0,0,0,0,[],false,false,false
<http://dbpedia.org/resource/J._A._Hobson>,J. A. Hobson,0.4118473013914176,0,4,4,1,0,0,0,0,0,0,0,0,"[Imperialism studies, Poverty studies]",false,false,false
<http://dbpedia.org/resource/Attilio_Celant>,Attilio Celant,0.4118425132438768,0,7,7,1,0,0,0,0,0,0,0,0,"[Development economics, Development geography, Sahel, Tertiary sector of the economy, Tourism]",false,false,false
<http://dbpedia.org/resource/Bruce_Lincoln>,Bruce Lincoln,0.4117352979224715,0,5,5,2,0,0,0,0,0,0,0,0,[],false,false,false
<http://dbpedia.org/resource/John_Gardner_(legal_philosopher)>,John Gardner (legal philosopher),0.4114456108842535,0,4,4,0,0,0,0,0,0,0,0,0,[],false,false,false
<http://dbpedia.org/resource/Bak_Jiwon_(born_1737)>,Bak Jiwon (born 1737),0.4112838260761011,4,4,8,0,0,0,0,0,0,0,0,0,[],false,false,false
<http://dbpedia.org/resource/Taha_Hussein>,Taha Hussein,0.41101588540591977,2,3,5,0,0,0,0,0,0,0,0,0,[],false,false,false
<http://dbpedia.org/resource/Telauges>,Telauges,0.4097716713727679,0,1,1,0,0,0,0,0,0,0,0,0,[],false,false,false
<http://dbpedia.org/resource/Robert_Koons>,Robert Koons,0.40964897022425656,0,2,2,0,0,0,0,0,0,0,0,0,[],false,false,false
<http://dbpedia.org/resource/Antoine_Meillet>,Antoine Meillet,0.40948179158868114,9,3,12,0,0,0,0,0,0,0,0,0,[],false,false,false
<http://dbpedia.org/resource/McKenzie_Wark>,McKenzie Wark,0.4094140441259164,0,6,6,0,0,0,0,0,0,0,0,0,[],false,false,false
<http://dbpedia.org/resource/MSX_BASIC>,MSX BASIC,0.4092500000000001,1,1,2,0,0,0,0,0,0,0,0,0,[],false,false,false
<http://dbpedia.org/resource/QuickBasic>,QuickBasic,0.4092500000000001,0,1,1,0,0,0,0,0,0,0,0,0,[],false,false,false
<http://dbpedia.org/resource/Anglo-Chinese_Junior_College>,Anglo-Chinese Junior College,0.40925000000000006,0,0,0,0,0,0,1,0,0,6,0,0,[],false,false,false
"<http://dbpedia.org/resource/Trinity_Theological_Seminary,_Legon>","Trinity Theological Seminary, Legon",0.40925,0,0,0,0,0,0,1,0,0,5,0,0,[],false,false,false
<http://dbpedia.org/resource/Pope_John_Paul_II>,Pope John Paul II,0.4091994599960425,1,2,3,0,0,0,1,0,0,0,0,0,[],false,false,false
<http://dbpedia.org/resource/Simula>,Simula,0.40879485523378517,11,3,14,0,0,0,0,0,0,0,0,0,[],false,false,false
<http://dbpedia.org/resource/Francis_Schaeffer>,Francis Schaeffer,0.40854706258022916,1,2,3,0,0,0,0,0,0,0,0,0,[],false,false,false
<http://dbpedia.org/resource/Alexei_Fridman>,Alexei Fridman,0.40842383644403246,0,4,4,1,1,0,0,0,0,0,0,0,[],false,false,false
<http://dbpedia.org/resource/Eudorus_of_Alexandria>,Eudorus of Alexandria,0.40783601376113815,0,1,1,0,0,0,0,0,0,0,0,0,[],false,false,false
<http://dbpedia.org/resource/W._Ross_Ashby>,W. Ross Ashby,0.4075901001545337,8,3,11,0,3,0,0,0,0,0,0,0,[],false,false,false
<http://dbpedia.org/resource/Leon_Trotsky>,Leon Trotsky,0.40725271687425324,5,3,8,0,0,0,0,0,0,0,0,0,[],false,false,false
<http://dbpedia.org/resource/Winifred_Rushforth>,Winifred Rushforth,0.40713728284163553,2,2,4,1,1,0,0,0,0,0,0,0,[],false,false,false
<http://dbpedia.org/resource/Rahel_Jaeggi>,Rahel Jaeggi,0.40682856272915563,0,7,7,0,0,0,0,0,0,0,0,0,[],false,false,false
<http://dbpedia.org/resource/Philo_of_Larissa>,Philo of Larissa,0.4065883240344916,2,4,6,0,0,0,0,0,0,0,0,0,[],false,false,false
<http://dbpedia.org/resource/Johann_Friedrich_Gmelin>,Johann Friedrich Gmelin,0.40641828320312506,0,2,2,1,1,0,0,0,0,0,0,0,[],false,false,false
<http://dbpedia.org/resource/Johann_Georg_Hamann>,Johann Georg Hamann,0.40611462281013594,11,4,15,0,0,0,0,0,0,0,0,0,[],false,false,false
<http://dbpedia.org/resource/Dieter_Henrich>,Dieter Henrich,0.40603371570738633,5,5,10,0,0,0,0,0,0,0,0,0,[],false,false,false
<http://dbpedia.org/resource/Stephen_D._Krasner>,Stephen D. Krasner,0.40588014478330103,0,2,2,3,0,0,0,0,0,0,0,0,[],false,false,false
<http://dbpedia.org/resource/Samuel_Johnson>,Samuel Johnson,0.40587130150189615,1,1,2,0,0,0,0,0,0,0,0,0,[],false,false,false
<http://dbpedia.org/resource/Jess_Wade>,Jess Wade,0.4057519801996556,0,4,4,1,3,0,0,0,0,0,0,0,[],false,false,false
<http://dbpedia.org/resource/Boris_Kagarlitsky>,Boris Kagarlitsky,0.4057376762129693,0,7,7,0,0,0,0,0,0,0,0,0,[],false,false,false
<http://dbpedia.org/resource/Isaac_Barrow>,Isaac Barrow,0.4057272273697754,1,2,3,0,2,0,0,0,0,0,0,0,[],false,false,false
<http://dbpedia.org/resource/Peter_Whittle_(mathematician)>,Peter Whittle (mathematician),0.4056005621202432,3,2,5,2,10,0,0,0,0,0,0,0,[],false,false,false
<http://dbpedia.org/resource/Andrey_Korotayev>,Andrey Korotayev,0.4052038454155245,0,6,6,1,2,0,0,0,0,0,0,0,[],false,false,false
<http://dbpedia.org/resource/Damaris_Cudworth_Masham>,Damaris Cudworth Masham,0.40506586902722563,3,6,9,0,0,0,0,0,0,0,0,0,[],false,false,false
<http://dbpedia.org/resource/Tristan_Garcia>,Tristan Garcia,0.4050017107105788,0,3,3,0,0,0,0,0,0,0,0,0,[],false,false,false
<http://dbpedia.org/resource/Richard_Evans_Schultes>,Richard Evans Schultes,0.405,10,3,13,1,3,0,0,0,0,0,0,0,[],false,false,false
<http://dbpedia.org/resource/Karenni_people>,Karenni people,0.405,0,0,0,0,0,0,6,0,0,0,0,2,[],false,false,false
<http://dbpedia.org/resource/Evelyn_Nicol>,Evelyn Nicol,0.405,0,0,0,1,1,0,0,0,0,0,0,0,[],false,false,false
<http://dbpedia.org/resource/Walter_Daelemans>,Walter Daelemans,0.405,0,0,0,1,2,0,0,0,0,0,0,0,[],false,false,false
<http://dbpedia.org/resource/Ronald_Fisher>,Ronald Fisher,0.405,9,0,9,1,43,0,0,0,0,0,0,0,[],false,false,false
<http://dbpedia.org/resource/Jordan>,Jordan,0.405,0,0,0,0,0,0,4,0,0,0,0,0,[],false,false,false
<http://dbpedia.org/resource/August_Krogh>,August Krogh,0.405,3,2,5,0,1,0,0,0,0,0,0,0,[],false,false,false
<http://dbpedia.org/resource/Arthur_Erskine_Ellis>,Arthur Erskine Ellis,0.405,0,2,2,1,0,0,0,0,0,0,0,0,[],false,false,false
<http://dbpedia.org/resource/David_Deming>,David Deming,0.405,0,2,2,2,0,0,0,0,0,0,0,0,[],false,false,false
<http://dbpedia.org/resource/Stephen_Batchelor_(author)>,Stephen Batchelor (author),0.405,1,2,3,0,0,0,0,0,0,0,0,0,[],false,false,false
<http://dbpedia.org/resource/Frank_Pasquill>,Frank Pasquill,0.405,0,2,2,1,0,0,0,0,0,0,0,0,[],false,false,false
<http://dbpedia.org/resource/Pieter_Kasteleyn>,Pieter Kasteleyn,0.405,0,0,0,1,4,0,0,0,0,0,0,0,[],false,false,false
<http://dbpedia.org/resource/Lahu_people>,Lahu people,0.405,0,0,0,0,0,0,3,0,0,0,0,2,[],false,false,false
<http://dbpedia.org/resource/Gustav_von_Escherich>,Gustav von Escherich,0.405,0,0,0,1,2,0,0,0,0,0,0,0,[],false,false,false
<http://dbpedia.org/resource/Bosniaks_of_Serbia>,Bosniaks of Serbia,0.405,0,0,0,0,0,0,1,0,0,0,0,2,[],false,false,false
<http://dbpedia.org/resource/Daryl_E._Hooper>,Daryl E. Hooper,0.405,0,0,0,1,1,0,0,0,0,0,0,0,[],false,false,false
<http://dbpedia.org/resource/Leslie_Gordon_Chandler>,Leslie Gordon Chandler,0.405,0,2,2,0,2,0,0,0,0,0,0,0,[],false,false,false
<http://dbpedia.org/resource/Robert_Burns_Woodward>,Robert Burns Woodward,0.405,0,0,0,1,10,0,0,0,0,0,0,0,[],false,false,false
<http://dbpedia.org/resource/Ronny_Reich>,Ronny Reich,0.405,0,0,0,1,2,0,0,0,0,0,0,0,[],false,false,false
<http://dbpedia.org/resource/Al-Tabari>,Al-Tabari,0.405,1,0,1,0,0,0,1,0,0,0,0,0,[],false,false,false
<http://dbpedia.org/resource/Leona_Woods>,Leona Woods,0.405,0,0,0,1,1,0,0,0,0,0,0,0,[],false,false,false
<http://dbpedia.org/resource/Robert_Paxton>,Robert Paxton,0.405,0,2,2,1,2,0,0,0,0,0,0,0,[],false,false,false
<http://dbpedia.org/resource/Robin_Rönnlund>,Robin Rönnlund,0.405,0,0,0,1,1,0,0,0,0,0,0,0,[],false,false,false
<http://dbpedia.org/resource/Black_Partridge_(chief)>,Black Partridge (chief),0.405,0,0,0,0,2,0,0,0,0,0,0,0,[],false,false,false
<http://dbpedia.org/resource/Ingrid_Semmingsen>,Ingrid Semmingsen,0.405,2,0,2,1,0,0,0,0,0,0,0,0,[],false,false,false
<http://dbpedia.org/resource/Bayazid_Bastami>,Bayazid Bastami,0.405,5,2,7,0,0,0,0,0,0,0,0,0,[],false,false,false
<http://dbpedia.org/resource/Whitgift_School>,Whitgift School,0.405,0,0,0,0,0,0,1,0,0,3,0,0,[],false,false,false
<http://dbpedia.org/resource/Xavier_College>,Xavier College,0.405,0,0,0,0,0,0,1,0,0,3,0,0,[],false,false,false
<http://dbpedia.org/resource/George_Gurdjieff>,George Gurdjieff,0.405,15,2,17,0,0,0,0,0,0,0,0,0,[],false,false,false
<http://dbpedia.org/resource/Mark_Lepper>,Mark Lepper,0.405,4,1,5,1,6,0,0,0,0,0,0,0,[],false,false,false
<http://dbpedia.org/resource/Cranleigh_School>,Cranleigh School,0.405,0,0,0,0,0,0,1,0,0,2,0,0,[],false,false,false
<http://dbpedia.org/resource/Croats_of_Serbia>,Croats of Serbia,0.405,0,0,0,0,0,0,1,0,0,0,0,3,[],false,false,false
<http://dbpedia.org/resource/Hermann_August_Hagen>,Hermann August Hagen,0.405,0,2,2,0,0,0,0,0,0,0,0,0,[],false,false,false
<http://dbpedia.org/resource/Robert_Louis_Stevenson>,Robert Louis Stevenson,0.405,0,0,0,1,0,4,0,0,0,0,0,0,[],false,false,false
<http://dbpedia.org/resource/Lebanon>,Lebanon,0.405,0,0,0,0,0,0,14,0,0,0,0,0,[],false,false,false
<http://dbpedia.org/resource/Action_Française>,Action Française,0.405,0,0,0,0,0,0,1,0,0,0,0,0,[],false,false,false
<http://dbpedia.org/resource/Miaki_Ishii>,Miaki Ishii,0.405,0,2,2,2,0,0,0,0,0,0,0,0,[],false,false,false
<http://dbpedia.org/resource/Ádám_Miklósi>,Ádám Miklósi,0.405,1,2,3,0,0,0,0,0,0,0,0,0,[],false,false,false
<http://dbpedia.org/resource/Alice_Miller_(psychologist)>,Alice Miller (psychologist),0.405,0,2,2,0,4,0,0,0,0,0,0,0,[],false,false,false
<http://dbpedia.org/resource/Alice_Stewart__Alice_Stewart__1>,Alice Stewart  Alice Stewart  1,0.405,0,2,2,0,2,0,0,0,0,0,0,0,[],false,false,false
<http://dbpedia.org/resource/Iwao_Taki>,Iwao Taki,0.405,0,2,2,1,0,0,0,0,0,0,0,0,[],false,false,false
<http://dbpedia.org/resource/IBM_RPG>,IBM RPG,0.405,0,2,2,0,0,0,0,0,0,0,0,0,[],false,false,false
<http://dbpedia.org/resource/Li_Shu-hua>,Li Shu-hua,0.405,0,3,3,2,0,0,0,0,0,0,0,0,[],false,false,false
"<http://dbpedia.org/resource/Sacred_Heart_Schools_(Chicago,_Illinois)>","Sacred Heart Schools (Chicago, Illinois)",0.405,0,0,0,0,0,0,1,0,0,2,0,0,[],false,false,false
<http://dbpedia.org/resource/Sovereign_Military_Order_of_Malta>,Sovereign Military Order of Malta,0.405,0,0,0,0,0,0,1,0,0,0,0,0,[],false,false,false
<http://dbpedia.org/resource/Elizabeta_Dimitrova>,Elizabeta Dimitrova,0.405,0,0,0,2,1,0,0,0,0,0,0,0,[],false,false,false
<http://dbpedia.org/resource/Lauren_Y._Atlas>,Lauren Y. Atlas,0.405,0,1,1,2,0,0,0,0,0,0,0,0,[],false,false,false
<http://dbpedia.org/resource/Ralph_M._Steinman>,Ralph M. Steinman,0.405,1,0,1,2,0,0,0,0,0,0,0,0,[],false,false,false
<http://dbpedia.org/resource/Livia_Puljak>,Livia Puljak,0.405,0,2,2,1,0,0,0,0,0,0,0,0,[],false,false,false
<http://dbpedia.org/resource/Jeffrey_Ullman>,Jeffrey Ullman,0.405,0,0,0,2,3,0,0,0,0,0,0,0,[],false,false,false
<http://dbpedia.org/resource/Hoërskool_Jan_van_Riebeeck>,Hoërskool Jan van Riebeeck,0.405,0,0,0,0,0,0,1,0,0,2,0,0,[],false,false,false
<http://dbpedia.org/resource/Nesrin_Özören>,Nesrin Özören,0.405,0,1,1,2,0,0,0,0,0,0,0,0,[],false,false,false
<http://dbpedia.org/resource/Sean_Ekins>,Sean Ekins,0.405,0,0,0,2,3,0,0,0,0,0,0,0,[],false,false,false
<http://dbpedia.org/resource/FLOW-MATIC>,FLOW-MATIC,0.405,4,2,6,0,0,0,0,0,0,0,0,0,[],false,false,false
<http://dbpedia.org/resource/Harry_B._Whittington>,Harry B. Whittington,0.405,0,0,0,1,2,0,0,0,0,0,0,0,[],false,false,false
<http://dbpedia.org/resource/Al-Ma'arri>,Al-Ma'arri,0.405,3,2,5,0,0,0,0,0,0,0,0,0,[],false,false,false
<http://dbpedia.org/resource/Frederick_Wherry>,Frederick Wherry,0.405,0,0,0,2,3,0,0,0,0,0,0,0,[],false,false,false
<http://dbpedia.org/resource/Herbert_Hyman>,Herbert Hyman,0.405,0,2,2,0,1,0,0,0,0,0,0,0,[],false,false,false
<http://dbpedia.org/resource/Michael_C._O'Donovan>,Michael C. O'Donovan,0.405,0,2,2,0,1,0,0,0,0,0,0,0,[],false,false,false
<http://dbpedia.org/resource/Yitzhak_Mastai>,Yitzhak Mastai,0.405,0,0,0,2,1,0,0,0,0,0,0,0,[],false,false,false
<http://dbpedia.org/resource/Shiu-Ying_Hu>,Shiu-Ying Hu,0.405,0,1,1,3,0,0,0,0,0,0,0,0,[],false,false,false
<http://dbpedia.org/resource/Ren-Chang_Ching>,Ren-Chang Ching,0.405,0,1,1,0,0,0,0,0,0,0,0,0,[],false,false,false
<http://dbpedia.org/resource/Alexander_Aigner>,Alexander Aigner,0.405,0,0,0,1,2,0,0,0,0,0,0,0,[],false,false,false
<http://dbpedia.org/resource/Mikhail_Egorovich_Alekseev>,Mikhail Egorovich Alekseev,0.405,0,1,1,1,1,0,0,0,0,0,0,0,[],false,false,false
<http://dbpedia.org/resource/Abu_Nasr_Mansur>,Abu Nasr Mansur,0.405,1,2,3,0,1,0,0,0,0,0,0,0,[],false,false,false
<http://dbpedia.org/resource/Yōji_Takikawa>,Yōji Takikawa,0.405,2,2,4,3,0,0,0,0,0,0,0,0,[],false,false,false
<http://dbpedia.org/resource/Bishop>,Bishop,0.405,2,0,2,0,0,0,0,0,1,0,0,0,[],false,false,false
<http://dbpedia.org/resource/Alfred_Hassner>,Alfred Hassner,0.405,0,0,0,2,2,0,0,0,0,0,0,0,[],false,false,false
<http://dbpedia.org/resource/Déodat_Gratet_de_Dolomieu>,Déodat Gratet de Dolomieu,0.405,2,2,4,0,1,0,0,0,0,0,0,0,[],false,false,false
<http://dbpedia.org/resource/Rachel_(Raya)_Takserman-Krozer>,Rachel (Raya) Takserman-Krozer,0.405,1,2,3,2,11,0,0,0,0,0,0,0,[],false,false,false
<http://dbpedia.org/resource/Trent_College>,Trent College,0.405,0,0,0,0,0,0,1,0,0,3,0,0,[],false,false,false
<http://dbpedia.org/resource/Michael_James_Farrell>,Michael James Farrell,0.405,2,2,4,0,0,0,0,0,0,0,0,0,[],false,false,false
<http://dbpedia.org/resource/Dacia>,Dacia,0.405,0,0,0,0,0,0,2,0,0,0,0,0,[],false,false,false
<http://dbpedia.org/resource/Plaid_Cymru>,Plaid Cymru,0.405,0,0,0,0,0,0,0,7,0,0,0,0,[],false,false,false
<http://dbpedia.org/resource/Ingar_Roggen>,Ingar Roggen,0.405,0,0,0,0,1,0,0,0,0,0,0,0,[],false,false,false
<http://dbpedia.org/resource/Ran_Nathan>,Ran Nathan,0.405,0,0,0,2,1,0,0,0,0,0,0,0,[],false,false,false
<http://dbpedia.org/resource/Howard_Wilson_Emmons>,Howard Wilson Emmons,0.405,0,0,0,2,1,0,0,0,0,0,0,0,[],false,false,false
<http://dbpedia.org/resource/Nicholas_Harrison_(physicist)>,Nicholas Harrison (physicist),0.405,0,0,0,1,2,0,0,0,0,0,0,0,[],false,false,false
<http://dbpedia.org/resource/James_A._Ibers>,James A. Ibers,0.405,0,0,0,1,1,0,0,0,0,0,0,0,[],false,false,false
<http://dbpedia.org/resource/Albert_Baird_Hastings>,Albert Baird Hastings,0.405,0,0,0,2,1,0,0,0,0,0,0,0,[],false,false,false
<http://dbpedia.org/resource/Mary_Seacole>,Mary Seacole,0.405,0,0,0,0,1,0,0,0,0,0,0,0,[],false,false,false
<http://dbpedia.org/resource/Mauro_Baranzini>,Mauro Baranzini,0.405,0,2,2,0,0,0,0,0,0,0,0,0,[],false,false,false
<http://dbpedia.org/resource/Gottfried_Christoph_Beireis>,Gottfried Christoph Beireis,0.405,0,0,0,1,1,0,0,0,0,0,0,0,[],false,false,false
<http://dbpedia.org/resource/William_Kingdon_Clifford>,William Kingdon Clifford,0.405,3,2,5,2,9,0,0,0,0,0,0,0,[],false,false,false
<http://dbpedia.org/resource/Mubarak_Ahmad_Khan>,Mubarak Ahmad Khan,0.405,0,0,0,1,4,0,0,0,0,0,0,0,[],false,false,false
<http://dbpedia.org/resource/Gerald_Gabrielse>,Gerald Gabrielse,0.405,0,0,0,2,1,0,0,0,0,0,0,0,[],false,false,false
"<http://dbpedia.org/resource/The_Mount_School,_York>","The Mount School, York",0.405,0,0,0,0,0,0,1,0,0,1,0,0,[],false,false,false
<http://dbpedia.org/resource/George_William_Hill>,George William Hill,0.405,2,2,4,1,3,0,0,0,0,0,0,0,[],false,false,false
<http://dbpedia.org/resource/Niki_Moutsopoulos>,Niki Moutsopoulos,0.405,0,1,1,2,0,0,0,0,0,0,0,0,[],false,false,false
<http://dbpedia.org/resource/Vyacheslav_Baburin>,Vyacheslav Baburin,0.405,0,2,2,1,0,0,0,0,0,0,0,0,[],false,false,false
<http://dbpedia.org/resource/Jeremy_Black_(assyriologist)>,Jeremy Black (assyriologist),0.405,0,0,0,1,1,0,0,0,0,0,0,0,[],false,false,false
<http://dbpedia.org/resource/Martha_Chase>,Martha Chase,0.405,0,0,0,2,1,0,0,0,0,0,0,0,[],false,false,false
<http://dbpedia.org/resource/Carolyn_Sufrin>,Carolyn Sufrin,0.405,0,1,1,5,0,0,0,0,0,0,0,0,[],false,false,false
<http://dbpedia.org/resource/Pankaj_Joshi_(physicist)>,Pankaj Joshi (physicist),0.405,0,0,0,2,2,0,0,0,0,0,0,0,[],false,false,false
<http://dbpedia.org/resource/Ryukyu_Kingdom>,Ryukyu Kingdom,0.405,0,0,0,0,0,0,5,0,0,0,0,0,[],false,false,false
<http://dbpedia.org/resource/Akito_Y._Kawahara>,Akito Y. Kawahara,0.405,0,0,0,1,1,0,0,0,0,0,0,0,[],false,false,false
<http://dbpedia.org/resource/Bernhard_Eduardovich_Petri>,Bernhard Eduardovich Petri,0.405,1,2,3,1,2,0,0,0,0,0,0,0,[],false,false,false
<http://dbpedia.org/resource/Bernhard_Schrader>,Bernhard Schrader,0.405,0,0,0,1,2,0,0,0,0,0,0,0,[],false,false,false
<http://dbpedia.org/resource/James_Israel>,James Israel,0.405,0,1,1,1,3,0,0,0,0,0,0,0,[],false,false,false
<http://dbpedia.org/resource/Richard_Baraniuk>,Richard Baraniuk,0.405,0,0,0,3,5,0,0,0,0,0,0,0,[],false,false,false
<http://dbpedia.org/resource/Chih-Jen_Lin>,Chih-Jen Lin,0.405,0,2,2,2,1,0,0,0,0,0,0,0,[],false,false,false
<http://dbpedia.org/resource/Raina_MacIntyre>,Raina MacIntyre,0.405,0,1,1,0,0,0,0,0,0,0,0,0,[],false,false,false
<http://dbpedia.org/resource/Joaquim_Veà_Baró>,Joaquim Veà Baró,0.405,0,1,1,1,0,0,0,0,0,0,0,0,[],false,false,false
<http://dbpedia.org/resource/Javanese_Surinamese>,Javanese Surinamese,0.405,0,0,0,0,0,0,4,0,0,0,0,2,[],false,false,false
<http://dbpedia.org/resource/George_Brock_(journalist)>,George Brock (journalist),0.405,0,2,2,1,0,0,0,0,0,0,0,0,[],false,false,false
<http://dbpedia.org/resource/Torbern_Bergman>,Torbern Bergman,0.405,0,1,1,1,1,0,0,0,0,0,0,0,[],false,false,false
<http://dbpedia.org/resource/Communist_Party_of_the_Philippines>,Communist Party of the Philippines,0.405,0,0,0,0,0,0,0,3,0,0,0,0,[],false,false,false
<http://dbpedia.org/resource/Anania_Shirakatsi>,Anania Shirakatsi,0.405,2,3,5,0,0,0,0,0,0,0,0,0,[],false,false,false
<http://dbpedia.org/resource/Sergey_Gulev>,Sergey Gulev,0.405,0,0,0,1,4,0,0,0,0,0,0,0,[],false,false,false
<http://dbpedia.org/resource/Lars_Bergström_(physicist)>,Lars Bergström (physicist),0.405,0,0,0,1,3,0,0,0,0,0,0,0,[],false,false,false
<http://dbpedia.org/resource/Maulvi_Sher_Ali>,Maulvi Sher Ali,0.405,0,2,2,0,0,0,0,0,0,0,0,0,[],false,false,false
<http://dbpedia.org/resource/Abdul_Majid_(physicist)>,Abdul Majid (physicist),0.405,0,1,1,1,2,0,0,0,0,0,0,0,[],false,false,false
<http://dbpedia.org/resource/Raphael_Tsu>,Raphael Tsu,0.405,0,0,0,0,1,0,0,0,0,0,0,0,[],false,false,false
<http://dbpedia.org/resource/Aleksandr_Nekrasov>,Aleksandr Nekrasov,0.405,0,2,2,1,0,0,0,0,0,0,0,0,[],false,false,false
<http://dbpedia.org/resource/Ellen_Silbergeld>,Ellen Silbergeld,0.405,0,0,0,2,1,0,0,0,0,0,0,0,[],false,false,false
<http://dbpedia.org/resource/Ronald_MacKeith>,Ronald MacKeith,0.405,2,2,4,1,0,0,0,0,0,0,0,0,[],false,false,false
<http://dbpedia.org/resource/Killer_Beaz>,Killer Beaz,0.405,0,2,2,0,0,0,0,0,0,0,0,0,[],false,false,false
<http://dbpedia.org/resource/Vatroslav_Jagić>,Vatroslav Jagić,0.405,1,1,2,1,0,0,0,0,0,0,0,0,[],false,false,false
<http://dbpedia.org/resource/John_Moorfield>,John Moorfield,0.405,0,2,2,0,0,0,0,0,0,0,0,0,[],false,false,false
<http://dbpedia.org/resource/Romani_people_in_Serbia>,Romani people in Serbia,0.405,0,0,0,0,0,0,4,0,0,0,0,2,[],false,false,false
<http://dbpedia.org/resource/Gillian_Wu>,Gillian Wu,0.405,0,0,0,1,1,0,0,0,0,0,0,0,[],false,false,false
<http://dbpedia.org/resource/Michael_Patrick_Stuart_Irwin>,Michael Patrick Stuart Irwin,0.405,0,2,2,0,0,0,0,0,0,0,0,0,[],false,false,false
<http://dbpedia.org/resource/Sidney_Loeb>,Sidney Loeb,0.405,0,0,0,3,1,0,0,0,0,0,0,0,[],false,false,false
<http://dbpedia.org/resource/Mortimer_Wheeler>,Mortimer Wheeler,0.405,1,2,3,1,0,0,0,0,0,0,0,0,[],false,false,false
<http://dbpedia.org/resource/Miguel_Ángel_Martínez-González>,Miguel Ángel Martínez-González,0.405,0,0,0,1,1,0,0,0,0,0,0,0,[],false,false,false
<http://dbpedia.org/resource/Julia_Cagé>,Julia Cagé,0.405,0,2,2,4,0,0,0,0,0,0,0,0,[Economics],false,false,false
<http://dbpedia.org/resource/Sikhulile_Moyo>,Sikhulile Moyo,0.405,0,0,0,4,1,0,0,0,0,0,0,0,[],false,false,false
<http://dbpedia.org/resource/Pierre-Simon_Laplace>,Pierre-Simon Laplace,0.405,1,0,1,1,33,0,0,0,0,0,0,0,[],false,false,false
<http://dbpedia.org/resource/St_Louise's_Comprehensive_College>,St Louise's Comprehensive College,0.405,0,0,0,0,0,0,1,0,0,2,0,0,[],false,false,false
<http://dbpedia.org/resource/Claude_Steele>,Claude Steele,0.405,0,2,2,2,2,0,0,0,0,0,0,0,[],false,false,false
<http://dbpedia.org/resource/Stephen_Kowalczykowski>,Stephen Kowalczykowski,0.405,0,0,0,3,7,0,0,0,0,0,0,0,[],false,false,false
<http://dbpedia.org/resource/Samson_Gemmell>,Samson Gemmell,0.405,0,1,1,1,1,0,0,0,0,0,0,0,[],false,false,false
<http://dbpedia.org/resource/Marvin_Chester>,Marvin Chester,0.405,0,0,0,1,1,0,0,0,0,0,0,0,[],false,false,false
<http://dbpedia.org/resource/People's_Union_(Nigeria)>,People's Union (Nigeria),0.405,0,0,0,0,0,0,0,1,0,0,0,0,[],false,false,false
<http://dbpedia.org/resource/Rollo_Beck>,Rollo Beck,0.405,0,2,2,0,0,0,0,0,0,0,0,0,[],false,false,false
<http://dbpedia.org/resource/Christopher_Jarzynski>,Christopher Jarzynski,0.405,0,0,0,2,1,0,0,0,0,0,0,0,[],false,false,false
<http://dbpedia.org/resource/Richard_Duffin>,Richard Duffin,0.405,0,0,0,1,3,0,0,0,0,0,0,0,[],false,false,false
<http://dbpedia.org/resource/Jean-Lou_Justine>,Jean-Lou Justine,0.405,0,0,0,2,2,0,0,0,0,0,0,0,[],false,false,false
<http://dbpedia.org/resource/Adolph_Winkler_Goodman>,Adolph Winkler Goodman,0.405,0,0,0,0,3,0,0,0,0,0,0,0,[],false,false,false
<http://dbpedia.org/resource/David_H._Gutmann>,David H. Gutmann,0.405,0,0,0,1,1,0,0,0,0,0,0,0,[],false,false,false
<http://dbpedia.org/resource/Ottoman_Empire>,Ottoman Empire,0.405,0,0,0,0,0,0,3,0,0,0,0,0,[],false,false,false
<http://dbpedia.org/resource/Philip_Hefner>,Philip Hefner,0.405,0,2,2,0,0,0,0,0,0,0,0,0,[],false,false,false
<http://dbpedia.org/resource/Konrad_Nielsen>,Konrad Nielsen,0.405,0,2,2,2,0,0,0,0,0,0,0,0,[],false,false,false
<http://dbpedia.org/resource/Wa_people>,Wa people,0.405,0,0,0,0,0,0,3,0,0,0,0,2,[],false,false,false
<http://dbpedia.org/resource/Friedrich_Meggendorfer>,Friedrich Meggendorfer,0.405,2,2,4,0,1,0,0,0,0,0,0,0,[],false,false,false
<http://dbpedia.org/resource/Rusyns>,Rusyns,0.405,0,0,0,0,0,0,2,0,0,0,0,1,[],false,false,false
<http://dbpedia.org/resource/Hannah_Riddell>,Hannah Riddell,0.405,0,0,0,0,1,0,0,0,0,0,0,0,[],false,false,false
<http://dbpedia.org/resource/Hans_Chiari>,Hans Chiari,0.405,0,2,2,0,3,0,0,0,0,0,0,0,[],false,false,false
<http://dbpedia.org/resource/John_E._Bercaw>,John E. Bercaw,0.405,0,0,0,0,1,0,0,0,0,0,0,0,[],false,false,false
<http://dbpedia.org/resource/United_Arab_Emirates>,United Arab Emirates,0.405,0,0,0,0,0,0,5,0,0,0,0,0,[],false,false,false
<http://dbpedia.org/resource/Sergiu_Floroaia>,Sergiu Floroaia,0.405,0,2,2,0,0,0,0,0,0,0,0,0,[],false,false,false
<http://dbpedia.org/resource/Michael_Creeth>,Michael Creeth,0.405,0,0,0,1,2,0,0,0,0,0,0,0,[],false,false,false
<http://dbpedia.org/resource/Diana_Valencia>,Diana Valencia,0.405,0,0,0,1,1,0,0,0,0,0,0,0,[],false,false,false
<http://dbpedia.org/resource/John_Boyd_Orr>,John Boyd Orr,0.405,0,2,2,1,0,0,0,0,0,0,0,0,[],false,false,false
<http://dbpedia.org/resource/Clara_Heyn>,Clara Heyn,0.405,0,0,0,1,1,0,0,0,0,0,0,0,[],false,false,false
<http://dbpedia.org/resource/Max_Garagnani>,Max Garagnani,0.405,0,0,0,2,1,0,0,0,0,0,0,0,[],false,false,false
<http://dbpedia.org/resource/Ingrid_Daubechies>,Ingrid Daubechies,0.405,0,0,0,1,1,0,0,0,0,0,0,0,[],false,false,false
<http://dbpedia.org/resource/John_Goldkamp>,John Goldkamp,0.405,0,2,2,0,1,0,0,0,0,0,0,0,[],false,false,false
<http://dbpedia.org/resource/Kristie_Boering>,Kristie Boering,0.405,0,1,1,2,0,0,0,0,0,0,0,0,[],false,false,false
<http://dbpedia.org/resource/Roger_Black_(actor)>,Roger Black (actor),0.405,0,2,2,0,0,0,0,0,0,0,0,0,[],false,false,false
<http://dbpedia.org/resource/Jorge_Sotomayor_Tello>,Jorge Sotomayor Tello,0.405,0,0,0,2,2,0,0,0,0,0,0,0,[],false,false,false
<http://dbpedia.org/resource/Ida_Halpern>,Ida Halpern,0.405,0,0,0,1,1,0,0,0,0,0,0,0,[],false,false,false
<http://dbpedia.org/resource/Gerhard_Carl_Schmidt>,Gerhard Carl Schmidt,0.405,0,0,0,0,2,0,0,0,0,0,0,0,[],false,false,false
<http://dbpedia.org/resource/Erika_Böhm-Vitense>,Erika Böhm-Vitense,0.405,0,0,0,1,2,0,0,0,0,0,0,0,[],false,false,false
<http://dbpedia.org/resource/Richard_Levine_(architect)>,Richard Levine (architect),0.405,0,2,2,2,3,0,0,0,0,0,0,0,[],false,false,false
<http://dbpedia.org/resource/Vlad_Voroninski>,Vlad Voroninski,0.405,0,0,0,2,1,0,0,0,0,0,0,0,[],false,false,false
<http://dbpedia.org/resource/Joachim_Frank>,Joachim Frank,0.405,0,0,0,0,2,0,0,0,0,0,0,0,[],false,false,false
<http://dbpedia.org/resource/Edgar_Allan_Poe>,Edgar Allan Poe,0.405,1,0,1,0,0,0,0,0,0,0,0,0,[],false,false,false
<http://dbpedia.org/resource/Portland_Academy_and_Female_Seminary>,Portland Academy and Female Seminary,0.405,0,0,0,0,0,0,1,0,0,2,0,0,[],false,false,false
<http://dbpedia.org/resource/John_R._Coryell>,John R. Coryell,0.405,0,0,0,0,2,0,0,0,0,0,0,0,[],false,false,false
<http://dbpedia.org/resource/Colegio_del_Pilar_(Madrid)>,Colegio del Pilar (Madrid),0.405,0,0,0,0,0,0,1,0,0,2,0,0,[],false,false,false
<http://dbpedia.org/resource/Arthur_Drews>,Arthur Drews,0.4047127507086626,0,5,5,0,0,0,0,0,0,0,0,0,[],false,false,false
<http://dbpedia.org/resource/Lev_Karsavin>,Lev Karsavin,0.40451875022037737,2,3,5,0,0,0,0,0,0,0,0,0,[],false,false,false
<http://dbpedia.org/resource/Xenophanes>,Xenophanes,0.40447935602678575,8,5,13,0,0,0,0,0,0,0,0,0,[],false,false,false
<http://dbpedia.org/resource/Open_Roberta>,Open Roberta,0.4042286525727077,0,2,2,0,0,0,0,0,0,0,0,0,[],false,false,false
<http://dbpedia.org/resource/Noam_Soker>,Noam Soker,0.40408928571428576,0,0,0,1,5,0,0,0,0,0,0,0,[],false,false,false
<http://dbpedia.org/resource/Piotr_Słonimski>,Piotr Słonimski,0.40393750000000006,0,0,0,0,1,0,0,0,0,0,0,0,[],false,false,false
<http://dbpedia.org/resource/Sandy_Toussaint>,Sandy Toussaint,0.4038706824077364,0,1,1,0,0,0,0,0,0,0,0,0,[],false,false,false
<http://dbpedia.org/resource/Kazem_Sadegh-Zadeh>,Kazem Sadegh-Zadeh,0.40380584949178033,0,4,4,0,0,0,0,0,0,0,0,0,[],false,false,false
<http://dbpedia.org/resource/Pierre_Antoine_Delalande>,Pierre Antoine Delalande,0.40351252652800706,0,2,2,0,0,0,0,0,0,0,0,0,[],false,false,false
<http://dbpedia.org/resource/Franciscus_van_den_Enden>,Franciscus van den Enden,0.40343238847427554,1,3,4,0,0,0,0,0,0,0,0,0,[],false,false,false
<http://dbpedia.org/resource/Svein_Haugsgjerd>,Svein Haugsgjerd,0.40339984574793913,0,1,1,0,0,0,0,0,0,0,0,0,[],false,false,false
<http://dbpedia.org/resource/Heinrich_Scholz>,Heinrich Scholz,0.4032233444750087,0,5,5,0,1,0,0,0,0,0,0,0,[],false,false,false
<http://dbpedia.org/resource/David_George_Ritchie>,David George Ritchie,0.4031686023730116,0,4,4,0,0,0,0,0,0,0,0,0,[],false,false,false
<http://dbpedia.org/resource/Henri_Bergson>,Henri Bergson,0.4030377641763076,56,12,68,0,0,0,0,0,0,0,0,0,[],false,false,false
<http://dbpedia.org/resource/Georges_Vacher_de_Lapouge>,Georges Vacher de Lapouge,0.4025730239183135,10,5,15,0,0,0,0,0,0,0,0,0,[],false,false,false
<http://dbpedia.org/resource/Sergei_Winogradsky>,Sergei Winogradsky,0.4022813510316368,3,4,7,1,3,0,0,0,0,0,0,0,[],false,false,false
<http://dbpedia.org/resource/Cool_(programming_language)>,Cool (programming language),0.40203286714024866,0,4,4,0,0,0,0,0,0,0,0,0,[],false,false,false
<http://dbpedia.org/resource/Kurds>,Kurds,0.4019642857142858,0,0,0,0,0,0,8,0,0,0,0,3,[],false,false,false
<http://dbpedia.org/resource/Lebanese_Shia_Muslims>,Lebanese Shia Muslims,0.4019642857142857,0,0,0,0,0,0,1,0,0,0,6,0,[],true,false,false
<http://dbpedia.org/resource/Ronna_Burger>,Ronna Burger,0.40190274775832324,0,5,5,0,0,0,0,0,0,0,0,0,[],false,false,false
<http://dbpedia.org/resource/Tomoko_Ohta>,Tomoko Ohta,0.40178412294550353,0,1,1,2,1,0,0,0,0,0,0,0,[],false,false,false
<http://dbpedia.org/resource/E._E._Ericksen>,E. E. Ericksen,0.4017088870419044,0,1,1,0,0,0,0,0,0,0,0,0,[],false,false,false
<http://dbpedia.org/resource/Hippocrates>,Hippocrates,0.4016387342736287,5,2,7,0,0,0,0,0,0,0,0,0,[],false,false,false
<http://dbpedia.org/resource/Insha-Allah_Rahmati>,Insha-Allah Rahmati,0.40116881405312005,0,6,6,0,0,0,0,0,0,0,0,0,[],false,false,false
<http://dbpedia.org/resource/Pyrrho>,Pyrrho,0.4010663221006133,9,5,14,0,0,0,0,0,0,0,0,0,[],false,false,false
<http://dbpedia.org/resource/James_L._Patton>,James L. Patton,0.4009206332514785,0,4,4,1,0,0,0,0,0,0,0,0,[],false,false,false
<http://dbpedia.org/resource/Frederick_Vinton_Hunt>,Frederick Vinton Hunt,0.4009059399034444,0,0,0,2,1,0,0,0,0,0,0,0,[],false,false,false
<http://dbpedia.org/resource/Andrzej_Nowicki_(philosopher)>,Andrzej Nowicki (philosopher),0.400737005749528,0,1,1,0,0,0,0,0,0,0,0,0,[],false,false,false
<http://dbpedia.org/resource/Jean-Louis_Chrétien>,Jean-Louis Chrétien,0.4007338590519632,0,9,9,0,0,0,0,0,0,0,0,0,[],false,false,false
<http://dbpedia.org/resource/Favorinus>,Favorinus,0.40069955603042784,5,4,9,0,0,0,0,0,0,0,0,0,[],false,false,false
<http://dbpedia.org/resource/Louis_Wicker>,Louis Wicker,0.40069794627332145,0,3,3,2,0,0,0,0,0,0,0,0,[],false,false,false
<http://dbpedia.org/resource/Margaret_Archer>,Margaret Archer,0.40031663108822996,0,2,2,0,0,0,0,0,0,0,0,0,[],false,false,false
<http://dbpedia.org/resource/Dorothea_De_Winton>,Dorothea De Winton,0.40004166666666674,0,2,2,0,0,0,0,0,0,0,0,0,[],false,false,false
<http://dbpedia.org/resource/Étienne_Gilson>,Étienne Gilson,0.39992803617038314,12,9,21,0,0,0,0,0,0,0,0,0,[],false,false,false
<http://dbpedia.org/resource/Tina_Besley>,Tina Besley,0.3997737773550637,0,7,7,1,0,0,0,0,0,0,0,0,[],false,false,false
<http://dbpedia.org/resource/Nikolai_Brashman>,Nikolai Brashman,0.39968041806702354,1,0,1,2,2,0,0,0,0,0,0,0,[],false,false,false
<http://dbpedia.org/resource/Élise_Huillery>,Élise Huillery,0.3996589966922054,0,2,2,0,0,0,0,0,0,0,0,0,[],false,false,false
<http://dbpedia.org/resource/Attila_Szabo_(scientist)>,Attila Szabo (scientist),0.39932585077115357,5,1,6,2,0,0,0,0,0,0,0,0,[],false,false,false
<http://dbpedia.org/resource/Frederic_M._Richards>,Frederic M. Richards,0.39918025702214516,2,2,4,2,2,0,0,0,0,0,0,0,[],false,false,false
<http://dbpedia.org/resource/Alex_Filippenko>,Alex Filippenko,0.3990963809724694,0,0,0,0,1,0,0,0,0,0,0,0,[],false,false,false
<http://dbpedia.org/resource/Robert_Francis_Scharff>,Robert Francis Scharff,0.39909195963638777,3,2,5,1,0,0,0,0,0,0,0,0,[],false,false,false
<http://dbpedia.org/resource/Cameleon_(programming_language)>,Cameleon (programming language),0.3990493359375,0,1,1,0,0,0,0,0,0,0,0,0,[],false,false,false
<http://dbpedia.org/resource/Critical_Theory>,Critical Theory,0.39903836007556026,2,0,2,0,0,0,0,0,0,0,0,0,[],false,false,false
<http://dbpedia.org/resource/Concurrent_Euclid>,Concurrent Euclid,0.3989972943439632,2,2,4,0,0,0,0,0,0,0,0,0,[],false,false,false
<http://dbpedia.org/resource/Richard_Kearney>,Richard Kearney,0.3989804283791483,0,5,5,0,0,0,0,0,0,0,0,0,[],false,false,false
<http://dbpedia.org/resource/Pervez_Musharraf>,Pervez Musharraf,0.3989571169299486,0,1,1,4,0,0,0,0,0,0,0,0,[],false,false,false
<http://dbpedia.org/resource/Friedrich_Heinrich_Jacobi>,Friedrich Heinrich Jacobi,0.398928920155967,10,9,19,0,0,0,0,0,0,0,0,0,[],false,false,false
<http://dbpedia.org/resource/Zygmunt_Ziembiński>,Zygmunt Ziembiński,0.3988965216466064,0,3,3,1,1,0,0,0,0,0,0,0,[],false,false,false
<http://dbpedia.org/resource/Angela_Little_(academic)>,Angela Little (academic),0.39886375448596384,0,4,4,4,0,0,0,0,0,0,0,0,[],false,false,false
<http://dbpedia.org/resource/Bernard_of_Clairvaux>,Bernard of Clairvaux,0.3986433241798565,7,2,9,0,0,0,0,0,0,0,0,0,[],false,false,false
<http://dbpedia.org/resource/Alevtina_Shmeleva>,Alevtina Shmeleva,0.39862500000000006,0,2,2,0,1,0,0,0,0,0,0,0,[],false,false,false
<http://dbpedia.org/resource/Jason_Stanley>,Jason Stanley,0.3985065905902422,0,1,1,0,0,0,0,0,0,0,0,0,[],false,false,false
<http://dbpedia.org/resource/Hans_Kamp>,Hans Kamp,0.39842009857076255,2,3,5,0,0,0,0,0,0,0,0,0,[],false,false,false
<http://dbpedia.org/resource/David_H._Barlow>,David H. Barlow,0.39819231072804595,0,2,2,3,4,0,0,0,0,0,0,0,[],false,false,false
<http://dbpedia.org/resource/Gaetano_da_Thiene_(philosopher)>,Gaetano da Thiene (philosopher),0.39798842702396103,0,2,2,0,0,0,0,0,0,0,0,0,[],false,false,false
<http://dbpedia.org/resource/Chris_Lintott>,Chris Lintott,0.39787715394711637,0,1,1,2,2,0,0,0,0,0,0,0,[],false,false,false
<http://dbpedia.org/resource/XPath>,XPath,0.39767651982565394,4,2,6,0,0,0,0,0,0,0,0,0,[],false,false,false
<http://dbpedia.org/resource/OCaml>,OCaml,0.39763012414538834,15,6,21,0,0,0,0,0,0,0,0,0,[],false,false,false
<http://dbpedia.org/resource/David_Malet_Armstrong>,David Malet Armstrong,0.39735969006394345,1,2,3,0,0,0,0,0,0,0,0,0,[],false,false,false
<http://dbpedia.org/resource/Lucien_Goldmann>,Lucien Goldmann,0.3971795117698656,1,5,6,0,0,0,0,0,0,0,0,0,[],false,false,false
<http://dbpedia.org/resource/Miguel_Figueroa>,Miguel Figueroa,0.39694747374903966,0,1,1,0,0,0,0,0,0,0,0,0,[],false,false,false
<http://dbpedia.org/resource/Jacob_Appelbaum>,Jacob Appelbaum,0.39656558080531146,0,0,0,0,4,0,0,0,0,0,0,0,[],false,false,false
<http://dbpedia.org/resource/Richard_Velkley>,Richard Velkley,0.39651072921460484,0,6,6,0,0,0,0,0,0,0,0,0,[],false,false,false
<http://dbpedia.org/resource/Heinrich_Zimmer>,Heinrich Zimmer,0.3964143451901768,1,1,2,0,0,0,0,0,0,0,0,0,[],false,false,false
<http://dbpedia.org/resource/Franz_Rosenzweig>,Franz Rosenzweig,0.396010325919457,12,8,20,0,0,0,0,0,0,0,0,0,[],false,false,false
<http://dbpedia.org/resource/Leonid_Kantorovich>,Leonid Kantorovich,0.3956730136350921,0,0,0,1,10,0,0,0,0,0,0,0,[],false,false,false
<http://dbpedia.org/resource/XQuery>,XQuery,0.39560834375663234,1,3,4,0,0,0,0,0,0,0,0,0,[],false,false,false
<http://dbpedia.org/resource/Qore_(programming_language)>,Qore (programming language),0.3955460268271105,0,5,5,0,0,0,0,0,0,0,0,0,[],false,false,false
<http://dbpedia.org/resource/Joseph_Margolis>,Joseph Margolis,0.3955258852449795,0,8,8,0,0,0,0,0,0,0,0,0,[],false,false,false
<http://dbpedia.org/resource/Nicolai_Hartmann>,Nicolai Hartmann,0.395471209404805,6,7,13,0,0,0,0,0,0,0,0,0,[],false,false,false
<http://dbpedia.org/resource/Praspel>,Praspel,0.39543750000000005,0,2,2,0,0,0,0,0,0,0,0,0,[],false,false,false
<http://dbpedia.org/resource/Peter_Grünberg>,Peter Grünberg,0.39543750000000005,0,0,0,1,1,0,0,0,0,0,0,0,[],false,false,false
<http://dbpedia.org/resource/Yanis_Varoufakis>,Yanis Varoufakis,0.3951354560922159,1,7,8,3,0,0,0,0,0,0,0,0,[],false,false,false
<http://dbpedia.org/resource/Peter_Trapa>,Peter Trapa,0.3950140774002425,0,3,3,0,0,0,0,0,0,0,0,0,[],false,false,false
<http://dbpedia.org/resource/Ian_Shapiro>,Ian Shapiro,0.394953068328821,0,3,3,0,0,0,0,0,0,0,0,0,[],false,false,false
<http://dbpedia.org/resource/Francis_Parker_Yockey>,Francis Parker Yockey,0.39485121829445985,1,3,4,2,0,0,0,0,0,0,0,0,[],false,false,false
<http://dbpedia.org/resource/John_Fauvel>,John Fauvel,0.39482777675144454,2,2,4,2,1,0,0,0,0,0,0,0,[],false,false,false
<http://dbpedia.org/resource/Jordan_Peterson>,Jordan Peterson,0.3948138002473242,0,3,3,0,0,0,0,0,0,0,0,0,[],false,false,false
<http://dbpedia.org/resource/Cheltenham_Ladies'_College>,Cheltenham Ladies' College,0.3943750000000001,0,0,0,0,0,0,1,0,0,6,0,0,[],false,false,false
<http://dbpedia.org/resource/Ivar_Jacobson>,Ivar Jacobson,0.3942358211684835,2,3,5,2,6,0,0,0,0,0,0,0,[],false,false,false
<http://dbpedia.org/resource/Leonard_Read>,Leonard Read,0.3938676600317715,0,8,8,0,0,0,0,0,0,0,0,0,[],false,false,false
<http://dbpedia.org/resource/Chez_Scheme>,Chez Scheme,0.39356782902339904,0,2,2,0,0,0,0,0,0,0,0,0,[],false,false,false
<http://dbpedia.org/resource/Russell_L._Ackoff>,Russell L. Ackoff,0.3935329037694967,1,1,2,1,3,0,0,0,0,0,0,0,[],false,false,false
<http://dbpedia.org/resource/Rosi_Braidotti>,Rosi Braidotti,0.3928218303408566,0,5,5,0,0,0,0,0,0,0,0,0,[],false,false,false
<http://dbpedia.org/resource/Irene_Claremont_de_Castillejo>,Irene Claremont de Castillejo,0.3927864316158586,0,3,3,2,0,0,0,0,0,0,0,0,[],false,false,false
<http://dbpedia.org/resource/Эль-76>,Эль-76,0.3927281250000001,0,2,2,0,0,0,0,0,0,0,0,0,[],false,false,false
<http://dbpedia.org/resource/Pierre_Gassendi>,Pierre Gassendi,0.3927158729030095,15,8,23,0,0,0,0,0,0,0,0,0,[],false,false,false
<http://dbpedia.org/resource/Agatha_Chapman>,Agatha Chapman,0.39257346989928404,0,3,3,0,0,0,0,0,0,0,0,0,[Economics],false,false,false
<http://dbpedia.org/resource/Rick_Miller_(comedian)>,Rick Miller (comedian),0.3925378542892236,0,2,2,0,0,0,0,0,0,0,0,0,[],false,false,false
<http://dbpedia.org/resource/Max_Horkheimer>,Max Horkheimer,0.39224798320886106,9,9,18,0,0,0,0,0,0,0,0,0,[],false,false,false
<http://dbpedia.org/resource/Karl-Otto_Apel>,Karl-Otto Apel,0.3922413126023898,3,5,8,0,0,0,0,0,0,0,0,0,[],false,false,false
<http://dbpedia.org/resource/TMG_(language)__Unix_TMG__1>,TMG (language)  Unix TMG  1,0.3920635913072432,2,4,6,0,0,0,0,0,0,0,0,0,[],false,false,false
<http://dbpedia.org/resource/Althusius>,Althusius,0.39185207195270216,0,1,1,0,0,0,0,0,0,0,0,0,[],false,false,false
<http://dbpedia.org/resource/Werner_Rolfinck>,Werner Rolfinck,0.3918171976198263,0,0,0,0,2,0,0,0,0,0,0,0,[],false,false,false
<http://dbpedia.org/resource/Paul_Markowski>,Paul Markowski,0.39177379340277785,0,1,1,2,1,0,0,0,0,0,0,0,[],false,false,false
<http://dbpedia.org/resource/Douglas_Osheroff>,Douglas Osheroff,0.391639422861601,0,1,1,2,2,0,0,0,0,0,0,0,[],false,false,false
<http://dbpedia.org/resource/Patricia_McKinsey_Crittenden>,Patricia McKinsey Crittenden,0.39161984365094227,0,4,4,1,0,0,0,0,0,0,0,0,[],false,false,false
<http://dbpedia.org/resource/Emil_Fackenheim>,Emil Fackenheim,0.3914532771692589,2,10,12,0,0,0,0,0,0,0,0,0,[],false,false,false
<http://dbpedia.org/resource/Joins_(concurrency_library)>,Joins (concurrency library),0.3914087090868309,0,1,1,0,0,0,0,0,0,0,0,0,[],false,false,false
<http://dbpedia.org/resource/Poliziano>,Poliziano,0.391294720034469,0,2,2,0,0,0,0,0,0,0,0,0,[],false,false,false
<http://dbpedia.org/resource/PL/I>,PL/I,0.3912144421352434,15,5,20,0,0,0,0,0,0,0,0,0,[],false,false,false
<http://dbpedia.org/resource/Abu_Turab_al-Zahiri>,Abu Turab al-Zahiri,0.3911875,1,1,2,0,0,0,1,0,0,0,0,0,[],false,false,false
<http://dbpedia.org/resource/Niftawayh>,Niftawayh,0.3911875,0,1,1,0,0,0,1,0,0,0,0,0,[],false,false,false
<http://dbpedia.org/resource/Nicolas_Fatio_de_Duillier>,Nicolas Fatio de Duillier,0.3911625062325191,2,3,5,1,3,0,0,0,0,0,0,0,[],false,false,false
<http://dbpedia.org/resource/Hugh_Iltis>,Hugh Iltis,0.390975,0,0,0,0,2,0,0,0,0,0,0,0,[],false,false,false
<http://dbpedia.org/resource/Ahmad_ibn_Ajiba>,Ahmad ibn Ajiba,0.3906083931673184,0,2,2,0,0,0,0,0,0,0,0,0,[],false,false,false
<http://dbpedia.org/resource/Gorgias>,Gorgias,0.39034198027815126,4,4,8,0,0,0,0,0,0,0,0,0,[],false,false,false
<http://dbpedia.org/resource/Nikolay_Zhukovsky_(scientist)>,Nikolay Zhukovsky (scientist),0.3899827663669794,0,3,3,1,0,0,0,0,0,0,0,0,[],false,false,false
<http://dbpedia.org/resource/Tritium_(programming_language)>,Tritium (programming language),0.3899533979644727,0,2,2,0,0,0,0,0,0,0,0,0,[],false,false,false
<http://dbpedia.org/resource/George_Herbert_Mead>,George Herbert Mead,0.3898270211472204,9,4,13,0,0,0,0,0,0,0,0,0,[],false,false,false
<http://dbpedia.org/resource/Robley_C._Williams>,Robley C. Williams,0.3896587100655253,0,2,2,1,1,0,0,0,0,0,0,0,[],false,false,false
<http://dbpedia.org/resource/Adamantios_Korais>,Adamantios Korais,0.3893876196846513,4,4,8,0,0,0,0,0,0,0,0,0,[],false,false,false
<http://dbpedia.org/resource/Peter_Huxley-Blythe__Peter_Huxley-Blythe__1>,Peter Huxley-Blythe  Peter Huxley-Blythe  1,0.3893744879627238,3,2,5,0,0,0,0,0,0,0,0,0,[],false,false,false
<http://dbpedia.org/resource/Samer_Hassan>,Samer Hassan,0.3892790953544777,0,3,3,2,0,0,0,0,0,0,0,0,[],false,false,false
<http://dbpedia.org/resource/Eric_Bergenn>,Eric Bergenn,0.38921737256588035,0,1,1,0,0,0,0,0,0,0,0,0,[],false,false,false
<http://dbpedia.org/resource/Evan_McCarthy>,Evan McCarthy,0.38921737256588035,0,1,1,0,0,0,0,0,0,0,0,0,[],false,false,false
<http://dbpedia.org/resource/John_Akeroyd>,John Akeroyd,0.38919131749329233,0,3,3,0,1,0,0,0,0,0,0,0,[],false,false,false
<http://dbpedia.org/resource/Q_(programming_language_from_Kx_Systems)__q__1>,Q (programming language from Kx Systems)  q  1,0.38913626197510603,0,4,4,0,0,0,0,0,0,0,0,0,[],false,false,false
<http://dbpedia.org/resource/Peter_G._Harrison>,Peter G. Harrison,0.3891315398451399,0,0,0,2,1,0,0,0,0,0,0,0,[],false,false,false
<http://dbpedia.org/resource/Anthony_Steinbock>,Anthony Steinbock,0.3890961621529783,0,6,6,0,0,0,0,0,0,0,0,0,[],false,false,false
<http://dbpedia.org/resource/Paul_Mattick>,Paul Mattick,0.3890697118474473,0,2,2,0,2,0,0,0,0,0,0,0,[],false,false,false
<http://dbpedia.org/resource/Costanzo_Preve>,Costanzo Preve,0.3890482089892393,1,9,10,0,0,0,0,0,0,0,0,0,[],false,false,false
<http://dbpedia.org/resource/Juan_Bautista_Ambrosetti>,Juan Bautista Ambrosetti,0.3889422408563004,0,1,1,0,0,0,0,0,0,0,0,0,[],false,false,false
<http://dbpedia.org/resource/BBC_BASIC>,BBC BASIC,0.3887138334895059,0,3,3,0,0,0,0,0,0,0,0,0,[],false,false,false
<http://dbpedia.org/resource/Joseph_Liouville>,Joseph Liouville,0.3883703871026777,0,0,0,1,3,0,0,0,0,0,0,0,[],false,false,false
<http://dbpedia.org/resource/Isabelle_Stengers>,Isabelle Stengers,0.3882200216496322,1,6,7,0,0,0,0,0,0,0,0,0,[],false,false,false
<http://dbpedia.org/resource/Wilhelm_Kühne>,Wilhelm Kühne,0.38817690569935,0,1,1,1,4,0,0,0,0,0,0,0,[],false,false,false
<http://dbpedia.org/resource/Jean-Louis_Michon>,Jean-Louis Michon,0.3881516252908055,0,3,3,0,0,0,0,0,0,0,0,0,[],false,false,false
<http://dbpedia.org/resource/Brigitte_Secard>,Brigitte Secard,0.3879897534690884,0,8,8,0,0,0,0,0,0,0,0,0,[],false,false,false
<http://dbpedia.org/resource/Ted_Kaczynski>,Ted Kaczynski,0.3879453981535589,0,2,2,0,0,0,0,0,0,0,0,0,[],false,false,false
<http://dbpedia.org/resource/Donald_Pigott>,Donald Pigott,0.3878438698692985,0,2,2,0,1,0,0,0,0,0,0,0,[],false,false,false
<http://dbpedia.org/resource/Flix_(programming_language)>,Flix (programming language),0.3876121319633525,0,4,4,0,0,0,0,0,0,0,0,0,[],false,false,false
<http://dbpedia.org/resource/Loren_Eiseley>,Loren Eiseley,0.38757948182932644,0,5,5,2,3,0,0,0,0,0,0,0,[],false,false,false
<http://dbpedia.org/resource/H._Richard_Niebuhr>,H. Richard Niebuhr,0.3875631526284044,1,3,4,0,0,0,0,0,0,0,0,0,[],false,false,false
<http://dbpedia.org/resource/Pieter_van_Musschenbroek>,Pieter van Musschenbroek,0.387411209552041,1,0,1,1,3,0,0,0,0,0,0,0,[],false,false,false
<http://dbpedia.org/resource/Saddek_Rabah>,Saddek Rabah,0.3874078891246406,0,4,4,0,0,0,0,0,0,0,0,0,[],false,false,false
<http://dbpedia.org/resource/Jacques_Drèze>,Jacques Drèze,0.38728168757114667,4,7,11,2,0,0,0,0,0,0,0,0,"[Econometrics, Economic policy, Economic theory, Operations research]",false,false,false
<http://dbpedia.org/resource/Robert_C._Solomon>,Robert C. Solomon,0.387109487450968,0,5,5,0,0,0,0,0,0,0,0,0,[],false,false,false
<http://dbpedia.org/resource/Antonio_Musa_Brassavola>,Antonio Musa Brassavola,0.3871082203187837,0,1,1,1,0,0,0,0,0,0,0,0,[],false,false,false
<http://dbpedia.org/resource/Ruth_Baker>,Ruth Baker,0.38703445312500007,0,0,0,0,2,0,0,0,0,0,0,0,[],false,false,false
<http://dbpedia.org/resource/Pierre_Clastres>,Pierre Clastres,0.3866915988386045,2,8,10,1,1,0,0,0,0,0,0,0,[],false,false,false
<http://dbpedia.org/resource/Susan_Brison>,Susan Brison,0.38596583503765197,0,3,3,0,0,0,0,0,0,0,0,0,[],false,false,false
<http://dbpedia.org/resource/Colin_Pittendrigh>,Colin Pittendrigh,0.385875,0,1,1,2,1,0,0,0,0,0,0,0,[],false,false,false
<http://dbpedia.org/resource/Harry_Smith_(botanist)>,Harry Smith (botanist),0.385875,1,0,1,2,1,0,0,0,0,0,0,0,[],false,false,false
<http://dbpedia.org/resource/Abraham_Joshua_Heschel>,Abraham Joshua Heschel,0.385875,0,1,1,0,0,0,0,0,0,0,0,0,[],false,false,false
<http://dbpedia.org/resource/VAX_MACRO>,VAX MACRO,0.385875,0,1,1,0,0,0,0,0,0,0,0,0,[],false,false,false
<http://dbpedia.org/resource/Wolfgang_Tillmans>,Wolfgang Tillmans,0.385875,0,1,1,0,0,0,0,0,0,0,0,0,[],false,false,false
<http://dbpedia.org/resource/William_Fletcher_Shaw>,William Fletcher Shaw,0.385875,0,1,1,0,1,0,0,0,0,0,0,0,[],false,false,false
<http://dbpedia.org/resource/Asymptote_(vector_graphics_language)>,Asymptote (vector graphics language),0.385875,0,1,1,0,0,0,0,0,0,0,0,0,[],false,false,false
<http://dbpedia.org/resource/Oksana_Zabuzhko>,Oksana Zabuzhko,0.385875,0,1,1,0,0,0,0,0,0,0,0,0,[],false,false,false
<http://dbpedia.org/resource/Neil_deGrasse_Tyson>,Neil deGrasse Tyson,0.385875,1,0,1,0,0,0,0,0,0,0,0,0,[],false,false,false
<http://dbpedia.org/resource/St_Ignatius'_College>,St Ignatius' College,0.385875,0,0,0,0,0,0,1,0,0,1,0,0,[],false,false,false
<http://dbpedia.org/resource/Ibrahim_ibn_Ya'qub_al-Juzajani>,Ibrahim ibn Ya'qub al-Juzajani,0.385875,0,1,1,0,0,0,1,0,0,0,0,0,[],false,false,false
<http://dbpedia.org/resource/Dante>,Dante,0.385875,4,1,5,0,0,0,0,0,0,0,0,0,[],false,false,false
<http://dbpedia.org/resource/John_Zubek>,John Zubek,0.385875,0,0,0,0,3,0,0,0,0,0,0,0,[],false,false,false
<http://dbpedia.org/resource/Ali_Ramitani>,Ali Ramitani,0.385875,1,1,2,0,0,0,0,0,0,0,0,0,[],false,false,false
<http://dbpedia.org/resource/B._E._Vijayam>,B. E. Vijayam,0.385875,0,1,1,5,0,0,0,0,0,0,0,0,[],false,false,false
<http://dbpedia.org/resource/Howard_Brett_Frost>,Howard Brett Frost,0.385875,0,1,1,0,0,0,0,0,0,0,0,0,[],false,false,false
<http://dbpedia.org/resource/Chris_Mattmann>,Chris Mattmann,0.385875,0,0,0,0,4,0,0,0,0,0,0,0,[],false,false,false
<http://dbpedia.org/resource/Øystein_Sørensen>,Øystein Sørensen,0.385875,0,1,1,0,0,0,0,0,0,0,0,0,[],false,false,false
<http://dbpedia.org/resource/Merton_Utter>,Merton Utter,0.385875,0,1,1,0,0,0,0,0,0,0,0,0,[],false,false,false
<http://dbpedia.org/resource/Gerd_U._Auffarth>,Gerd U. Auffarth,0.38559828515625,0,3,3,3,3,0,0,0,0,0,0,0,[],false,false,false
<http://dbpedia.org/resource/Martin_Hägglund>,Martin Hägglund,0.3855807564616801,0,5,5,0,0,0,0,0,0,0,0,0,[],false,false,false
<http://dbpedia.org/resource/Semantic_Web>,Semantic Web,0.38554340720858177,0,1,1,0,0,0,0,0,0,0,0,0,[],false,false,false
<http://dbpedia.org/resource/BCPL>,BCPL,0.385398384337182,5,2,7,0,0,0,0,0,0,0,0,0,[],false,false,false
<http://dbpedia.org/resource/Peter_Abelard>,Peter Abelard,0.38506546795615265,3,4,7,0,0,0,0,0,0,0,0,0,[],false,false,false
<http://dbpedia.org/resource/John_Etchemendy>,John Etchemendy,0.3850442949738001,0,2,2,0,0,0,0,0,0,0,0,0,[],false,false,false
<http://dbpedia.org/resource/Gilbert_Ryle>,Gilbert Ryle,0.3849843689653971,15,6,21,0,0,0,0,0,0,0,0,0,[],false,false,false
<http://dbpedia.org/resource/Godfrey_Hewitt>,Godfrey Hewitt,0.38481250000000006,0,1,1,2,1,0,0,0,0,0,0,0,[],false,false,false
<http://dbpedia.org/resource/Object_Pascal>,Object Pascal,0.38477687821091316,8,4,12,0,0,0,0,0,0,0,0,0,[],false,false,false
<http://dbpedia.org/resource/Noam_Chomsky>,Noam Chomsky,0.38463231069572684,14,11,25,0,0,0,0,0,0,0,0,0,[],false,false,false
<http://dbpedia.org/resource/Stephen_A._Mitchell_(psychologist)>,Stephen A. Mitchell (psychologist),0.3845249136491284,1,3,4,0,1,0,0,0,0,0,0,0,[],false,false,false
<http://dbpedia.org/resource/Shou-Wu_Zhang>,Shou-Wu Zhang,0.3845101429043333,0,3,3,0,0,0,0,0,0,0,0,0,[],false,false,false
<http://dbpedia.org/resource/Santiago_Zabala>,Santiago Zabala,0.3845068905928259,0,5,5,0,0,0,0,0,0,0,0,0,[],false,false,false
<http://dbpedia.org/resource/Georg_Friedrich_Meier>,Georg Friedrich Meier,0.38435417732504545,1,3,4,0,0,0,0,0,0,0,0,0,[],false,false,false
<http://dbpedia.org/resource/Michael_Huemer>,Michael Huemer,0.3840540991144732,1,5,6,0,0,0,0,0,0,0,0,0,[],false,false,false
<http://dbpedia.org/resource/Joseph-Louis_Lagrange>,Joseph-Louis Lagrange,0.3840077479098811,2,3,5,1,7,0,0,0,0,0,0,0,[],false,false,false
<http://dbpedia.org/resource/QB64>,QB64,0.3837898437500001,0,3,3,0,0,0,0,0,0,0,0,0,[],false,false,false
<http://dbpedia.org/resource/David_Corfield>,David Corfield,0.383773828936408,0,2,2,0,0,0,0,0,0,0,0,0,[],false,false,false
<http://dbpedia.org/resource/Surrealism>,Surrealism,0.38375000000000004,1,0,1,0,0,0,0,0,1,0,0,0,[],false,false,false
"<http://dbpedia.org/resource/Royal_High_School,_Edinburgh>","Royal High School, Edinburgh",0.38375000000000004,0,0,0,0,0,0,1,0,0,3,0,0,[],false,false,false
<http://dbpedia.org/resource/Alan_M._Roberts>,Alan M. Roberts,0.38375000000000004,0,2,2,2,0,0,0,0,0,0,0,0,[],false,false,false
<http://dbpedia.org/resource/Dover_College>,Dover College,0.38375000000000004,0,0,0,0,0,0,1,0,0,3,0,0,[],false,false,false
<http://dbpedia.org/resource/John_Brown_(abolitionist)>,John Brown (abolitionist),0.38375000000000004,0,0,0,0,2,0,0,0,0,0,0,0,[],false,false,false
<http://dbpedia.org/resource/Bahrain>,Bahrain,0.38375000000000004,0,0,0,0,0,0,7,0,0,0,0,0,[],false,false,false
<http://dbpedia.org/resource/Gerardus_Mercator>,Gerardus Mercator,0.38375000000000004,2,3,5,0,3,0,0,0,0,0,0,0,[],false,false,false
<http://dbpedia.org/resource/Romani_people>,Romani people,0.38375000000000004,0,0,0,0,0,0,6,0,0,0,0,2,[],false,false,false
<http://dbpedia.org/resource/Assyrian_people>,Assyrian people,0.38375000000000004,0,0,0,0,0,0,4,0,0,0,0,4,[],false,false,false
<http://dbpedia.org/resource/Paul_Otlet>,Paul Otlet,0.38375000000000004,16,3,19,2,1,0,0,0,0,0,0,0,[],false,false,false
<http://dbpedia.org/resource/St_Kieran's_College>,St Kieran's College,0.38375000000000004,0,0,0,0,0,0,1,0,0,3,0,0,[],false,false,false
<http://dbpedia.org/resource/Perl_Data_Language>,Perl Data Language,0.38372274351618485,0,3,3,0,0,0,0,0,0,0,0,0,[],false,false,false
<http://dbpedia.org/resource/Nicolaus_Taurellus>,Nicolaus Taurellus,0.3837121883359712,0,1,1,0,0,0,0,0,0,0,0,0,[],false,false,false
<http://dbpedia.org/resource/Second_scholasticism>,Second scholasticism,0.3837121883359712,0,1,1,0,0,0,0,0,0,0,0,0,[],false,false,false
<http://dbpedia.org/resource/Charles_Sutherland_Elton>,Charles Sutherland Elton,0.38367079127449977,1,3,4,1,2,0,0,0,0,0,0,0,[],false,false,false
<http://dbpedia.org/resource/Rudolf_Leuckart>,Rudolf Leuckart,0.3836466739552879,1,0,1,1,2,0,0,0,0,0,0,0,[],false,false,false
<http://dbpedia.org/resource/James_V._Schall>,James V. Schall,0.3835415536844592,0,3,3,0,1,0,0,0,0,0,0,0,[],false,false,false
<http://dbpedia.org/resource/J._L._Austin>,J. L. Austin,0.3835323846776694,10,9,19,0,0,0,0,0,0,0,0,0,[],false,false,false
<http://dbpedia.org/resource/Allen_Ginsberg>,Allen Ginsberg,0.38321914733161855,0,2,2,0,0,0,0,0,0,0,0,0,[],false,false,false
<http://dbpedia.org/resource/Peter_Wessel_Zapffe>,Peter Wessel Zapffe,0.38301871234672313,2,6,8,0,0,0,0,0,0,0,0,0,[],false,false,false
<http://dbpedia.org/resource/P._F._Strawson>,P. F. Strawson,0.3828203024055267,11,6,17,0,0,0,0,0,0,0,0,0,[],false,false,false
<http://dbpedia.org/resource/Lorella_Cedroni>,Lorella Cedroni,0.3827210780188036,0,2,2,0,0,0,0,0,0,0,0,0,[],false,false,false
<http://dbpedia.org/resource/Louis_Pasteur>,Louis Pasteur,0.3825677329214939,5,3,8,0,5,0,0,0,0,0,0,0,[],false,false,false
<http://dbpedia.org/resource/Thomas_Piketty>,Thomas Piketty,0.38252257879804213,1,6,7,3,0,0,0,0,0,0,0,0,"[Economic history, Public economics]",false,false,false
<http://dbpedia.org/resource/Hamid_Dabashi>,Hamid Dabashi,0.38248541337105396,0,11,11,0,0,0,0,0,0,0,0,0,[],false,false,false
<http://dbpedia.org/resource/Tony_Lawson>,Tony Lawson,0.38218856073168156,0,6,6,0,0,0,0,0,0,0,0,0,[],false,false,false
<http://dbpedia.org/resource/Christopher_Clavius>,Christopher Clavius,0.38214666192341007,0,3,3,1,2,0,0,0,0,0,0,0,[],false,false,false
<http://dbpedia.org/resource/Stan_Zin>,Stan Zin,0.38214197461163796,0,6,6,3,0,0,0,0,0,0,0,0,"[Macroeconomics, Finance]",false,false,false
<http://dbpedia.org/resource/Marcus_Aurelius>,Marcus Aurelius,0.38203707724941655,3,4,7,0,0,0,0,0,0,0,0,0,[],false,false,false
<http://dbpedia.org/resource/Anastasios_Christomanos>,Anastasios Christomanos,0.3820002325979144,0,1,1,3,0,0,0,0,0,0,0,0,[],false,false,false
<http://dbpedia.org/resource/Oliver_Wendell_Holmes_Jr.>,Oliver Wendell Holmes Jr.,0.3817689121313668,0,1,1,0,0,0,0,0,0,0,0,0,[],false,false,false
<http://dbpedia.org/resource/Pyomo>,Pyomo,0.3814422989915413,0,3,3,0,0,0,0,0,0,0,0,0,[],false,false,false
<http://dbpedia.org/resource/C._A._Campbell>,C. A. Campbell,0.3812846319274856,0,3,3,0,0,0,0,0,0,0,0,0,[],false,false,false
<http://dbpedia.org/resource/Vladimir_Nikolayevich_Myasishchev>,Vladimir Nikolayevich Myasishchev,0.3812698836205525,1,3,4,1,0,0,0,0,0,0,0,0,[],false,false,false
<http://dbpedia.org/resource/Speedcoding>,Speedcoding,0.3810937500000001,8,2,10,0,0,0,0,0,0,0,0,0,[],false,false,false
<http://dbpedia.org/resource/Arnold_Davidson>,Arnold Davidson,0.3809599832261423,1,4,5,0,0,0,0,0,0,0,0,0,[],false,false,false
<http://dbpedia.org/resource/LiveScript_(programming_language)>,LiveScript (programming language),0.3809494882016431,0,5,5,0,0,0,0,0,0,0,0,0,[],false,false,false
<http://dbpedia.org/resource/Raymond_Geuss>,Raymond Geuss,0.3809267642581681,0,9,9,0,0,0,0,0,0,0,0,0,[],false,false,false
<http://dbpedia.org/resource/Portable_Document_Format>,Portable Document Format,0.38078981149387636,0,1,1,0,0,0,0,0,0,0,0,0,[],false,false,false
<http://dbpedia.org/resource/William_A._Earle>,William A. Earle,0.3804191914034533,3,4,7,0,0,0,0,0,0,0,0,0,[],false,false,false
<http://dbpedia.org/resource/Ehrenfried_Walther_von_Tschirnhaus>,Ehrenfried Walther von Tschirnhaus,0.38031650405350076,1,0,1,0,0,0,0,0,0,0,0,0,[],false,false,false
<http://dbpedia.org/resource/CHILL>,CHILL,0.3802890522116473,0,2,2,0,0,0,0,0,0,0,0,0,[],false,false,false
<http://dbpedia.org/resource/Victor_Cousin>,Victor Cousin,0.3802758150582402,16,10,26,0,0,0,0,0,0,0,0,0,[],false,false,false
<http://dbpedia.org/resource/Gustavo_Bueno>,Gustavo Bueno,0.38021928126340715,0,9,9,0,0,0,0,0,0,0,0,0,[],false,false,false
<http://dbpedia.org/resource/OpenMx>,OpenMx,0.3801462496772319,4,2,6,0,0,0,0,0,0,0,0,0,[],false,false,false
<http://dbpedia.org/resource/AppleScript>,AppleScript,0.3801020606741931,0,4,4,0,0,0,0,0,0,0,0,0,[],false,false,false
<http://dbpedia.org/resource/Cognitive_psychology>,Cognitive psychology,0.379958874851775,0,4,4,0,0,0,0,0,0,0,0,0,[],false,false,false
<http://dbpedia.org/resource/Svante_Janson>,Svante Janson,0.37978883333478175,0,3,3,1,2,0,0,0,0,0,0,0,[],false,false,false
<http://dbpedia.org/resource/Pietro_Pomponazzi>,Pietro Pomponazzi,0.3796803534991811,1,2,3,1,0,0,0,0,0,0,0,0,[],false,false,false
<http://dbpedia.org/resource/Georges_Friedmann>,Georges Friedmann,0.37964809533865246,0,5,5,2,0,0,0,0,0,0,0,0,[],false,false,false
<http://dbpedia.org/resource/Diogenes_of_Apollonia>,Diogenes of Apollonia,0.37945096725626853,3,2,5,0,0,0,0,0,0,0,0,0,[],false,false,false
<http://dbpedia.org/resource/D_(programming_language)>,D (programming language),0.3794439646083824,11,7,18,0,0,0,0,0,0,0,0,0,[],false,false,false
<http://dbpedia.org/resource/Jonathan_Ashmore>,Jonathan Ashmore,0.37919690737158895,0,2,2,3,0,0,0,0,0,0,0,0,[],false,false,false
<http://dbpedia.org/resource/Level_I_BASIC>,Level I BASIC,0.37867747297931675,1,3,4,0,0,0,0,0,0,0,0,0,[],false,false,false
<http://dbpedia.org/resource/Identitarian_movement>,Identitarian movement,0.3785892857142858,0,1,1,0,0,0,0,0,0,0,0,6,[],false,false,false
<http://dbpedia.org/resource/Edith_Penrose>,Edith Penrose,0.37846582042312643,0,5,5,0,0,0,0,0,0,0,0,0,[],false,false,false
<http://dbpedia.org/resource/Pierre_Louis_Maupertuis>,Pierre Louis Maupertuis,0.37840559136957297,5,7,12,0,2,0,0,0,0,0,0,0,[],false,false,false
<http://dbpedia.org/resource/Fred_Newman_(philosopher)>,Fred Newman (philosopher),0.378297415907765,2,5,7,0,0,0,0,0,0,0,0,0,[],false,false,false
<http://dbpedia.org/resource/Douglas_Engelbart>,Douglas Engelbart,0.37815696271929833,2,2,4,2,4,0,0,0,0,0,0,0,[],false,false,false
<http://dbpedia.org/resource/John_D._Boice_Jr.>,John D. Boice Jr.,0.378013122693088,0,0,0,10,2,0,0,0,0,0,0,0,[],false,false,false
<http://dbpedia.org/resource/Krysta_Svore>,Krysta Svore,0.37779337221311504,0,0,0,2,1,0,0,0,0,0,0,0,[],false,false,false
<http://dbpedia.org/resource/Hans_Tropsch>,Hans Tropsch,0.37774687500000004,0,0,0,1,1,0,0,0,0,0,0,0,[],false,false,false
<http://dbpedia.org/resource/Adrian_Johnston_(philosopher)>,Adrian Johnston (philosopher),0.3775705948805417,0,3,3,0,0,0,0,0,0,0,0,0,[],false,false,false
<http://dbpedia.org/resource/Beta_Israel>,Beta Israel,0.37737500000000007,0,0,0,0,0,0,2,0,0,0,3,1,[],true,false,false
<http://dbpedia.org/resource/Michael_Hardt>,Michael Hardt,0.3772627815321293,0,4,4,0,0,0,0,0,0,0,0,0,[],false,false,false
<http://dbpedia.org/resource/John_Rawls>,John Rawls,0.37723396780586177,41,5,46,0,0,0,0,0,0,0,0,0,[],false,false,false
<http://dbpedia.org/resource/Western_philosophy>,Western philosophy,0.3770546162108232,0,7,7,0,0,0,0,0,0,0,0,0,[],false,false,false
<http://dbpedia.org/resource/Beethoven>,Beethoven,0.3769028490851416,0,1,1,0,0,0,0,0,0,0,0,0,[],false,false,false
<http://dbpedia.org/resource/John_B._Watson>,John B. Watson,0.3765260397611649,4,1,5,0,3,0,0,0,0,0,0,0,[],false,false,false
<http://dbpedia.org/resource/Ernst_Mally__Ernst_Mally__1>,Ernst Mally  Ernst Mally  1,0.37641675321878465,1,3,4,0,0,0,0,0,0,0,0,0,[],false,false,false
<http://dbpedia.org/resource/Robert_Koch>,Robert Koch,0.37634125592853807,4,0,4,1,6,0,0,0,0,0,0,0,[],false,false,false
<http://dbpedia.org/resource/Eugene_L._Grant>,Eugene L. Grant,0.37631250000000005,0,1,1,0,0,0,0,0,0,0,0,0,[],false,false,false
<http://dbpedia.org/resource/Yigal_Meir>,Yigal Meir,0.3762288676052353,0,0,0,1,4,0,0,0,0,0,0,0,[],false,false,false
<http://dbpedia.org/resource/Actor_model>,Actor model,0.3762076858634087,2,1,3,0,0,0,0,0,0,0,0,0,[],false,false,false
<http://dbpedia.org/resource/Sharon_Lloyd>,Sharon Lloyd,0.3761481663276323,0,4,4,0,0,0,0,0,0,0,0,0,[],false,false,false
<http://dbpedia.org/resource/David_R._Brown_(neuroscientist)>,David R. Brown (neuroscientist),0.37611131041799994,0,0,0,1,1,0,0,0,0,0,0,0,[],false,false,false
<http://dbpedia.org/resource/Marcus_Thomas_Pius_Gilbert>,Marcus Thomas Pius Gilbert,0.37599140316972485,0,2,2,3,4,0,0,0,0,0,0,0,[],false,false,false
<http://dbpedia.org/resource/Jean_Senebier>,Jean Senebier,0.3759668875563034,3,5,8,0,0,0,0,0,0,0,0,0,[],false,false,false
<http://dbpedia.org/resource/Paolo_da_Pergola>,Paolo da Pergola,0.375864886824086,0,1,1,0,0,0,0,0,0,0,0,0,[],false,false,false
<http://dbpedia.org/resource/Steve_Furber>,Steve Furber,0.37573110110992686,0,4,4,2,6,0,0,0,0,0,0,0,[],false,false,false
<http://dbpedia.org/resource/Ray_Lankester>,Ray Lankester,0.3756462713012137,4,3,7,2,1,0,0,0,0,0,0,0,[],false,false,false
<http://dbpedia.org/resource/Lisp_Machine_Lisp>,Lisp Machine Lisp,0.37548402893926025,1,3,4,0,0,0,0,0,0,0,0,0,[],false,false,false
<http://dbpedia.org/resource/Gambas>,Gambas,0.37548320541952385,0,4,4,0,0,0,0,0,0,0,0,0,[],false,false,false
<http://dbpedia.org/resource/Antonio_Escohotado>,Antonio Escohotado,0.37546810999039043,0,7,7,0,0,0,0,0,0,0,0,0,[],false,false,false
<http://dbpedia.org/resource/Simon_J._Bending>,Simon J. Bending,0.3754438359686641,1,0,1,1,2,0,0,0,0,0,0,0,[],false,false,false
<http://dbpedia.org/resource/David_R._Gibson>,David R. Gibson,0.3753397089218078,0,0,0,2,3,0,0,0,0,0,0,0,[],false,false,false
<http://dbpedia.org/resource/Leslie_P._Kaelbling>,Leslie P. Kaelbling,0.3750717102575081,0,0,0,1,2,0,0,0,0,0,0,0,[],false,false,false
<http://dbpedia.org/resource/Jöns_Jacob_Berzelius>,Jöns Jacob Berzelius,0.3750375,0,0,0,1,7,0,0,0,0,0,0,0,[],false,false,false
<http://dbpedia.org/resource/Nicolas_Rasmussen__Nicolas_Rasmussen__1>,Nicolas Rasmussen  Nicolas Rasmussen  1,0.37487139320084406,0,2,2,0,0,0,0,0,0,0,0,0,[],false,false,false
<http://dbpedia.org/resource/Emile_Plantamour>,Emile Plantamour,0.3748695025516151,0,6,6,0,0,0,0,0,0,0,0,0,[],false,false,false
<http://dbpedia.org/resource/Charm_(programming_language)>,Charm (programming language),0.3747369183830284,0,3,3,0,0,0,0,0,0,0,0,0,[],false,false,false
<http://dbpedia.org/resource/Tao_Kwok_Cheung>,Tao Kwok Cheung,0.37473323490132654,0,2,2,0,0,0,0,0,0,0,0,0,[],false,false,false
<http://dbpedia.org/resource/Arab_Christians>,Arab Christians,0.37471875000000004,0,0,0,0,0,0,8,0,0,0,5,0,[],true,false,false
<http://dbpedia.org/resource/Mark_Norell>,Mark Norell,0.37471875,0,3,3,4,0,0,0,0,0,0,0,0,[],false,false,false
<http://dbpedia.org/resource/D._M._Armstrong>,D. M. Armstrong,0.3746746108309705,1,3,4,0,0,0,0,0,0,0,0,0,[],false,false,false
<http://dbpedia.org/resource/Gladys_Anderson_Emerson>,Gladys Anderson Emerson,0.37466562500000006,0,3,3,3,0,0,0,0,0,0,0,0,[],false,false,false
<http://dbpedia.org/resource/Richard_Pipes>,Richard Pipes,0.37451181339457185,0,1,1,2,0,0,0,0,0,0,0,0,[],false,false,false
<http://dbpedia.org/resource/Cornelius_Lanczos>,Cornelius Lanczos,0.3744512832164031,0,0,0,2,7,0,0,0,0,0,0,0,[],false,false,false
<http://dbpedia.org/resource/Kitaro_Nishida>,Kitaro Nishida,0.37442587926806115,8,15,23,0,0,0,0,0,0,0,0,0,[],false,false,false
<http://dbpedia.org/resource/Nicola_Acocella>,Nicola Acocella,0.3742951348809991,1,7,8,1,0,0,0,0,0,0,0,0,"[Macroeconomics, Microeconomics, Public Policy]",false,false,false
<http://dbpedia.org/resource/Avicenna>,Avicenna,0.3742869858596982,14,3,17,0,0,0,0,0,0,0,0,0,[],false,false,false
<http://dbpedia.org/resource/Gaspare_Aselli>,Gaspare Aselli,0.3742848043691789,3,4,7,1,1,0,0,0,0,0,0,0,[],false,false,false
<http://dbpedia.org/resource/Victor_H._Mair>,Victor H. Mair,0.37418750000000006,0,0,0,4,2,0,0,0,0,0,0,0,[],false,false,false
<http://dbpedia.org/resource/Lauren_Swayne_Barthold>,Lauren Swayne Barthold,0.37411827540974996,0,7,7,0,0,0,0,0,0,0,0,0,[],false,false,false
<http://dbpedia.org/resource/Knud_Ejler_Løgstrup>,Knud Ejler Løgstrup,0.37402871686087874,0,2,2,1,0,0,0,0,0,0,0,0,[],false,false,false
<http://dbpedia.org/resource/David_H._Jonassen>,David H. Jonassen,0.37378617467179287,0,4,4,0,0,0,0,0,0,0,0,0,[],false,false,false
<http://dbpedia.org/resource/Maurice_Natanson>,Maurice Natanson,0.3737766771920288,0,5,5,0,0,0,0,0,0,0,0,0,[],false,false,false
<http://dbpedia.org/resource/Akihiko_Matsui_(economist)>,Akihiko Matsui (economist),0.37346128134718953,1,1,2,2,0,0,0,0,0,0,0,0,"[Game Theory, Information Economics, Monetary theory]",false,false,false
<http://dbpedia.org/resource/Nicolás_Gómez_Dávila>,Nicolás Gómez Dávila,0.37314665537184705,5,4,9,0,0,0,0,0,0,0,0,0,[],false,false,false
<http://dbpedia.org/resource/Lindsay_Morton>,Lindsay Morton,0.37312500000000004,0,1,1,2,0,0,0,0,0,0,0,0,[],false,false,false
<http://dbpedia.org/resource/Béla_Balassa>,Béla Balassa,0.37312500000000004,0,0,0,2,1,0,0,0,0,0,0,0,[],false,false,false
<http://dbpedia.org/resource/Mik_Kersten>,Mik Kersten,0.37312500000000004,0,4,4,1,6,0,0,0,0,0,0,0,[],false,false,false
<http://dbpedia.org/resource/Shan_people>,Shan people,0.37312500000000004,0,0,0,0,0,0,3,0,0,0,0,4,[],false,false,false
<http://dbpedia.org/resource/Navajo>,Navajo,0.37312500000000004,0,0,0,0,0,0,2,0,0,0,0,0,[],false,false,false
<http://dbpedia.org/resource/David_Crossman>,David Crossman,0.37312500000000004,0,3,3,1,0,0,0,0,0,0,0,0,[],false,false,false
<http://dbpedia.org/resource/Nicolas_Gisin>,Nicolas Gisin,0.37295667957213474,0,0,0,1,4,0,0,0,0,0,0,0,[],false,false,false
<http://dbpedia.org/resource/AWK>,AWK,0.3728643074018729,7,4,11,0,0,0,0,0,0,0,0,0,[],false,false,false
<http://dbpedia.org/resource/Agrippa_the_Skeptic>,Agrippa the Skeptic,0.37274744112418634,1,3,4,0,0,0,0,0,0,0,0,0,[],false,false,false
<http://dbpedia.org/resource/Henry_Byerly>,Henry Byerly,0.37268530930258287,0,2,2,0,0,0,0,0,0,0,0,0,[],false,false,false
<http://dbpedia.org/resource/Ignacio_Matte_Blanco>,Ignacio Matte Blanco,0.37265849291040276,0,4,4,1,1,0,0,0,0,0,0,0,[],false,false,false
<http://dbpedia.org/resource/Leo_Srole>,Leo Srole,0.37259375000000006,0,1,1,0,0,0,0,0,0,0,0,0,[],false,false,false
<http://dbpedia.org/resource/Heike_Kamerlingh_Onnes>,Heike Kamerlingh Onnes,0.37254072906372115,2,1,3,2,6,0,0,0,0,0,0,0,[],false,false,false
<http://dbpedia.org/resource/Scheme_(programming_language)>,Scheme (programming language),0.3724509396844734,50,3,53,0,0,0,0,0,0,0,0,0,[],false,false,false
<http://dbpedia.org/resource/Jan_Narveson>,Jan Narveson,0.37239042844078213,0,4,4,0,0,0,0,0,0,0,0,0,[],false,false,false
<http://dbpedia.org/resource/John_Watson_(philosopher)>,John Watson (philosopher),0.37236868225356146,1,3,4,0,0,0,0,0,0,0,0,0,[],false,false,false
<http://dbpedia.org/resource/Scott_D._Emr>,Scott D. Emr,0.3723576269267637,0,0,0,2,1,0,0,0,0,0,0,0,[],false,false,false
<http://dbpedia.org/resource/Rhiju_Das>,Rhiju Das,0.3723193156575521,0,0,0,5,1,0,0,0,0,0,0,0,[],false,false,false
<http://dbpedia.org/resource/Thomas_More>,Thomas More,0.37231772561054083,4,2,6,0,0,0,0,0,0,0,0,0,[],false,false,false
<http://dbpedia.org/resource/Nikolay_Bogolyubov>,Nikolay Bogolyubov,0.3722788627809116,0,1,1,0,9,0,0,0,0,0,0,0,[],false,false,false
<http://dbpedia.org/resource/Han_F._de_Wit>,Han F. de Wit,0.3722515165795298,0,2,2,2,1,0,0,0,0,0,0,0,[],false,false,false
<http://dbpedia.org/resource/Horace_Lamb>,Horace Lamb,0.37213025247798065,1,0,1,1,7,0,0,0,0,0,0,0,[],false,false,false
<http://dbpedia.org/resource/Steven_Levitt>,Steven Levitt,0.3718708878437474,2,2,4,2,0,0,0,0,0,0,0,0,[Social economics],false,false,false
<http://dbpedia.org/resource/Albert_Bandura>,Albert Bandura,0.37153125000000004,2,3,5,2,6,0,0,0,0,0,0,0,[],false,false,false
<http://dbpedia.org/resource/Adam_Wielomski>,Adam Wielomski,0.37125449504266894,0,4,4,0,0,0,0,0,0,0,0,0,[],false,false,false
<http://dbpedia.org/resource/C._I._Lewis>,C. I. Lewis,0.371185026065252,8,6,14,0,0,0,0,0,0,0,0,0,[],false,false,false
<http://dbpedia.org/resource/Tak_Wah_Mak>,Tak Wah Mak,0.37108500000000005,0,0,0,3,3,0,0,0,0,0,0,0,[],false,false,false
<http://dbpedia.org/resource/Algirdas_Julien_Greimas>,Algirdas Julien Greimas,0.37090750825874413,5,5,10,3,1,0,0,0,0,0,0,0,[],false,false,false
<http://dbpedia.org/resource/Alan_Moller>,Alan Moller,0.370820133947135,3,4,7,1,0,0,0,0,0,0,0,0,[],false,false,false
<http://dbpedia.org/resource/Francis_William_Aston>,Francis William Aston,0.3702950637392389,0,0,0,2,3,0,0,0,0,0,0,0,[],false,false,false
<http://dbpedia.org/resource/Ono_Ranzan>,Ono Ranzan,0.3702812810010313,0,1,1,0,0,0,0,0,0,0,0,0,[],false,false,false
<http://dbpedia.org/resource/Herbert_Marcuse>,Herbert Marcuse,0.37019857676332196,16,10,26,0,0,0,0,0,0,0,0,0,[],false,false,false
<http://dbpedia.org/resource/Evola>,Evola,0.37007585671225884,1,4,5,0,0,0,0,0,0,0,0,0,[],false,false,false
<http://dbpedia.org/resource/Theodorus_the_Atheist>,Theodorus the Atheist,0.3698928954441026,1,3,4,0,0,0,0,0,0,0,0,0,[],false,false,false
<http://dbpedia.org/resource/Jason_Josephson_Storm>,Jason Josephson Storm,0.36984987201591685,0,2,2,0,0,0,0,0,0,0,0,0,[],false,false,false
<http://dbpedia.org/resource/Hugo_Grotius>,Hugo Grotius,0.36958839765091794,15,4,19,0,0,0,0,0,0,0,0,0,[],false,false,false
<http://dbpedia.org/resource/Yoix>,Yoix,0.3695429809169769,0,3,3,0,0,0,0,0,0,0,0,0,[],false,false,false
<http://dbpedia.org/resource/Murtada_Sharif_'Askari>,Murtada Sharif 'Askari,0.36949349240257595,0,3,3,0,0,0,0,0,0,0,0,0,[],false,false,false
<http://dbpedia.org/resource/Erich_Auerbach>,Erich Auerbach,0.36943437844320565,0,2,2,0,0,0,0,0,0,0,0,0,[],false,false,false
<http://dbpedia.org/resource/Charles_Roy_Henderson>,Charles Roy Henderson,0.36923731947156063,0,0,0,1,3,0,0,0,0,0,0,0,[],false,false,false
<http://dbpedia.org/resource/Lee_Smolin>,Lee Smolin,0.36913637528290216,0,1,1,2,0,0,0,0,0,0,0,0,[],false,false,false
<http://dbpedia.org/resource/Michael_Lewis_(philosopher)>,Michael Lewis (philosopher),0.3688529201605452,0,4,4,0,0,0,0,0,0,0,0,0,[],false,false,false
<http://dbpedia.org/resource/Object_REXX>,Object REXX,0.3686090292694898,1,2,3,0,0,0,0,0,0,0,0,0,[],false,false,false
<http://dbpedia.org/resource/Franco_Basaglia>,Franco Basaglia,0.3685900930342385,0,9,9,1,3,0,0,0,0,0,0,0,[],false,false,false
<http://dbpedia.org/resource/Roger_Y._Tsien>,Roger Y. Tsien,0.3685828125,1,2,3,0,2,0,0,0,0,0,0,0,[],false,false,false
<http://dbpedia.org/resource/Robert_E._Longacre>,Robert E. Longacre,0.36855761347502225,0,0,0,1,1,0,0,0,0,0,0,0,[],false,false,false
<http://dbpedia.org/resource/Alexander_Zinoviev>,Alexander Zinoviev,0.36849485312027946,4,7,11,0,0,0,0,0,0,0,0,0,[],false,false,false
"<http://dbpedia.org/resource/St._Leo's_College,_Kyegobe>","St. Leo's College, Kyegobe",0.3683437500000001,0,0,0,0,0,0,1,0,0,2,0,0,[],false,false,false
<http://dbpedia.org/resource/Prograph>,Prograph,0.3683437500000001,0,2,2,0,0,0,0,0,0,0,0,0,[],false,false,false
<http://dbpedia.org/resource/SUPER_BASIC>,SUPER BASIC,0.36829341543637745,1,3,4,0,0,0,0,0,0,0,0,0,[],false,false,false
<http://dbpedia.org/resource/Squeak>,Squeak,0.3682313895095468,4,5,9,0,0,0,0,0,0,0,0,0,[],false,false,false
<http://dbpedia.org/resource/Juan_Rosai>,Juan Rosai,0.36816666666666675,0,2,2,2,1,0,0,0,0,0,0,0,[],false,false,false
<http://dbpedia.org/resource/Dorothea_Bate>,Dorothea Bate,0.36816666666666675,0,2,2,0,0,0,0,0,0,0,0,0,[],false,false,false
<http://dbpedia.org/resource/Jakob_Sigismund_Beck>,Jakob Sigismund Beck,0.3681220220257427,0,3,3,0,0,0,0,0,0,0,0,0,[],false,false,false
<http://dbpedia.org/resource/John_Dewey>,John Dewey,0.36809120213403346,41,7,48,0,0,0,0,0,0,0,0,0,[],false,false,false
<http://dbpedia.org/resource/Randy_Thornhill>,Randy Thornhill,0.3680626704545455,0,3,3,2,1,0,0,0,0,0,0,0,[],false,false,false
<http://dbpedia.org/resource/CoffeeScript>,CoffeeScript,0.36802612896856757,4,5,9,0,0,0,0,0,0,0,0,0,[],false,false,false
<http://dbpedia.org/resource/Niall_Ferguson>,Niall Ferguson,0.3679916198505796,0,2,2,0,0,0,0,0,0,0,0,0,[],false,false,false
<http://dbpedia.org/resource/Malik_ibn_Anas>,Malik ibn Anas,0.36781250000000004,0,1,1,0,0,0,1,0,0,0,0,0,[],false,false,false
<http://dbpedia.org/resource/Ahmad_Zarruq>,Ahmad Zarruq,0.3674522856308794,0,1,1,0,0,0,0,0,0,0,0,0,[],false,false,false
<http://dbpedia.org/resource/Ibn_Hajar_al-Asqalani>,Ibn Hajar al-Asqalani,0.3674522856308794,1,1,2,0,0,0,1,0,0,0,0,0,[],false,false,false
<http://dbpedia.org/resource/Coq>,Coq,0.3674017988576752,4,3,7,0,0,0,0,0,0,0,0,0,[],false,false,false
<http://dbpedia.org/resource/Benjamin_Drake_Wright>,Benjamin Drake Wright,0.3673555006579199,0,4,4,0,1,0,0,0,0,0,0,0,[],false,false,false
<http://dbpedia.org/resource/Jeanne_Block>,Jeanne Block,0.36717326884713325,0,3,3,1,0,0,0,0,0,0,0,0,[],false,false,false
<http://dbpedia.org/resource/Orc_(programming_language)>,Orc (programming language),0.3671167702264421,0,5,5,0,0,0,0,0,0,0,0,0,[],false,false,false
<http://dbpedia.org/resource/Thomas_Nail>,Thomas Nail,0.36711648149800263,0,5,5,0,0,0,0,0,0,0,0,0,[],false,false,false
<http://dbpedia.org/resource/All-India_Muslim_League>,All-India Muslim League,0.3670821169299486,0,1,1,0,0,0,1,2,0,0,0,0,[],false,false,false
<http://dbpedia.org/resource/Karen_people>,Karen people,0.36675,0,0,0,0,0,0,3,0,0,0,0,3,[],false,false,false
<http://dbpedia.org/resource/André_Choulika>,André Choulika,0.36675,0,0,0,4,1,0,0,0,0,0,0,0,[],false,false,false
<http://dbpedia.org/resource/William_Chittick>,William Chittick,0.3667397164362005,1,4,5,0,0,0,0,0,0,0,0,0,[],false,false,false
<http://dbpedia.org/resource/Turing_(programming_language)>,Turing (programming language),0.3666567900795309,0,3,3,0,0,0,0,0,0,0,0,0,[],false,false,false
<http://dbpedia.org/resource/Precision_medicine>,Precision medicine,0.3664868225446429,0,1,1,0,0,0,0,0,0,0,0,0,[],false,false,false
<http://dbpedia.org/resource/Sphaerus>,Sphaerus,0.3664759870791422,0,2,2,0,0,0,0,0,0,0,0,0,[],false,false,false
<http://dbpedia.org/resource/StaDyn_(programming_language)>,StaDyn (programming language),0.3664446860328205,0,4,4,0,0,0,0,0,0,0,0,0,[],false,false,false
<http://dbpedia.org/resource/Thomas_Bartholin>,Thomas Bartholin,0.36637709648377975,0,0,0,1,1,0,0,0,0,0,0,0,[],false,false,false
<http://dbpedia.org/resource/Judoscript>,Judoscript,0.3663677585709081,0,4,4,0,0,0,0,0,0,0,0,0,[],false,false,false
<http://dbpedia.org/resource/Gregory_of_Nyssa>,Gregory of Nyssa,0.36615175760299445,2,2,4,0,0,0,0,0,0,0,0,0,[],false,false,false
<http://dbpedia.org/resource/Ludwig_von_Bertalanffy>,Ludwig von Bertalanffy,0.36573183109472446,8,8,16,1,2,0,0,0,0,0,0,0,[],false,false,false
<http://dbpedia.org/resource/Alexander_Tarasov>,Alexander Tarasov,0.3656994538194225,0,7,7,0,0,0,0,0,0,0,0,0,[],false,false,false
<http://dbpedia.org/resource/Patricia_Benner>,Patricia Benner,0.36551979768576465,0,4,4,3,0,0,0,0,0,0,0,0,[],false,false,false
<http://dbpedia.org/resource/Computer-aided_manufacturing>,Computer-aided manufacturing,0.36530803571428583,0,1,1,0,0,0,0,0,0,0,0,0,[],false,false,false
<http://dbpedia.org/resource/CH_Douglas>,CH Douglas,0.36509634612648906,0,6,6,0,0,0,0,0,0,0,0,0,[],false,false,false
<http://dbpedia.org/resource/John_Muir>,John Muir,0.3650626870509475,1,3,4,1,0,0,0,0,0,0,0,0,[],false,false,false
<http://dbpedia.org/resource/Jan_Stachniuk>,Jan Stachniuk,0.36505793293056754,0,4,4,0,0,0,0,0,0,0,0,0,[],false,false,false
<http://dbpedia.org/resource/J._K._Mehta>,J. K. Mehta,0.36493412444279627,0,2,2,1,0,0,0,0,0,0,0,0,[],false,false,false
<http://dbpedia.org/resource/Ernst_Troeltsch>,Ernst Troeltsch,0.3647423675692406,2,3,5,0,0,0,0,0,0,0,0,0,[],false,false,false
<http://dbpedia.org/resource/CMS-2>,CMS-2,0.3646583269304723,0,4,4,0,0,0,0,0,0,0,0,0,[],false,false,false
<http://dbpedia.org/resource/Yang_Kuan>,Yang Kuan,0.3646250000000001,0,2,2,1,1,0,0,0,0,0,0,0,[],false,false,false
<http://dbpedia.org/resource/James_T._Cushing>,James T. Cushing,0.3642115785828928,0,1,1,3,0,0,0,0,0,0,0,0,[],false,false,false
<http://dbpedia.org/resource/Norman_P._Barry>,Norman P. Barry,0.36407644658319793,0,3,3,0,0,0,0,0,0,0,0,0,[],false,false,false
<http://dbpedia.org/resource/Druze_in_Israel>,Druze in Israel,0.364040625,0,0,0,0,0,0,1,0,0,0,3,0,[],true,false,false
<http://dbpedia.org/resource/Ronald_Reagan>,Ronald Reagan,0.3640374390586444,1,1,2,0,0,0,0,0,0,0,0,0,[],false,false,false
<http://dbpedia.org/resource/V._Gordon_Childe>,V. Gordon Childe,0.36401953093154493,2,3,5,0,0,0,0,0,0,0,0,0,[],false,false,false
<http://dbpedia.org/resource/Alan_M._Olson>,Alan M. Olson,0.36398188257508657,0,4,4,0,0,0,0,0,0,0,0,0,[],false,false,false
<http://dbpedia.org/resource/Francisco_de_Vitoria>,Francisco de Vitoria,0.363837443226821,6,3,9,0,0,0,0,0,0,0,0,0,[],false,false,false
<http://dbpedia.org/resource/Marla_Feller>,Marla Feller,0.36381558454214574,0,2,2,1,0,0,0,0,0,0,0,0,[],false,false,false
<http://dbpedia.org/resource/Steven_N._S._Cheung>,Steven N. S. Cheung,0.3637833714411946,0,6,6,3,0,0,0,0,0,0,0,0,"[Property rights, Transaction cost]",false,false,false
<http://dbpedia.org/resource/Roald_Hoffmann>,Roald Hoffmann,0.3636845366864228,0,2,2,3,3,0,0,0,0,0,0,0,[],false,false,false
<http://dbpedia.org/resource/Charles_Emerson_Beecher>,Charles Emerson Beecher,0.3636179861111111,1,2,3,1,1,0,0,0,0,0,0,0,[],false,false,false
<http://dbpedia.org/resource/David_Collier_(political_scientist)>,David Collier (political scientist),0.36360945875739265,0,2,2,0,0,0,0,0,0,0,0,0,[],false,false,false
<http://dbpedia.org/resource/Ivan_Pavlov>,Ivan Pavlov,0.3635278692343489,4,3,7,1,0,0,0,0,0,0,0,0,[],false,false,false
<http://dbpedia.org/resource/Futhark_(programming_language)>,Futhark (programming language),0.3633951867553488,0,4,4,0,0,0,0,0,0,0,0,0,[],false,false,false
<http://dbpedia.org/resource/Ann_Mische>,Ann Mische,0.3632877971266102,0,0,0,2,3,0,0,0,0,0,0,0,[],false,false,false
<http://dbpedia.org/resource/Robert_D._Kaplan>,Robert D. Kaplan,0.36326364234997743,0,2,2,0,0,0,0,0,0,0,0,0,[],false,false,false
<http://dbpedia.org/resource/Andrey_Yevgenyevich_Lichko>,Andrey Yevgenyevich Lichko,0.36322199648385867,0,1,1,0,0,0,0,0,0,0,0,0,[],false,false,false
<http://dbpedia.org/resource/Carl_Sagan>,Carl Sagan,0.36305405953769665,10,2,12,5,9,0,0,0,0,0,0,0,[],false,false,false
<http://dbpedia.org/resource/Karl_Barth>,Karl Barth,0.3628103166665243,3,3,6,0,0,0,0,0,0,0,0,0,[],false,false,false
<http://dbpedia.org/resource/Steven_Strogatz>,Steven Strogatz,0.36260625,0,0,0,3,3,0,0,0,0,0,0,0,[],false,false,false
<http://dbpedia.org/resource/Qatar>,Qatar,0.36250000000000004,0,0,0,0,0,0,5,0,0,0,0,0,[],false,false,false
<http://dbpedia.org/resource/Khmer_people>,Khmer people,0.36250000000000004,0,0,0,0,0,0,3,0,0,0,1,2,[],true,false,false
<http://dbpedia.org/resource/Willebrord_Snellius>,Willebrord Snellius,0.36250000000000004,0,1,1,1,1,0,0,0,0,0,0,0,[],false,false,false
<http://dbpedia.org/resource/Bil_Clemons>,Bil Clemons,0.36250000000000004,0,0,0,2,2,0,0,0,0,0,0,0,[],false,false,false
<http://dbpedia.org/resource/Na'im_Akbar>,Na'im Akbar,0.36250000000000004,0,3,3,1,1,0,0,0,0,0,0,0,[],false,false,false
<http://dbpedia.org/resource/Suzanne_Eaton>,Suzanne Eaton,0.36250000000000004,0,2,2,2,0,0,0,0,0,0,0,0,[],false,false,false
<http://dbpedia.org/resource/Myanmar>,Myanmar,0.36250000000000004,0,0,0,0,0,0,4,0,0,0,0,1,[],false,false,false
<http://dbpedia.org/resource/Bible>,Bible,0.36250000000000004,4,0,4,0,0,0,0,0,0,0,0,0,[],false,false,false
<http://dbpedia.org/resource/Hans_Urs_von_Balthasar>,Hans Urs von Balthasar,0.36236427576012753,5,4,9,0,0,0,0,0,0,0,0,0,[],false,false,false
<http://dbpedia.org/resource/Bruno_Bauer>,Bruno Bauer,0.36226677118672285,7,7,14,0,0,0,0,0,0,0,0,0,[],false,false,false
<http://dbpedia.org/resource/Hava_Siegelmann>,Hava Siegelmann,0.3622005681818182,0,0,0,1,1,0,0,0,0,0,0,0,[],false,false,false
<http://dbpedia.org/resource/Theognostus_of_Alexandria>,Theognostus of Alexandria,0.3621971176570776,2,3,5,0,0,0,0,0,0,0,0,0,[],false,false,false
<http://dbpedia.org/resource/Estanislao_Zuleta>,Estanislao Zuleta,0.36211783221965527,0,4,4,0,0,0,0,0,0,0,0,0,[],false,false,false
<http://dbpedia.org/resource/Evolutionary_biology>,Evolutionary biology,0.3620267162192508,0,1,1,0,0,0,0,0,0,0,0,0,[],false,false,false
<http://dbpedia.org/resource/Keith_Donnellan>,Keith Donnellan,0.3620118602850639,0,3,3,0,0,0,0,0,0,0,0,0,[],false,false,false
<http://dbpedia.org/resource/Denise_Cai>,Denise Cai,0.3619921250000001,0,1,1,1,0,0,0,0,0,0,0,0,[],false,false,false
<http://dbpedia.org/resource/Jeremy_Waldron>,Jeremy Waldron,0.36182447968465586,1,3,4,0,0,0,0,0,0,0,0,0,[],false,false,false
<http://dbpedia.org/resource/Chungliang_Al_Huang>,Chungliang Al Huang,0.3617035223316185,0,1,1,0,0,0,0,0,0,0,0,0,[],false,false,false
<http://dbpedia.org/resource/Gary_Snyder>,Gary Snyder,0.3617035223316185,0,1,1,1,0,1,0,0,0,0,0,0,[],false,false,false
<http://dbpedia.org/resource/Monica_Furlong>,Monica Furlong,0.3617035223316185,0,1,1,0,0,0,0,0,0,0,0,0,[],false,false,false
<http://dbpedia.org/resource/Augustus_Voelcker>,Augustus Voelcker,0.36147055264165223,0,4,4,0,1,0,0,0,0,0,0,0,[],false,false,false
<http://dbpedia.org/resource/Yamazaki_Ansai>,Yamazaki Ansai,0.3613499557576986,5,2,7,0,0,0,0,0,0,0,0,0,[],false,false,false
<http://dbpedia.org/resource/Jc_Beall>,Jc Beall,0.36133721640354416,0,3,3,0,0,0,0,0,0,0,0,0,[],false,false,false
<http://dbpedia.org/resource/James_D._Lawrey>,James D. Lawrey,0.36129937500000003,0,1,1,1,0,0,0,0,0,0,0,0,[],false,false,false
<http://dbpedia.org/resource/Enzo_Martinelli>,Enzo Martinelli,0.36125834292064135,1,0,1,1,2,0,0,0,0,0,0,0,[],false,false,false
<http://dbpedia.org/resource/David_Schmidtz>,David Schmidtz,0.36105780643081126,1,3,4,0,0,0,0,0,0,0,0,0,[],false,false,false
<http://dbpedia.org/resource/Strabo>,Strabo,0.3607917767524763,2,3,5,0,0,0,0,0,0,0,0,0,[],false,false,false
<http://dbpedia.org/resource/Erlang_(programming_language)>,Erlang (programming language),0.3607278337644491,12,5,17,0,0,0,0,0,0,0,0,0,[],false,false,false
<http://dbpedia.org/resource/Cuneiform_(programming_language)>,Cuneiform (programming language),0.3607111118222909,0,1,1,0,0,0,0,0,0,0,0,0,[],false,false,false
<http://dbpedia.org/resource/Kai_Behrend>,Kai Behrend,0.3605822778133618,0,0,0,2,3,0,0,0,0,0,0,0,[],false,false,false
<http://dbpedia.org/resource/Robert_R._Korfhage>,Robert R. Korfhage,0.36040386009454706,0,0,0,1,1,0,0,0,0,0,0,0,[],false,false,false
<http://dbpedia.org/resource/Umberto_Eco>,Umberto Eco,0.3602767966794534,3,3,6,0,0,0,0,0,0,0,0,0,[],false,false,false
<http://dbpedia.org/resource/Hypatia>,Hypatia,0.3600550234368504,2,5,7,0,0,0,0,0,0,0,0,0,[],false,false,false
<http://dbpedia.org/resource/Jesse_Shapiro>,Jesse Shapiro,0.3599205839452717,0,3,3,1,0,0,0,0,0,0,0,0,"[Political economy, Behavioral economics]",false,false,false
<http://dbpedia.org/resource/Jerry_Hirsch>,Jerry Hirsch,0.35968173054943675,0,3,3,1,0,0,0,0,0,0,0,0,[],false,false,false
<http://dbpedia.org/resource/Gustave_Le_Bon>,Gustave Le Bon,0.3596789805207698,24,8,32,0,2,0,0,0,0,0,0,0,[],false,false,false
<http://dbpedia.org/resource/Claude_Lefort>,Claude Lefort,0.35961066239320216,5,8,13,0,0,0,0,0,0,0,0,0,[],false,false,false
<http://dbpedia.org/resource/James_Samuel_Coleman>,James Samuel Coleman,0.3595975246787306,1,3,4,2,0,0,0,0,0,0,0,0,[],false,false,false
<http://dbpedia.org/resource/Georges_Cuvier>,Georges Cuvier,0.3595227270089286,9,4,13,0,7,0,0,0,0,0,0,0,[],false,false,false
<http://dbpedia.org/resource/Marc_Kirschner>,Marc Kirschner,0.3594642857142858,0,0,0,2,2,0,0,0,0,0,0,0,[],false,false,false
<http://dbpedia.org/resource/Christopher_T._Walsh>,Christopher T. Walsh,0.35936096273141843,0,1,1,2,2,0,0,0,0,0,0,0,[],false,false,false
<http://dbpedia.org/resource/James_Colliander>,James Colliander,0.359341065497228,0,4,4,1,1,0,0,0,0,0,0,0,[],false,false,false
<http://dbpedia.org/resource/Aurel_Stein__Sir_Aurel_Stein__1>,Aurel Stein  Sir Aurel Stein  1,0.35931250000000003,0,2,2,1,0,0,0,0,0,0,0,0,[],false,false,false
<http://dbpedia.org/resource/Ray_Romano>,Ray Romano,0.35931250000000003,0,2,2,0,0,0,0,0,0,0,0,0,[],false,false,false
<http://dbpedia.org/resource/Yacc>,Yacc,0.3591269998958112,0,1,1,0,0,0,0,0,0,0,0,0,[],false,false,false
<http://dbpedia.org/resource/Stephany_Griffith-Jones>,Stephany Griffith-Jones,0.35911029038659315,0,6,6,2,0,0,0,0,0,0,0,0,"[Financial economics, Development economics]",false,false,false
<http://dbpedia.org/resource/Project_Verona>,Project Verona,0.3590383733638133,0,2,2,0,0,0,0,0,0,0,0,0,[],false,false,false
<http://dbpedia.org/resource/Nicolaus_Copernicus>,Nicolaus Copernicus,0.3589899576709757,5,2,7,0,0,0,0,0,0,0,0,0,[],false,false,false
<http://dbpedia.org/resource/Nikolay_Lossky>,Nikolay Lossky,0.35896317248293436,2,5,7,0,0,0,0,0,0,0,0,0,[],false,false,false
<http://dbpedia.org/resource/Karl_May>,Karl May,0.35893599850053026,0,1,1,0,0,0,0,0,0,0,0,0,[],false,false,false
<http://dbpedia.org/resource/Liu_Junning>,Liu Junning,0.358891719943689,0,5,5,0,0,0,0,0,0,0,0,0,[],false,false,false
<http://dbpedia.org/resource/Fred_Evans_(philosopher)>,Fred Evans (philosopher),0.35888615812432484,1,4,5,0,0,0,0,0,0,0,0,0,[],false,false,false
<http://dbpedia.org/resource/Thomas_Henry_Huxley>,Thomas Henry Huxley,0.35866947677077304,11,3,14,0,3,0,0,0,0,0,0,0,[],false,false,false
<http://dbpedia.org/resource/Thomas_Mun>,Thomas Mun,0.35865635624447967,0,1,1,0,0,0,0,0,0,0,0,0,[International trade],false,false,false
<http://dbpedia.org/resource/Todd_May>,Todd May,0.35843313768535257,0,4,4,0,0,0,0,0,0,0,0,0,[],false,false,false
<http://dbpedia.org/resource/Neil_Burgess_(neuroscientist)>,Neil Burgess (neuroscientist),0.35840382201617565,0,4,4,2,0,0,0,0,0,0,0,0,[],false,false,false
<http://dbpedia.org/resource/Ludwig_Lachmann>,Ludwig Lachmann,0.35828433257999454,4,5,9,0,0,0,0,0,0,0,0,0,"[Economic history, Economics]",false,false,false
<http://dbpedia.org/resource/Marian_Koshland>,Marian Koshland,0.3582596590909092,0,4,4,3,2,0,0,0,0,0,0,0,[],false,false,false
<http://dbpedia.org/resource/John_of_Salisbury>,John of Salisbury,0.3581312526422012,0,2,2,0,0,0,0,0,0,0,0,0,[],false,false,false
<http://dbpedia.org/resource/Fredrik_Barth>,Fredrik Barth,0.3573395087929034,1,0,1,2,0,0,0,0,0,0,0,0,[],false,false,false
<http://dbpedia.org/resource/Huw_Dixon>,Huw Dixon,0.3572949402987144,0,4,4,3,0,0,0,0,0,0,0,0,[Economics],false,false,false
<http://dbpedia.org/resource/Malta>,Malta,0.35718750000000005,0,0,0,0,0,0,5,0,0,0,0,0,[],false,false,false
<http://dbpedia.org/resource/Crates_of_Thebes>,Crates of Thebes,0.3570663926493283,5,4,9,0,0,0,0,0,0,0,0,0,[],false,false,false
<http://dbpedia.org/resource/Yihui_Xie>,Yihui Xie,0.35700435727042734,0,0,0,2,2,0,0,0,0,0,0,0,[],false,false,false
<http://dbpedia.org/resource/Paul_McHugh_(legal_scholar)>,Paul McHugh (legal scholar),0.3569222885970631,0,1,1,1,0,0,0,0,0,0,0,0,[],false,false,false
<http://dbpedia.org/resource/Sebastian_Rödl>,Sebastian Rödl,0.35676556874454296,0,6,6,0,0,0,0,0,0,0,0,0,[],false,false,false
<http://dbpedia.org/resource/Brian_J._Enquist>,Brian J. Enquist,0.35655000000000003,0,2,2,2,2,0,0,0,0,0,0,0,[],false,false,false
<http://dbpedia.org/resource/John_Pendlebury>,John Pendlebury,0.35648169642857147,0,1,1,2,1,0,0,0,0,0,0,0,[],false,false,false
<http://dbpedia.org/resource/Franco_Berardi>,Franco Berardi,0.3564654677282077,1,5,6,0,0,0,0,0,0,0,0,0,[],false,false,false
<http://dbpedia.org/resource/William_Whiston>,William Whiston,0.3564583546455011,0,2,2,0,4,0,0,0,0,0,0,0,[],false,false,false
<http://dbpedia.org/resource/Peter_Lu>,Peter Lu,0.3563674208426399,0,0,0,2,5,0,0,0,0,0,0,0,[],false,false,false
<http://dbpedia.org/resource/Aleksandr_N._Formozov>,Aleksandr N. Formozov,0.3561250000000001,0,2,2,0,0,0,0,0,0,0,0,0,[],false,false,false
<http://dbpedia.org/resource/Michael_Kohlhase__Michael_Kohlhase__1>,Michael Kohlhase  Michael Kohlhase  1,0.3561250000000001,0,0,0,1,1,0,0,0,0,0,0,0,[],false,false,false
<http://dbpedia.org/resource/A._Alan_Middleton>,A. Alan Middleton,0.3561250000000001,0,0,0,3,2,0,0,0,0,0,0,0,[],false,false,false
<http://dbpedia.org/resource/Muhammad_Din_Fauq>,Muhammad Din Fauq,0.3561250000000001,0,2,2,0,0,0,0,0,0,0,0,0,[],false,false,false
<http://dbpedia.org/resource/Crescas_Vidal>,Crescas Vidal,0.3561250000000001,0,2,2,0,0,0,0,0,0,0,0,0,[],false,false,false
<http://dbpedia.org/resource/Zoltán_Szabó_(mathematician)>,Zoltán Szabó (mathematician),0.3561250000000001,0,0,0,2,1,0,0,0,0,0,0,0,[],false,false,false
<http://dbpedia.org/resource/H._Frederik_Nijhout>,H. Frederik Nijhout,0.3561250000000001,1,0,1,0,1,0,0,0,0,0,0,0,[],false,false,false
<http://dbpedia.org/resource/John_Jost>,John Jost,0.3561250000000001,0,0,0,1,2,0,0,0,0,0,0,0,[],false,false,false
<http://dbpedia.org/resource/Diesel_(programming_language)>,Diesel (programming language),0.3561250000000001,0,1,1,0,0,0,0,0,0,0,0,0,[],false,false,false
<http://dbpedia.org/resource/Theodore_Roosevelt>,Theodore Roosevelt,0.3561198436968922,0,1,1,0,0,0,0,0,0,0,0,0,[],false,false,false
<http://dbpedia.org/resource/Ziya_Gökalp>,Ziya Gökalp,0.3560583804557702,3,3,6,0,0,0,0,0,0,0,0,0,[],false,false,false
<http://dbpedia.org/resource/Gilbert_N._Lewis>,Gilbert N. Lewis,0.35602336036223575,0,2,2,0,16,0,0,0,0,0,0,0,[],false,false,false
<http://dbpedia.org/resource/Lionel_Robbins>,Lionel Robbins,0.356019232875554,3,4,7,2,0,0,0,0,0,0,0,0,[],false,false,false
<http://dbpedia.org/resource/Harry_Markowitz>,Harry Markowitz,0.3558607837467969,0,3,3,1,0,0,0,0,0,0,0,0,[Financial economics],false,false,false
<http://dbpedia.org/resource/Michael_Fordham>,Michael Fordham,0.3557845276531614,1,4,5,2,1,0,0,0,0,0,0,0,[],false,false,false
<http://dbpedia.org/resource/Don_Patinkin>,Don Patinkin,0.35562896389548915,1,5,6,1,0,0,0,0,0,0,0,0,[Monetary economics],false,false,false
<http://dbpedia.org/resource/Michel_Clouscard>,Michel Clouscard,0.35543281649349756,0,5,5,0,0,0,0,0,0,0,0,0,[],false,false,false
<http://dbpedia.org/resource/Michael_A._Smith>,Michael A. Smith,0.3552818812039542,0,1,1,0,0,0,0,0,0,0,0,0,[],false,false,false
<http://dbpedia.org/resource/Melanie_Klein>,Melanie Klein,0.35519345630333105,9,2,11,0,3,0,0,0,0,0,0,0,[],false,false,false
<http://dbpedia.org/resource/Andrew_Arato>,Andrew Arato,0.3551629009865822,0,4,4,0,0,0,0,0,0,0,0,0,[],false,false,false
<http://dbpedia.org/resource/Finn_E._Kydland>,Finn E. Kydland,0.35512186467164136,0,3,3,2,0,0,0,0,0,0,0,0,[Macroeconomics],false,false,false
<http://dbpedia.org/resource/Joshua_Harold_Burn>,Joshua Harold Burn,0.3550397321428572,0,4,4,0,0,0,0,0,0,0,0,0,[],false,false,false
<http://dbpedia.org/resource/Paul_Viola>,Paul Viola,0.35492039062499997,0,0,0,1,1,0,0,0,0,0,0,0,[],false,false,false
<http://dbpedia.org/resource/Samuel_von_Pufendorf>,Samuel von Pufendorf,0.3548171690047113,7,5,12,0,0,0,0,0,0,0,0,0,[],false,false,false
<http://dbpedia.org/resource/Guido_Barbujani>,Guido Barbujani,0.35479687500000007,0,2,2,1,1,0,0,0,0,0,0,0,[],false,false,false
<http://dbpedia.org/resource/Nel_Noddings>,Nel Noddings,0.3547625209084357,0,5,5,0,0,0,0,0,0,0,0,0,[],false,false,false
<http://dbpedia.org/resource/Gustav_Shpet>,Gustav Shpet,0.3547539897514104,0,1,1,0,0,0,0,0,0,0,0,0,[],false,false,false
<http://dbpedia.org/resource/Jean-François_Melon>,Jean-François Melon,0.3546507325734885,4,3,7,0,0,0,0,0,0,0,0,0,[],false,false,false
<http://dbpedia.org/resource/Michael_Clemens>,Michael Clemens,0.3546496273494265,0,3,3,2,0,0,0,0,0,0,0,0,[],false,false,false
<http://dbpedia.org/resource/Jacques_Rancière>,Jacques Rancière,0.35456262729145155,11,8,19,0,0,0,0,0,0,0,0,0,[],false,false,false
<http://dbpedia.org/resource/Robin_Wilson_(mathematician)>,Robin Wilson (mathematician),0.35456016811123686,1,1,2,3,0,0,0,0,0,0,0,0,[],false,false,false
<http://dbpedia.org/resource/Jerrold_Levinson>,Jerrold Levinson,0.3544210738218682,0,1,1,0,0,0,0,0,0,0,0,0,[],false,false,false
<http://dbpedia.org/resource/Thomas_Hurka>,Thomas Hurka,0.3543887002070939,0,4,4,0,0,0,0,0,0,0,0,0,[],false,false,false
<http://dbpedia.org/resource/Arne_Næss>,Arne Næss,0.35437733864056076,1,5,6,0,0,0,0,0,0,0,0,0,[],false,false,false
<http://dbpedia.org/resource/John_Allen_Williams>,John Allen Williams,0.3543674667902061,0,2,2,0,0,0,0,0,0,0,0,0,[],false,false,false
<http://dbpedia.org/resource/Simplicius_of_Cilicia>,Simplicius of Cilicia,0.35434721136975633,1,3,4,0,0,0,0,0,0,0,0,0,[],false,false,false
<http://dbpedia.org/resource/Geometry>,Geometry,0.35419803331946464,0,1,1,0,0,0,0,0,0,0,0,0,[],false,false,false
<http://dbpedia.org/resource/Changjoon_Justin_Lee>,Changjoon Justin Lee,0.3539611341953928,0,4,4,2,2,0,0,0,0,0,0,0,[],false,false,false
<http://dbpedia.org/resource/Gerhard_Ertl>,Gerhard Ertl,0.3539091083717109,0,0,0,2,1,0,0,0,0,0,0,0,[],false,false,false
<http://dbpedia.org/resource/Dirk_Baltzly>,Dirk Baltzly,0.3538763836724773,0,4,4,0,0,0,0,0,0,0,0,0,[],false,false,false
<http://dbpedia.org/resource/E._Roy_Weintraub>,E. Roy Weintraub,0.35380299100682655,0,3,3,1,0,0,0,0,0,0,0,0,[],false,false,false
<http://dbpedia.org/resource/Giordano_Bruno__Giordano_Bruno__1>,Giordano Bruno  Giordano Bruno  1,0.35374517965102203,6,4,10,0,0,0,0,0,0,0,0,0,[],false,false,false
<http://dbpedia.org/resource/Aldo_Andreotti>,Aldo Andreotti,0.3537225234124109,0,0,0,1,1,0,0,0,0,0,0,0,[],false,false,false
<http://dbpedia.org/resource/Ali_Asghar_Mosleh>,Ali Asghar Mosleh,0.35361864599208076,0,5,5,0,0,0,0,0,0,0,0,0,[],false,false,false
<http://dbpedia.org/resource/Cynicism_(philosophy)>,Cynicism (philosophy),0.3535561951671023,1,3,4,0,0,0,0,0,0,0,0,0,[],false,false,false
<http://dbpedia.org/resource/Leopold_Kronecker>,Leopold Kronecker,0.35351777649473887,0,0,0,1,6,0,0,0,0,0,0,0,[],false,false,false
<http://dbpedia.org/resource/Anne_Greenbaum>,Anne Greenbaum,0.35342191312239,0,0,0,2,1,0,0,0,0,0,0,0,[],false,false,false
<http://dbpedia.org/resource/Marius_Clore>,Marius Clore,0.35337637838063163,1,2,3,0,0,0,0,0,0,0,0,0,[],false,false,false
<http://dbpedia.org/resource/Julio_Rey_Pastor>,Julio Rey Pastor,0.35337628240556046,0,1,1,1,0,0,0,0,0,0,0,0,[],false,false,false
<http://dbpedia.org/resource/Kassim_Ahmad>,Kassim Ahmad,0.3533567170590926,0,4,4,0,0,0,0,0,0,0,0,0,[],false,false,false
<http://dbpedia.org/resource/Proclus>,Proclus,0.3533514433609845,12,6,18,0,0,0,0,0,0,0,0,0,[],false,false,false
<http://dbpedia.org/resource/Robert_Dentler>,Robert Dentler,0.3533456361700253,0,2,2,3,0,0,0,0,0,0,0,0,[],false,false,false
<http://dbpedia.org/resource/Albertus_Magnus>,Albertus Magnus,0.35324493039769334,3,3,6,0,0,0,0,0,0,0,0,0,[],false,false,false
<http://dbpedia.org/resource/Predrag_Finci>,Predrag Finci,0.35317641157788077,0,8,8,0,0,0,0,0,0,0,0,0,[],false,false,false
<http://dbpedia.org/resource/Carl_Friedrich_Gauss>,Carl Friedrich Gauss,0.3530222391666926,3,3,6,3,1,0,0,0,0,0,0,0,[],false,false,false
<http://dbpedia.org/resource/Edmund_Montgomery>,Edmund Montgomery,0.35294898433248695,0,6,6,4,0,0,0,0,0,0,0,0,[],false,false,false
<http://dbpedia.org/resource/Sherwin_Carlquist>,Sherwin Carlquist,0.35293750000000007,0,2,2,1,0,0,0,0,0,0,0,0,[],false,false,false
<http://dbpedia.org/resource/Warren_H._Wagner>,Warren H. Wagner,0.35293750000000007,0,1,1,1,0,0,0,0,0,0,0,0,[],false,false,false
<http://dbpedia.org/resource/Iniciales>,Iniciales,0.35286307559996516,0,2,2,0,0,0,0,0,0,0,0,0,[],false,false,false
<http://dbpedia.org/resource/La_Revista_Blanca>,La Revista Blanca,0.35286307559996516,0,2,2,0,0,0,0,0,0,0,0,0,[],false,false,false
<http://dbpedia.org/resource/Josephine_Pemberton>,Josephine Pemberton,0.3527441471354167,0,1,1,2,0,0,0,0,0,0,0,0,[],false,false,false
<http://dbpedia.org/resource/Empedocles>,Empedocles,0.35262194897326643,7,3,10,0,0,0,0,0,0,0,0,0,[],false,false,false
<http://dbpedia.org/resource/Roger_Edwards_(meteorologist)>,Roger Edwards (meteorologist),0.3525547249294646,1,3,4,1,2,0,0,0,0,0,0,0,[],false,false,false
<http://dbpedia.org/resource/Katalin_Marton>,Katalin Marton,0.3525245936441765,1,3,4,1,3,0,0,0,0,0,0,0,[],false,false,false
<http://dbpedia.org/resource/Arnold_Bernard_Scheibel>,Arnold Bernard Scheibel,0.3522100868009783,0,1,1,0,0,0,0,0,0,0,0,0,[],false,false,false
<http://dbpedia.org/resource/Hack_(programming_language)__Hack__1>,Hack (programming language)  Hack  1,0.3521715529317081,0,6,6,0,0,0,0,0,0,0,0,0,[],false,false,false
<http://dbpedia.org/resource/Harrison_Echols>,Harrison Echols,0.35216164429976854,0,0,0,2,1,0,0,0,0,0,0,0,[],false,false,false
<http://dbpedia.org/resource/Geminiano_Montanari>,Geminiano Montanari,0.3521155630442448,2,3,5,1,1,0,0,0,0,0,0,0,[],false,false,false
<http://dbpedia.org/resource/David_Beerling>,David Beerling,0.35208750000000005,0,2,2,1,0,0,0,0,0,0,0,0,[],false,false,false
<http://dbpedia.org/resource/Karen_Barad>,Karen Barad,0.3520030862027044,1,2,3,0,0,0,0,0,0,0,0,0,[],false,false,false
<http://dbpedia.org/resource/Kostas_Axelos>,Kostas Axelos,0.3519951901682594,3,6,9,0,0,0,0,0,0,0,0,0,[],false,false,false
<http://dbpedia.org/resource/Shrewsbury_School>,Shrewsbury School,0.35187500000000005,1,0,1,0,0,0,1,0,0,4,0,0,[],false,false,false
<http://dbpedia.org/resource/Ridley_College>,Ridley College,0.35187500000000005,0,0,0,0,0,0,1,0,0,3,0,0,[],false,false,false
<http://dbpedia.org/resource/Heremba_Bailung>,Heremba Bailung,0.35187500000000005,0,0,0,2,2,0,0,0,0,0,0,0,[],false,false,false
<http://dbpedia.org/resource/Whiley_(programming_language)>,Whiley (programming language),0.3518369668672379,1,4,5,0,0,0,0,0,0,0,0,0,[],false,false,false
<http://dbpedia.org/resource/Heinz_Pose>,Heinz Pose,0.35168312938247925,0,0,0,4,2,0,0,0,0,0,0,0,[],false,false,false
<http://dbpedia.org/resource/Isaac_Levi>,Isaac Levi,0.3516472362863049,3,5,8,0,0,0,0,0,0,0,0,0,[],false,false,false
<http://dbpedia.org/resource/Ito_Noe>,Ito Noe,0.35156718668785136,0,1,1,0,0,0,0,0,0,0,0,0,[],false,false,false
<http://dbpedia.org/resource/Yoshiyuki_Eisuke>,Yoshiyuki Eisuke,0.35156718668785136,0,1,1,0,0,0,0,0,0,0,0,0,[],false,false,false
<http://dbpedia.org/resource/Czesław_Znamierowski>,Czesław Znamierowski,0.3514059077124233,1,4,5,2,1,0,0,0,0,0,0,0,[],false,false,false
<http://dbpedia.org/resource/Erik_S._Reinert>,Erik S. Reinert,0.3513183678391555,0,6,6,3,0,0,0,0,0,0,0,0,"[Economic history, Development economics]",false,false,false
<http://dbpedia.org/resource/Iain_Hamilton_Grant>,Iain Hamilton Grant,0.35125842747463887,2,4,6,0,0,0,0,0,0,0,0,0,[],false,false,false
<http://dbpedia.org/resource/Red_(programming_language)>,Red (programming language),0.3512554397599898,0,3,3,0,0,0,0,0,0,0,0,0,[],false,false,false
<http://dbpedia.org/resource/Vitello>,Vitello,0.35123593025732824,0,2,2,0,0,0,0,0,0,0,0,0,[],false,false,false
<http://dbpedia.org/resource/Wendy_Johnson>,Wendy Johnson,0.35108225946873106,0,0,0,0,2,0,0,0,0,0,0,0,[],false,false,false
<http://dbpedia.org/resource/August_Kundt>,August Kundt,0.3509537894787199,1,2,3,1,2,0,0,0,0,0,0,0,[],false,false,false
<http://dbpedia.org/resource/R._Tucker_Abbott>,R. Tucker Abbott,0.35091425005302457,0,1,1,2,0,0,0,0,0,0,0,0,[],false,false,false
<http://dbpedia.org/resource/Henry_Augustus_Pilsbry>,Henry Augustus Pilsbry,0.35091425005302457,0,1,1,1,0,0,0,0,0,0,0,0,[],false,false,false
<http://dbpedia.org/resource/E._S._Raja_Gopal>,E. S. Raja Gopal,0.3508470355352578,0,0,0,0,1,0,0,0,0,0,0,0,[],false,false,false
<http://dbpedia.org/resource/Oundle_School>,Oundle School,0.35080886843942005,0,0,0,0,0,0,1,0,0,3,0,0,[],false,false,false
<http://dbpedia.org/resource/T._H._Green>,T. H. Green,0.35078914927447746,9,4,13,0,0,0,0,0,0,0,0,0,[],false,false,false
<http://dbpedia.org/resource/Alexander_Gottlieb_Baumgarten>,Alexander Gottlieb Baumgarten,0.35077994855241035,4,3,7,0,0,0,0,0,0,0,0,0,[],false,false,false
<http://dbpedia.org/resource/Kenneth_M._Golden>,Kenneth M. Golden,0.35071005740874694,0,1,1,2,0,0,0,0,0,0,0,0,[],false,false,false
<http://dbpedia.org/resource/UNICODE_(programming_language)>,UNICODE (programming language),0.350653125,0,1,1,0,0,0,0,0,0,0,0,0,[],false,false,false
<http://dbpedia.org/resource/Tania_Lombrozo>,Tania Lombrozo,0.35057190831717133,0,1,1,2,0,0,0,0,0,0,0,0,[],false,false,false
<http://dbpedia.org/resource/Georges_Lemaître>,Georges Lemaître,0.35052558148304147,0,0,0,3,6,0,0,0,0,0,0,0,[],false,false,false
<http://dbpedia.org/resource/John_Henry_Newman>,John Henry Newman,0.3505165003935398,6,7,13,1,0,0,2,0,0,0,0,0,[],false,false,false
<http://dbpedia.org/resource/Ioannis_Kottounios>,Ioannis Kottounios,0.35050880731980993,0,2,2,0,0,0,0,0,0,0,0,0,[],false,false,false
<http://dbpedia.org/resource/Dennis_Robert_Hoagland>,Dennis Robert Hoagland,0.35028125000000004,0,2,2,2,4,0,0,0,0,0,0,0,[],false,false,false
<http://dbpedia.org/resource/François_Picavet>,François Picavet,0.3502322323581273,1,2,3,0,0,0,0,0,0,0,0,0,[],false,false,false
<http://dbpedia.org/resource/Zeno_of_Citium>,Zeno of Citium,0.35019870885744936,4,3,7,0,0,0,0,0,0,0,0,0,[],false,false,false
<http://dbpedia.org/resource/Julien_Offray_de_La_Mettrie>,Julien Offray de La Mettrie,0.3501775150705711,2,3,5,0,0,0,0,0,0,0,0,0,[],false,false,false
<http://dbpedia.org/resource/F_Sharp_(programming_language)>,F Sharp (programming language),0.35005316819691257,7,7,14,0,0,0,0,0,0,0,0,0,[],false,false,false
<http://dbpedia.org/resource/Susan_Haack>,Susan Haack,0.3499891724553069,1,5,6,0,0,0,0,0,0,0,0,0,[],false,false,false
<http://dbpedia.org/resource/John_Dee>,John Dee,0.3499767412711139,0,2,2,2,1,0,0,0,0,0,0,0,[],false,false,false
<http://dbpedia.org/resource/Douglas_Hofstadter>,Douglas Hofstadter,0.34993864339941266,2,4,6,0,4,0,0,0,0,0,0,0,[],false,false,false
<http://dbpedia.org/resource/Ivan_Regen>,Ivan Regen,0.349912008982407,0,1,1,1,0,0,0,0,0,0,0,0,[],false,false,false
<http://dbpedia.org/resource/Jacques_Camatte>,Jacques Camatte,0.3497997625559156,4,4,8,0,0,0,0,0,0,0,0,0,[],false,false,false
<http://dbpedia.org/resource/Heinz_Billing>,Heinz Billing,0.34975046100813545,0,0,0,1,2,0,0,0,0,0,0,0,[],false,false,false
<http://dbpedia.org/resource/Neil_J._Gunther>,Neil J. Gunther,0.34968365652072,0,0,0,2,4,0,0,0,0,0,0,0,[],false,false,false
<http://dbpedia.org/resource/James_J._Gibson>,James J. Gibson,0.3496656898169045,1,4,5,3,1,0,0,0,0,0,0,0,[],false,false,false
<http://dbpedia.org/resource/Chantal_Mouffe>,Chantal Mouffe,0.34953213257636784,0,8,8,0,0,0,0,0,0,0,0,0,[],false,false,false
<http://dbpedia.org/resource/Berlin_Circle>,Berlin Circle,0.34947572719170705,0,3,3,0,0,0,0,0,0,0,0,0,[],false,false,false
<http://dbpedia.org/resource/Philip_Lindholm>,Philip Lindholm,0.3494485779214821,0,3,3,0,0,0,0,0,0,0,0,0,[],false,false,false
<http://dbpedia.org/resource/Charles_Babbage>,Charles Babbage,0.3494143465909092,4,3,7,1,1,0,0,0,0,0,0,0,[],false,false,false
<http://dbpedia.org/resource/Hedley_Bull>,Hedley Bull,0.3493706699276544,0,2,2,0,0,0,0,0,0,0,0,0,[],false,false,false
<http://dbpedia.org/resource/Grover_C._Stephens>,Grover C. Stephens,0.3493437429657636,1,0,1,1,0,0,0,0,0,0,0,0,[],false,false,false
<http://dbpedia.org/resource/Eric_Berlow>,Eric Berlow,0.3489910714285715,0,0,0,2,1,0,0,0,0,0,0,0,[],false,false,false
<http://dbpedia.org/resource/Jorge_Ángel_Livraga_Rizzi>,Jorge Ángel Livraga Rizzi,0.34891586765707766,0,3,3,0,0,0,0,0,0,0,0,0,[],false,false,false
<http://dbpedia.org/resource/Liberty_Hyde_Bailey>,Liberty Hyde Bailey,0.3488464021906945,0,4,4,1,0,0,0,0,0,0,0,0,[],false,false,false
<http://dbpedia.org/resource/György_Lukács>,György Lukács,0.3488103309652147,25,8,33,0,0,0,0,0,0,0,0,0,[],false,false,false
<http://dbpedia.org/resource/Forth_(programming_language)>,Forth (programming language),0.34879257770406324,9,1,10,0,0,0,0,0,0,0,0,0,[],false,false,false
<http://dbpedia.org/resource/Sean_B._Carroll>,Sean B. Carroll,0.348528125,0,1,1,2,0,0,0,0,0,0,0,0,[],false,false,false
<http://dbpedia.org/resource/George_Bernard_Shaw>,George Bernard Shaw,0.3485137004914689,2,3,5,0,0,0,0,0,0,0,0,0,[],false,false,false
<http://dbpedia.org/resource/Roger_Money-Kyrle>,Roger Money-Kyrle,0.34851192685664406,2,2,4,0,0,0,0,0,0,0,0,0,[],false,false,false
<http://dbpedia.org/resource/Petrarch>,Petrarch,0.3483875173806894,3,2,5,2,0,2,0,0,0,0,0,0,[],false,false,false
<http://dbpedia.org/resource/Stan_Boutin>,Stan Boutin,0.34827769854378965,0,1,1,0,1,0,0,0,0,0,0,0,[],false,false,false
<http://dbpedia.org/resource/Charles_Tilly>,Charles Tilly,0.34812281756902685,0,1,1,1,0,0,0,0,0,0,0,0,[],false,false,false
<http://dbpedia.org/resource/Miguel_Antonio_Caro__Joseph_de_Maistre_Louis_de_Bonald_Jaime_Balmes__1>,Miguel Antonio Caro  Joseph de Maistre Louis de Bonald Jaime Balmes  1,0.3480674347217767,0,4,4,0,0,0,0,0,0,0,0,0,[],false,false,false
<http://dbpedia.org/resource/Chantal_David>,Chantal David,0.3480385550925417,0,0,0,1,1,0,0,0,0,0,0,0,[],false,false,false
<http://dbpedia.org/resource/Sisir_Kumar_Mitra>,Sisir Kumar Mitra,0.3479433369253872,0,0,0,1,1,0,0,0,0,0,0,0,[],false,false,false
<http://dbpedia.org/resource/Xenocrates>,Xenocrates,0.34788594538288703,4,3,7,0,0,0,0,0,0,0,0,0,[],false,false,false
<http://dbpedia.org/resource/Samuel_S._Wilks>,Samuel S. Wilks,0.34774493228312103,0,0,0,1,1,0,0,0,0,0,0,0,[],false,false,false
<http://dbpedia.org/resource/Christian_Heinrich_Bünger>,Christian Heinrich Bünger,0.34772887506581246,0,0,0,1,1,0,0,0,0,0,0,0,[],false,false,false
<http://dbpedia.org/resource/Jean_Buridan>,Jean Buridan,0.34768823171815677,6,6,12,0,0,0,0,0,0,0,0,0,[],false,false,false
<http://dbpedia.org/resource/Robert_G._Albion>,Robert G. Albion,0.3475368871650832,0,2,2,3,0,0,0,0,0,0,0,0,[],false,false,false
<http://dbpedia.org/resource/Vasile_Pogor>,Vasile Pogor,0.3475167573611529,3,4,7,0,0,0,0,0,0,0,0,0,[],false,false,false
<http://dbpedia.org/resource/Eric_Temple_Bell>,Eric Temple Bell,0.347450117676248,0,0,0,0,6,0,0,0,0,0,0,0,[],false,false,false
<http://dbpedia.org/resource/T.S._Eliot>,T.S. Eliot,0.3473675368039907,0,1,1,0,0,0,0,0,0,0,0,0,[],false,false,false
<http://dbpedia.org/resource/XACML>,XACML,0.34733850446428577,1,2,3,0,0,0,0,0,0,0,0,0,[],false,false,false
<http://dbpedia.org/resource/Oets_Kolk_Bouwsma>,Oets Kolk Bouwsma,0.3471463123418122,1,4,5,0,0,0,0,0,0,0,0,0,[],false,false,false
<http://dbpedia.org/resource/Roger_Penrose>,Roger Penrose,0.3471373686787969,4,3,7,2,32,0,0,0,0,0,0,0,[],false,false,false
<http://dbpedia.org/resource/Allan_Sandage>,Allan Sandage,0.3470937500000001,0,2,2,2,1,0,0,0,0,0,0,0,[],false,false,false
<http://dbpedia.org/resource/Imre_Lakatos>,Imre Lakatos,0.3470739557820693,6,6,12,0,0,0,0,0,0,0,0,0,[],false,false,false
<http://dbpedia.org/resource/Robert_J._Harrison>,Robert J. Harrison,0.3470087059990061,0,0,0,1,2,0,0,0,0,0,0,0,[],false,false,false
<http://dbpedia.org/resource/W._D._Hamilton>,W. D. Hamilton,0.34698750000000006,3,1,4,3,2,0,0,0,0,0,0,0,[],false,false,false
<http://dbpedia.org/resource/Stephen_H._Wright>,Stephen H. Wright,0.3468774545029855,0,2,2,1,0,0,0,0,0,0,0,0,[],false,false,false
<http://dbpedia.org/resource/George_Berkeley>,George Berkeley,0.3467489200060679,9,4,13,0,0,0,1,0,0,0,0,0,[],false,false,false
<http://dbpedia.org/resource/William_E._Connolly>,William E. Connolly,0.3465450664439478,1,4,5,0,0,0,0,0,0,0,0,0,[],false,false,false
<http://dbpedia.org/resource/Stephen_L._Brusatte>,Stephen L. Brusatte,0.34652265625,0,0,0,3,1,0,0,0,0,0,0,0,[],false,false,false
<http://dbpedia.org/resource/Helen_Longino>,Helen Longino,0.34639224166132093,0,1,1,0,0,0,0,0,0,0,0,0,[],false,false,false
<http://dbpedia.org/resource/Joakim_Edsjö>,Joakim Edsjö,0.34635000000000005,0,0,0,1,3,0,0,0,0,0,0,0,[],false,false,false
<http://dbpedia.org/resource/Ptolemy>,Ptolemy,0.3462105160153999,7,2,9,0,9,0,0,0,0,0,0,0,[],false,false,false
<http://dbpedia.org/resource/Han_Ryner>,Han Ryner,0.34604201753903213,4,5,9,0,0,0,0,0,0,0,0,0,[],false,false,false
<http://dbpedia.org/resource/Druze_in_Syria>,Druze in Syria,0.34603125,0,0,0,0,0,0,1,0,0,0,1,0,[],true,false,false
<http://dbpedia.org/resource/Francis_Birch_(geophysicist)>,Francis Birch (geophysicist),0.34601134140625,0,0,0,1,2,0,0,0,0,0,0,0,[],false,false,false
<http://dbpedia.org/resource/Pierre-Joseph_Proudhon>,Pierre-Joseph Proudhon,0.34597662728946554,18,8,26,0,0,0,0,0,0,0,0,0,[],false,false,false
<http://dbpedia.org/resource/Menas_Kafatos>,Menas Kafatos,0.34594733468275884,0,4,4,2,0,0,0,0,0,0,0,0,[],false,false,false
<http://dbpedia.org/resource/David_Deutsch>,David Deutsch,0.34585931542964227,0,3,3,2,13,0,0,0,0,0,0,0,[],false,false,false
<http://dbpedia.org/resource/Reinhard_Selten>,Reinhard Selten,0.3458198094243236,3,0,3,1,1,0,0,0,0,0,0,0,[],false,false,false
<http://dbpedia.org/resource/Malcolm_Green_(chemist)>,Malcolm Green (chemist),0.34560195674979044,0,2,2,4,3,0,0,0,0,0,0,0,[],false,false,false
<http://dbpedia.org/resource/Yoga>,Yoga,0.34550000000000003,1,0,1,0,0,0,0,0,0,0,0,0,[],false,false,false
<http://dbpedia.org/resource/Syrian_Turkmen>,Syrian Turkmen,0.34550000000000003,0,0,0,0,0,0,2,0,0,0,0,4,[],false,false,false
<http://dbpedia.org/resource/Georg_Wilhelm_Friedrich_Hegel>,Georg Wilhelm Friedrich Hegel,0.3454810312927927,87,5,92,0,0,0,0,0,0,0,0,0,[],false,false,false
<http://dbpedia.org/resource/Matatarō_Matsumoto>,Matatarō Matsumoto,0.3454618531619546,0,3,3,0,0,0,0,0,0,0,0,0,[],false,false,false
<http://dbpedia.org/resource/Ronald_S._Weinstein>,Ronald S. Weinstein,0.3454392857142858,0,3,3,2,1,0,0,0,0,0,0,0,[],false,false,false
<http://dbpedia.org/resource/Less_(stylesheet_language)>,Less (stylesheet language),0.3453914614721522,2,2,4,0,0,0,0,0,0,0,0,0,[],false,false,false
<http://dbpedia.org/resource/Eric_Berne>,Eric Berne,0.34533550528845136,3,4,7,0,1,0,0,0,0,0,0,0,[],false,false,false
<http://dbpedia.org/resource/Christopher_Coyne_(professor)>,Christopher Coyne (professor),0.3452818949969061,0,3,3,2,0,0,0,0,0,0,0,0,[],false,false,false
<http://dbpedia.org/resource/John_Ambrose_Fleming>,John Ambrose Fleming,0.345268628688929,0,0,0,2,3,0,0,0,0,0,0,0,[],false,false,false
<http://dbpedia.org/resource/Robert_J._Linhardt>,Robert J. Linhardt,0.34524375,1,1,2,3,0,0,0,0,0,0,0,0,[],false,false,false
<http://dbpedia.org/resource/K_(programming_language)>,K (programming language),0.3452394035528466,3,4,7,0,0,0,0,0,0,0,0,0,[],false,false,false
<http://dbpedia.org/resource/Kurt_Mendelssohn>,Kurt Mendelssohn,0.3451625856456252,1,0,1,1,0,0,0,0,0,0,0,0,[],false,false,false
<http://dbpedia.org/resource/Claire_(programming_language)>,Claire (programming language),0.344959750965487,0,6,6,0,0,0,0,0,0,0,0,0,[],false,false,false
<http://dbpedia.org/resource/James_F._Conant>,James F. Conant,0.34489503291793144,1,5,6,0,0,0,0,0,0,0,0,0,[],false,false,false
<http://dbpedia.org/resource/William_Frankena>,William Frankena,0.3446541918381682,0,5,5,0,0,0,0,0,0,0,0,0,[],false,false,false
<http://dbpedia.org/resource/Yuri_Isakov>,Yuri Isakov,0.34433125000000003,0,1,1,1,0,0,0,0,0,0,0,0,[],false,false,false
<http://dbpedia.org/resource/Bernt_Øksendal>,Bernt Øksendal,0.34433125000000003,0,0,0,1,1,0,0,0,0,0,0,0,[],false,false,false
<http://dbpedia.org/resource/Henri_de_Lubac>,Henri de Lubac,0.3442499260904039,1,4,5,0,0,0,1,0,0,0,0,0,[],false,false,false
<http://dbpedia.org/resource/JuMP>,JuMP,0.34407357584865395,0,2,2,0,0,0,0,0,0,0,0,0,[],false,false,false
<http://dbpedia.org/resource/Paul_Werbos>,Paul Werbos,0.34405962550953983,0,0,0,1,1,0,0,0,0,0,0,0,[],false,false,false
<http://dbpedia.org/resource/Alfred_Marshall>,Alfred Marshall,0.34386697571950886,7,5,12,0,0,0,0,0,0,0,0,0,[],false,false,false
<http://dbpedia.org/resource/Charles-Eusèbe_Dionne>,Charles-Eusèbe Dionne,0.34385312500000004,0,2,2,0,0,0,0,0,0,0,0,0,[],false,false,false
<http://dbpedia.org/resource/Aldor>,Aldor,0.3437863325174604,0,3,3,0,0,0,0,0,0,0,0,0,[],false,false,false
<http://dbpedia.org/resource/Thomas_Blackwell_(scholar)>,Thomas Blackwell (scholar),0.3437772278133304,1,1,2,2,0,0,0,0,0,0,0,0,[],false,false,false
<http://dbpedia.org/resource/Alicja_Gescinska>,Alicja Gescinska,0.3436132989935183,0,3,3,0,0,0,0,0,0,0,0,0,[],false,false,false
<http://dbpedia.org/resource/Muhammad_Tahir>,Muhammad Tahir,0.34352678571428574,2,4,6,0,0,0,0,0,0,0,0,0,[],false,false,false
<http://dbpedia.org/resource/Gilles_de_Roberval>,Gilles de Roberval,0.3433839239237922,2,1,3,0,2,0,0,0,0,0,0,0,[],false,false,false
<http://dbpedia.org/resource/Norman_O._Brown>,Norman O. Brown,0.343382263759255,1,4,5,0,0,0,0,0,0,0,0,0,[],false,false,false
<http://dbpedia.org/resource/Dinosaur_Renaissance>,Dinosaur Renaissance,0.3433750000000001,0,1,1,0,0,0,0,0,0,0,0,0,[],false,false,false
<http://dbpedia.org/resource/Eric_Wolf>,Eric Wolf,0.3431384539688429,0,4,4,0,2,0,0,0,0,0,0,0,[],false,false,false
<http://dbpedia.org/resource/Snap!_(programming_language)>,Snap! (programming language),0.34290802171893403,1,4,5,0,0,0,0,0,0,0,0,0,[],false,false,false
<http://dbpedia.org/resource/Dennis_Lindley>,Dennis Lindley,0.3427888304373741,0,0,0,1,4,0,0,0,0,0,0,0,[],false,false,false
<http://dbpedia.org/resource/Bernard_Williams>,Bernard Williams,0.34277553079395273,16,8,24,0,0,0,0,0,0,0,0,0,[],false,false,false
<http://dbpedia.org/resource/Elm_(programming_language)>,Elm (programming language),0.3426750747226583,2,6,8,0,0,0,0,0,0,0,0,0,[],false,false,false
<http://dbpedia.org/resource/Interfaith_dialogue>,Interfaith dialogue,0.3425515625000001,0,1,1,0,0,0,0,0,0,0,0,0,[],false,false,false
<http://dbpedia.org/resource/Sarah_Teichmann>,Sarah Teichmann,0.3424298402086093,0,6,6,1,0,0,0,0,0,0,0,0,[],false,false,false
<http://dbpedia.org/resource/Christopher_Chang>,Christopher Chang,0.34237574100601637,1,0,1,2,0,0,0,0,0,0,0,0,[],false,false,false
<http://dbpedia.org/resource/Tzvetan_Todorov>,Tzvetan Todorov,0.3423152367295218,0,2,2,0,0,0,0,0,0,0,0,0,[],false,false,false
<http://dbpedia.org/resource/Michael_Mayerfeld_Bell>,Michael Mayerfeld Bell,0.3423152367295218,0,1,1,2,6,0,0,0,0,0,0,0,[],false,false,false
<http://dbpedia.org/resource/Michael_Friedman_(philosopher)>,Michael Friedman (philosopher),0.3422576521214003,0,5,5,0,0,0,0,0,0,0,0,0,[],false,false,false
<http://dbpedia.org/resource/Agda_(programming_language)__Agda__1>,Agda (programming language)  Agda  1,0.3422512397197511,1,3,4,0,0,0,0,0,0,0,0,0,[],false,false,false
<http://dbpedia.org/resource/Tibor_Šalát>,Tibor Šalát,0.3421938212834642,0,2,2,1,2,0,0,0,0,0,0,0,[],false,false,false
<http://dbpedia.org/resource/Alexander_Gelfond__Alexander_Gelfond__1>,Alexander Gelfond  Alexander Gelfond  1,0.34215192713870496,0,0,0,1,1,0,0,0,0,0,0,0,[],false,false,false
<http://dbpedia.org/resource/Giuseppe_Sergi>,Giuseppe Sergi,0.3419152797749123,1,3,4,0,1,0,0,0,0,0,0,0,[],false,false,false
<http://dbpedia.org/resource/Jakob_Thomasius>,Jakob Thomasius,0.3418617227011429,0,1,1,1,0,0,0,0,0,0,0,0,[],false,false,false
<http://dbpedia.org/resource/DOPE_(Dartmouth_Oversimplified_Programming_Experiment)>,DOPE (Dartmouth Oversimplified Programming Experiment),0.34183212755893777,1,3,4,0,0,0,0,0,0,0,0,0,[],false,false,false
<http://dbpedia.org/resource/Dan_Boneh>,Dan Boneh,0.3417831623881225,0,0,0,1,2,0,0,0,0,0,0,0,[],false,false,false
<http://dbpedia.org/resource/Margaret_D._Lowman>,Margaret D. Lowman,0.34178240450032554,0,2,2,4,0,0,0,0,0,0,0,0,[],false,false,false
<http://dbpedia.org/resource/Persi_Diaconis>,Persi Diaconis,0.34156833935154834,1,1,2,0,1,0,0,0,0,0,0,0,[],false,false,false
<http://dbpedia.org/resource/Virgil>,Virgil,0.34134136904620493,3,2,5,0,0,0,0,0,0,0,0,0,[],false,false,false
<http://dbpedia.org/resource/Kamāl_al-Dīn_al-Fārisī>,Kamāl al-Dīn al-Fārisī,0.34131555697557886,0,3,3,0,0,0,0,0,0,0,0,0,[],false,false,false
<http://dbpedia.org/resource/Stephen_A._Webb>,Stephen A. Webb,0.3412715866411933,0,5,5,0,0,0,0,0,0,0,0,0,[],false,false,false
<http://dbpedia.org/resource/Jean_Dalby_Clift>,Jean Dalby Clift,0.3412622828416356,0,3,3,2,7,0,0,0,0,0,0,0,[],false,false,false
<http://dbpedia.org/resource/African_Americans>,African Americans,0.34125000000000005,0,0,0,0,0,0,3,0,0,0,0,0,[],false,false,false
<http://dbpedia.org/resource/Thomas_Overbury>,Thomas Overbury,0.34125000000000005,0,0,0,1,2,0,0,0,0,0,0,0,[],false,false,false
<http://dbpedia.org/resource/William_T._G._Morton>,William T. G. Morton,0.34125000000000005,0,2,2,0,0,0,0,0,0,0,0,0,[],false,false,false
<http://dbpedia.org/resource/Penang_Free_School>,Penang Free School,0.34125000000000005,0,0,0,0,0,0,1,0,0,2,0,0,[],false,false,false
<http://dbpedia.org/resource/Evandro_Agazzi>,Evandro Agazzi,0.34125000000000005,1,2,3,0,0,0,0,0,0,0,0,0,[],false,false,false
<http://dbpedia.org/resource/Sacred_Hearts_Academy>,Sacred Hearts Academy,0.34125000000000005,0,0,0,0,0,0,1,0,0,2,0,0,[],false,false,false
<http://dbpedia.org/resource/E._T._Whittaker>,E. T. Whittaker,0.34125000000000005,0,0,0,1,7,0,0,0,0,0,0,0,[],false,false,false
<http://dbpedia.org/resource/Kathleen_Curtis>,Kathleen Curtis,0.34125000000000005,0,0,0,1,1,0,0,0,0,0,0,0,[],false,false,false
<http://dbpedia.org/resource/Wesleyan_School>,Wesleyan School,0.34125000000000005,0,0,0,0,0,0,2,0,0,2,0,0,[],false,false,false
<http://dbpedia.org/resource/Botswana>,Botswana,0.34125000000000005,0,0,0,0,0,0,5,0,0,0,0,0,[],false,false,false
<http://dbpedia.org/resource/Cardinal_Spellman_High_School_(New_York_City)>,Cardinal Spellman High School (New York City),0.34125000000000005,0,0,0,0,0,0,1,0,0,2,0,0,[],false,false,false
<http://dbpedia.org/resource/Susan_Goldin-Meadow>,Susan Goldin-Meadow,0.34125000000000005,0,0,0,2,1,0,0,0,0,0,0,0,[],false,false,false
<http://dbpedia.org/resource/Humphry_Davy>,Humphry Davy,0.34125000000000005,3,2,5,0,10,0,0,0,0,0,0,0,[],false,false,false
"<http://dbpedia.org/resource/The_King's_School,_Canterbury>","The King's School, Canterbury",0.34125000000000005,0,0,0,0,0,0,1,0,0,2,0,0,[],false,false,false
<http://dbpedia.org/resource/George_Perry_(neuroscientist)>,George Perry (neuroscientist),0.34125000000000005,0,0,0,4,1,0,0,0,0,0,0,0,[],false,false,false
<http://dbpedia.org/resource/Brainfuck>,Brainfuck,0.34125000000000005,1,2,3,0,0,0,0,0,0,0,0,0,[],false,false,false
<http://dbpedia.org/resource/Margaret_Pericak-Vance>,Margaret Pericak-Vance,0.34125000000000005,0,0,0,0,1,0,0,0,0,0,0,0,[],false,false,false
<http://dbpedia.org/resource/Mary_Jeanne_Kreek>,Mary Jeanne Kreek,0.34125000000000005,0,2,2,1,0,0,0,0,0,0,0,0,[],false,false,false
<http://dbpedia.org/resource/Hamidreza_Jalaeipour>,Hamidreza Jalaeipour,0.34125000000000005,1,0,1,1,0,0,0,0,0,0,0,0,[],false,false,false
<http://dbpedia.org/resource/James_Naismith_(chemist)>,James Naismith (chemist),0.34125000000000005,0,0,0,3,1,0,0,0,0,0,0,0,[],false,false,false
<http://dbpedia.org/resource/Marion_Milner>,Marion Milner,0.34125000000000005,0,2,2,0,0,0,0,0,0,0,0,0,[],false,false,false
<http://dbpedia.org/resource/Zoilus>,Zoilus,0.34125000000000005,0,2,2,0,0,0,0,0,0,0,0,0,[],false,false,false
<http://dbpedia.org/resource/St._Francis'_Canossian_College>,St. Francis' Canossian College,0.34125000000000005,0,0,0,0,0,0,1,0,0,3,0,0,[],false,false,false
<http://dbpedia.org/resource/Renée_Baillargeon>,Renée Baillargeon,0.34125000000000005,0,0,0,1,2,0,0,0,0,0,0,0,[],false,false,false
<http://dbpedia.org/resource/Rostrevor_College>,Rostrevor College,0.34125000000000005,0,0,0,0,0,0,1,0,0,2,0,0,[],false,false,false
<http://dbpedia.org/resource/Célestin_Port>,Célestin Port,0.34125000000000005,0,1,1,1,1,0,0,0,0,0,0,0,[],false,false,false
<http://dbpedia.org/resource/Roedean_School>,Roedean School,0.34125000000000005,0,0,0,0,0,0,1,0,0,2,0,0,[],false,false,false
<http://dbpedia.org/resource/Henry_James>,Henry James,0.34125000000000005,0,0,0,1,0,11,0,0,0,0,0,0,[],false,false,false
<http://dbpedia.org/resource/Herero_people>,Herero people,0.34125000000000005,0,0,0,0,0,0,2,0,0,0,0,1,[],false,false,false
<http://dbpedia.org/resource/Hergé>,Hergé,0.34125000000000005,1,0,1,0,0,0,0,0,0,0,0,0,[],false,false,false
<http://dbpedia.org/resource/Saint_Louis_School>,Saint Louis School,0.34125000000000005,0,0,0,0,0,0,1,0,0,2,0,0,[],false,false,false
<http://dbpedia.org/resource/Chandrashekhar_Khare>,Chandrashekhar Khare,0.34125000000000005,0,0,0,2,1,0,0,0,0,0,0,0,[],false,false,false
<http://dbpedia.org/resource/Milton_Hearn>,Milton Hearn,0.34125000000000005,0,0,0,1,1,0,0,0,0,0,0,0,[],false,false,false
<http://dbpedia.org/resource/Licia_Verde>,Licia Verde,0.34125000000000005,0,0,0,2,2,0,0,0,0,0,0,0,[],false,false,false
<http://dbpedia.org/resource/Robert_Moray__Sir_Robert_Moray__1>,Robert Moray  Sir Robert Moray  1,0.34125000000000005,4,2,6,1,1,0,0,0,0,0,0,0,[],false,false,false
<http://dbpedia.org/resource/Hmong_people>,Hmong people,0.34125000000000005,0,0,0,0,0,0,1,0,0,0,0,0,[],false,false,false
<http://dbpedia.org/resource/Daniel_Herschlag>,Daniel Herschlag,0.34125000000000005,0,0,0,3,1,0,0,0,0,0,0,0,[],false,false,false
<http://dbpedia.org/resource/Virgil_Earp>,Virgil Earp,0.34125000000000005,0,0,0,0,3,0,0,0,0,0,0,0,[],false,false,false
<http://dbpedia.org/resource/Havergal_College>,Havergal College,0.34125000000000005,0,0,0,0,0,0,1,0,0,2,0,0,[],false,false,false
"<http://dbpedia.org/resource/King's_School,_Bruton>","King's School, Bruton",0.34125000000000005,0,0,0,0,0,0,1,0,0,2,0,0,[],false,false,false
<http://dbpedia.org/resource/Kinji_Imanishi>,Kinji Imanishi,0.34125000000000005,1,2,3,0,0,0,0,0,0,0,0,0,[],false,false,false
<http://dbpedia.org/resource/Kingswood_School>,Kingswood School,0.34125000000000005,0,0,0,0,0,0,1,0,0,2,0,0,[],false,false,false
<http://dbpedia.org/resource/Alfred_Vogt>,Alfred Vogt,0.34125000000000005,0,2,2,1,0,0,0,0,0,0,0,0,[],false,false,false
<http://dbpedia.org/resource/Ian_Donald>,Ian Donald,0.34125000000000005,1,2,3,0,1,0,0,0,0,0,0,0,[],false,false,false
<http://dbpedia.org/resource/Individualist_anarchism>,Individualist anarchism,0.34125000000000005,1,0,1,0,0,0,0,0,0,0,0,0,[],false,false,false
<http://dbpedia.org/resource/Vivian_Irish>,Vivian Irish,0.34125000000000005,0,0,0,2,1,0,0,0,0,0,0,0,[],false,false,false
<http://dbpedia.org/resource/Minakata_Kumagusu>,Minakata Kumagusu,0.34125000000000005,0,2,2,0,0,0,0,0,0,0,0,0,[],false,false,false
<http://dbpedia.org/resource/Charlotte_Vaudeville>,Charlotte Vaudeville,0.34125000000000005,0,0,0,1,1,0,0,0,0,0,0,0,[],false,false,false
<http://dbpedia.org/resource/Karl_von_Frisch>,Karl von Frisch,0.34125000000000005,1,2,3,0,1,0,0,0,0,0,0,0,[],false,false,false
<http://dbpedia.org/resource/Gregory_S._Paul>,Gregory S. Paul,0.34125000000000005,1,2,3,0,2,0,0,0,0,0,0,0,[],false,false,false
<http://dbpedia.org/resource/Jack_A._Apsche>,Jack A. Apsche,0.34125000000000005,1,2,3,2,0,0,0,0,0,0,0,0,[],false,false,false
<http://dbpedia.org/resource/Abd_al-Rahman_al-Kawakibi>,Abd al-Rahman al-Kawakibi,0.34125000000000005,1,3,4,0,0,0,0,0,0,0,0,0,[],false,false,false
<http://dbpedia.org/resource/Wimbledon_College>,Wimbledon College,0.34125000000000005,0,0,0,0,0,0,3,0,0,2,0,0,[],false,false,false
<http://dbpedia.org/resource/Kilkenny_College>,Kilkenny College,0.34125000000000005,0,0,0,0,0,0,1,0,0,2,0,0,[],false,false,false
<http://dbpedia.org/resource/Denise_Cocquerillat>,Denise Cocquerillat,0.34125000000000005,0,2,2,1,0,0,0,0,0,0,0,0,[],false,false,false
<http://dbpedia.org/resource/Nastulus>,Nastulus,0.34125000000000005,1,2,3,0,0,0,0,0,0,0,0,0,[],false,false,false
"<http://dbpedia.org/resource/Saint_Joseph_Academy_(Brownsville,_Texas)>","Saint Joseph Academy (Brownsville, Texas)",0.34125000000000005,0,0,0,0,0,0,2,0,0,2,0,0,[],false,false,false
<http://dbpedia.org/resource/Lajos_Markusovszky>,Lajos Markusovszky,0.34125000000000005,0,0,0,0,1,0,0,0,0,0,0,0,[],false,false,false
<http://dbpedia.org/resource/Ignacio_Tinoco_Jr.>,Ignacio Tinoco Jr.,0.34125000000000005,2,0,2,3,0,0,0,0,0,0,0,0,[],false,false,false
<http://dbpedia.org/resource/Erich_Traub>,Erich Traub,0.34125000000000005,0,2,2,1,1,0,0,0,0,0,0,0,[],false,false,false
<http://dbpedia.org/resource/Aram_Ter-Ghevondyan>,Aram Ter-Ghevondyan,0.34125000000000005,0,2,2,1,0,0,0,0,0,0,0,0,[],false,false,false
<http://dbpedia.org/resource/Venkat_Chandrasekaran>,Venkat Chandrasekaran,0.34125000000000005,0,0,0,2,3,0,0,0,0,0,0,0,[],false,false,false
<http://dbpedia.org/resource/Saul_Roseman>,Saul Roseman,0.34125000000000005,0,0,0,2,2,0,0,0,0,0,0,0,[],false,false,false
<http://dbpedia.org/resource/Kosovo_Serbs>,Kosovo Serbs,0.34125000000000005,0,0,0,0,0,0,1,0,0,0,0,2,[],false,false,false
<http://dbpedia.org/resource/Nir_Shaviv>,Nir Shaviv,0.34125000000000005,0,2,2,0,0,0,0,0,0,0,0,0,[],false,false,false
<http://dbpedia.org/resource/Dines_Bjørner>,Dines Bjørner,0.34125000000000005,5,2,7,1,2,0,0,0,0,0,0,0,[],false,false,false
<http://dbpedia.org/resource/Earl_Muetterties>,Earl Muetterties,0.34125000000000005,0,0,0,2,5,0,0,0,0,0,0,0,[],false,false,false
<http://dbpedia.org/resource/William_Monroe_Trotter>,William Monroe Trotter,0.34125000000000005,0,2,2,1,0,0,0,0,0,0,0,0,[],false,false,false
<http://dbpedia.org/resource/Romani_people_in_Hungary>,Romani people in Hungary,0.34125000000000005,0,0,0,0,0,0,2,0,0,0,0,2,[],false,false,false
<http://dbpedia.org/resource/H._Eugene_Stanley>,H. Eugene Stanley,0.34125000000000005,0,0,0,2,3,0,0,0,0,0,0,0,[],false,false,false
<http://dbpedia.org/resource/Theodore_Reich>,Theodore Reich,0.34125000000000005,0,2,2,1,0,0,0,0,0,0,0,0,[],false,false,false
<http://dbpedia.org/resource/O._W._Wolters>,O. W. Wolters,0.34125000000000005,0,1,1,2,0,0,0,0,0,0,0,0,[],false,false,false
<http://dbpedia.org/resource/Roger_Adams>,Roger Adams,0.34125000000000005,0,0,0,1,1,0,0,0,0,0,0,0,[],false,false,false
<http://dbpedia.org/resource/Australian_Labor_Party_(New_South_Wales_Branch)>,Australian Labor Party (New South Wales Branch),0.34125000000000005,0,0,0,0,0,0,0,1,0,0,0,0,[],false,false,false
<http://dbpedia.org/resource/Australian_Labor_Party>,Australian Labor Party,0.34125000000000005,0,0,0,0,0,0,0,1,0,0,0,0,[],false,false,false
<http://dbpedia.org/resource/Algeria>,Algeria,0.34125000000000005,0,0,0,0,0,0,3,0,0,0,0,0,[],false,false,false
<http://dbpedia.org/resource/Mohsen_Adeli>,Mohsen Adeli,0.34125000000000005,0,0,0,0,1,0,0,0,0,0,0,0,[],false,false,false
<http://dbpedia.org/resource/Gabriel_Bertrand>,Gabriel Bertrand,0.34125000000000005,0,0,0,0,2,0,0,0,0,0,0,0,[],false,false,false
<http://dbpedia.org/resource/Inuit>,Inuit,0.34125000000000005,0,0,0,0,0,0,2,0,0,0,0,0,[],false,false,false
<http://dbpedia.org/resource/Nathaniel_Colgan>,Nathaniel Colgan,0.34125000000000005,0,2,2,0,1,0,0,0,0,0,0,0,[],false,false,false
<http://dbpedia.org/resource/Colegio_San_Agustin_–_Makati>,Colegio San Agustin – Makati,0.34125000000000005,0,0,0,0,0,0,1,0,0,2,0,0,[],false,false,false
<http://dbpedia.org/resource/Jeremy_C._Smith>,Jeremy C. Smith,0.34125000000000005,0,0,0,2,6,0,0,0,0,0,0,0,[],false,false,false
<http://dbpedia.org/resource/Eduard_Study>,Eduard Study,0.34125000000000005,0,0,0,0,2,0,0,0,0,0,0,0,[],false,false,false
<http://dbpedia.org/resource/Al-Karaji>,Al-Karaji,0.34125000000000005,0,2,2,0,0,0,0,0,0,0,0,0,[],false,false,false
<http://dbpedia.org/resource/Amnon_Albeck>,Amnon Albeck,0.34125000000000005,0,0,0,2,4,0,0,0,0,0,0,0,[],false,false,false
<http://dbpedia.org/resource/Aburi_Girls'_Senior_High_School>,Aburi Girls' Senior High School,0.34125000000000005,0,0,0,0,0,0,1,0,0,2,0,0,[],false,false,false
<http://dbpedia.org/resource/David_P._Currie>,David P. Currie,0.34125000000000005,0,2,2,2,0,0,0,0,0,0,0,0,[],false,false,false
<http://dbpedia.org/resource/Kensuke_Mitsuda>,Kensuke Mitsuda,0.34125000000000005,0,0,0,0,1,0,0,0,0,0,0,0,[],false,false,false
<http://dbpedia.org/resource/Conservative_Party_(UK)>,Conservative Party (UK),0.34125000000000005,0,0,0,0,0,0,0,3,0,0,0,0,[],false,false,false
<http://dbpedia.org/resource/Nicaragua>,Nicaragua,0.34125000000000005,0,0,0,0,0,0,5,0,0,0,0,0,[],false,false,false
<http://dbpedia.org/resource/Rosa_Parks>,Rosa Parks,0.34125000000000005,0,0,0,0,1,0,0,0,0,0,0,0,[],false,false,false
<http://dbpedia.org/resource/Akira_Fujishima>,Akira Fujishima,0.34125000000000005,0,0,0,2,2,0,0,0,0,0,0,0,[],false,false,false
<http://dbpedia.org/resource/Fred_Hampton>,Fred Hampton,0.34125000000000005,0,0,0,0,1,0,0,0,0,0,0,0,[],false,false,false
<http://dbpedia.org/resource/William_Poole>,William Poole,0.34125000000000005,0,0,0,0,5,0,0,0,0,0,0,0,[],false,false,false
<http://dbpedia.org/resource/Dimitri_Kullmann>,Dimitri Kullmann,0.34125000000000005,0,1,1,1,0,0,0,0,0,0,0,0,[],false,false,false
<http://dbpedia.org/resource/Suchitra_Sebastian>,Suchitra Sebastian,0.34125000000000005,0,1,1,3,0,0,0,0,0,0,0,0,[],false,false,false
<http://dbpedia.org/resource/Mary_Cassatt>,Mary Cassatt,0.34125000000000005,0,0,0,0,1,0,0,0,0,0,0,0,[],false,false,false
<http://dbpedia.org/resource/Reading_School>,Reading School,0.34125000000000005,0,0,0,0,0,0,1,0,0,2,0,0,[],false,false,false
<http://dbpedia.org/resource/Georg_Ernst_Stahl>,Georg Ernst Stahl,0.34125000000000005,0,2,2,1,2,0,0,0,0,0,0,0,[],false,false,false
<http://dbpedia.org/resource/Georg_Rasch>,Georg Rasch,0.34125000000000005,2,0,2,0,1,0,0,0,0,0,0,0,[],false,false,false
<http://dbpedia.org/resource/George_Everest>,George Everest,0.34125000000000005,2,2,4,0,2,0,0,0,0,0,0,0,[],false,false,false
<http://dbpedia.org/resource/Gonzaga_College_High_School>,Gonzaga College High School,0.34125000000000005,0,0,0,0,0,0,1,0,0,3,0,0,[],false,false,false
<http://dbpedia.org/resource/Kathrin_Jansen>,Kathrin Jansen,0.34125000000000005,0,1,1,1,0,0,0,0,0,0,0,0,[],false,false,false
<http://dbpedia.org/resource/Emmanuel_Todd>,Emmanuel Todd,0.34125000000000005,0,1,1,3,1,0,0,0,0,0,0,0,[],false,false,false
<http://dbpedia.org/resource/John_Anthony_Nevin>,John Anthony Nevin,0.34117854363965694,0,3,3,2,1,0,0,0,0,0,0,0,[],false,false,false
<http://dbpedia.org/resource/Vala_(programming_language)>,Vala (programming language),0.34115576209125165,0,8,8,0,0,0,0,0,0,0,0,0,[],false,false,false
<http://dbpedia.org/resource/Johann_Heinrich_Alsted>,Johann Heinrich Alsted,0.34114068276067916,2,3,5,0,0,0,0,0,0,0,0,0,[],false,false,false
<http://dbpedia.org/resource/Michel_Bréal__Michel_Bréal__1>,Michel Bréal  Michel Bréal  1,0.34093955845386603,2,2,4,0,0,0,0,0,0,0,0,0,[],false,false,false
<http://dbpedia.org/resource/Guillermo_Bazan>,Guillermo Bazan,0.34084518750000004,0,0,0,2,3,0,0,0,0,0,0,0,[],false,false,false
<http://dbpedia.org/resource/Charles_Ofria>,Charles Ofria,0.34071884490355514,0,0,0,2,2,0,0,0,0,0,0,0,[],false,false,false
<http://dbpedia.org/resource/David_J._Wineland>,David J. Wineland,0.3406706314307262,0,1,1,2,2,0,0,0,0,0,0,0,[],false,false,false
<http://dbpedia.org/resource/Allan_Wilson_(biologist)>,Allan Wilson (biologist),0.34066028469431814,0,1,1,3,2,0,0,0,0,0,0,0,[],false,false,false
<http://dbpedia.org/resource/Nicolaas_Bloembergen>,Nicolaas Bloembergen,0.34062244921586204,1,0,1,2,7,0,0,0,0,0,0,0,[],false,false,false
<http://dbpedia.org/resource/Visual_Basic_.NET>,Visual Basic .NET,0.3403801095621542,1,4,5,0,0,0,0,0,0,0,0,0,[],false,false,false
<http://dbpedia.org/resource/Grace_Ji-Sun_Kim>,Grace Ji-Sun Kim,0.34036659383787476,0,2,2,0,0,0,0,0,0,0,0,0,[],false,false,false
<http://dbpedia.org/resource/Wendy_Brown_(political_theorist)>,Wendy Brown (political theorist),0.3403242397864365,0,6,6,0,0,0,0,0,0,0,0,0,[],false,false,false
<http://dbpedia.org/resource/David_Papineau>,David Papineau,0.3401953386073632,1,1,2,0,0,0,0,0,0,0,0,0,[],false,false,false
<http://dbpedia.org/resource/F._H._Bradley>,F. H. Bradley,0.34016350346863966,11,7,18,0,0,0,0,0,0,0,0,0,[],false,false,false
<http://dbpedia.org/resource/Harry_Hammond_Hess>,Harry Hammond Hess,0.340106973849282,1,1,2,1,1,0,0,0,0,0,0,0,[],false,false,false
<http://dbpedia.org/resource/Jupyter>,Jupyter,0.3400990031603793,0,1,1,0,0,0,0,0,0,0,0,0,[],false,false,false
<http://dbpedia.org/resource/Helmut_Wautischer>,Helmut Wautischer,0.3395627319529389,0,4,4,0,0,0,0,0,0,0,0,0,[],false,false,false
<http://dbpedia.org/resource/Mattias_Kumm>,Mattias Kumm,0.3395403264081163,0,3,3,0,0,0,0,0,0,0,0,0,[],false,false,false
<http://dbpedia.org/resource/Ted_Honderich>,Ted Honderich,0.33951424058878993,0,5,5,0,0,0,0,0,0,0,0,0,[],false,false,false
<http://dbpedia.org/resource/Erin_Manning_(theorist)>,Erin Manning (theorist),0.3391800105635741,0,7,7,0,0,0,0,0,0,0,0,0,[],false,false,false
<http://dbpedia.org/resource/André_Chantemesse>,André Chantemesse,0.33909915502356547,0,3,3,0,1,0,0,0,0,0,0,0,[],false,false,false
<http://dbpedia.org/resource/Nelson_Goodman>,Nelson Goodman,0.33907785864689355,12,8,20,0,0,0,0,0,0,0,0,0,[],false,false,false
<http://dbpedia.org/resource/Richard_of_Saint_Victor>,Richard of Saint Victor,0.3390256219118272,2,1,3,0,0,0,0,0,0,0,0,0,[],false,false,false
<http://dbpedia.org/resource/Eric_Birley>,Eric Birley,0.3389398341362939,0,2,2,2,2,0,0,0,0,0,0,0,[],false,false,false
<http://dbpedia.org/resource/Carolyne_Van_Vliet>,Carolyne Van Vliet,0.33888623647995086,0,0,0,1,3,0,0,0,0,0,0,0,[],false,false,false
<http://dbpedia.org/resource/Stephen_P._Boyd>,Stephen P. Boyd,0.3388593750000001,0,0,0,2,1,0,0,0,0,0,0,0,[],false,false,false
<http://dbpedia.org/resource/Michael_Dummett>,Michael Dummett,0.3388313182478057,17,8,25,0,0,0,0,0,0,0,0,0,[],false,false,false
<http://dbpedia.org/resource/Sissela_Bok>,Sissela Bok,0.33871936204146263,1,3,4,0,0,0,0,0,0,0,0,0,[],false,false,false
<http://dbpedia.org/resource/Eleanor_Duckworth>,Eleanor Duckworth,0.3387156807013038,0,3,3,0,0,0,0,0,0,0,0,0,[],false,false,false
<http://dbpedia.org/resource/Vasily_Davydov>,Vasily Davydov,0.33869992986595193,0,1,1,0,0,0,0,0,0,0,0,0,[],false,false,false
<http://dbpedia.org/resource/Alexandre_Mas>,Alexandre Mas,0.33868520472575225,0,1,1,2,0,0,0,0,0,0,0,0,[Labor economics],false,false,false
<http://dbpedia.org/resource/Richard_Bandler>,Richard Bandler,0.33867242695587363,0,2,2,0,1,0,0,0,0,0,0,0,[],false,false,false
<http://dbpedia.org/resource/John_Searle>,John Searle,0.3386552029316173,4,10,14,0,0,0,0,0,0,0,0,0,[],false,false,false
<http://dbpedia.org/resource/Jan_Waszkiewicz>,Jan Waszkiewicz,0.3385258141732343,0,0,0,3,2,0,0,0,0,0,0,0,[],false,false,false
<http://dbpedia.org/resource/Jean-Marie_Souriau>,Jean-Marie Souriau,0.33846107447125634,0,0,0,2,6,0,0,0,0,0,0,0,[],false,false,false
<http://dbpedia.org/resource/Kalanit_Grill-Spector>,Kalanit Grill-Spector,0.3384484073331164,0,0,0,0,1,0,0,0,0,0,0,0,[],false,false,false
<http://dbpedia.org/resource/Julia_Driver>,Julia Driver,0.3383948103354667,0,1,1,0,0,0,0,0,0,0,0,0,[],false,false,false
<http://dbpedia.org/resource/Josiah_Willard_Gibbs>,Josiah Willard Gibbs,0.3383299904601431,3,3,6,1,38,0,0,0,0,0,0,0,[],false,false,false
<http://dbpedia.org/resource/Charles_Krebs>,Charles Krebs,0.33827326127950497,2,0,2,0,0,0,0,0,0,0,0,0,[],false,false,false
<http://dbpedia.org/resource/Jean-Louis_Arcand>,Jean-Louis Arcand,0.33826522911410817,0,4,4,1,0,0,0,0,0,0,0,0,"[Development economics, Microeconomics]",false,false,false
<http://dbpedia.org/resource/Svetozar_Marković>,Svetozar Marković,0.3381932865590868,2,3,5,0,0,0,0,0,0,0,0,0,[],false,false,false
<http://dbpedia.org/resource/SBML>,SBML,0.3381870907738096,0,1,1,0,0,0,0,0,0,0,0,0,[],false,false,false
<http://dbpedia.org/resource/Social_anthropology>,Social anthropology,0.33805732028349667,0,1,1,0,0,0,0,0,0,0,0,0,[],false,false,false
<http://dbpedia.org/resource/Antonie_Pannekoek>,Antonie Pannekoek,0.33803501128876184,6,3,9,1,3,0,0,0,0,0,0,0,[],false,false,false
<http://dbpedia.org/resource/Albrecht_Penck>,Albrecht Penck,0.3379611238293949,4,2,6,1,0,0,0,0,0,0,0,0,[],false,false,false
<http://dbpedia.org/resource/Harvey_J._Levin>,Harvey J. Levin,0.3379342820118236,5,4,9,2,0,0,0,0,0,0,0,0,[Regulatory economics],false,false,false
<http://dbpedia.org/resource/Robert_Frodeman>,Robert Frodeman,0.33791165363310716,0,1,1,0,0,0,0,0,0,0,0,0,[],false,false,false
<http://dbpedia.org/resource/Walter_Feit>,Walter Feit,0.33784369186251373,0,0,0,2,1,0,0,0,0,0,0,0,[],false,false,false
<http://dbpedia.org/resource/Cathleen_Crudden>,Cathleen Crudden,0.3378102718199416,0,0,0,2,2,0,0,0,0,0,0,0,[],false,false,false
<http://dbpedia.org/resource/CGOL>,CGOL,0.33777434770926795,0,3,3,0,0,0,0,0,0,0,0,0,[],false,false,false
<http://dbpedia.org/resource/Hugo_Herrera_(Chilean_philosopher)>,Hugo Herrera (Chilean philosopher),0.3377680123949297,0,2,2,2,0,0,0,0,0,0,0,0,[],false,false,false
<http://dbpedia.org/resource/Theodor_Eimer>,Theodor Eimer,0.3376949374199293,1,3,4,0,1,0,0,0,0,0,0,0,[],false,false,false
<http://dbpedia.org/resource/Ricardo_Reis>,Ricardo Reis,0.3376314778111542,0,2,2,2,0,0,0,0,0,0,0,0,[Macroeconomics],false,false,false
<http://dbpedia.org/resource/Lei_Stanley_Qi>,Lei Stanley Qi,0.33754642857142864,0,0,0,2,2,0,0,0,0,0,0,0,[],false,false,false
<http://dbpedia.org/resource/Action!_(programming_language)>,Action! (programming language),0.3374597481355902,0,1,1,0,0,0,0,0,0,0,0,0,[],false,false,false
<http://dbpedia.org/resource/Alain_Badiou>,Alain Badiou,0.3374456482096257,13,8,21,0,0,0,0,0,0,0,0,0,[],false,false,false
<http://dbpedia.org/resource/Nouriel_Roubini>,Nouriel Roubini,0.337382836771268,0,4,4,2,0,0,0,0,0,0,0,0,[International economics],false,false,false
<http://dbpedia.org/resource/Ulrich_Kortz>,Ulrich Kortz,0.3373703571428572,0,0,0,1,2,0,0,0,0,0,0,0,[],false,false,false
<http://dbpedia.org/resource/Fernando_González_(writer)>,Fernando González (writer),0.3373697315678623,2,5,7,0,0,0,0,0,0,0,0,0,[],false,false,false
<http://dbpedia.org/resource/Howell_Tong>,Howell Tong,0.3373322398445749,1,3,4,1,9,0,0,0,0,0,0,0,[],false,false,false
<http://dbpedia.org/resource/Mustafa_Kemal_Atatürk>,Mustafa Kemal Atatürk,0.33731330630917833,1,2,3,0,0,0,0,0,0,0,0,0,[],false,false,false
<http://dbpedia.org/resource/Erich_Leo_Lehmann>,Erich Leo Lehmann,0.33730505977517494,0,4,4,1,4,0,0,0,0,0,0,0,[],false,false,false
<http://dbpedia.org/resource/Niles_Eldredge>,Niles Eldredge,0.33730141968463845,0,2,2,1,0,0,0,0,0,0,0,0,[],false,false,false
<http://dbpedia.org/resource/Pierre_Boutang>,Pierre Boutang,0.3372331685513489,0,3,3,0,0,0,0,0,0,0,0,0,[],false,false,false
<http://dbpedia.org/resource/Parmenides>,Parmenides,0.3371035584621986,13,2,15,0,0,0,0,0,0,0,0,0,[],false,false,false
<http://dbpedia.org/resource/Laurence_Houlgate>,Laurence Houlgate,0.3370996310141734,0,5,5,0,0,0,0,0,0,0,0,0,[],false,false,false
<http://dbpedia.org/resource/Benjamin_List>,Benjamin List,0.3370492947880769,0,1,1,0,0,0,0,0,0,0,0,0,[],false,false,false
<http://dbpedia.org/resource/Chinese_philosophy>,Chinese philosophy,0.33695515917968755,0,1,1,0,0,0,0,0,0,0,0,0,[],false,false,false
<http://dbpedia.org/resource/Richard_Sennett>,Richard Sennett,0.33693905751913134,0,1,1,0,0,0,0,0,0,0,0,0,[],false,false,false
<http://dbpedia.org/resource/Gerard_van_Swieten>,Gerard van Swieten,0.3368698380752841,1,0,1,2,0,0,0,0,0,0,0,0,[],false,false,false
<http://dbpedia.org/resource/Robert_McCance>,Robert McCance,0.3368254464285715,0,2,2,1,1,0,0,0,0,0,0,0,[],false,false,false
<http://dbpedia.org/resource/Vladimir_Vernadsky>,Vladimir Vernadsky,0.3367662824648859,1,3,4,1,2,0,0,0,0,0,0,0,[],false,false,false
<http://dbpedia.org/resource/Colin_Maclaurin>,Colin Maclaurin,0.3366560049087744,0,2,2,1,7,0,0,0,0,0,0,0,[],false,false,false
<http://dbpedia.org/resource/Gary_M._Feinman>,Gary M. Feinman,0.3364687500000001,0,0,0,3,2,0,0,0,0,0,0,0,[],false,false,false
<http://dbpedia.org/resource/Gretchen_Kalonji>,Gretchen Kalonji,0.3364687500000001,0,1,1,1,0,0,0,0,0,0,0,0,[],false,false,false
<http://dbpedia.org/resource/Carl_Rettenmeyer>,Carl Rettenmeyer,0.3364687500000001,1,1,2,2,0,0,0,0,0,0,0,0,[],false,false,false
<http://dbpedia.org/resource/Ludwig_Danzer>,Ludwig Danzer,0.3364687500000001,0,0,0,1,1,0,0,0,0,0,0,0,[],false,false,false
<http://dbpedia.org/resource/Albert_Folch_Folch>,Albert Folch Folch,0.3364687500000001,0,0,0,1,2,0,0,0,0,0,0,0,[],false,false,false
<http://dbpedia.org/resource/Norman_L._Bowen>,Norman L. Bowen,0.3364687500000001,1,0,1,2,1,0,0,0,0,0,0,0,[],false,false,false
<http://dbpedia.org/resource/Harbour_(programming_language)>,Harbour (programming language),0.3364687500000001,1,2,3,0,0,0,0,0,0,0,0,0,[],false,false,false
<http://dbpedia.org/resource/Wil_van_der_Aalst>,Wil van der Aalst,0.3364687500000001,0,0,0,0,2,0,0,0,0,0,0,0,[],false,false,false
<http://dbpedia.org/resource/William_Gilbert_(physician)>,William Gilbert (physician),0.3364687500000001,0,2,2,0,1,0,0,0,0,0,0,0,[],false,false,false
<http://dbpedia.org/resource/George_Stout>,George Stout,0.33643452758186543,2,6,8,0,0,0,0,0,0,0,0,0,[],false,false,false
<http://dbpedia.org/resource/AIMACO>,AIMACO,0.33638906250000006,1,2,3,0,0,0,0,0,0,0,0,0,[],false,false,false
<http://dbpedia.org/resource/Friedrich_Stromeyer>,Friedrich Stromeyer,0.3363848757727405,1,0,1,1,1,0,0,0,0,0,0,0,[],false,false,false
<http://dbpedia.org/resource/Wendy_Suzuki>,Wendy Suzuki,0.33629166666666677,0,0,0,2,3,0,0,0,0,0,0,0,[],false,false,false
<http://dbpedia.org/resource/George_Hill_Mathewson_Lawrence>,George Hill Mathewson Lawrence,0.3361417926796925,0,1,1,2,2,0,0,0,0,0,0,0,[],false,false,false
<http://dbpedia.org/resource/Bernard-Henri_Lévy>,Bernard-Henri Lévy,0.33613878957559096,0,8,8,0,0,0,0,0,0,0,0,0,[],false,false,false
<http://dbpedia.org/resource/James_Reist_Stoner_Jr.>,James Reist Stoner Jr.,0.3361205795731873,0,1,1,1,0,0,0,0,0,0,0,0,[],false,false,false
<http://dbpedia.org/resource/Harry_Buhrman>,Harry Buhrman,0.3360817508654624,0,2,2,1,4,0,0,0,0,0,0,0,[],false,false,false
<http://dbpedia.org/resource/Marshall_Sahlins>,Marshall Sahlins,0.33603058967118377,2,3,5,2,0,0,0,0,0,0,0,0,[],false,false,false
<http://dbpedia.org/resource/Alan_Feduccia>,Alan Feduccia,0.33588682877735293,0,2,2,1,0,0,0,0,0,0,0,0,[],false,false,false
<http://dbpedia.org/resource/Fantom_(programming_language)>,Fantom (programming language),0.33588476690336877,0,6,6,0,0,0,0,0,0,0,0,0,[],false,false,false
<http://dbpedia.org/resource/Baron_d'Holbach>,Baron d'Holbach,0.3357770418978147,22,4,26,0,0,0,0,0,0,0,0,0,[],false,false,false
<http://dbpedia.org/resource/Fernando_Codá_Marques>,Fernando Codá Marques,0.3356220395448451,0,4,4,3,6,0,0,0,0,0,0,0,[],false,false,false
<http://dbpedia.org/resource/Nathan_Salmon>,Nathan Salmon,0.3354914209412476,0,5,5,0,0,0,0,0,0,0,0,0,[],false,false,false
<http://dbpedia.org/resource/Gustaf_Kossinna>,Gustaf Kossinna,0.3354722078383534,3,2,5,0,1,0,0,0,0,0,0,0,[],false,false,false
<http://dbpedia.org/resource/Dirk_Polder>,Dirk Polder,0.3353284093331936,0,0,0,1,2,0,0,0,0,0,0,0,[],false,false,false
<http://dbpedia.org/resource/Stephen_Schiffer>,Stephen Schiffer,0.33507136486210604,0,2,2,0,0,0,0,0,0,0,0,0,[],false,false,false
<http://dbpedia.org/resource/Gonzalo_Vial_Correa>,Gonzalo Vial Correa,0.3350617944781901,0,2,2,1,0,0,0,0,0,0,0,0,[],false,false,false
<http://dbpedia.org/resource/Edmund_W._Gordon>,Edmund W. Gordon,0.3350496742672149,0,2,2,0,0,0,0,0,0,0,0,0,[],false,false,false
<http://dbpedia.org/resource/Karl_H._Pribram__Karl_H._Pribram__1>,Karl H. Pribram  Karl H. Pribram  1,0.3348805314297629,0,3,3,2,1,0,0,0,0,0,0,0,[],false,false,false
<http://dbpedia.org/resource/Alan_Walker_(anthropologist)>,Alan Walker (anthropologist),0.33487500000000003,0,3,3,2,0,0,0,0,0,0,0,0,[],false,false,false
<http://dbpedia.org/resource/Emily_Arnesen>,Emily Arnesen,0.33487500000000003,0,2,2,0,0,0,0,0,0,0,0,0,[],false,false,false
<http://dbpedia.org/resource/Kamrun_Nahar>,Kamrun Nahar,0.33487500000000003,0,0,0,3,3,0,0,0,0,0,0,0,[],false,false,false
<http://dbpedia.org/resource/Graham_Priest>,Graham Priest,0.33483816924804977,0,3,3,0,0,0,0,0,0,0,0,0,[],false,false,false
<http://dbpedia.org/resource/Bengt_Strömgren>,Bengt Strömgren,0.3348183501831086,0,3,3,1,2,0,0,0,0,0,0,0,[],false,false,false
<http://dbpedia.org/resource/Thomas_Ligotti>,Thomas Ligotti,0.3347801017823603,0,2,2,1,0,0,0,0,0,0,0,0,[],false,false,false
<http://dbpedia.org/resource/Richard_Strohman>,Richard Strohman,0.33463770833333334,0,0,0,1,1,0,0,0,0,0,0,0,[],false,false,false
<http://dbpedia.org/resource/Florence_Owens_Thompson>,Florence Owens Thompson,0.33462529835835175,0,0,0,0,1,0,0,0,0,0,0,0,[],false,false,false
<http://dbpedia.org/resource/NewtonScript>,NewtonScript,0.3345426295402452,1,3,4,0,0,0,0,0,0,0,0,0,[],false,false,false
<http://dbpedia.org/resource/Heresy_of_the_Free_Spirit>,Heresy of the Free Spirit,0.3345083085735002,0,1,1,0,0,0,0,0,0,0,0,0,[],false,false,false
<http://dbpedia.org/resource/Boris_Groys>,Boris Groys,0.3341070746909877,0,10,10,0,0,0,0,0,0,0,0,0,[],false,false,false
<http://dbpedia.org/resource/Keiji_Nishitani>,Keiji Nishitani,0.33398259443256056,1,6,7,0,0,0,0,0,0,0,0,0,[],false,false,false
<http://dbpedia.org/resource/Curry_(programming_language)>,Curry (programming language),0.3339560123211875,0,3,3,0,0,0,0,0,0,0,0,0,[],false,false,false
<http://dbpedia.org/resource/Kevin_Carson>,Kevin Carson,0.3339559906439221,0,3,3,0,0,0,0,0,0,0,0,0,[],false,false,false
<http://dbpedia.org/resource/M._M._Sharif>,M. M. Sharif,0.333704494767119,0,4,4,0,0,0,0,0,0,0,0,0,[],false,false,false
<http://dbpedia.org/resource/Georges_Dumézil>,Georges Dumézil,0.3335725627351708,4,2,6,0,0,0,0,0,0,0,0,0,[],false,false,false
<http://dbpedia.org/resource/Leonardo_Polo>,Leonardo Polo,0.33351521611999824,0,8,8,0,0,0,0,0,0,0,0,0,[],false,false,false
<http://dbpedia.org/resource/Gila_Sher>,Gila Sher,0.33344622552087594,2,3,5,0,0,0,0,0,0,0,0,0,[],false,false,false
<http://dbpedia.org/resource/Salah_Jadid>,Salah Jadid,0.33342856002591237,0,2,2,0,0,0,0,0,0,0,0,1,[],false,false,false
<http://dbpedia.org/resource/Alice_von_Hildebrand>,Alice von Hildebrand,0.3334008184215591,1,1,2,2,0,0,0,0,0,0,0,0,[],false,false,false
<http://dbpedia.org/resource/Balduin_Schwarz>,Balduin Schwarz,0.3334008184215591,1,1,2,0,0,0,0,0,0,0,0,0,[],false,false,false
<http://dbpedia.org/resource/Aleksandr_Dianin>,Aleksandr Dianin,0.3333937954118047,1,2,3,2,2,0,0,0,0,0,0,0,[],false,false,false
<http://dbpedia.org/resource/Akeel_Bilgrami>,Akeel Bilgrami,0.333180820608151,1,4,5,0,0,0,0,0,0,0,0,0,[],false,false,false
<http://dbpedia.org/resource/Gilbert_Simondon>,Gilbert Simondon,0.33316162650169884,6,7,13,0,0,0,0,0,0,0,0,0,[],false,false,false
<http://dbpedia.org/resource/Stephen_Wolfram>,Stephen Wolfram,0.33314541580806356,0,1,1,2,4,0,0,0,0,0,0,0,[],false,false,false
<http://dbpedia.org/resource/Vladimir_Prelog>,Vladimir Prelog,0.3330782172782755,0,3,3,1,6,0,0,0,0,0,0,0,[],false,false,false
<http://dbpedia.org/resource/Gustav_Teichmüller>,Gustav Teichmüller,0.3329720886965852,3,4,7,0,0,0,0,0,0,0,0,0,[],false,false,false
<http://dbpedia.org/resource/Eric_X._Li>,Eric X. Li,0.33296250000000005,0,1,1,3,0,0,0,0,0,0,0,0,[],false,false,false
<http://dbpedia.org/resource/Gregory_J._Moore>,Gregory J. Moore,0.33296250000000005,0,1,1,0,0,0,0,0,0,0,0,0,[],false,false,false
<http://dbpedia.org/resource/Communication_theory>,Communication theory,0.33291438052752814,0,1,1,0,0,0,0,0,0,0,0,0,[],false,false,false
<http://dbpedia.org/resource/Jan_Hus__Jan_Hus__1>,Jan Hus  Jan Hus  1,0.33270383438814494,7,2,9,0,0,0,0,0,0,0,0,0,[],false,false,false
<http://dbpedia.org/resource/Harold_Garfinkel>,Harold Garfinkel,0.33266838229642626,5,3,8,0,0,0,0,0,0,0,0,0,[],false,false,false
<http://dbpedia.org/resource/Lynette_Spillman>,Lynette Spillman,0.33258703806420725,0,0,0,2,3,0,0,0,0,0,0,0,[],false,false,false
<http://dbpedia.org/resource/Manuel_Arturo_Izquierdo_Peña>,Manuel Arturo Izquierdo Peña,0.3324928180803572,0,2,2,0,1,0,0,0,0,0,0,0,[],false,false,false
<http://dbpedia.org/resource/Richard_Lower_(physician)>,Richard Lower (physician),0.332473165618918,0,1,1,1,2,0,0,0,0,0,0,0,[],false,false,false
<http://dbpedia.org/resource/Vienna_Circle>,Vienna Circle,0.332427023920174,2,6,8,0,0,0,0,0,0,0,0,0,[],false,false,false
<http://dbpedia.org/resource/Ramkrishna_Bhattacharya>,Ramkrishna Bhattacharya,0.3323955095677948,0,2,2,0,0,0,0,0,0,0,0,0,[],false,false,false
<http://dbpedia.org/resource/Stanley_Jaki>,Stanley Jaki,0.3321453253927958,0,1,1,1,0,0,0,0,0,0,0,0,[],false,false,false
<http://dbpedia.org/resource/Carmine_Gorga>,Carmine Gorga,0.33213753602778096,0,3,3,1,0,0,0,0,0,0,0,0,[],false,false,false
<http://dbpedia.org/resource/Alfred_H._Clifford>,Alfred H. Clifford,0.33213639722804345,0,0,0,2,1,0,0,0,0,0,0,0,[],false,false,false
<http://dbpedia.org/resource/John_Flamsteed>,John Flamsteed,0.3320547714134624,3,2,5,1,1,0,0,0,0,0,0,0,[],false,false,false
<http://dbpedia.org/resource/Elisabeth_Kübler-Ross>,Elisabeth Kübler-Ross,0.33205370936523915,5,3,8,1,1,0,0,0,0,0,0,0,[],false,false,false
<http://dbpedia.org/resource/William_J._Clench>,William J. Clench,0.33204166666666673,0,1,1,2,0,0,0,0,0,0,0,0,[],false,false,false
<http://dbpedia.org/resource/Carl_Rogers>,Carl Rogers,0.3318197128650624,5,6,11,2,3,0,0,0,0,0,0,0,[],false,false,false
<http://dbpedia.org/resource/Wilhelm_Wundt>,Wilhelm Wundt,0.3318010812735738,14,5,19,0,4,0,0,0,0,0,0,0,[],false,false,false
<http://dbpedia.org/resource/André_Gorz>,André Gorz,0.33175733883659664,0,4,4,0,0,0,0,0,0,0,0,0,[],false,false,false
<http://dbpedia.org/resource/G._H._Marcel>,G. H. Marcel,0.3317385017310055,0,2,2,0,0,0,0,0,0,0,0,0,[],false,false,false
<http://dbpedia.org/resource/Henry_of_Harclay>,Henry of Harclay,0.33170297557475115,1,1,2,0,0,0,0,0,0,0,0,0,[],false,false,false
<http://dbpedia.org/resource/Sebastián_Salinas_Gaete>,Sebastián Salinas Gaete,0.3316875,0,1,1,1,0,0,0,0,0,0,0,0,[],false,false,false
<http://dbpedia.org/resource/Chris_Bobonich>,Chris Bobonich,0.3316875,0,1,1,0,0,0,0,0,0,0,0,0,[],false,false,false
<http://dbpedia.org/resource/Oriol_Vinyals>,Oriol Vinyals,0.3316875,0,0,0,0,2,0,0,0,0,0,0,0,[],false,false,false
<http://dbpedia.org/resource/Erika_Tatiana_Camacho>,Erika Tatiana Camacho,0.3316875,0,1,1,2,0,0,0,0,0,0,0,0,[],false,false,false
<http://dbpedia.org/resource/Daniel_C._Carpenter>,Daniel C. Carpenter,0.3316875,0,0,0,0,1,0,0,0,0,0,0,0,[],false,false,false
<http://dbpedia.org/resource/Joyce_Taylor-Papadimitriou>,Joyce Taylor-Papadimitriou,0.3316875,0,1,1,2,1,0,0,0,0,0,0,0,[],false,false,false
<http://dbpedia.org/resource/Margarita_Salas>,Margarita Salas,0.3316875,0,1,1,1,1,0,0,0,0,0,0,0,[],false,false,false
<http://dbpedia.org/resource/Louis_Witten>,Louis Witten,0.3316875,0,0,0,2,3,0,0,0,0,0,0,0,[],false,false,false
<http://dbpedia.org/resource/Maude_Delap>,Maude Delap,0.3316383141116834,0,3,3,0,0,0,0,0,0,0,0,0,[],false,false,false
<http://dbpedia.org/resource/Frank_Knight>,Frank Knight,0.33142954449714335,9,4,13,3,0,0,0,0,0,0,0,0,"[Profit (economics), Value theory]",false,false,false
<http://dbpedia.org/resource/Claus_Offe>,Claus Offe,0.33142850136929203,0,2,2,0,0,0,0,0,0,0,0,0,[],false,false,false
<http://dbpedia.org/resource/Maurice_Merleau-Ponty>,Maurice Merleau-Ponty,0.3313605836319058,30,10,40,0,0,0,0,0,0,0,0,0,[],false,false,false
<http://dbpedia.org/resource/Marcel_Paquet>,Marcel Paquet,0.3311830738652848,0,6,6,0,0,0,0,0,0,0,0,0,[],false,false,false
<http://dbpedia.org/resource/François_Noudelmann>,François Noudelmann,0.33112194121230426,0,3,3,0,0,0,0,0,0,0,0,0,[],false,false,false
<http://dbpedia.org/resource/Colin_Blakemore>,Colin Blakemore,0.33111212951073166,0,1,1,2,0,0,0,0,0,0,0,0,[],false,false,false
<http://dbpedia.org/resource/Edgar_S._Brightman>,Edgar S. Brightman,0.33093037155357924,1,2,3,0,0,0,0,0,0,0,0,0,[],false,false,false
<http://dbpedia.org/resource/Gustav_Nossal>,Gustav Nossal,0.33091339285714283,2,1,3,2,0,0,0,0,0,0,0,0,[],false,false,false
<http://dbpedia.org/resource/Carl_Neumann>,Carl Neumann,0.33086910743888753,0,0,0,2,4,0,0,0,0,0,0,0,[],false,false,false
<http://dbpedia.org/resource/Miranda_Fricker>,Miranda Fricker,0.3308121980010222,0,3,3,0,0,0,0,0,0,0,0,0,[],false,false,false
<http://dbpedia.org/resource/Nader_El-Bizri>,Nader El-Bizri,0.3306787601264018,0,3,3,0,0,0,0,0,0,0,0,0,[],false,false,false
<http://dbpedia.org/resource/Algernon_Sidney__Algernon_Sidney__1>,Algernon Sidney  Algernon Sidney  1,0.3304536550240628,46,6,52,0,0,0,0,0,0,0,0,0,[],false,false,false
<http://dbpedia.org/resource/Elias_Porter>,Elias Porter,0.33038664226066117,0,4,4,2,2,0,0,0,0,0,0,0,[],false,false,false
<http://dbpedia.org/resource/GNU_Octave>,GNU Octave,0.33035277824541504,0,1,1,0,0,0,0,0,0,0,0,0,[],false,false,false
<http://dbpedia.org/resource/INTLAB>,INTLAB,0.33035277824541504,0,1,1,0,0,0,0,0,0,0,0,0,[],false,false,false
<http://dbpedia.org/resource/Scilab>,Scilab,0.33035277824541504,0,1,1,0,0,0,0,0,0,0,0,0,[],false,false,false
<http://dbpedia.org/resource/Harvey_Mansfield>,Harvey Mansfield,0.3302451238398834,1,9,10,0,0,0,0,0,0,0,0,0,[],false,false,false
<http://dbpedia.org/resource/Akiho_Miyashiro>,Akiho Miyashiro,0.33019335937500005,0,3,3,0,2,0,0,0,0,0,0,0,[],false,false,false
<http://dbpedia.org/resource/Walter_S._Huxford>,Walter S. Huxford,0.33007646922931744,0,2,2,3,1,0,0,0,0,0,0,0,[],false,false,false
<http://dbpedia.org/resource/Richard_R._Wilk>,Richard R. Wilk,0.3299932739015898,0,2,2,2,0,0,0,0,0,0,0,0,[],false,false,false
<http://dbpedia.org/resource/August_Ludwig_Hülsen>,August Ludwig Hülsen,0.329882257310714,0,5,5,0,0,0,0,0,0,0,0,0,[],false,false,false
<http://dbpedia.org/resource/Hyman_Minsky>,Hyman Minsky,0.32986415051724005,13,8,21,2,0,0,0,0,0,0,0,0,[Macroeconomics],false,false,false
<http://dbpedia.org/resource/Joshua_Gert>,Joshua Gert,0.32984834650812456,0,1,1,0,0,0,0,0,0,0,0,0,[],false,false,false
<http://dbpedia.org/resource/Walter_Sinnott-Armstrong>,Walter Sinnott-Armstrong,0.32984834650812456,0,1,1,0,0,0,0,0,0,0,0,0,[],false,false,false
<http://dbpedia.org/resource/Atom_(programming_language)>,Atom (programming language),0.32958098633885796,0,2,2,0,0,0,0,0,0,0,0,0,[],false,false,false
<http://dbpedia.org/resource/Mark_D._McDonnell>,Mark D. McDonnell,0.3295220484798959,0,0,0,1,1,0,0,0,0,0,0,0,[],false,false,false
<http://dbpedia.org/resource/Herbert_Kroemer>,Herbert Kroemer,0.3294150396298103,0,2,2,2,3,0,0,0,0,0,0,0,[],false,false,false
<http://dbpedia.org/resource/Abdullah_Öcalan>,Abdullah Öcalan,0.3293661960445625,0,2,2,0,0,0,0,0,0,0,0,0,[],false,false,false
<http://dbpedia.org/resource/Martine_Nida-Rümelin>,Martine Nida-Rümelin,0.32935707289528954,0,1,1,0,0,0,0,0,0,0,0,0,[],false,false,false
<http://dbpedia.org/resource/Bessarion>,Bessarion,0.3293029415774664,0,2,2,0,0,0,1,0,0,0,0,0,[],false,false,false
<http://dbpedia.org/resource/Logo_(programming_language)>,Logo (programming language),0.3292359817363459,15,1,16,0,0,0,0,0,0,0,0,0,[],false,false,false
<http://dbpedia.org/resource/Archimedes>,Archimedes,0.32918426953490426,7,1,8,0,9,0,0,0,0,0,0,0,[],false,false,false
<http://dbpedia.org/resource/Paul_Bernays>,Paul Bernays,0.32916450553045923,0,3,3,1,3,0,0,0,0,0,0,0,[],false,false,false
<http://dbpedia.org/resource/Alexander_Hamilton>,Alexander Hamilton,0.3290613138315078,1,3,4,1,0,0,0,0,0,0,0,0,[],false,false,false
<http://dbpedia.org/resource/John_Jaenike>,John Jaenike,0.32903125000000005,0,0,0,1,2,0,0,0,0,0,0,0,[],false,false,false
<http://dbpedia.org/resource/Martin_Gruebele>,Martin Gruebele,0.32903125000000005,0,0,0,2,3,0,0,0,0,0,0,0,[],false,false,false
<http://dbpedia.org/resource/Honor_Fell>,Honor Fell,0.32903125000000005,2,1,3,1,2,0,0,0,0,0,0,0,[],false,false,false
<http://dbpedia.org/resource/Gerd_B._Achenbach>,Gerd B. Achenbach,0.3290205574653941,0,1,1,0,0,0,0,0,0,0,0,0,[],false,false,false
<http://dbpedia.org/resource/XML>,XML,0.32865178571428577,4,0,4,0,0,0,0,0,0,0,0,0,[],false,false,false
<http://dbpedia.org/resource/Joel_Nigg>,Joel Nigg,0.32863281250000004,0,0,0,0,1,0,0,0,0,0,0,0,[],false,false,false
<http://dbpedia.org/resource/JOVIAL>,JOVIAL,0.328530597709268,5,2,7,0,0,0,0,0,0,0,0,0,[],false,false,false
<http://dbpedia.org/resource/Roy_A._Periana>,Roy A. Periana,0.3285170086241884,0,2,2,2,0,0,0,0,0,0,0,0,[],false,false,false
<http://dbpedia.org/resource/Bosniaks>,Bosniaks,0.32850000000000007,0,0,0,0,0,0,1,0,0,0,1,2,[],true,false,false
<http://dbpedia.org/resource/Victor_Conrad>,Victor Conrad,0.3284649375,0,2,2,1,0,0,0,0,0,0,0,0,[],false,false,false
<http://dbpedia.org/resource/Albert_Joseph_McConnell>,Albert Joseph McConnell,0.32844578222801807,0,1,1,0,0,0,0,0,0,0,0,0,[],false,false,false
<http://dbpedia.org/resource/Lawton_Burns>,Lawton Burns,0.32844296680634344,0,2,2,2,0,0,0,0,0,0,0,0,"[Sociology, Healthcare management, Management science]",false,false,false
<http://dbpedia.org/resource/Luc_Montagnier>,Luc Montagnier,0.328315354310124,0,1,1,2,1,0,0,0,0,0,0,0,[],false,false,false
<http://dbpedia.org/resource/Paolo_Di_Vecchia>,Paolo Di Vecchia,0.328315354310124,1,0,1,0,0,0,0,0,0,0,0,0,[],false,false,false
<http://dbpedia.org/resource/Marjorie_Bick>,Marjorie Bick,0.3280458820221452,0,2,2,1,0,0,0,0,0,0,0,0,[],false,false,false
<http://dbpedia.org/resource/John_Lachs>,John Lachs,0.3280345735039033,0,3,3,0,0,0,0,0,0,0,0,0,[],false,false,false
<http://dbpedia.org/resource/Sergey_Bulgakov>,Sergey Bulgakov,0.3279687887857952,2,2,4,0,0,0,0,0,0,0,0,0,[],false,false,false
<http://dbpedia.org/resource/Artur_Ekert>,Artur Ekert,0.32774876852886253,0,0,0,2,1,0,0,0,0,0,0,0,[],false,false,false
<http://dbpedia.org/resource/William_F._Buckley_Jr.>,William F. Buckley Jr.,0.32769556109269166,0,3,3,1,0,0,0,0,0,0,0,0,[],false,false,false
<http://dbpedia.org/resource/Benjamin_Shreve>,Benjamin Shreve,0.32765696138359396,0,2,2,0,1,0,0,0,0,0,0,0,[],false,false,false
<http://dbpedia.org/resource/Traian_Brăileanu>,Traian Brăileanu,0.3275928904477033,0,6,6,0,0,0,0,0,0,0,0,0,[],false,false,false
<http://dbpedia.org/resource/Hans_Rådström>,Hans Rådström,0.3275491117647575,1,2,3,1,1,0,0,0,0,0,0,0,[],false,false,false
<http://dbpedia.org/resource/Applesoft_BASIC>,Applesoft BASIC,0.3273757960327382,0,1,1,0,0,0,0,0,0,0,0,0,[],false,false,false
<http://dbpedia.org/resource/Marcello_Malpighi>,Marcello Malpighi,0.32736095176312313,1,0,1,1,0,0,0,0,0,0,0,0,[],false,false,false
<http://dbpedia.org/resource/J._R._Martin>,J. R. Martin,0.32734156446464097,0,3,3,0,3,0,0,0,0,0,0,0,[],false,false,false
<http://dbpedia.org/resource/Ralph_Abraham_(mathematician)>,Ralph Abraham (mathematician),0.3272444052546151,0,1,1,1,0,0,0,0,0,0,0,0,[],false,false,false
<http://dbpedia.org/resource/Janet_E._Mertz>,Janet E. Mertz,0.32719590773809526,0,0,0,2,2,0,0,0,0,0,0,0,[],false,false,false
<http://dbpedia.org/resource/Birutė_Galdikas>,Birutė Galdikas,0.3271506618923612,0,3,3,1,1,0,0,0,0,0,0,0,[],false,false,false
<http://dbpedia.org/resource/Igor_Ternov>,Igor Ternov,0.3270833333333334,0,0,0,1,1,0,0,0,0,0,0,0,[],false,false,false
<http://dbpedia.org/resource/Emil_Wolf>,Emil Wolf,0.3269841627483807,0,0,0,1,3,0,0,0,0,0,0,0,[],false,false,false
<http://dbpedia.org/resource/Thomas_Hunt_Morgan>,Thomas Hunt Morgan,0.32690625000000006,3,1,4,0,0,0,0,0,0,0,0,0,[],false,false,false
<http://dbpedia.org/resource/Maclisp>,Maclisp,0.32685023968557775,7,1,8,0,0,0,0,0,0,0,0,0,[],false,false,false
<http://dbpedia.org/resource/Hamid_al-Din_al-Kirmani>,Hamid al-Din al-Kirmani,0.32679627660267746,0,2,2,0,0,0,0,0,0,0,0,0,[],false,false,false
<http://dbpedia.org/resource/Don_Edward_Beck>,Don Edward Beck,0.3267393875258714,0,2,2,0,1,0,0,0,0,0,0,0,[],false,false,false
<http://dbpedia.org/resource/Arthur_Jensen>,Arthur Jensen,0.3266995806789949,0,2,2,3,3,0,0,0,0,0,0,0,[],false,false,false
<http://dbpedia.org/resource/John_Lightfoot_(biologist)>,John Lightfoot (biologist),0.3266191704363809,0,2,2,0,0,0,0,0,0,0,0,0,[],false,false,false
<http://dbpedia.org/resource/Philip_Novak>,Philip Novak,0.3265626795882179,0,1,1,0,0,0,0,0,0,0,0,0,[],false,false,false
<http://dbpedia.org/resource/Cyrus_Chothia>,Cyrus Chothia,0.3265600177448092,1,0,1,2,0,0,0,0,0,0,0,0,[],false,false,false
<http://dbpedia.org/resource/Louise_Antony>,Louise Antony,0.326516774780754,0,5,5,0,0,0,0,0,0,0,0,0,[],false,false,false
<http://dbpedia.org/resource/Charles_Brenner_(biochemist)>,Charles Brenner (biochemist),0.32651149803964474,0,1,1,3,1,0,0,0,0,0,0,0,[],false,false,false
<http://dbpedia.org/resource/Reduce_(computer_algebra_system)>,Reduce (computer algebra system),0.3264111169211316,0,1,1,0,0,0,0,0,0,0,0,0,[],false,false,false
<http://dbpedia.org/resource/Robert_Phelps>,Robert Phelps,0.32632151875900056,1,0,1,1,3,0,0,0,0,0,0,0,[],false,false,false
<http://dbpedia.org/resource/Horace>,Horace,0.32629512782841474,2,1,3,0,0,2,0,0,0,0,0,0,[],false,false,false
<http://dbpedia.org/resource/Edwin_Kuh>,Edwin Kuh,0.32627858478010024,2,3,5,2,0,0,0,0,0,0,0,0,"[Economics, Econometrics]",false,false,false
<http://dbpedia.org/resource/John_E._Osborn_(mathematician)>,John E. Osborn (mathematician),0.32626875,0,0,0,1,1,0,0,0,0,0,0,0,[],false,false,false
<http://dbpedia.org/resource/Douglas_McIlroy>,Douglas McIlroy,0.32626875,0,0,0,2,11,0,0,0,0,0,0,0,[],false,false,false
<http://dbpedia.org/resource/Ron_Mallon>,Ron Mallon,0.3261828762107331,0,2,2,0,0,0,0,0,0,0,0,0,[],false,false,false
<http://dbpedia.org/resource/J._Ernest_Wilkins_Jr.>,J. Ernest Wilkins Jr.,0.3259828916955033,0,3,3,1,2,0,0,0,0,0,0,0,[],false,false,false
<http://dbpedia.org/resource/George_C._Clerk>,George C. Clerk,0.32579062500000006,0,0,0,0,5,0,0,0,0,0,0,0,[],false,false,false
<http://dbpedia.org/resource/Yu_Min_(physicist)>,Yu Min (physicist),0.32568670597544047,0,2,2,0,0,0,0,0,0,0,0,0,[],false,false,false
<http://dbpedia.org/resource/Garth_Gibson>,Garth Gibson,0.32549931416803496,0,0,0,2,1,0,0,0,0,0,0,0,[],false,false,false
<http://dbpedia.org/resource/Keith_Joseph>,Keith Joseph,0.3254350715505533,0,1,1,1,0,0,0,0,0,0,0,0,[],false,false,false
<http://dbpedia.org/resource/James_Jurin>,James Jurin,0.32541872576089714,0,1,1,1,2,0,0,0,0,0,0,0,[],false,false,false
<http://dbpedia.org/resource/Peter_C._Fishburn>,Peter C. Fishburn,0.3252861282036442,0,0,0,2,1,0,0,0,0,0,0,0,[],false,false,false
<http://dbpedia.org/resource/BASIC>,BASIC,0.3252028279286139,20,4,24,0,0,0,0,0,0,0,0,0,[],false,false,false
<http://dbpedia.org/resource/Philip_Kitcher>,Philip Kitcher,0.3251530396859274,5,6,11,0,0,0,0,0,0,0,0,0,[],false,false,false
<http://dbpedia.org/resource/J._de_Maistre>,J. de Maistre,0.32508694526998594,4,2,6,0,0,0,0,0,0,0,0,0,[],false,false,false
<http://dbpedia.org/resource/Stefan_Burr>,Stefan Burr,0.32500624178566506,0,0,0,2,2,0,0,0,0,0,0,0,[],false,false,false
<http://dbpedia.org/resource/Jyotiprasad_Medhi>,Jyotiprasad Medhi,0.324941857348202,1,0,1,4,3,0,0,0,0,0,0,0,[],false,false,false
<http://dbpedia.org/resource/Ericksonian_hypnosis>,Ericksonian hypnosis,0.3246955464283457,0,1,1,0,0,0,0,0,0,0,0,0,[],false,false,false
<http://dbpedia.org/resource/Kevin_Hogan_(writer)>,Kevin Hogan (writer),0.3246955464283457,0,1,1,0,0,0,0,0,0,0,0,0,[],false,false,false
<http://dbpedia.org/resource/Robert_Dilts>,Robert Dilts,0.3246955464283457,0,1,1,0,0,0,0,0,0,0,0,0,[],false,false,false
<http://dbpedia.org/resource/Naguib_Mahfouz>,Naguib Mahfouz,0.3246816935209535,0,1,1,0,0,3,0,0,0,0,0,0,[],false,false,false
<http://dbpedia.org/resource/Tahar_Ben_Jelloun>,Tahar Ben Jelloun,0.3246816935209535,0,1,1,1,0,2,0,0,0,0,0,0,[],false,false,false
<http://dbpedia.org/resource/Floris_Takens>,Floris Takens,0.32467500000000005,0,0,0,1,1,0,0,0,0,0,0,0,[],false,false,false
<http://dbpedia.org/resource/Al-Mutanabbi>,Al-Mutanabbi,0.32467500000000005,4,2,6,0,0,0,0,0,0,0,0,0,[],false,false,false
<http://dbpedia.org/resource/Arthur_Griffith>,Arthur Griffith,0.32467500000000005,0,1,1,0,0,0,0,0,0,0,0,0,[],false,false,false
<http://dbpedia.org/resource/William_Louis_Culberson>,William Louis Culberson,0.32467500000000005,0,1,1,3,0,0,0,0,0,0,0,0,[],false,false,false
<http://dbpedia.org/resource/Eduardo_Torroja_Caballe>,Eduardo Torroja Caballe,0.32467500000000005,3,2,5,1,0,0,0,0,0,0,0,0,[],false,false,false
<http://dbpedia.org/resource/Ludwig_van_Beethoven>,Ludwig van Beethoven,0.32467500000000005,1,0,1,0,0,0,0,0,0,0,0,0,[],false,false,false
<http://dbpedia.org/resource/Jean_Prestet>,Jean Prestet,0.3246512712033673,1,1,2,0,0,0,0,0,0,0,0,0,[],false,false,false
<http://dbpedia.org/resource/Bilderberg_Group>,Bilderberg Group,0.32454750000000004,0,1,1,0,0,0,0,0,0,0,0,0,[],false,false,false
<http://dbpedia.org/resource/Fujiwara_Seika>,Fujiwara Seika,0.32447246093750004,1,2,3,0,0,0,0,0,0,0,0,0,[],false,false,false
<http://dbpedia.org/resource/Mencius>,Mencius,0.32447246093750004,10,2,12,0,0,0,0,0,0,0,0,0,[],false,false,false
<http://dbpedia.org/resource/Guy_Debord>,Guy Debord,0.3243847523800228,9,8,17,0,0,0,0,0,0,0,0,0,[],false,false,false
<http://dbpedia.org/resource/Ning_Xiang>,Ning Xiang,0.32437165079138325,3,0,3,2,0,0,0,0,0,0,0,0,[],false,false,false
<http://dbpedia.org/resource/Dirk_Helbing>,Dirk Helbing,0.32437165079138325,0,0,0,1,6,0,0,0,0,0,0,0,[],false,false,false
<http://dbpedia.org/resource/C++/CLI>,C++/CLI,0.32434765934019844,0,3,3,0,0,0,0,0,0,0,0,0,[],false,false,false
<http://dbpedia.org/resource/Brian_McLaren>,Brian McLaren,0.3243116376524768,0,1,1,0,0,0,0,0,0,0,0,0,[],false,false,false
<http://dbpedia.org/resource/Emerging_Church_Movement>,Emerging Church Movement,0.3243116376524768,0,1,1,0,0,0,0,0,0,0,0,0,[],false,false,false
<http://dbpedia.org/resource/Jay_Bakker>,Jay Bakker,0.3243116376524768,0,1,1,0,0,0,0,0,0,0,0,0,[],false,false,false
<http://dbpedia.org/resource/Phyllis_Tickle>,Phyllis Tickle,0.3243116376524768,0,1,1,0,0,0,0,0,0,0,0,0,[],false,false,false
<http://dbpedia.org/resource/Rob_Bell>,Rob Bell,0.3243116376524768,0,1,1,1,1,0,0,0,0,0,0,0,[],false,false,false
<http://dbpedia.org/resource/Augustin_Thierry>,Augustin Thierry,0.3242500000000001,2,4,6,0,0,0,0,0,0,0,0,0,[],false,false,false
<http://dbpedia.org/resource/Chinese_Communist_Party>,Chinese Communist Party,0.32425000000000004,0,0,0,0,0,0,0,9,0,0,0,1,[],false,false,false
<http://dbpedia.org/resource/David_Gregory_(mathematician)>,David Gregory (mathematician),0.3240890895256087,2,3,5,3,0,0,0,0,0,0,0,0,[],false,false,false
<http://dbpedia.org/resource/JSON>,JSON,0.32408633002748005,1,1,2,0,0,0,0,0,0,0,0,0,[],false,false,false
<http://dbpedia.org/resource/Robert_K._Merton>,Robert K. Merton,0.3239918229576283,6,3,9,2,9,0,0,0,0,0,0,0,[],false,false,false
<http://dbpedia.org/resource/Paulo_Freire>,Paulo Freire,0.3239122172274575,4,2,6,0,0,0,0,0,0,0,0,0,[],false,false,false
<http://dbpedia.org/resource/Prudence_Allen>,Prudence Allen,0.32390972190604767,0,1,1,0,0,0,0,0,0,0,0,0,[],false,false,false
<http://dbpedia.org/resource/Kojin_Karatani>,Kojin Karatani,0.32390187277887017,1,6,7,0,0,0,0,0,0,0,0,0,[],false,false,false
<http://dbpedia.org/resource/Edward_Abramowski>,Edward Abramowski,0.3236902198508844,1,6,7,0,0,0,0,0,0,0,0,0,[],false,false,false
<http://dbpedia.org/resource/PL/M>,PL/M,0.32360566341670377,0,3,3,0,0,0,0,0,0,0,0,0,[],false,false,false
<http://dbpedia.org/resource/Jen_Golbeck>,Jen Golbeck,0.3235868144171635,0,1,1,0,0,0,0,0,0,0,0,0,[],false,false,false
<http://dbpedia.org/resource/Friedrich_Fröbel>,Friedrich Fröbel,0.3234704557160099,3,1,4,0,0,0,0,0,0,0,0,0,[],false,false,false
<http://dbpedia.org/resource/Chelsea_Finn>,Chelsea Finn,0.32343863972313863,0,0,0,2,1,0,0,0,0,0,0,0,[],false,false,false
<http://dbpedia.org/resource/Eileen_Hunt_Botting>,Eileen Hunt Botting,0.32340924618148675,0,5,5,0,0,0,0,0,0,0,0,0,[],false,false,false
<http://dbpedia.org/resource/George_Lakoff>,George Lakoff,0.3233956253466393,0,1,1,2,2,0,0,0,0,0,0,0,[],false,false,false
<http://dbpedia.org/resource/Rudolf_Virchow>,Rudolf Virchow,0.3233017039956884,6,0,6,0,4,0,0,0,0,0,0,0,[],false,false,false
<http://dbpedia.org/resource/Albrecht_von_Graefe>,Albrecht von Graefe,0.3233017039956884,4,2,6,1,1,0,0,0,0,0,0,0,[],false,false,false
<http://dbpedia.org/resource/Karl_Lashley>,Karl Lashley,0.32322101329946307,2,1,3,1,2,0,0,0,0,0,0,0,[],false,false,false
<http://dbpedia.org/resource/Martin_Knutzen>,Martin Knutzen,0.3231211378356058,3,3,6,0,0,0,0,0,0,0,0,0,[],false,false,false
<http://dbpedia.org/resource/ATS_(programming_language)>,ATS (programming language),0.32302606268424866,0,4,4,0,0,0,0,0,0,0,0,0,[],false,false,false
<http://dbpedia.org/resource/Rc>,Rc,0.32301923942548594,0,1,1,0,0,0,0,0,0,0,0,0,[],false,false,false
<http://dbpedia.org/resource/Sybil_Cooper>,Sybil Cooper,0.32300093288758674,0,2,2,2,0,0,0,0,0,0,0,0,[],false,false,false
<http://dbpedia.org/resource/Odest_Chadwicke_Jenkins>,Odest Chadwicke Jenkins,0.3229218750000001,0,1,1,3,0,0,0,0,0,0,0,0,[],false,false,false
<http://dbpedia.org/resource/Alan_Edelman>,Alan Edelman,0.3229218750000001,0,0,0,2,1,0,0,0,0,0,0,0,[],false,false,false
<http://dbpedia.org/resource/Hugh_Gaitskell>,Hugh Gaitskell,0.32284693576014095,0,1,1,1,0,0,0,0,0,0,0,0,[],false,false,false
<http://dbpedia.org/resource/Anthony_Crosland>,Anthony Crosland,0.32284693576014095,0,1,1,1,0,0,0,0,0,0,0,0,[],false,false,false
<http://dbpedia.org/resource/George_Langford>,George Langford,0.3228333333333334,0,1,1,2,0,0,0,0,0,0,0,0,[],false,false,false
<http://dbpedia.org/resource/Daoism>,Daoism,0.32278273809523816,0,2,2,0,0,0,0,0,0,0,4,0,[],true,false,false
<http://dbpedia.org/resource/Julius_Adler_(biochemist)>,Julius Adler (biochemist),0.32265625000000003,0,0,0,4,1,0,0,0,0,0,0,0,[],false,false,false
<http://dbpedia.org/resource/Thomas_Aquinas>,Thomas Aquinas,0.3226054085627537,60,3,63,0,0,0,0,0,0,0,0,0,[],false,false,false
<http://dbpedia.org/resource/Richard_Timberlake>,Richard Timberlake,0.3225144287495154,1,3,4,1,0,0,0,0,0,0,0,0,[],false,false,false
<http://dbpedia.org/resource/Gaston_Gonnet>,Gaston Gonnet,0.32240957752623045,0,0,0,1,2,0,0,0,0,0,0,0,[],false,false,false
<http://dbpedia.org/resource/Pierre_Bourdieu>,Pierre Bourdieu,0.3223374924918391,11,8,19,0,0,0,0,0,0,0,0,0,[],false,false,false
<http://dbpedia.org/resource/Tina_Beattie>,Tina Beattie,0.3221656565393688,0,1,1,1,8,0,0,0,0,0,0,0,[],false,false,false
<http://dbpedia.org/resource/Leonard_Pearlin>,Leonard Pearlin,0.322125,0,0,0,0,1,0,0,0,0,0,0,0,[],false,false,false
<http://dbpedia.org/resource/Joseph_E._Stiglitz>,Joseph E. Stiglitz,0.322125,0,1,1,0,0,0,0,0,0,0,0,0,[],false,false,false
<http://dbpedia.org/resource/Tony_Lancaster>,Tony Lancaster,0.322125,0,1,1,2,0,0,0,0,0,0,0,0,[Bayesian econometrics],false,false,false
<http://dbpedia.org/resource/Stuart_Piggott>,Stuart Piggott,0.322125,0,1,1,0,0,0,0,0,0,0,0,0,[],false,false,false
<http://dbpedia.org/resource/Grigor_Magistros>,Grigor Magistros,0.322125,0,1,1,0,0,0,0,0,0,0,0,0,[],false,false,false
<http://dbpedia.org/resource/Hovhannes_Imastaser>,Hovhannes Imastaser,0.322125,0,1,1,0,0,0,0,0,0,0,0,0,[],false,false,false
<http://dbpedia.org/resource/Jetti_A._Oliver>,Jetti A. Oliver,0.322125,0,1,1,1,1,0,0,0,0,0,0,0,[],false,false,false
<http://dbpedia.org/resource/A._D._Lublinskaya>,A. D. Lublinskaya,0.3219204066465032,0,1,1,0,0,0,0,0,0,0,0,0,[],false,false,false
<http://dbpedia.org/resource/Wilfred_Talbot_Smith>,Wilfred Talbot Smith,0.32184434264348705,1,2,3,0,0,0,0,0,0,0,0,0,[],false,false,false
<http://dbpedia.org/resource/Richard_Treisman>,Richard Treisman,0.321747836675385,0,1,1,2,0,0,0,0,0,0,0,0,[],false,false,false
<http://dbpedia.org/resource/Jacques-André_Mallet>,Jacques-André Mallet,0.32170052206446637,0,0,0,2,1,0,0,0,0,0,0,0,[],false,false,false
<http://dbpedia.org/resource/Bolívar_Echeverría>,Bolívar Echeverría,0.3216454268460786,1,3,4,0,0,0,0,0,0,0,0,0,[],false,false,false
<http://dbpedia.org/resource/Benoit_Mandelbrot>,Benoit Mandelbrot,0.3216326052377232,2,6,8,0,0,0,0,0,0,0,0,0,[],false,false,false
<http://dbpedia.org/resource/Henk_Broer>,Henk Broer,0.32162283799466435,0,0,0,1,1,0,0,0,0,0,0,0,[],false,false,false
<http://dbpedia.org/resource/Roderick_Chisholm>,Roderick Chisholm,0.32156445654612814,11,5,16,0,0,0,0,0,0,0,0,0,[],false,false,false
<http://dbpedia.org/resource/Edwin_H._Colpitts>,Edwin H. Colpitts,0.32154416666666674,0,1,1,2,1,0,0,0,0,0,0,0,[],false,false,false
<http://dbpedia.org/resource/Stanley_Hauerwas>,Stanley Hauerwas,0.3215299360520345,0,4,4,0,0,0,0,0,0,0,0,0,[],false,false,false
<http://dbpedia.org/resource/Pierre_Duhem>,Pierre Duhem,0.32144318059609883,5,5,10,0,0,0,0,0,0,0,0,0,[],false,false,false
<http://dbpedia.org/resource/B._F._Skinner>,B. F. Skinner,0.32119500659373007,8,9,17,2,4,0,0,0,0,0,0,0,[],false,false,false
<http://dbpedia.org/resource/Anne_Dambricourt-Malassé>,Anne Dambricourt-Malassé,0.3209313105767684,0,2,2,1,0,0,0,0,0,0,0,0,[],false,false,false
<http://dbpedia.org/resource/Pope_Francis>,Pope Francis,0.3209313105767684,0,1,1,0,0,0,0,0,0,0,0,0,[],false,false,false
<http://dbpedia.org/resource/M.G._Finn>,M.G. Finn,0.32064882753431545,0,0,0,2,1,0,0,0,0,0,0,0,[],false,false,false
<http://dbpedia.org/resource/Anton_Friedrich_Koch>,Anton Friedrich Koch,0.3206188739302798,0,1,1,0,0,0,0,0,0,0,0,0,[],false,false,false
<http://dbpedia.org/resource/Nicolas_Théodore_de_Saussure>,Nicolas Théodore de Saussure,0.32057556062573367,2,3,5,0,0,0,0,0,0,0,0,0,[],false,false,false
<http://dbpedia.org/resource/Duncan_Black>,Duncan Black,0.3205336246919926,1,3,4,1,0,0,0,0,0,0,0,0,[Social economics],false,false,false
<http://dbpedia.org/resource/Oskar_Klein>,Oskar Klein,0.32042500000000007,0,1,1,2,7,0,0,0,0,0,0,0,[],false,false,false
<http://dbpedia.org/resource/H._H._Price>,H. H. Price,0.32040093319918966,0,2,2,0,0,0,0,0,0,0,0,0,[],false,false,false
<http://dbpedia.org/resource/Ken_Gemes>,Ken Gemes,0.32033742045249564,1,2,3,0,0,0,0,0,0,0,0,0,[],false,false,false
<http://dbpedia.org/resource/Joachim_Ritter>,Joachim Ritter,0.32028681312288604,5,5,10,0,0,0,0,0,0,0,0,0,[],false,false,false
<http://dbpedia.org/resource/S._Thomas'_Preparatory_School>,S. Thomas' Preparatory School,0.32000000000000006,0,0,0,0,0,0,1,0,0,4,0,0,[],false,false,false
<http://dbpedia.org/resource/Mongolia>,Mongolia,0.32000000000000006,0,0,0,0,0,0,6,0,0,0,0,0,[],false,false,false
<http://dbpedia.org/resource/Potchefstroom_Gimnasium>,Potchefstroom Gimnasium,0.32000000000000006,0,0,0,0,0,0,1,0,0,2,0,0,[],false,false,false
<http://dbpedia.org/resource/St._Augustine_High_School_(New_Orleans)>,St. Augustine High School (New Orleans),0.32000000000000006,0,0,0,0,0,0,2,0,0,3,0,0,[],false,false,false
<http://dbpedia.org/resource/Sonja_Berndt>,Sonja Berndt,0.32000000000000006,0,1,1,3,0,0,0,0,0,0,0,0,[],false,false,false
<http://dbpedia.org/resource/De_La_Salle_Institute>,De La Salle Institute,0.32000000000000006,0,0,0,0,0,0,2,0,0,2,0,0,[],false,false,false
<http://dbpedia.org/resource/Scythians>,Scythians,0.32000000000000006,0,0,0,0,0,0,1,0,0,0,0,0,[],false,false,false
<http://dbpedia.org/resource/Somalia>,Somalia,0.32000000000000006,0,0,0,0,0,0,1,0,0,0,0,0,[],false,false,false
<http://dbpedia.org/resource/St._Mary's_College_Kisubi>,St. Mary's College Kisubi,0.32000000000000006,0,0,0,0,0,0,1,0,0,2,0,0,[],false,false,false
<http://dbpedia.org/resource/Rudolf_Jaenisch>,Rudolf Jaenisch,0.32000000000000006,0,1,1,1,3,0,0,0,0,0,0,0,[],false,false,false
<http://dbpedia.org/resource/Beaumont_College>,Beaumont College,0.32000000000000006,0,0,0,0,0,0,1,0,0,2,0,0,[],false,false,false
<http://dbpedia.org/resource/Chelsea_Manning>,Chelsea Manning,0.32000000000000006,0,0,0,0,1,0,0,0,0,0,0,0,[],false,false,false
<http://dbpedia.org/resource/Dominic_Kwiatkowski>,Dominic Kwiatkowski,0.32000000000000006,0,2,2,0,0,0,0,0,0,0,0,0,[],false,false,false
<http://dbpedia.org/resource/Frank_Westheimer>,Frank Westheimer,0.32000000000000006,1,0,1,2,0,0,0,0,0,0,0,0,[],false,false,false
<http://dbpedia.org/resource/Immaculate_Heart_High_School_(Los_Angeles)>,Immaculate Heart High School (Los Angeles),0.32000000000000006,0,0,0,0,0,0,1,0,0,2,0,0,[],false,false,false
<http://dbpedia.org/resource/Roman_Juszkiewicz>,Roman Juszkiewicz,0.32000000000000006,0,0,0,2,1,0,0,0,0,0,0,0,[],false,false,false
<http://dbpedia.org/resource/Larry_Squire>,Larry Squire,0.32000000000000006,0,1,1,2,0,0,0,0,0,0,0,0,[],false,false,false
<http://dbpedia.org/resource/Karen_Alter>,Karen Alter,0.32000000000000006,0,2,2,0,0,0,0,0,0,0,0,0,[],false,false,false
<http://dbpedia.org/resource/Anglo_Arabic_Senior_Secondary_School>,Anglo Arabic Senior Secondary School,0.32000000000000006,0,0,0,0,0,0,1,0,0,2,0,0,[],false,false,false
<http://dbpedia.org/resource/Mark_S._Miller>,Mark S. Miller,0.32000000000000006,0,1,1,1,3,0,0,0,0,0,0,0,[],false,false,false
<http://dbpedia.org/resource/Karl_Deisseroth>,Karl Deisseroth,0.32000000000000006,1,0,1,2,2,0,0,0,0,0,0,0,[],false,false,false
<http://dbpedia.org/resource/Hillwood_College>,Hillwood College,0.32000000000000006,0,0,0,0,0,0,1,0,0,2,0,0,[],false,false,false
<http://dbpedia.org/resource/Christopher_Exley>,Christopher Exley,0.32000000000000006,0,0,0,0,1,0,0,0,0,0,0,0,[],false,false,false
<http://dbpedia.org/resource/Crimean_Tatars>,Crimean Tatars,0.32000000000000006,0,0,0,0,0,0,1,0,0,0,0,1,[],false,false,false
<http://dbpedia.org/resource/New_France>,New France,0.32000000000000006,0,0,0,0,0,0,1,0,0,0,0,0,[],false,false,false
<http://dbpedia.org/resource/Kat_Holt>,Kat Holt,0.32000000000000006,0,1,1,3,0,0,0,0,0,0,0,0,[],false,false,false
<http://dbpedia.org/resource/James_Logan_(statesman)>,James Logan (statesman),0.32000000000000006,0,0,0,0,1,0,0,0,0,0,0,0,[],false,false,false
<http://dbpedia.org/resource/Lauren_Ackerman>,Lauren Ackerman,0.32000000000000006,1,2,3,1,1,0,0,0,0,0,0,0,[],false,false,false
<http://dbpedia.org/resource/Groton_School>,Groton School,0.32000000000000006,0,0,0,0,0,0,1,0,0,3,0,0,[],false,false,false
<http://dbpedia.org/resource/Republic_of_Ireland>,Republic of Ireland,0.32000000000000006,0,0,0,0,0,0,6,0,0,0,0,0,[],false,false,false
<http://dbpedia.org/resource/Richard_Pringle>,Richard Pringle,0.32000000000000006,0,2,2,2,0,0,0,0,0,0,0,0,[],false,false,false
<http://dbpedia.org/resource/Queen_Anne's_School>,Queen Anne's School,0.32000000000000006,0,0,0,0,0,0,1,0,0,2,0,0,[],false,false,false
<http://dbpedia.org/resource/Xaverian_College>,Xaverian College,0.32000000000000006,0,0,0,0,0,0,1,0,0,2,0,0,[],false,false,false
<http://dbpedia.org/resource/Dorothy_Garrod>,Dorothy Garrod,0.32000000000000006,1,2,3,2,0,0,0,0,0,0,0,0,[],false,false,false
<http://dbpedia.org/resource/Matthew_Dalby>,Matthew Dalby,0.32000000000000006,0,0,0,1,1,0,0,0,0,0,0,0,[],false,false,false
<http://dbpedia.org/resource/William_E._Moerner>,William E. Moerner,0.32000000000000006,1,0,1,2,0,0,0,0,0,0,0,0,[],false,false,false
<http://dbpedia.org/resource/Frederick_Gowland_Hopkins>,Frederick Gowland Hopkins,0.32000000000000006,4,0,4,2,3,0,0,0,0,0,0,0,[],false,false,false
<http://dbpedia.org/resource/Stephen_Benton>,Stephen Benton,0.32000000000000006,0,2,2,2,0,0,0,0,0,0,0,0,[],false,false,false
<http://dbpedia.org/resource/Danah_boyd>,Danah boyd,0.32000000000000006,0,0,0,0,1,0,0,0,0,0,0,0,[],false,false,false
<http://dbpedia.org/resource/Warwick_School>,Warwick School,0.32000000000000006,0,0,0,0,0,0,1,0,0,2,0,0,[],false,false,false
<http://dbpedia.org/resource/O'Reilly_Senior_High_School>,O'Reilly Senior High School,0.32000000000000006,0,0,0,0,0,0,1,0,0,2,0,0,[],false,false,false
<http://dbpedia.org/resource/Rohingya_people>,Rohingya people,0.32000000000000006,0,0,0,0,0,0,2,0,0,0,0,2,[],false,false,false
<http://dbpedia.org/resource/Qalandar_Baba_Auliya>,Qalandar Baba Auliya,0.32000000000000006,1,2,3,0,0,0,0,0,0,0,0,0,[],false,false,false
<http://dbpedia.org/resource/Nikolai_Kondratiev>,Nikolai Kondratiev,0.32000000000000006,7,2,9,1,0,0,0,0,0,0,0,0,[Macroeconomics],false,false,false
<http://dbpedia.org/resource/Sed>,Sed,0.32000000000000006,2,1,3,0,0,0,0,0,0,0,0,0,[],false,false,false
<http://dbpedia.org/resource/Roger_Kirby>,Roger Kirby,0.32000000000000006,0,2,2,0,4,0,0,0,0,0,0,0,[],false,false,false
<http://dbpedia.org/resource/Gerard_J._Holzmann>,Gerard J. Holzmann,0.32000000000000006,0,0,0,1,1,0,0,0,0,0,0,0,[],false,false,false
<http://dbpedia.org/resource/Amhara_people>,Amhara people,0.32000000000000006,0,0,0,0,0,0,1,0,0,0,0,2,[],false,false,false
<http://dbpedia.org/resource/Ernest_Everett_Just>,Ernest Everett Just,0.32000000000000006,1,1,2,2,3,0,0,0,0,0,0,0,[],false,false,false
<http://dbpedia.org/resource/Waldo_Rudolph_Wedel>,Waldo Rudolph Wedel,0.32000000000000006,0,2,2,1,1,0,0,0,0,0,0,0,[],false,false,false
<http://dbpedia.org/resource/Elhanan_Helpman>,Elhanan Helpman,0.32000000000000006,0,2,2,2,0,0,0,0,0,0,0,0,"[Political economy, Economic growth, International trade]",false,false,false
<http://dbpedia.org/resource/John_Levi_Martin>,John Levi Martin,0.32000000000000006,1,0,1,2,4,0,0,0,0,0,0,0,[],false,false,false
<http://dbpedia.org/resource/Randall_Schweller>,Randall Schweller,0.319988585703224,0,2,2,0,0,0,0,0,0,0,0,0,[],false,false,false
<http://dbpedia.org/resource/Richard_R._Schrock>,Richard R. Schrock,0.3199570902154768,0,0,0,2,2,0,0,0,0,0,0,0,[],false,false,false
<http://dbpedia.org/resource/Giovanni_Domenico_Cassini>,Giovanni Domenico Cassini,0.31995545737211795,1,2,3,0,4,0,0,0,0,0,0,0,[],false,false,false
<http://dbpedia.org/resource/Erich_Neumann_(psychologist)>,Erich Neumann (psychologist),0.3198477881300869,2,3,5,2,1,0,0,0,0,0,0,0,[],false,false,false
<http://dbpedia.org/resource/E._O._Wilson>,E. O. Wilson,0.3196053254987613,4,3,7,0,5,0,0,0,0,0,0,0,[],false,false,false
<http://dbpedia.org/resource/Turing_(programming_language)__Turing+__1>,Turing (programming language)  Turing+  1,0.31957384094546754,1,1,2,0,0,0,0,0,0,0,0,0,[],false,false,false
<http://dbpedia.org/resource/Turing_Plus>,Turing Plus,0.31957384094546754,0,1,1,0,0,0,0,0,0,0,0,0,[],false,false,false
<http://dbpedia.org/resource/Fiona_Jenkins>,Fiona Jenkins,0.3195708603087766,0,5,5,0,0,0,0,0,0,0,0,0,[],false,false,false
<http://dbpedia.org/resource/Cecilia_Heyes>,Cecilia Heyes,0.3195097392539414,0,3,3,1,0,0,0,0,0,0,0,0,[],false,false,false
"<http://dbpedia.org/resource/Richard_Kahn,_Baron_Kahn>","Richard Kahn, Baron Kahn",0.319339487563357,4,2,6,0,0,0,0,0,0,0,0,0,[Political economy],false,false,false
<http://dbpedia.org/resource/Gábor_Alberti>,Gábor Alberti,0.3193285276152508,0,1,1,0,0,0,0,0,0,0,0,0,[],false,false,false
<http://dbpedia.org/resource/Nicholas_Asher>,Nicholas Asher,0.3193285276152508,0,1,1,0,0,0,0,0,0,0,0,0,[],false,false,false
<http://dbpedia.org/resource/Fritz_Sauter>,Fritz Sauter,0.3191631814766413,0,0,0,1,4,0,0,0,0,0,0,0,[],false,false,false
<http://dbpedia.org/resource/Roman_Inderst>,Roman Inderst,0.31914241760468015,0,1,1,3,0,0,0,0,0,0,0,0,[Financial economics],false,false,false
<http://dbpedia.org/resource/Nicolas_Le_Novère>,Nicolas Le Novère,0.31907031250000006,0,0,0,3,4,0,0,0,0,0,0,0,[],false,false,false
<http://dbpedia.org/resource/Edward_C._Tolman>,Edward C. Tolman,0.31902940687534054,2,2,4,2,4,0,0,0,0,0,0,0,[],false,false,false
<http://dbpedia.org/resource/Alan_V._Oppenheim>,Alan V. Oppenheim,0.31893703664039524,0,1,1,1,1,0,0,0,0,0,0,0,[],false,false,false
<http://dbpedia.org/resource/Claus_P._Schnorr>,Claus P. Schnorr,0.3188523735232794,0,0,0,0,2,0,0,0,0,0,0,0,[],false,false,false
<http://dbpedia.org/resource/Luiz_Carlos_Bresser-Pereira>,Luiz Carlos Bresser-Pereira,0.31874841532336,0,6,6,1,0,0,0,0,0,0,0,0,[],false,false,false
<http://dbpedia.org/resource/Marsilius_of_Inghen>,Marsilius of Inghen,0.3185258621247947,0,5,5,0,0,0,0,0,0,0,0,0,[],false,false,false
<http://dbpedia.org/resource/Leonard_Lawlor>,Leonard Lawlor,0.31852393128210743,0,2,2,0,0,0,0,0,0,0,0,0,[],false,false,false
<http://dbpedia.org/resource/Fiona_Stanley>,Fiona Stanley,0.31844343750000004,0,2,2,3,2,0,0,0,0,0,0,0,[],false,false,false
<http://dbpedia.org/resource/Kamehameha_Schools>,Kamehameha Schools,0.31840625000000006,0,0,0,0,0,0,1,0,0,2,0,0,[],false,false,false
<http://dbpedia.org/resource/Rake_(software)>,Rake (software),0.31840625000000006,0,1,1,0,0,0,0,0,0,0,0,0,[],false,false,false
<http://dbpedia.org/resource/Buddhist_philosophy>,Buddhist philosophy,0.31839562500000007,1,0,1,0,0,0,0,0,0,0,0,0,[],false,false,false
<http://dbpedia.org/resource/Bhikkhu_Analayo>,Bhikkhu Analayo,0.31839562500000007,0,0,0,0,0,0,1,0,0,0,0,0,[],false,false,false
<http://dbpedia.org/resource/Kamran_Eshraghian>,Kamran Eshraghian,0.31839402542613093,0,0,0,1,1,0,0,0,0,0,0,0,[],false,false,false
<http://dbpedia.org/resource/George_Henry_Lewes>,George Henry Lewes,0.31833952408370114,2,5,7,0,0,0,0,0,0,0,0,0,[],false,false,false
<http://dbpedia.org/resource/Domenico_Guglielmini>,Domenico Guglielmini,0.31826857849880247,0,3,3,1,0,0,0,0,0,0,0,0,[],false,false,false
<http://dbpedia.org/resource/Anita_Mahadevan-Jansen>,Anita Mahadevan-Jansen,0.31825810034141644,0,0,0,2,2,0,0,0,0,0,0,0,[],false,false,false
<http://dbpedia.org/resource/Alexander_William_Bickerton>,Alexander William Bickerton,0.3182497036842772,0,0,0,2,1,0,0,0,0,0,0,0,[],false,false,false
<http://dbpedia.org/resource/Edward_A._Irving>,Edward A. Irving,0.3182082118055556,0,3,3,1,0,0,0,0,0,0,0,0,[],false,false,false
<http://dbpedia.org/resource/Vasily_Vladimirov>,Vasily Vladimirov,0.31817756902139205,0,0,0,1,8,0,0,0,0,0,0,0,[],false,false,false
<http://dbpedia.org/resource/Robert_G._Sachs>,Robert G. Sachs,0.3181494012098742,0,1,1,1,3,0,0,0,0,0,0,0,[],false,false,false
<http://dbpedia.org/resource/Martin_Buber>,Martin Buber,0.31801116918209366,12,5,17,0,0,0,0,0,0,0,0,0,[],false,false,false
<http://dbpedia.org/resource/Arthur_von_Oettingen>,Arthur von Oettingen,0.3179971615390065,0,0,0,0,1,0,0,0,0,0,0,0,[],false,false,false
<http://dbpedia.org/resource/Alan_S._Kaufman>,Alan S. Kaufman,0.3179558211093697,0,1,1,2,1,0,0,0,0,0,0,0,[],false,false,false
<http://dbpedia.org/resource/Julien_Freund>,Julien Freund,0.31791176582749386,1,6,7,0,0,0,0,0,0,0,0,0,[],false,false,false
<http://dbpedia.org/resource/John_Shawe-Taylor>,John Shawe-Taylor,0.3178674066750136,0,0,0,2,2,0,0,0,0,0,0,0,[],false,false,false
<http://dbpedia.org/resource/Rudolf_Haag>,Rudolf Haag,0.3176105374227602,0,0,0,2,4,0,0,0,0,0,0,0,[],false,false,false
<http://dbpedia.org/resource/Douglas_Ravenel>,Douglas Ravenel,0.31756275048572985,0,0,0,1,2,0,0,0,0,0,0,0,[],false,false,false
<http://dbpedia.org/resource/Daniel_Dennett>,Daniel Dennett,0.31750196649211726,13,8,21,0,0,0,0,0,0,0,0,0,[],false,false,false
<http://dbpedia.org/resource/Dimitris_Dimitrakos>,Dimitris Dimitrakos,0.31732263225120416,0,4,4,0,0,0,0,0,0,0,0,0,[],false,false,false
<http://dbpedia.org/resource/David_Foster_Wallace>,David Foster Wallace,0.31731843394074677,0,1,1,0,0,1,0,0,0,0,0,0,[],false,false,false
<http://dbpedia.org/resource/Johannes_Martin_Bijvoet>,Johannes Martin Bijvoet,0.31713771642880734,0,0,0,0,2,0,0,0,0,0,0,0,[],false,false,false
<http://dbpedia.org/resource/John_Martin_Fischer>,John Martin Fischer,0.3170614394556992,0,3,3,0,0,0,0,0,0,0,0,0,[],false,false,false
<http://dbpedia.org/resource/Leonardo_da_Vinci>,Leonardo da Vinci,0.3170606793932407,1,1,2,0,0,0,0,0,0,0,0,0,[],false,false,false
<http://dbpedia.org/resource/Sarmad_Kashani>,Sarmad Kashani,0.317055138285192,2,2,4,0,0,0,0,0,0,0,0,0,[],false,false,false
<http://dbpedia.org/resource/George_Porter>,George Porter,0.31681250000000005,0,0,0,2,1,0,0,0,0,0,0,0,[],false,false,false
<http://dbpedia.org/resource/Giorgi_Dvali>,Giorgi Dvali,0.31681250000000005,0,0,0,1,5,0,0,0,0,0,0,0,[],false,false,false
<http://dbpedia.org/resource/James_L._Green>,James L. Green,0.31681250000000005,0,0,0,1,1,0,0,0,0,0,0,0,[],false,false,false
<http://dbpedia.org/resource/George_S._Tolley>,George S. Tolley,0.31681250000000005,1,2,3,1,0,0,0,0,0,0,0,0,"[Agricultural economics, Resource economics]",false,false,false
<http://dbpedia.org/resource/James_Hansen>,James Hansen,0.31681250000000005,1,1,2,1,3,0,0,0,0,0,0,0,[],false,false,false
<http://dbpedia.org/resource/Guillermo_Calvo>,Guillermo Calvo,0.31678967772746375,2,2,4,2,0,0,0,0,0,0,0,0,"[Macroeconomics, Monetary economics]",false,false,false
<http://dbpedia.org/resource/Tanakadate_Aikitsu>,Tanakadate Aikitsu,0.3167777896689704,0,1,1,3,3,0,0,0,0,0,0,0,[],false,false,false
<http://dbpedia.org/resource/Colin_M._Selbie>,Colin M. Selbie,0.3167713271370181,0,3,3,0,0,0,0,0,0,0,0,0,[],false,false,false
<http://dbpedia.org/resource/James_Franck__James_Franck__1>,James Franck  James Franck  1,0.31671509498595674,0,0,0,2,3,0,0,0,0,0,0,0,[],false,false,false
<http://dbpedia.org/resource/Regnier_de_Graaf>,Regnier de Graaf,0.31656650405350073,1,1,2,0,3,0,0,0,0,0,0,0,[],false,false,false
<http://dbpedia.org/resource/Philip_Pilkington>,Philip Pilkington,0.3164496757703675,0,6,6,0,0,0,0,0,0,0,0,0,[Monetary economics],false,false,false
<http://dbpedia.org/resource/Douglas_John_Hall>,Douglas John Hall,0.31636759522576313,0,1,1,0,0,0,0,0,0,0,0,0,[],false,false,false
<http://dbpedia.org/resource/James_Doull>,James Doull,0.31636759522576313,0,1,1,0,0,0,0,0,0,0,0,0,[],false,false,false
<http://dbpedia.org/resource/Darwin_(programming_language)>,Darwin (programming language),0.3163234601715414,0,1,1,0,0,0,0,0,0,0,0,0,[],false,false,false
<http://dbpedia.org/resource/AgentCubes>,AgentCubes,0.3163090314143334,1,4,5,0,0,0,0,0,0,0,0,0,[],false,false,false
<http://dbpedia.org/resource/Johann_Gottfried_Herder>,Johann Gottfried Herder,0.31630343828983487,20,4,24,0,0,0,0,0,0,0,0,0,[],false,false,false
<http://dbpedia.org/resource/Béla_Bollobás>,Béla Bollobás,0.3162973096751907,1,0,1,2,5,0,0,0,0,0,0,0,[],false,false,false
<http://dbpedia.org/resource/Hilary_Putnam>,Hilary Putnam,0.3162629110686261,10,8,18,0,0,0,0,0,0,0,0,0,[],false,false,false
<http://dbpedia.org/resource/Hervé_Moulin>,Hervé Moulin,0.31588305106098774,0,3,3,2,0,0,0,0,0,0,0,0,"[Mathematical economics, Game theory, Social choice, Fair division]",false,false,false
<http://dbpedia.org/resource/Souleymane_Bachir_Diagne>,Souleymane Bachir Diagne,0.3156779489427805,0,3,3,0,0,0,0,0,0,0,0,0,[],false,false,false
<http://dbpedia.org/resource/Preda_Mihăilescu>,Preda Mihăilescu,0.31558028669879573,0,0,0,1,1,0,0,0,0,0,0,0,[],false,false,false
<http://dbpedia.org/resource/Oxygene_(programming_language)>,Oxygene (programming language),0.3155790850099607,0,3,3,0,0,0,0,0,0,0,0,0,[],false,false,false
<http://dbpedia.org/resource/Andreas_Floer>,Andreas Floer,0.3155479627642305,0,0,0,1,1,0,0,0,0,0,0,0,[],false,false,false
<http://dbpedia.org/resource/Anne_Stone_(academic)>,Anne Stone (academic),0.3155281505915794,0,0,0,2,1,0,0,0,0,0,0,0,[],false,false,false
<http://dbpedia.org/resource/Roman_Kotov>,Roman Kotov,0.3155074981039481,0,0,0,0,1,0,0,0,0,0,0,0,[],false,false,false
<http://dbpedia.org/resource/Shoshichi_Kobayashi>,Shoshichi Kobayashi,0.31545818504734713,0,0,0,0,2,0,0,0,0,0,0,0,[],false,false,false
<http://dbpedia.org/resource/Michael_Aschbacher>,Michael Aschbacher,0.3153521989436,0,0,0,2,1,0,0,0,0,0,0,0,[],false,false,false
<http://dbpedia.org/resource/Georg_Forster>,Georg Forster,0.31533547070312506,1,2,3,0,0,0,0,0,0,0,0,0,[],false,false,false
<http://dbpedia.org/resource/Quentin_Meillassoux>,Quentin Meillassoux,0.31528492797598834,2,8,10,0,0,0,0,0,0,0,0,0,[],false,false,false
<http://dbpedia.org/resource/CMU_Common_Lisp>,CMU Common Lisp,0.31520322690572355,0,1,1,0,0,0,0,0,0,0,0,0,[],false,false,false
<http://dbpedia.org/resource/James_Luther_Adams>,James Luther Adams,0.3151727682687231,0,2,2,0,0,0,0,0,0,0,0,0,[],false,false,false
<http://dbpedia.org/resource/Keith_A._Nelson>,Keith A. Nelson,0.3151421217713745,0,0,0,1,2,0,0,0,0,0,0,0,[],false,false,false
<http://dbpedia.org/resource/James_Duesenberry>,James Duesenberry,0.3150578739167384,2,4,6,1,0,0,0,0,0,0,0,0,"[Microeconomics, Behavioral economics]",false,false,false
<http://dbpedia.org/resource/Buckminster_Fuller>,Buckminster Fuller,0.31500425792570064,2,3,5,0,0,0,0,0,0,0,0,0,[],false,false,false
<http://dbpedia.org/resource/Annemarie_Schimmel>,Annemarie Schimmel,0.31498320071593955,0,1,1,0,0,0,0,0,0,0,0,0,[],false,false,false
<http://dbpedia.org/resource/Moulana_Hameed_Uddin_Husami_Aqil_Sahab>,Moulana Hameed Uddin Husami Aqil Sahab,0.31498320071593955,0,2,2,0,0,0,0,0,0,0,0,0,[],false,false,false
<http://dbpedia.org/resource/Dewan_Mohammad_Azraf>,Dewan Mohammad Azraf,0.31498320071593955,0,2,2,0,0,0,0,0,0,0,0,0,[],false,false,false
<http://dbpedia.org/resource/Évariste_Galois>,Évariste Galois,0.3149814178036645,1,3,4,1,3,0,0,0,0,0,0,0,[],false,false,false
<http://dbpedia.org/resource/Bernard_Stiegler>,Bernard Stiegler,0.31496713449025016,1,6,7,0,0,0,0,0,0,0,0,0,[],false,false,false
<http://dbpedia.org/resource/Antonio_Signorini_(physicist)>,Antonio Signorini (physicist),0.31494779030195585,0,0,0,2,2,0,0,0,0,0,0,0,[],false,false,false
<http://dbpedia.org/resource/Barbara_Skarga>,Barbara Skarga,0.314910369140703,0,1,1,0,0,0,0,0,0,0,0,0,[],false,false,false
<http://dbpedia.org/resource/Geoffrey_W._Hoffmann>,Geoffrey W. Hoffmann,0.3149081970017431,0,2,2,0,1,0,0,0,0,0,0,0,[],false,false,false
<http://dbpedia.org/resource/Machiavelli>,Machiavelli,0.31478393780502645,9,3,12,0,0,0,0,0,0,0,0,0,[],false,false,false
<http://dbpedia.org/resource/Robin_Hahnel>,Robin Hahnel,0.314764162691138,0,9,9,1,0,0,0,0,0,0,0,0,[Political economy],false,false,false
<http://dbpedia.org/resource/Brian_Davies_(philosopher)>,Brian Davies (philosopher),0.3147326954893523,0,4,4,0,0,0,0,0,0,0,0,0,[],false,false,false
<http://dbpedia.org/resource/Matthew_Stuart_(philosopher)>,Matthew Stuart (philosopher),0.31468753337230776,0,3,3,2,0,0,0,0,0,0,0,0,[],false,false,false
<http://dbpedia.org/resource/Green_Anarchy>,Green Anarchy,0.3146060491699245,0,1,1,0,0,0,0,0,0,0,0,0,[],false,false,false
<http://dbpedia.org/resource/Species_Traitor>,Species Traitor,0.3146060491699245,0,1,1,0,0,0,0,0,0,0,0,0,[],false,false,false
<http://dbpedia.org/resource/World_Trade_Organization_Ministerial_Conference_of_1999_protest_activity>,World Trade Organization Ministerial Conference of 1999 protest activity,0.3146060491699245,0,1,1,0,0,0,0,0,0,0,0,0,[],false,false,false
<http://dbpedia.org/resource/William_A._Barnett>,William A. Barnett,0.31436913283898144,1,5,6,3,0,0,0,0,0,0,0,0,[Macroeconomics],false,false,false
<http://dbpedia.org/resource/Martín_Abadi>,Martín Abadi,0.3143026572870742,0,0,0,0,2,0,0,0,0,0,0,0,[],false,false,false
<http://dbpedia.org/resource/Tobias_Nipkow>,Tobias Nipkow,0.31426451834753794,0,0,0,0,1,0,0,0,0,0,0,0,[],false,false,false
<http://dbpedia.org/resource/John_Haugeland>,John Haugeland,0.3142562604382413,0,2,2,0,0,0,0,0,0,0,0,0,[],false,false,false
<http://dbpedia.org/resource/Experimental_psychology>,Experimental psychology,0.3142008522176832,0,1,1,0,0,0,0,0,0,1,0,0,[],false,false,false
<http://dbpedia.org/resource/Elsa_van_Dien>,Elsa van Dien,0.3140913194444445,0,1,1,2,0,0,0,0,0,0,0,0,[],false,false,false
<http://dbpedia.org/resource/Monimus>,Monimus,0.31402954184116916,0,1,1,0,0,0,0,0,0,0,0,0,[],false,false,false
<http://dbpedia.org/resource/Susan_Gerhart>,Susan Gerhart,0.31399960437760444,0,1,1,3,0,0,0,0,0,0,0,0,[],false,false,false
<http://dbpedia.org/resource/Louise_A._Brinton>,Louise A. Brinton,0.31392857142857145,0,1,1,2,0,0,0,0,0,0,0,0,[],false,false,false
<http://dbpedia.org/resource/Georges_Canguilhem>,Georges Canguilhem,0.3139266494885317,11,6,17,0,0,0,0,0,0,0,0,0,[],false,false,false
<http://dbpedia.org/resource/Oswald_von_Nell-Breuning>,Oswald von Nell-Breuning,0.3138818869726922,0,2,2,0,0,0,0,0,0,0,0,0,[],false,false,false
<http://dbpedia.org/resource/Trevor_Wooley>,Trevor Wooley,0.31383750000000005,0,0,0,2,3,0,0,0,0,0,0,0,[],false,false,false
<http://dbpedia.org/resource/Ferid_Murad>,Ferid Murad,0.31383750000000005,0,0,0,2,2,0,0,0,0,0,0,0,[],false,false,false
<http://dbpedia.org/resource/Hans_Eysenck>,Hans Eysenck,0.3137636086209193,3,1,4,1,7,0,0,0,0,0,0,0,[],false,false,false
<http://dbpedia.org/resource/Philipp_Heck>,Philipp Heck,0.3137610722001885,0,1,1,0,0,0,0,0,0,0,0,0,[],false,false,false
<http://dbpedia.org/resource/Carlos_Bustamante_(biophysicist)>,Carlos Bustamante (biophysicist),0.3137578125,0,0,0,3,2,0,0,0,0,0,0,0,[],false,false,false
<http://dbpedia.org/resource/Olke_C._Uhlenbeck>,Olke C. Uhlenbeck,0.3137578125,0,1,1,2,0,0,0,0,0,0,0,0,[],false,false,false
"<http://dbpedia.org/resource/John_Krebs,_Baron_Krebs>","John Krebs, Baron Krebs",0.31371370256168857,0,1,1,1,0,0,0,0,0,0,0,0,[],false,false,false
<http://dbpedia.org/resource/Peter_K._Manning>,Peter K. Manning,0.31370416345152524,0,3,3,3,3,0,0,0,0,0,0,0,[],false,false,false
<http://dbpedia.org/resource/Bertrand_Halperin>,Bertrand Halperin,0.31363681278820393,1,1,2,2,3,0,0,0,0,0,0,0,[],false,false,false
<http://dbpedia.org/resource/Ibn_al-Salah>,Ibn al-Salah,0.31362500000000004,0,1,1,0,0,0,1,0,0,0,0,0,[],false,false,false
<http://dbpedia.org/resource/Joseph_Grinnell>,Joseph Grinnell,0.31362500000000004,1,0,1,0,0,0,0,0,0,0,0,0,[],false,false,false
<http://dbpedia.org/resource/Eugenio_Oñate_Ibañez_de_Navarra>,Eugenio Oñate Ibañez de Navarra,0.31362500000000004,0,0,0,2,2,0,0,0,0,0,0,0,[],false,false,false
<http://dbpedia.org/resource/Archibald_Knox_(designer)>,Archibald Knox (designer),0.31362500000000004,1,1,2,0,0,0,0,0,0,0,0,0,[Design],false,false,false
<http://dbpedia.org/resource/Paul_Monsky>,Paul Monsky,0.3135339860010845,0,0,0,2,2,0,0,0,0,0,0,0,[],false,false,false
<http://dbpedia.org/resource/Bruce_L._Benson>,Bruce L. Benson,0.31352429820089583,2,4,6,2,0,0,0,0,0,0,0,0,"[Economics, Austrian School, Commercial law, Criminal justice, Free-market environmentalism, Polycentric law, Private law]",false,false,false
<http://dbpedia.org/resource/Edmond_Locard>,Edmond Locard,0.3134665609101695,1,1,2,0,2,0,0,0,0,0,0,0,[],false,false,false
<http://dbpedia.org/resource/Gregorio_Weber>,Gregorio Weber,0.31326071428571434,0,1,1,0,0,0,0,0,0,0,0,0,[],false,false,false
<http://dbpedia.org/resource/Iain_Mattaj>,Iain Mattaj,0.31324553571428576,0,2,2,2,0,0,0,0,0,0,0,0,[],false,false,false
<http://dbpedia.org/resource/Tim_Maudlin>,Tim Maudlin,0.3132100670830968,0,1,1,0,0,0,0,0,0,0,0,0,[],false,false,false
<http://dbpedia.org/resource/Gene_H._Golub>,Gene H. Golub,0.31311178421585656,3,0,3,1,0,0,0,0,0,0,0,0,[],false,false,false
<http://dbpedia.org/resource/Martin_Nowak>,Martin Nowak,0.31303339956940607,0,0,0,1,5,0,0,0,0,0,0,0,[],false,false,false
<http://dbpedia.org/resource/Raúl_Alfonsín>,Raúl Alfonsín,0.3130316392093654,0,1,1,0,0,0,0,0,0,0,0,0,[],false,false,false
<http://dbpedia.org/resource/C._E._M._Joad>,C. E. M. Joad,0.3129459898630557,0,2,2,0,0,0,0,0,0,0,0,0,[],false,false,false
<http://dbpedia.org/resource/August_Leskien>,August Leskien,0.31287530943181197,9,1,10,0,0,0,0,0,0,0,0,0,[],false,false,false
<http://dbpedia.org/resource/Johannes_Schmidt_(linguist)>,Johannes Schmidt (linguist),0.31287530943181197,0,1,1,0,1,0,0,0,0,0,0,0,[],false,false,false
<http://dbpedia.org/resource/Mathieu_Bock-Côté>,Mathieu Bock-Côté,0.31280841627383593,0,2,2,2,3,0,0,0,0,0,0,0,[],false,false,false
<http://dbpedia.org/resource/Herman_Tønnessen>,Herman Tønnessen,0.31278294121617467,0,1,1,0,0,0,0,0,0,0,0,0,[],false,false,false
<http://dbpedia.org/resource/J._Neil_Schulman>,J. Neil Schulman,0.31270464777041695,0,1,1,0,0,0,0,0,0,0,0,0,[],false,false,false
<http://dbpedia.org/resource/Ross_Ulbricht>,Ross Ulbricht,0.31270464777041695,0,1,1,0,0,0,0,0,0,0,0,0,[],false,false,false
<http://dbpedia.org/resource/Victor_Koman>,Victor Koman,0.31270464777041695,0,1,1,0,0,0,0,0,0,0,0,0,[],false,false,false
<http://dbpedia.org/resource/Andrew_Radford_(linguist)>,Andrew Radford (linguist),0.31265083675637106,0,1,1,1,3,0,0,0,0,0,0,0,[],false,false,false
<http://dbpedia.org/resource/Allan_Schnaiberg>,Allan Schnaiberg,0.3125072240826795,0,3,3,2,0,0,0,0,0,0,0,0,[],false,false,false
<http://dbpedia.org/resource/Ernst_Abbe>,Ernst Abbe,0.312405749472956,1,0,1,2,2,0,0,0,0,0,0,0,[],false,false,false
<http://dbpedia.org/resource/Felix_Hausdorff>,Felix Hausdorff,0.31236712688381074,0,0,0,1,13,0,0,0,0,0,0,0,[],false,false,false
<http://dbpedia.org/resource/Johann_Andreas_Segner>,Johann Andreas Segner,0.31236227609003814,0,0,0,0,1,0,0,0,0,0,0,0,[],false,false,false
<http://dbpedia.org/resource/George_Bellas_Greenough>,George Bellas Greenough,0.3122116250220436,0,2,2,2,0,0,0,0,0,0,0,0,[],false,false,false
<http://dbpedia.org/resource/Montrose_Wolf>,Montrose Wolf,0.31214197123923315,0,2,2,2,2,0,0,0,0,0,0,0,[],false,false,false
<http://dbpedia.org/resource/Boris_Karvasarsky>,Boris Karvasarsky,0.31203966220658164,0,1,1,0,0,0,0,0,0,0,0,0,[],false,false,false
<http://dbpedia.org/resource/Félix_Guattari>,Félix Guattari,0.3119043058733235,15,9,24,0,0,0,0,0,0,0,0,0,[],false,false,false
<http://dbpedia.org/resource/Kojo_(learning_environment)>,Kojo (learning environment),0.3118568945531128,0,2,2,0,0,0,0,0,0,0,0,0,[],false,false,false
<http://dbpedia.org/resource/Ronald_Breiger>,Ronald Breiger,0.3118512882871323,0,0,0,2,3,0,0,0,0,0,0,0,[],false,false,false
<http://dbpedia.org/resource/Albert_of_Saxony_(philosopher)>,Albert of Saxony (philosopher),0.3118102216643397,0,4,4,0,0,0,0,0,0,0,0,0,[],false,false,false
<http://dbpedia.org/resource/Charles_Lyell>,Charles Lyell,0.3117706845238095,8,5,13,1,1,0,0,0,0,0,0,0,[],false,false,false
<http://dbpedia.org/resource/José_Scheinkman>,José Scheinkman,0.3117646758343768,0,2,2,1,0,0,0,0,0,0,0,0,[Economics],false,false,false
<http://dbpedia.org/resource/Peter_Suber>,Peter Suber,0.3116780952156171,0,1,1,1,3,0,0,0,0,0,0,0,[],false,false,false
<http://dbpedia.org/resource/Muhammad_Usman_Damani>,Muhammad Usman Damani,0.31165178571428576,2,3,5,0,0,0,0,0,0,0,0,0,[],false,false,false
<http://dbpedia.org/resource/Sachi_Sri_Kantha>,Sachi Sri Kantha,0.31165178571428576,0,2,2,4,0,0,0,0,0,0,0,0,[],false,false,false
<http://dbpedia.org/resource/Serena_DeBeer>,Serena DeBeer,0.3116368230879935,0,0,0,0,5,0,0,0,0,0,0,0,[],false,false,false
<http://dbpedia.org/resource/Vladimir_Jankélévitch>,Vladimir Jankélévitch,0.3114577374373222,5,4,9,0,0,0,0,0,0,0,0,0,[],false,false,false
<http://dbpedia.org/resource/Vijay_S._Pande>,Vijay S. Pande,0.3113365384615385,0,0,0,1,2,0,0,0,0,0,0,0,[],false,false,false
<http://dbpedia.org/resource/Karl_O._Christe>,Karl O. Christe,0.31132993359375,0,0,0,1,2,0,0,0,0,0,0,0,[],false,false,false
<http://dbpedia.org/resource/Brenda_Milner>,Brenda Milner,0.3111964285714286,0,0,0,2,3,0,0,0,0,0,0,0,[],false,false,false
<http://dbpedia.org/resource/Edgar_F._Codd>,Edgar F. Codd,0.3111964285714286,0,1,1,2,8,0,0,0,0,0,0,0,[],false,false,false
<http://dbpedia.org/resource/XBLite>,XBLite,0.3111793745663787,0,2,2,0,0,0,0,0,0,0,0,0,[],false,false,false
<http://dbpedia.org/resource/Jennifer_Hornsby>,Jennifer Hornsby,0.3111246172045187,2,3,5,0,0,0,0,0,0,0,0,0,[],false,false,false
<http://dbpedia.org/resource/Warren_Samuels>,Warren Samuels,0.31091562500000003,0,0,0,1,2,0,0,0,0,0,0,0,[],false,false,false
<http://dbpedia.org/resource/Lenora_Fulani>,Lenora Fulani,0.3107763497088939,0,1,1,1,0,0,0,0,0,0,0,0,[],false,false,false
<http://dbpedia.org/resource/Lois_Holzman>,Lois Holzman,0.3107763497088939,0,1,1,0,0,0,0,0,0,0,0,0,[],false,false,false
<http://dbpedia.org/resource/Oberon-2>,Oberon-2,0.31076823702964057,6,3,9,0,0,0,0,0,0,0,0,0,[],false,false,false
<http://dbpedia.org/resource/Antoni_Kępiński>,Antoni Kępiński,0.3106752330194391,2,3,5,2,2,0,0,0,0,0,0,0,[],false,false,false
<http://dbpedia.org/resource/Lucie_Cheng>,Lucie Cheng,0.31055349648442493,0,3,3,3,0,0,0,0,0,0,0,0,[],false,false,false
<http://dbpedia.org/resource/COWSEL>,COWSEL,0.3104977319021392,1,2,3,0,0,0,0,0,0,0,0,0,[],false,false,false
<http://dbpedia.org/resource/Superplan>,Superplan,0.31043750000000003,1,1,2,0,0,0,0,0,0,0,0,0,[],false,false,false
<http://dbpedia.org/resource/Ludovico_Settala>,Ludovico Settala,0.3104132101557962,1,4,5,1,1,0,0,0,0,0,0,0,[],false,false,false
<http://dbpedia.org/resource/Nicholas_Hanges>,Nicholas Hanges,0.31038482598933387,0,0,0,2,1,0,0,0,0,0,0,0,[],false,false,false
<http://dbpedia.org/resource/Beta_Abraham>,Beta Abraham,0.31038437500000005,0,0,0,0,0,0,1,0,0,0,1,0,[],true,false,false
<http://dbpedia.org/resource/Albert_Lord>,Albert Lord,0.31037217170320874,0,0,0,1,2,0,0,0,0,0,0,0,[],false,false,false
<http://dbpedia.org/resource/Rudolph_Nissen>,Rudolph Nissen,0.310351171875,0,1,1,0,1,0,0,0,0,0,0,0,[],false,false,false
<http://dbpedia.org/resource/Vladimir_Govyrin>,Vladimir Govyrin,0.3103310659164602,0,0,0,1,1,0,0,0,0,0,0,0,[],false,false,false
<http://dbpedia.org/resource/Albert_A._Michelson>,Albert A. Michelson,0.3103213943769238,0,0,0,2,7,0,0,0,0,0,0,0,[],false,false,false
<http://dbpedia.org/resource/John_Hicks>,John Hicks,0.3103070155497394,1,5,6,1,0,0,0,0,0,0,0,0,[],false,false,false
<http://dbpedia.org/resource/Frank_Edwin_Egler>,Frank Edwin Egler,0.3103069010416667,1,1,2,0,0,0,0,0,0,0,0,0,[],false,false,false
<http://dbpedia.org/resource/Florian_Znaniecki>,Florian Znaniecki,0.31028906848060617,0,4,4,1,4,0,0,0,0,0,0,0,[],false,false,false
<http://dbpedia.org/resource/Arthur_Holmes>,Arthur Holmes,0.31027812500000007,0,2,2,1,0,0,0,0,0,0,0,0,[],false,false,false
<http://dbpedia.org/resource/Xu_Fuguan>,Xu Fuguan,0.31013392857142863,0,2,2,0,0,0,0,0,0,0,0,0,[],false,false,false
<http://dbpedia.org/resource/William_Kaye_Estes>,William Kaye Estes,0.3100456219068665,2,1,3,1,1,0,0,0,0,0,0,0,[],false,false,false
<http://dbpedia.org/resource/Barbara_Cassin>,Barbara Cassin,0.30991149265707757,0,2,2,0,0,0,0,0,0,0,0,0,[],false,false,false
<http://dbpedia.org/resource/Sérgio_Henrique_Ferreira>,Sérgio Henrique Ferreira,0.30988854166666674,0,2,2,1,0,0,0,0,0,0,0,0,[],false,false,false
<http://dbpedia.org/resource/C._S._Lewis>,C. S. Lewis,0.3098223740761811,5,2,7,1,0,8,0,0,0,0,0,0,[],false,false,false
<http://dbpedia.org/resource/Christoph_von_Sigwart>,Christoph von Sigwart,0.3098134915921071,4,3,7,0,0,0,0,0,0,0,0,0,[],false,false,false
<http://dbpedia.org/resource/Qasim_Mehdi>,Qasim Mehdi,0.30980221921814877,0,2,2,3,2,0,0,0,0,0,0,0,[],false,false,false
<http://dbpedia.org/resource/A_Manufacturing_Language>,A Manufacturing Language,0.3098020756454529,0,2,2,0,0,0,0,0,0,0,0,0,[],false,false,false
<http://dbpedia.org/resource/Philippe_Descola>,Philippe Descola,0.30978713496616567,0,3,3,0,0,0,0,0,0,0,0,0,[],false,false,false
<http://dbpedia.org/resource/George_Ritzer>,George Ritzer,0.30974420627045424,0,5,5,0,0,0,0,0,0,0,0,0,[],false,false,false
<http://dbpedia.org/resource/Ernest_Sosa>,Ernest Sosa,0.30962847422563655,2,3,5,0,0,0,0,0,0,0,0,0,[],false,false,false
<http://dbpedia.org/resource/Jesús_Huerta_de_Soto>,Jesús Huerta de Soto,0.30955005713871525,0,6,6,0,0,0,0,0,0,0,0,0,[Political economics],false,false,false
<http://dbpedia.org/resource/Ernst_Anton_Nicolai>,Ernst Anton Nicolai,0.30937500000000007,0,0,0,1,2,0,0,0,0,0,0,0,[],false,false,false
<http://dbpedia.org/resource/Waverley_College>,Waverley College,0.30937500000000007,0,0,0,0,0,0,1,0,0,2,0,0,[],false,false,false
<http://dbpedia.org/resource/Fernando_da_Costa_Novaes>,Fernando da Costa Novaes,0.30937500000000007,0,2,2,1,0,0,0,0,0,0,0,0,[],false,false,false
<http://dbpedia.org/resource/Henri_Bénard>,Henri Bénard,0.30937500000000007,0,0,0,2,3,0,0,0,0,0,0,0,[],false,false,false
<http://dbpedia.org/resource/HTML>,HTML,0.30937500000000007,3,0,3,0,0,0,0,0,0,0,0,0,[],false,false,false
<http://dbpedia.org/resource/Howard_Carter>,Howard Carter,0.30937500000000007,0,0,0,0,1,0,0,0,0,0,0,0,[],false,false,false
<http://dbpedia.org/resource/Honduras>,Honduras,0.30937500000000007,0,0,0,0,0,0,4,0,0,0,0,0,[],false,false,false
<http://dbpedia.org/resource/Farley_Norman>,Farley Norman,0.30937500000000007,0,2,2,2,0,0,0,0,0,0,0,0,[],false,false,false
"<http://dbpedia.org/resource/King's_College,_Auckland>","King's College, Auckland",0.30937500000000007,0,0,0,0,0,0,1,0,0,2,0,0,[],false,false,false
<http://dbpedia.org/resource/Lakefield_College_School>,Lakefield College School,0.30937500000000007,0,0,0,0,0,0,1,0,0,2,0,0,[],false,false,false
<http://dbpedia.org/resource/Alex_Zunger>,Alex Zunger,0.30937500000000007,0,0,0,0,2,0,0,0,0,0,0,0,[],false,false,false
<http://dbpedia.org/resource/UK_government>,UK government,0.30937500000000007,0,1,1,0,0,0,0,0,0,0,0,0,[],false,false,false
<http://dbpedia.org/resource/McQuaid_Jesuit_High_School>,McQuaid Jesuit High School,0.30937500000000007,0,0,0,0,0,0,1,0,0,2,0,0,[],false,false,false
<http://dbpedia.org/resource/Elmer_Kraemer>,Elmer Kraemer,0.30937500000000007,0,0,0,1,3,0,0,0,0,0,0,0,[],false,false,false
<http://dbpedia.org/resource/David_Lubinski>,David Lubinski,0.30937500000000007,0,2,2,1,2,0,0,0,0,0,0,0,[],false,false,false
<http://dbpedia.org/resource/Yemen>,Yemen,0.30937500000000007,0,0,0,0,0,0,4,0,0,0,0,1,[],false,false,false
<http://dbpedia.org/resource/Dara_Norman>,Dara Norman,0.30937500000000007,0,1,1,2,0,0,0,0,0,0,0,0,[],false,false,false
<http://dbpedia.org/resource/John_Dawson_(surgeon)>,John Dawson (surgeon),0.30937500000000007,0,1,1,1,1,0,0,0,0,0,0,0,[],false,false,false
<http://dbpedia.org/resource/Sakdalista>,Sakdalista,0.30937500000000007,0,0,0,0,0,0,0,5,0,0,0,0,[],false,false,false
<http://dbpedia.org/resource/Valerie_Sheares_Ashby>,Valerie Sheares Ashby,0.30937500000000007,0,0,0,1,1,0,0,0,0,0,0,0,[],false,false,false
<http://dbpedia.org/resource/Thomas_E._Anderson>,Thomas E. Anderson,0.30937500000000007,0,0,0,2,3,0,0,0,0,0,0,0,[],false,false,false
<http://dbpedia.org/resource/D._Harold_McNamara>,D. Harold McNamara,0.30937500000000007,0,2,2,1,3,0,0,0,0,0,0,0,[],false,false,false
<http://dbpedia.org/resource/Aki_Roberge>,Aki Roberge,0.30937500000000007,0,0,0,2,2,0,0,0,0,0,0,0,[],false,false,false
<http://dbpedia.org/resource/Marc_Wilkins_(geneticist)>,Marc Wilkins (geneticist),0.30937500000000007,0,2,2,1,1,0,0,0,0,0,0,0,[],false,false,false
<http://dbpedia.org/resource/Peter_J._Denning>,Peter J. Denning,0.30937500000000007,0,0,0,2,4,0,0,0,0,0,0,0,[],false,false,false
<http://dbpedia.org/resource/J._N._Reddy_(engineer)>,J. N. Reddy (engineer),0.30937500000000007,0,0,0,3,4,0,0,0,0,0,0,0,[],false,false,false
<http://dbpedia.org/resource/James_C._Kaufman>,James C. Kaufman,0.30937500000000007,0,2,2,2,0,0,0,0,0,0,0,0,[],false,false,false
<http://dbpedia.org/resource/Marilyn_Kozak>,Marilyn Kozak,0.30937500000000007,0,0,0,1,1,0,0,0,0,0,0,0,[],false,false,false
<http://dbpedia.org/resource/Santa_Sabina_College>,Santa Sabina College,0.30937500000000007,0,0,0,0,0,0,1,0,0,2,0,0,[],false,false,false
"<http://dbpedia.org/resource/Aquinas_College,_Perth>","Aquinas College, Perth",0.30937500000000007,0,0,0,0,0,0,1,0,0,2,0,0,[],false,false,false
<http://dbpedia.org/resource/Nostradamus>,Nostradamus,0.30937500000000007,0,0,0,0,2,0,0,0,0,0,0,0,[],false,false,false
<http://dbpedia.org/resource/Luciano_Marraffini>,Luciano Marraffini,0.30937500000000007,0,0,0,2,1,0,0,0,0,0,0,0,[],false,false,false
<http://dbpedia.org/resource/Keith_Stewartson>,Keith Stewartson,0.30924664184843526,0,1,1,1,4,0,0,0,0,0,0,0,[],false,false,false
<http://dbpedia.org/resource/Hack_(programming_language)>,Hack (programming language),0.3092346616871246,1,4,5,0,0,0,0,0,0,0,0,0,[],false,false,false
<http://dbpedia.org/resource/Diederik_Aerts>,Diederik Aerts,0.30920667957213477,0,1,1,0,2,0,0,0,0,0,0,0,[],false,false,false
<http://dbpedia.org/resource/Roberto_Refinetti>,Roberto Refinetti,0.3091816446853563,0,5,5,1,0,0,0,0,0,0,0,0,[],false,false,false
<http://dbpedia.org/resource/Alexander_Fersman>,Alexander Fersman,0.3091670990677086,0,1,1,1,0,0,0,0,0,0,0,0,[],false,false,false
<http://dbpedia.org/resource/Umran_Inan>,Umran Inan,0.3091617423451114,0,0,0,3,1,0,0,0,0,0,0,0,[],false,false,false
<http://dbpedia.org/resource/Irvin_D._Yalom>,Irvin D. Yalom,0.3091583023042617,0,6,6,2,0,0,0,0,0,0,0,0,[],false,false,false
<http://dbpedia.org/resource/Harold_Williams_(geologist)>,Harold Williams (geologist),0.3091431680470424,0,0,0,2,1,0,0,0,0,0,0,0,[],false,false,false
<http://dbpedia.org/resource/Alf_Ross>,Alf Ross,0.30902852125717656,1,2,3,2,1,0,0,0,0,0,0,0,[],false,false,false
<http://dbpedia.org/resource/Horst_Dreier>,Horst Dreier,0.30902852125717656,0,1,1,2,0,0,0,0,0,0,0,0,[],false,false,false
<http://dbpedia.org/resource/Barry_Loewer>,Barry Loewer,0.30898563374477334,0,2,2,0,0,0,0,0,0,0,0,0,[],false,false,false
<http://dbpedia.org/resource/Friedrich_Hölderlin>,Friedrich Hölderlin,0.3088545802692493,7,1,8,0,0,1,0,0,0,0,0,0,[],false,false,false
<http://dbpedia.org/resource/Heinrich_Heine>,Heinrich Heine,0.3088545802692493,2,1,3,3,0,1,0,0,0,0,0,0,[],false,false,false
<http://dbpedia.org/resource/Karl_Christian_Friedrich_Krause>,Karl Christian Friedrich Krause,0.308815085347844,1,4,5,0,0,0,0,0,0,0,0,0,[],false,false,false
<http://dbpedia.org/resource/Thomas_A._McCarthy>,Thomas A. McCarthy,0.3088137744303908,2,2,4,0,0,0,0,0,0,0,0,0,[],false,false,false
<http://dbpedia.org/resource/George_Gamow>,George Gamow,0.3088043089461379,3,0,3,1,10,0,0,0,0,0,0,0,[],false,false,false
<http://dbpedia.org/resource/Karl_Wilhelm_Rosenmund>,Karl Wilhelm Rosenmund,0.3087434999155122,0,0,0,1,3,0,0,0,0,0,0,0,[],false,false,false
<http://dbpedia.org/resource/Colin_McGinn>,Colin McGinn,0.30872601865539373,0,5,5,0,0,0,0,0,0,0,0,0,[],false,false,false
<http://dbpedia.org/resource/Shaun_Cole>,Shaun Cole,0.30860660469055534,1,2,3,2,2,0,0,0,0,0,0,0,[],false,false,false
<http://dbpedia.org/resource/Jan_van_Hest>,Jan van Hest,0.30860221571180557,0,0,0,1,4,0,0,0,0,0,0,0,[],false,false,false
<http://dbpedia.org/resource/Branislav_Petronijević>,Branislav Petronijević,0.30856299463185294,0,8,8,0,0,0,0,0,0,0,0,0,[],false,false,false
<http://dbpedia.org/resource/Ayn_Rand>,Ayn Rand,0.30855303121967587,20,2,22,1,0,0,0,0,0,0,0,0,[],false,false,false
<http://dbpedia.org/resource/Walter_Rudin>,Walter Rudin,0.3084934908690398,0,0,0,0,2,0,0,0,0,0,0,0,[],false,false,false
<http://dbpedia.org/resource/David_Andrich>,David Andrich,0.308487288267228,0,3,3,1,0,0,0,0,0,0,0,0,[],false,false,false
<http://dbpedia.org/resource/Max_Roser>,Max Roser,0.3084279389301468,0,4,4,0,0,0,0,0,0,0,0,0,"[Global health, International development, Income distribution, Poverty]",false,false,false
<http://dbpedia.org/resource/Zhiming_Liu_(computer_scientist)>,Zhiming Liu (computer scientist),0.30842788024883444,0,3,3,2,1,0,0,0,0,0,0,0,[],false,false,false
<http://dbpedia.org/resource/Toshiko_Mayeda>,Toshiko Mayeda,0.308386875,0,0,0,1,2,0,0,0,0,0,0,0,[],false,false,false
<http://dbpedia.org/resource/Raghavan_Varadarajan>,Raghavan Varadarajan,0.30834573203052346,0,0,0,0,1,0,0,0,0,0,0,0,[],false,false,false
<http://dbpedia.org/resource/Donald_Davidson_(philosopher)>,Donald Davidson (philosopher),0.30829356418899023,17,9,26,0,0,0,0,0,0,0,0,0,[],false,false,false
<http://dbpedia.org/resource/Theory_of_elasticity>,Theory of elasticity,0.30824437818005673,0,1,1,0,0,0,0,0,0,0,0,0,[],false,false,false
<http://dbpedia.org/resource/F_Sharp_(programming_language)__F%23__1>,F Sharp (programming language)  F%23  1,0.3082167375351198,4,6,10,0,0,0,0,0,0,0,0,0,[],false,false,false
<http://dbpedia.org/resource/Don_Ihde>,Don Ihde,0.30817656643938734,1,4,5,0,0,0,0,0,0,0,0,0,[],false,false,false
<http://dbpedia.org/resource/Mary_Leebody>,Mary Leebody,0.30815011862916103,1,2,3,0,0,0,0,0,0,0,0,0,[],false,false,false
<http://dbpedia.org/resource/Emmanuel_Saez>,Emmanuel Saez,0.3081156744842112,1,2,3,3,0,0,0,0,0,0,0,0,[Public economics],false,false,false
<http://dbpedia.org/resource/Stephen_Daniel>,Stephen Daniel,0.3080601696808118,0,3,3,0,0,0,0,0,0,0,0,0,[],false,false,false
<http://dbpedia.org/resource/Wendell_Mitchell_Latimer>,Wendell Mitchell Latimer,0.30799525586233706,0,0,0,2,1,0,0,0,0,0,0,0,[],false,false,false
<http://dbpedia.org/resource/Jay_Laurence_Lush>,Jay Laurence Lush,0.3079228828126062,0,2,2,3,1,0,0,0,0,0,0,0,[],false,false,false
<http://dbpedia.org/resource/Don_Kirkham>,Don Kirkham,0.3078064880844679,0,1,1,1,0,0,0,0,0,0,0,0,[],false,false,false
<http://dbpedia.org/resource/Bradley_Efron>,Bradley Efron,0.30778125000000006,0,0,0,2,1,0,0,0,0,0,0,0,[],false,false,false
<http://dbpedia.org/resource/David_Lewis_(philosopher)>,David Lewis (philosopher),0.30774927952405967,12,5,17,0,0,0,0,0,0,0,0,0,[],false,false,false
<http://dbpedia.org/resource/Larry_J._Sechrest>,Larry J. Sechrest,0.3077386912507923,0,5,5,3,0,0,0,0,0,0,0,0,[Economics],false,false,false
<http://dbpedia.org/resource/Hans_Tuppy>,Hans Tuppy,0.3076698563239887,0,3,3,1,1,0,0,0,0,0,0,0,[],false,false,false
<http://dbpedia.org/resource/Aleksei_Pogorelov>,Aleksei Pogorelov,0.307636926117193,0,0,0,1,3,0,0,0,0,0,0,0,[],false,false,false
<http://dbpedia.org/resource/Murray_Jarvik>,Murray Jarvik,0.3076305474798084,0,0,0,4,1,0,0,0,0,0,0,0,[],false,false,false
<http://dbpedia.org/resource/Gunnar_Hägg>,Gunnar Hägg,0.3076199907799089,0,0,0,0,1,0,0,0,0,0,0,0,[],false,false,false
<http://dbpedia.org/resource/Henry_VIII>,Henry VIII,0.30761988910853405,0,4,4,0,0,0,0,0,0,0,0,0,[],false,false,false
<http://dbpedia.org/resource/Jonathan_D._G._Jones>,Jonathan D. G. Jones,0.3076041666666667,0,1,1,1,1,0,0,0,0,0,0,0,[],false,false,false
<http://dbpedia.org/resource/Jean_Wahl>,Jean Wahl,0.30759828033253056,3,6,9,0,0,0,0,0,0,0,0,0,[],false,false,false
<http://dbpedia.org/resource/Rudolf_Christoph_Eucken>,Rudolf Christoph Eucken,0.3075412686312579,4,5,9,0,0,0,0,0,0,0,0,0,[],false,false,false
<http://dbpedia.org/resource/Peter_Gustav_Lejeune_Dirichlet>,Peter Gustav Lejeune Dirichlet,0.3075153689379318,4,0,4,0,1,0,0,0,0,0,0,0,[],false,false,false
<http://dbpedia.org/resource/XUL>,XUL,0.30749475446428576,0,2,2,0,0,0,0,0,0,0,0,0,[],false,false,false
<http://dbpedia.org/resource/Seigō_Nakano>,Seigō Nakano,0.3074591195636073,0,1,1,0,0,0,0,0,0,0,0,0,[],false,false,false
<http://dbpedia.org/resource/Michael_Katehakis>,Michael Katehakis,0.30743750169905215,0,1,1,2,7,0,0,0,0,0,0,0,[],false,false,false
<http://dbpedia.org/resource/George_Stigler>,George Stigler,0.3073348311906905,7,5,12,2,0,0,0,0,0,0,0,0,[],false,false,false
<http://dbpedia.org/resource/LOOM_(ontology)>,LOOM (ontology),0.30732799060028465,0,1,1,0,0,0,0,0,0,0,0,0,[],false,false,false
<http://dbpedia.org/resource/Eugène_Minkowski>,Eugène Minkowski,0.3072583928059082,5,6,11,4,1,0,0,0,0,0,0,0,[],false,false,false
<http://dbpedia.org/resource/Theodore_George>,Theodore George,0.3072385410799273,1,3,4,0,0,0,0,0,0,0,0,0,[],false,false,false
<http://dbpedia.org/resource/Carbon_(programming_language)>,Carbon (programming language),0.3071851143769687,0,2,2,0,0,0,0,0,0,0,0,0,[],false,false,false
<http://dbpedia.org/resource/Edward_R._Dougherty>,Edward R. Dougherty,0.30718121527101394,0,0,0,2,3,0,0,0,0,0,0,0,[],false,false,false
<http://dbpedia.org/resource/Humberto_Maturana>,Humberto Maturana,0.30704808364982317,0,2,2,3,0,0,0,0,0,0,0,0,[],false,false,false
<http://dbpedia.org/resource/Polyphonic_C_Sharp>,Polyphonic C Sharp,0.3070381691218649,1,2,3,0,0,0,0,0,0,0,0,0,[],false,false,false
<http://dbpedia.org/resource/Paul_Vitányi>,Paul Vitányi,0.30698437500000003,0,0,0,2,9,0,0,0,0,0,0,0,[],false,false,false
<http://dbpedia.org/resource/Émilie_du_Châtelet>,Émilie du Châtelet,0.3069146136234612,0,5,5,0,0,0,0,0,0,0,0,0,[],false,false,false
<http://dbpedia.org/resource/Eduard_Heine>,Eduard Heine,0.30683199412927786,0,1,1,1,1,0,0,0,0,0,0,0,[],false,false,false
<http://dbpedia.org/resource/Ariel_Fernandez>,Ariel Fernandez,0.3067408316638288,0,0,0,0,1,0,0,0,0,0,0,0,[],false,false,false
<http://dbpedia.org/resource/Active_Oberon>,Active Oberon,0.3067307980830276,0,3,3,0,0,0,0,0,0,0,0,0,[],false,false,false
<http://dbpedia.org/resource/Seyla_Benhabib>,Seyla Benhabib,0.3066760067857895,0,4,4,0,0,0,0,0,0,0,0,0,[],false,false,false
<http://dbpedia.org/resource/Epigram_(programming_language)>,Epigram (programming language),0.3066664347454809,3,2,5,0,0,0,0,0,0,0,0,0,[],false,false,false
<http://dbpedia.org/resource/Escher_(programming_language)>,Escher (programming language),0.3066664347454809,0,2,2,0,0,0,0,0,0,0,0,0,[],false,false,false
<http://dbpedia.org/resource/Matias_Aires>,Matias Aires,0.30659816747529767,0,2,2,0,0,0,0,0,0,0,0,0,[],false,false,false
<http://dbpedia.org/resource/Antonio_Bermejo>,Antonio Bermejo,0.30649648551474273,0,1,1,0,0,0,0,0,0,0,0,0,[],false,false,false
<http://dbpedia.org/resource/Argentine_Constitution_of_1853>,Argentine Constitution of 1853,0.30649648551474273,0,1,1,0,0,0,0,0,0,0,0,0,[],false,false,false
<http://dbpedia.org/resource/Carlos_Alfredo_Rodríguez>,Carlos Alfredo Rodríguez,0.30649648551474273,0,1,1,0,0,0,0,0,0,0,0,0,[],false,false,false
<http://dbpedia.org/resource/Carlos_Rodríguez_Braun>,Carlos Rodríguez Braun,0.30649648551474273,0,1,1,0,0,0,0,0,0,0,0,0,[],false,false,false
<http://dbpedia.org/resource/Generation_of_'80>,Generation of '80,0.30649648551474273,0,1,1,0,0,0,0,0,0,0,0,0,[],false,false,false
<http://dbpedia.org/resource/Gloria_Álvarez>,Gloria Álvarez,0.30649648551474273,0,1,1,0,0,0,0,0,0,0,0,0,[],false,false,false
<http://dbpedia.org/resource/Joaquín_V._González>,Joaquín V. González,0.30649648551474273,0,1,1,0,0,0,0,0,0,0,0,0,[],false,false,false
<http://dbpedia.org/resource/José_Ignacio_García_Hamilton>,José Ignacio García Hamilton,0.30649648551474273,0,1,1,0,0,0,0,0,0,0,0,0,[],false,false,false
<http://dbpedia.org/resource/José_Luis_Espert>,José Luis Espert,0.30649648551474273,0,1,1,0,0,0,0,0,0,0,0,0,[],false,false,false
<http://dbpedia.org/resource/Juan_B._Justo>,Juan B. Justo,0.30649648551474273,0,1,1,0,0,0,0,0,0,0,0,0,[],false,false,false
<http://dbpedia.org/resource/Mariano_Grondona>,Mariano Grondona,0.30649648551474273,0,1,1,0,0,0,0,0,0,0,0,0,[],false,false,false
<http://dbpedia.org/resource/Ramón_Rosa>,Ramón Rosa,0.30649648551474273,0,1,1,1,0,0,0,0,0,0,0,0,[],false,false,false
<http://dbpedia.org/resource/Ricardo_López_Murphy>,Ricardo López Murphy,0.30649648551474273,0,1,1,2,0,0,0,0,0,0,0,0,[],false,false,false
<http://dbpedia.org/resource/Victoria_Ocampo>,Victoria Ocampo,0.30649648551474273,0,1,1,1,0,0,0,0,0,0,0,0,[],false,false,false
<http://dbpedia.org/resource/1837_generation>,1837 generation,0.30649648551474273,1,1,2,0,0,0,0,0,0,0,0,0,[],false,false,false
<http://dbpedia.org/resource/Álvaro_Alsogaray>,Álvaro Alsogaray,0.30649648551474273,0,1,1,2,0,0,0,0,0,0,0,0,[],false,false,false
<http://dbpedia.org/resource/Javier_Milei>,Javier Milei,0.30649648551474273,0,1,1,2,0,0,0,0,0,0,0,0,[],false,false,false
<http://dbpedia.org/resource/James_George_Frazer>,James George Frazer,0.30641586765707757,8,4,12,0,2,0,0,0,0,0,0,0,[],false,false,false
<http://dbpedia.org/resource/Stanisław_Brzozowski_(writer)>,Stanisław Brzozowski (writer),0.30641010822911596,4,6,10,0,0,0,0,0,0,0,0,0,[],false,false,false
<http://dbpedia.org/resource/Eben_Norton_Horsford>,Eben Norton Horsford,0.30633928571428576,0,3,3,0,3,0,0,0,0,0,0,0,[],false,false,false
<http://dbpedia.org/resource/Ba_Jin>,Ba Jin,0.3063201170641439,0,1,1,0,0,0,0,0,0,0,0,0,[],false,false,false
<http://dbpedia.org/resource/David_Parnas>,David Parnas,0.3063161760718967,1,1,2,0,2,0,0,0,0,0,0,0,[],false,false,false
<http://dbpedia.org/resource/Nancy_Frankenberry>,Nancy Frankenberry,0.3063155374700642,0,1,1,0,0,0,0,0,0,0,0,0,[],false,false,false
<http://dbpedia.org/resource/Paul_T._Baker>,Paul T. Baker,0.3062760416666667,0,1,1,3,0,0,0,0,0,0,0,0,[],false,false,false
<http://dbpedia.org/resource/Julius_Büdel>,Julius Büdel,0.3062266875194193,0,2,2,1,2,0,0,0,0,0,0,0,[],false,false,false
<http://dbpedia.org/resource/Harry_Julius_Emeléus>,Harry Julius Emeléus,0.3062174995775611,1,0,1,0,0,0,0,0,0,0,0,0,[],false,false,false
<http://dbpedia.org/resource/Protagoras>,Protagoras,0.306198217501394,5,4,9,0,0,0,0,0,0,0,0,0,[],false,false,false
<http://dbpedia.org/resource/Laurens_de_Haan>,Laurens de Haan,0.3061419642857143,0,0,0,1,1,0,0,0,0,0,0,0,[],false,false,false
<http://dbpedia.org/resource/Aleksei_Losev>,Aleksei Losev,0.30609102934973526,1,2,3,0,0,0,0,0,0,0,0,0,[],false,false,false
<http://dbpedia.org/resource/Tweak_(programming_environment)>,Tweak (programming environment),0.30583184394777874,0,1,1,0,0,0,0,0,0,0,0,0,[],false,false,false
<http://dbpedia.org/resource/Tsutomu_Katsuki>,Tsutomu Katsuki,0.3057738275343154,0,0,0,1,2,0,0,0,0,0,0,0,[],false,false,false
<http://dbpedia.org/resource/Jean-Baptiste_Lamarck__Jean-Baptiste_Lamarck__1>,Jean-Baptiste Lamarck  Jean-Baptiste Lamarck  1,0.30577297070312504,4,2,6,0,3,0,0,0,0,0,0,0,[],false,false,false
<http://dbpedia.org/resource/Richard_Moran_(philosopher)>,Richard Moran (philosopher),0.30572128900317036,0,4,4,0,0,0,0,0,0,0,0,0,[],false,false,false
<http://dbpedia.org/resource/Sidney_Blatt>,Sidney Blatt,0.30570466504700883,0,2,2,2,0,0,0,0,0,0,0,0,[],false,false,false
<http://dbpedia.org/resource/Obaid_Siddiqi>,Obaid Siddiqi,0.305697759843341,1,1,2,3,0,0,0,0,0,0,0,0,[],false,false,false
<http://dbpedia.org/resource/Dimitris_Liantinis>,Dimitris Liantinis,0.30563632158947623,0,4,4,0,0,0,0,0,0,0,0,0,[],false,false,false
<http://dbpedia.org/resource/Damo_(philosopher)>,Damo (philosopher),0.30561373102678574,1,2,3,0,0,0,0,0,0,0,0,0,[],false,false,false
<http://dbpedia.org/resource/Germund_Dahlquist>,Germund Dahlquist,0.3055705993717964,0,0,0,1,1,0,0,0,0,0,0,0,[],false,false,false
<http://dbpedia.org/resource/Makoto_Yano>,Makoto Yano,0.3055661644258853,0,3,3,2,0,0,0,0,0,0,0,0,"[General Equilibrium Theory, International trade theory, Market Quality Economics]",false,false,false
<http://dbpedia.org/resource/William_Clinger_(computer_scientist)>,William Clinger (computer scientist),0.30556463224725317,0,2,2,0,2,0,0,0,0,0,0,0,[],false,false,false
<http://dbpedia.org/resource/Yongjie_Jessica_Zhang>,Yongjie Jessica Zhang,0.30552680274590216,0,0,0,2,3,0,0,0,0,0,0,0,[],false,false,false
<http://dbpedia.org/resource/Adam_Sedgwick>,Adam Sedgwick,0.3054971251100797,0,0,0,1,3,0,0,0,0,0,0,0,[],false,false,false
<http://dbpedia.org/resource/SBGN>,SBGN,0.3054620907738096,0,1,1,0,0,0,0,0,0,0,0,0,[],false,false,false
<http://dbpedia.org/resource/G._William_Domhoff>,G. William Domhoff,0.3053257980598355,0,2,2,0,3,0,0,0,0,0,0,0,[],false,false,false
<http://dbpedia.org/resource/Enrico_Betti>,Enrico Betti,0.30531625,0,0,0,1,2,0,0,0,0,0,0,0,[],false,false,false
<http://dbpedia.org/resource/Zygmunt_Bauman>,Zygmunt Bauman,0.3052240760208016,2,5,7,0,0,0,0,0,0,0,0,0,[],false,false,false
<http://dbpedia.org/resource/Raymond_Fancher>,Raymond Fancher,0.30521357699138646,0,2,2,0,0,0,0,0,0,0,0,0,[],false,false,false
<http://dbpedia.org/resource/James_McEvoy_(philosopher)>,James McEvoy (philosopher),0.30520677508942323,0,4,4,0,0,0,0,0,0,0,0,0,[],false,false,false
<http://dbpedia.org/resource/Rothbard>,Rothbard,0.305143365480319,3,5,8,0,0,0,0,0,0,0,0,0,[],false,false,false
<http://dbpedia.org/resource/Geoffrey_Wilkinson>,Geoffrey Wilkinson,0.3051116116682121,1,0,1,1,1,0,0,0,0,0,0,0,[],false,false,false
<http://dbpedia.org/resource/Karl_Ameriks>,Karl Ameriks,0.3049767245678788,0,2,2,0,0,0,0,0,0,0,0,0,[],false,false,false
<http://dbpedia.org/resource/Todd_Martínez>,Todd Martínez,0.30496033110488674,0,0,0,2,1,0,0,0,0,0,0,0,[],false,false,false
<http://dbpedia.org/resource/Irwin_Fridovich>,Irwin Fridovich,0.30486938193609553,0,0,0,2,2,0,0,0,0,0,0,0,[],false,false,false
<http://dbpedia.org/resource/Neoplatonist>,Neoplatonist,0.3047642960663883,0,1,1,0,0,0,0,0,0,0,0,0,[],false,false,false
<http://dbpedia.org/resource/Cryogenics>,Cryogenics,0.3047219454958786,0,2,2,0,0,0,0,0,0,0,0,0,[],false,false,false
<http://dbpedia.org/resource/Yvonne_Agazarian>,Yvonne Agazarian,0.304612561525365,0,2,2,1,1,0,0,0,0,0,0,0,[],false,false,false
<http://dbpedia.org/resource/Hermann_Senator>,Hermann Senator,0.3045963052507734,0,2,2,0,0,0,0,0,0,0,0,0,[],false,false,false
<http://dbpedia.org/resource/John_Ray>,John Ray,0.30459375,4,1,5,2,0,0,0,0,0,0,0,0,[],false,false,false
<http://dbpedia.org/resource/Padmavathy_Bandopadhyay>,Padmavathy Bandopadhyay,0.30459375,0,1,1,0,0,0,0,0,0,0,0,0,[],false,false,false
<http://dbpedia.org/resource/John_Stewart_Bell>,John Stewart Bell,0.3044928144744223,0,1,1,2,9,0,0,0,0,0,0,0,[],false,false,false
<http://dbpedia.org/resource/Vojtěch_Jarník>,Vojtěch Jarník,0.3044415741851523,1,0,1,0,4,0,0,0,0,0,0,0,[],false,false,false
<http://dbpedia.org/resource/Adrian_Bird>,Adrian Bird,0.30437613894066046,1,4,5,2,0,0,0,0,0,0,0,0,[],false,false,false
<http://dbpedia.org/resource/Carlos_Santiago_Nino>,Carlos Santiago Nino,0.3042991286245616,0,1,1,0,0,0,0,0,0,0,0,0,[],false,false,false
<http://dbpedia.org/resource/CLU_(programming_language)>,CLU (programming language),0.3040222430091693,8,2,10,0,0,0,0,0,0,0,0,0,[],false,false,false
<http://dbpedia.org/resource/Elizabeth_Niespolo>,Elizabeth Niespolo,0.30400050818452384,0,1,1,0,3,0,0,0,0,0,0,0,[],false,false,false
<http://dbpedia.org/resource/Rose_Scott-Moncrieff>,Rose Scott-Moncrieff,0.30399166666666666,0,1,1,0,0,0,0,0,0,0,0,0,[],false,false,false
<http://dbpedia.org/resource/Barbara_Migeon>,Barbara Migeon,0.30397537500000005,0,2,2,2,0,0,0,0,0,0,0,0,[],false,false,false
<http://dbpedia.org/resource/Jakob_Meisenheimer>,Jakob Meisenheimer,0.3039641287969268,0,0,0,1,2,0,0,0,0,0,0,0,[],false,false,false
<http://dbpedia.org/resource/School_of_Alexandria>,School of Alexandria,0.3039337733804365,0,1,1,0,0,0,0,0,0,0,0,0,[],false,false,false
<http://dbpedia.org/resource/Arif_Zaman>,Arif Zaman,0.3038939069630293,0,0,0,3,2,0,0,0,0,0,0,0,[],false,false,false
<http://dbpedia.org/resource/Alfred_Tauber__Alfred_Tauber__1>,Alfred Tauber  Alfred Tauber  1,0.30387664655839247,0,0,0,1,1,0,0,0,0,0,0,0,[],false,false,false
<http://dbpedia.org/resource/Robert_S._Barton>,Robert S. Barton,0.30384328518266573,7,2,9,1,2,0,0,0,0,0,0,0,[],false,false,false
<http://dbpedia.org/resource/James_Franklin_(philosopher)>,James Franklin (philosopher),0.30379668150084543,0,1,1,0,0,0,0,0,0,0,0,0,[],false,false,false
<http://dbpedia.org/resource/George_Kelly_(psychologist)>,George Kelly (psychologist),0.30374181478217094,1,2,3,2,2,0,0,0,0,0,0,0,[],false,false,false
<http://dbpedia.org/resource/Brian_Coppola>,Brian Coppola,0.3037083333333334,0,0,0,2,2,0,0,0,0,0,0,0,[],false,false,false
<http://dbpedia.org/resource/XOTcl>,XOTcl,0.3035651282711336,0,2,2,0,0,0,0,0,0,0,0,0,[],false,false,false
<http://dbpedia.org/resource/Oscar_Wilde>,Oscar Wilde,0.30355377211388995,3,3,6,2,0,2,0,0,0,0,0,0,[],false,false,false
<http://dbpedia.org/resource/Paul_Bert>,Paul Bert,0.3034553571428572,0,2,2,1,1,0,0,0,0,0,0,0,[],false,false,false
<http://dbpedia.org/resource/Aristo_of_Alexandria>,Aristo of Alexandria,0.3033364867778095,1,1,2,0,0,0,0,0,0,0,0,0,[],false,false,false
<http://dbpedia.org/resource/Flavio_Biondo>,Flavio Biondo,0.3033364867778095,0,1,1,0,0,0,0,0,0,0,0,0,[],false,false,false
<http://dbpedia.org/resource/Konstantinos_Negris>,Konstantinos Negris,0.30325757575757584,0,3,3,1,0,0,0,0,0,0,0,0,[],false,false,false
<http://dbpedia.org/resource/Michael_Gazzaniga>,Michael Gazzaniga,0.3032390625,0,0,0,2,3,0,0,0,0,0,0,0,[],false,false,false
<http://dbpedia.org/resource/Louise_Natrajan>,Louise Natrajan,0.30321481548034723,0,0,0,2,2,0,0,0,0,0,0,0,[],false,false,false
<http://dbpedia.org/resource/Alfred_Kleiner>,Alfred Kleiner,0.30320392056908846,0,0,0,1,1,0,0,0,0,0,0,0,[],false,false,false
<http://dbpedia.org/resource/Mourad_Ismail>,Mourad Ismail,0.3031460464838419,0,0,0,2,4,0,0,0,0,0,0,0,[],false,false,false
<http://dbpedia.org/resource/Bellarmine_College_Preparatory>,Bellarmine College Preparatory,0.3031087003862566,0,0,0,0,0,0,1,0,0,3,0,0,[],false,false,false
<http://dbpedia.org/resource/Jacob_Volhard>,Jacob Volhard,0.30310542690610615,0,0,0,0,3,0,0,0,0,0,0,0,[],false,false,false
<http://dbpedia.org/resource/Synesius_of_Cyrene>,Synesius of Cyrene,0.30302333402447135,0,1,1,0,0,0,0,0,0,0,0,0,[],false,false,false
<http://dbpedia.org/resource/Dayak_people>,Dayak people,0.30300000000000005,0,0,0,0,0,0,5,0,0,0,0,2,[],false,false,false
<http://dbpedia.org/resource/Adam_Kilgarriff>,Adam Kilgarriff,0.30300000000000005,0,0,0,2,2,0,0,0,0,0,0,0,[],false,false,false
<http://dbpedia.org/resource/Philip_R._Goode>,Philip R. Goode,0.30300000000000005,0,2,2,2,2,0,0,0,0,0,0,0,[],false,false,false
<http://dbpedia.org/resource/Psoriasis>,Psoriasis,0.30300000000000005,1,0,1,0,0,0,0,0,0,0,0,0,[],false,false,false
<http://dbpedia.org/resource/Christof_Koch>,Christof Koch,0.30300000000000005,0,0,0,2,1,0,0,0,0,0,0,0,[],false,false,false
<http://dbpedia.org/resource/Stella_Kramrisch>,Stella Kramrisch,0.30300000000000005,0,1,1,0,0,0,0,0,0,0,0,0,[],false,false,false
<http://dbpedia.org/resource/Svante_Arrhenius__Svante_Arrhenius__1>,Svante Arrhenius  Svante Arrhenius  1,0.30300000000000005,0,0,0,2,3,0,0,0,0,0,0,0,[],false,false,false
"<http://dbpedia.org/resource/St._Joseph's_School,_Darjeeling>","St. Joseph's School, Darjeeling",0.30300000000000005,0,0,0,0,0,0,1,0,0,2,0,0,[],false,false,false
<http://dbpedia.org/resource/Christopher_A._Pissarides>,Christopher A. Pissarides,0.30300000000000005,1,2,3,2,0,0,0,0,0,0,0,0,[Labour economics],false,false,false
<http://dbpedia.org/resource/Wang_Zhongshu>,Wang Zhongshu,0.30300000000000005,0,2,2,2,0,0,0,0,0,0,0,0,[],false,false,false
<http://dbpedia.org/resource/Dan_Tawfik>,Dan Tawfik,0.30300000000000005,0,0,0,0,5,0,0,0,0,0,0,0,[],false,false,false
<http://dbpedia.org/resource/Susan_M._Kauzlarich>,Susan M. Kauzlarich,0.30300000000000005,0,0,0,2,5,0,0,0,0,0,0,0,[],false,false,false
<http://dbpedia.org/resource/National_Liberation_Front_(Algeria)>,National Liberation Front (Algeria),0.30300000000000005,0,0,0,0,0,0,0,5,0,0,0,0,[],false,false,false
<http://dbpedia.org/resource/Ojibwe>,Ojibwe,0.30300000000000005,0,0,0,0,0,0,3,0,0,0,1,0,[],true,false,false
<http://dbpedia.org/resource/Jan_Hatzius>,Jan Hatzius,0.30300000000000005,0,2,2,4,0,0,0,0,0,0,0,0,"[Macroeconomics, Economic forecasting]",false,false,false
<http://dbpedia.org/resource/Frederick_the_Great>,Frederick the Great,0.30296693000776304,0,1,1,0,0,0,0,0,0,0,0,0,[],false,false,false
<http://dbpedia.org/resource/Renzo_Novatore>,Renzo Novatore,0.302958597253734,3,8,11,0,0,0,0,0,0,0,0,0,[],false,false,false
<http://dbpedia.org/resource/Robert_Bruce_Lindsay>,Robert Bruce Lindsay,0.30294335018310864,0,0,0,3,1,0,0,0,0,0,0,0,[],false,false,false
<http://dbpedia.org/resource/Carl_Gustav_Jung>,Carl Gustav Jung,0.30285295716463034,3,2,5,0,0,0,0,0,0,0,0,0,[],false,false,false
<http://dbpedia.org/resource/Robert_Plomin>,Robert Plomin,0.30280190465100737,2,1,3,2,1,0,0,0,0,0,0,0,[],false,false,false
<http://dbpedia.org/resource/Paul_McCulley>,Paul McCulley,0.30260903319983934,0,3,3,2,0,0,0,0,0,0,0,0,[Financial economics],false,false,false
<http://dbpedia.org/resource/Eleanor_Leacock>,Eleanor Leacock,0.30260140199635716,0,3,3,1,0,0,0,0,0,0,0,0,[],false,false,false
<http://dbpedia.org/resource/Richard_Stone>,Richard Stone,0.3025886205817055,3,3,6,1,0,0,0,0,0,0,0,0,[Economics],false,false,false
<http://dbpedia.org/resource/Eugenio_Bianchi>,Eugenio Bianchi,0.30248766703476915,0,1,1,1,2,0,0,0,0,0,0,0,[],false,false,false
<http://dbpedia.org/resource/Adelbert_Jenkins>,Adelbert Jenkins,0.3024645809078783,0,2,2,2,0,0,0,0,0,0,0,0,[],false,false,false
<http://dbpedia.org/resource/Pedro_G._Ferreira>,Pedro G. Ferreira,0.3024393673753348,0,0,0,2,2,0,0,0,0,0,0,0,[],false,false,false
<http://dbpedia.org/resource/Suri_Sehgal>,Suri Sehgal,0.3023739216751397,0,1,1,1,2,0,0,0,0,0,0,0,[],false,false,false
<http://dbpedia.org/resource/Barbara_E._Ehrlich>,Barbara E. Ehrlich,0.3023625000000001,0,1,1,2,0,0,0,0,0,0,0,0,[],false,false,false
<http://dbpedia.org/resource/Mary_Gertrude_Haseman>,Mary Gertrude Haseman,0.3023625000000001,0,0,0,2,1,0,0,0,0,0,0,0,[],false,false,false
<http://dbpedia.org/resource/Yuval_Noah_Harari>,Yuval Noah Harari,0.3023625000000001,0,1,1,2,3,0,0,0,0,0,0,0,[],false,false,false
<http://dbpedia.org/resource/Philipp_Rosemann>,Philipp Rosemann,0.30226031020363714,0,4,4,0,0,0,0,0,0,0,0,0,[],false,false,false
<http://dbpedia.org/resource/TypeScript>,TypeScript,0.302075280664267,4,4,8,0,0,0,0,0,0,0,0,0,[],false,false,false
<http://dbpedia.org/resource/Abram_Ioffe>,Abram Ioffe,0.3020008105769681,1,0,1,0,0,0,0,0,0,0,0,0,[],false,false,false
<http://dbpedia.org/resource/Georg_Wüst>,Georg Wüst,0.30191766890421107,0,0,0,1,2,0,0,0,0,0,0,0,[],false,false,false
<http://dbpedia.org/resource/Harden_M._McConnell>,Harden M. McConnell,0.3018817142416372,0,1,1,0,0,0,0,0,0,0,0,0,[],false,false,false
<http://dbpedia.org/resource/Asim_Mujkić>,Asim Mujkić,0.30185818967754763,0,8,8,0,0,0,0,0,0,0,0,0,[],false,false,false
<http://dbpedia.org/resource/Q_(programming_language_from_Kx_Systems)>,Q (programming language from Kx Systems),0.301738793160604,1,2,3,0,0,0,0,0,0,0,0,0,[],false,false,false
<http://dbpedia.org/resource/Claude-François_Ménestrier>,Claude-François Ménestrier,0.3017246872012494,0,1,1,0,0,0,0,0,0,0,0,0,[],false,false,false
<http://dbpedia.org/resource/Dominique_Bouhours>,Dominique Bouhours,0.3017246872012494,0,1,1,0,0,0,0,0,0,0,0,0,[],false,false,false
<http://dbpedia.org/resource/Nicolas_Boileau>,Nicolas Boileau,0.3017246872012494,0,1,1,0,0,0,0,0,0,0,0,0,[],false,false,false
<http://dbpedia.org/resource/Oaklisp>,Oaklisp,0.30168958570968374,2,3,5,0,0,0,0,0,0,0,0,0,[],false,false,false
<http://dbpedia.org/resource/Augustus_Matthiessen>,Augustus Matthiessen,0.3015939814075433,0,3,3,1,3,0,0,0,0,0,0,0,[],false,false,false
<http://dbpedia.org/resource/Jill_Tarter>,Jill Tarter,0.3015908029900389,4,3,7,0,1,0,0,0,0,0,0,0,[],false,false,false
<http://dbpedia.org/resource/Gennadii_Rubinstein>,Gennadii Rubinstein,0.30152299219498363,3,0,3,2,3,0,0,0,0,0,0,0,[],false,false,false
<http://dbpedia.org/resource/STELLA_(programming_language)>,STELLA (programming language),0.30148521097831393,0,1,1,0,0,0,0,0,0,0,0,0,[],false,false,false
<http://dbpedia.org/resource/Johann_Kaspar_Bluntschli>,Johann Kaspar Bluntschli,0.30143231287519606,3,4,7,0,0,0,0,0,0,0,0,0,[],false,false,false
<http://dbpedia.org/resource/Walt_Whitman>,Walt Whitman,0.3013126870509475,1,3,4,0,0,0,0,0,0,0,0,0,[],false,false,false
<http://dbpedia.org/resource/Francisco_Varela>,Francisco Varela,0.30129648028721556,6,2,8,3,0,0,0,0,0,0,0,0,[],false,false,false
<http://dbpedia.org/resource/Richard_Meinertzhagen>,Richard Meinertzhagen,0.30115228344809924,1,0,1,0,0,0,0,0,0,0,0,0,[],false,false,false
<http://dbpedia.org/resource/Social_philosophy>,Social philosophy,0.30110620049657694,0,1,1,0,0,0,0,0,0,0,0,0,[],false,false,false
<http://dbpedia.org/resource/Ian_A._Young>,Ian A. Young,0.30087500000000006,0,0,0,2,1,0,0,0,0,0,0,0,[],false,false,false
<http://dbpedia.org/resource/Ken_Bausch>,Ken Bausch,0.30087500000000006,0,1,1,0,0,0,0,0,0,0,0,0,[],false,false,false
<http://dbpedia.org/resource/Tom_Flanagan_(political_scientist)>,Tom Flanagan (political scientist),0.30087500000000006,0,1,1,0,0,0,0,0,0,0,0,0,[],false,false,false
<http://dbpedia.org/resource/Frederick_N._Tebbe>,Frederick N. Tebbe,0.30087500000000006,1,1,2,2,2,0,0,0,0,0,0,0,[],false,false,false
<http://dbpedia.org/resource/Lazarus_Fuchs>,Lazarus Fuchs,0.30086068704891317,4,1,5,1,3,0,0,0,0,0,0,0,[],false,false,false
<http://dbpedia.org/resource/Ted_Ringwood>,Ted Ringwood,0.30082428504882813,0,1,1,1,0,0,0,0,0,0,0,0,[],false,false,false
<http://dbpedia.org/resource/S._R._Srinivasa_Varadhan>,S. R. Srinivasa Varadhan,0.30078591956971357,0,1,1,3,0,0,0,0,0,0,0,0,[],false,false,false
<http://dbpedia.org/resource/Harold_Bloom>,Harold Bloom,0.3006743232493216,0,4,4,0,0,0,0,0,0,0,0,0,[],false,false,false
<http://dbpedia.org/resource/Margret_Grebowicz>,Margret Grebowicz,0.30050716673724437,0,1,1,0,0,0,0,0,0,0,0,0,[],false,false,false
<http://dbpedia.org/resource/F._A._Harper>,F. A. Harper,0.30046800843351645,5,2,7,0,0,0,0,0,0,0,0,0,[],false,false,false
<http://dbpedia.org/resource/Katherine_Mansfield>,Katherine Mansfield,0.30045000000000005,0,1,1,1,0,0,0,0,0,0,0,0,[],false,false,false
<http://dbpedia.org/resource/Alcino_J._Silva>,Alcino J. Silva,0.30045000000000005,1,1,2,3,1,0,0,0,0,0,0,0,[],false,false,false
<http://dbpedia.org/resource/Richard_Adolf_Zsigmondy>,Richard Adolf Zsigmondy,0.3004469764230846,1,1,2,2,0,0,0,0,0,0,0,0,[],false,false,false
<http://dbpedia.org/resource/Afif_al-Din_Sulayman_al_Tilimsani>,Afif al-Din Sulayman al Tilimsani,0.3003626498940515,0,1,1,0,0,0,0,0,0,0,0,0,[],false,false,false
<http://dbpedia.org/resource/Al-Kashani_al-Fargani>,Al-Kashani al-Fargani,0.3003626498940515,0,1,1,0,0,0,0,0,0,0,0,0,[],false,false,false
<http://dbpedia.org/resource/Badr_al-Din_Hasan_Ibn_Hud>,Badr al-Din Hasan Ibn Hud,0.3003626498940515,0,1,1,0,0,0,0,0,0,0,0,0,[],false,false,false
<http://dbpedia.org/resource/Nathan_Rosen>,Nathan Rosen,0.3002508602710963,0,0,0,1,6,0,0,0,0,0,0,0,[],false,false,false
<http://dbpedia.org/resource/Harley_Flanders>,Harley Flanders,0.3002415501788065,0,0,0,1,1,0,0,0,0,0,0,0,[],false,false,false
<http://dbpedia.org/resource/Oliver_Smithies>,Oliver Smithies,0.30023750000000005,0,2,2,1,2,0,0,0,0,0,0,0,[],false,false,false
<http://dbpedia.org/resource/J._C._C._McKinsey>,J. C. C. McKinsey,0.3001694223305198,0,0,0,2,1,0,0,0,0,0,0,0,[],false,false,false
<http://dbpedia.org/resource/Steven_Marcus>,Steven Marcus,0.3000414523018334,2,3,5,0,0,0,0,0,0,0,0,0,[],false,false,false
<http://dbpedia.org/resource/Sara_E._Skrabalak>,Sara E. Skrabalak,0.3000277073317308,0,0,0,0,2,0,0,0,0,0,0,0,[],false,false,false
<http://dbpedia.org/resource/Scott_Zona>,Scott Zona,0.29999843750000005,0,0,0,1,4,0,0,0,0,0,0,0,[],false,false,false
<http://dbpedia.org/resource/Robert_Aumann>,Robert Aumann,0.2999910666764867,2,0,2,3,0,0,0,0,0,0,0,0,[],false,false,false
<http://dbpedia.org/resource/QUEL_query_languages>,QUEL query languages,0.29998394196428574,0,1,1,0,0,0,0,0,0,0,0,0,[],false,false,false
<http://dbpedia.org/resource/Peter_Fulde>,Peter Fulde,0.29983204541609354,0,0,0,2,1,0,0,0,0,0,0,0,[],false,false,false
<http://dbpedia.org/resource/Charles_F._Brush>,Charles F. Brush,0.2998125000000001,0,3,3,2,1,0,0,0,0,0,0,0,[],false,false,false
<http://dbpedia.org/resource/Evgeny_Sklyanin>,Evgeny Sklyanin,0.29978156786715615,0,0,0,2,2,0,0,0,0,0,0,0,[],false,false,false
<http://dbpedia.org/resource/Aydın_Sayılı>,Aydın Sayılı,0.2997711057014406,0,1,1,1,0,0,0,0,0,0,0,0,[],false,false,false
<http://dbpedia.org/resource/John_Milton>,John Milton,0.2997682987317186,3,2,5,1,0,0,0,0,0,0,0,0,[],false,false,false
<http://dbpedia.org/resource/Eugen_Baumann>,Eugen Baumann,0.29974909860115023,0,1,1,1,1,0,0,0,0,0,0,0,[],false,false,false
<http://dbpedia.org/resource/Charlotte_Moore_Sitterly>,Charlotte Moore Sitterly,0.29969444444444454,2,2,4,0,0,0,0,0,0,0,0,0,[],false,false,false
<http://dbpedia.org/resource/PL/C>,PL/C,0.29966881570743575,0,2,2,0,0,0,0,0,0,0,0,0,[],false,false,false
<http://dbpedia.org/resource/Control_Language>,Control Language,0.29966881570743575,2,2,4,0,0,0,0,0,0,0,0,0,[],false,false,false
<http://dbpedia.org/resource/Anaxagoras>,Anaxagoras,0.2995413865148362,6,2,8,0,0,0,0,0,0,0,0,0,[],false,false,false
<http://dbpedia.org/resource/Bella_Subbotovskaya>,Bella Subbotovskaya,0.2995298697652454,0,0,0,2,1,0,0,0,0,0,0,0,[],false,false,false
<http://dbpedia.org/resource/Carl_H._Hermann>,Carl H. Hermann,0.2993632553318299,0,0,0,0,2,0,0,0,0,0,0,0,[],false,false,false
<http://dbpedia.org/resource/Fischer_Black>,Fischer Black,0.29934845108512176,0,1,1,1,7,0,0,0,0,0,0,0,[],false,false,false
<http://dbpedia.org/resource/Ben_Woodard>,Ben Woodard,0.2992847897421865,0,1,1,0,0,0,0,0,0,0,0,0,[],false,false,false
<http://dbpedia.org/resource/Jeremy_Dunham>,Jeremy Dunham,0.2992847897421865,0,1,1,0,0,0,0,0,0,0,0,0,[],false,false,false
<http://dbpedia.org/resource/Edinburgh_IMP>,Edinburgh IMP,0.2992060188654503,0,2,2,0,0,0,0,0,0,0,0,0,[],false,false,false
<http://dbpedia.org/resource/Aleksandr_Arbuzov>,Aleksandr Arbuzov,0.2992005329342864,0,0,0,1,1,0,0,0,0,0,0,0,[],false,false,false
<http://dbpedia.org/resource/Kwame_Anthony_Appiah>,Kwame Anthony Appiah,0.29914567407983567,0,5,5,0,0,0,0,0,0,0,0,0,[],false,false,false
<http://dbpedia.org/resource/Seed7>,Seed7,0.2990547675947933,0,7,7,0,0,0,0,0,0,0,0,0,[],false,false,false
<http://dbpedia.org/resource/Thomas_DiLorenzo>,Thomas DiLorenzo,0.2990431715573461,0,2,2,0,0,0,0,0,0,0,0,0,"[Economic history, Abraham Lincoln, American history]",false,false,false
<http://dbpedia.org/resource/Eugene_Fama>,Eugene Fama,0.29902908793533334,1,0,1,2,0,0,0,0,0,0,0,0,"[Financial economics, Macroeconomics, Organizational economics]",false,false,false
<http://dbpedia.org/resource/Sophie_Oluwole>,Sophie Oluwole,0.2989397458624111,0,3,3,0,0,0,0,0,0,0,0,0,[],false,false,false
<http://dbpedia.org/resource/Krishnendu_Chatterjee>,Krishnendu Chatterjee,0.2988062167906039,0,0,0,2,2,0,0,0,0,0,0,0,[],false,false,false
<http://dbpedia.org/resource/Jodi_Dean>,Jodi Dean,0.29878290563210125,0,5,5,0,0,0,0,0,0,0,0,0,[],false,false,false
<http://dbpedia.org/resource/Brian_Glenney>,Brian Glenney,0.2987552131380689,0,3,3,0,0,0,0,0,0,0,0,0,[],false,false,false
<http://dbpedia.org/resource/Uyghurs>,Uyghurs,0.29875000000000007,0,0,0,0,0,0,2,0,0,0,0,0,[],false,false,false
<http://dbpedia.org/resource/Herbert_Callen>,Herbert Callen,0.29875000000000007,0,0,0,2,2,0,0,0,0,0,0,0,[],false,false,false
<http://dbpedia.org/resource/Jonathan_Weissman>,Jonathan Weissman,0.29875000000000007,0,0,0,3,2,0,0,0,0,0,0,0,[],false,false,false
<http://dbpedia.org/resource/Blackrock_College>,Blackrock College,0.29875000000000007,0,0,0,0,0,0,1,0,0,3,0,0,[],false,false,false
<http://dbpedia.org/resource/History_of_the_Jews_in_Afghanistan>,History of the Jews in Afghanistan,0.29875000000000007,0,0,0,0,0,0,1,0,0,0,1,0,[],true,false,false
<http://dbpedia.org/resource/Jesuit_High_School_(New_Orleans)>,Jesuit High School (New Orleans),0.29875000000000007,0,0,0,0,0,0,1,0,0,3,0,0,[],false,false,false
<http://dbpedia.org/resource/Oswald_Schmiedeberg>,Oswald Schmiedeberg,0.29875000000000007,0,2,2,1,0,0,0,0,0,0,0,0,[],false,false,false
<http://dbpedia.org/resource/Stamatios_D._Krinos>,Stamatios D. Krinos,0.29875000000000007,3,2,5,2,0,0,0,0,0,0,0,0,[],false,false,false
<http://dbpedia.org/resource/Yakov_Zeldovich>,Yakov Zeldovich,0.29875000000000007,1,1,2,1,21,0,0,0,0,0,0,0,[],false,false,false
<http://dbpedia.org/resource/Richard_J._Rose>,Richard J. Rose,0.29875000000000007,0,1,1,1,1,0,0,0,0,0,0,0,[],false,false,false
<http://dbpedia.org/resource/Gary_Kobinger>,Gary Kobinger,0.29875000000000007,0,0,0,3,1,0,0,0,0,0,0,0,[],false,false,false
<http://dbpedia.org/resource/Ian_Goldberg>,Ian Goldberg,0.29875000000000007,0,0,0,0,1,0,0,0,0,0,0,0,[],false,false,false
<http://dbpedia.org/resource/Diane_Damiano>,Diane Damiano,0.29875000000000007,0,1,1,3,0,0,0,0,0,0,0,0,[],false,false,false
<http://dbpedia.org/resource/Gary_Greenberg_(psychologist)>,Gary Greenberg (psychologist),0.29875000000000007,0,2,2,0,0,0,0,0,0,0,0,0,[],false,false,false
<http://dbpedia.org/resource/Boris_Ephrussi>,Boris Ephrussi,0.29875000000000007,0,1,1,0,0,0,0,0,0,0,0,0,[],false,false,false
<http://dbpedia.org/resource/Jeffrey_Bluestone>,Jeffrey Bluestone,0.29875000000000007,0,0,0,2,2,0,0,0,0,0,0,0,[],false,false,false
<http://dbpedia.org/resource/Colonial_Brazil>,Colonial Brazil,0.29875000000000007,0,0,0,0,0,0,4,0,0,0,0,0,[],false,false,false
<http://dbpedia.org/resource/James_Hardy_(surgeon)>,James Hardy (surgeon),0.29875000000000007,1,3,4,0,0,0,0,0,0,0,0,0,[],false,false,false
<http://dbpedia.org/resource/Hermeticism>,Hermeticism,0.29875000000000007,1,0,1,0,0,0,0,0,0,0,1,0,[],true,false,false
<http://dbpedia.org/resource/USSR>,USSR,0.29875000000000007,1,0,1,0,0,0,0,0,0,1,0,0,[],false,false,false
<http://dbpedia.org/resource/Shuming_Nie>,Shuming Nie,0.29874381966140856,0,0,0,2,2,0,0,0,0,0,0,0,[],false,false,false
<http://dbpedia.org/resource/Andrew_Orr-Ewing>,Andrew Orr-Ewing,0.29874381966140856,0,1,1,1,0,0,0,0,0,0,0,0,[],false,false,false
<http://dbpedia.org/resource/Phyllis_Kaberry>,Phyllis Kaberry,0.2986715172846054,1,2,3,0,0,0,0,0,0,0,0,0,[],false,false,false
<http://dbpedia.org/resource/Bennett_McCallum>,Bennett McCallum,0.2986584319333715,2,2,4,2,0,0,0,0,0,0,0,0,"[Monetary economics, Econometrics]",false,false,false
<http://dbpedia.org/resource/Robert_S._Welch>,Robert S. Welch,0.2986208788650076,0,1,1,2,0,0,0,0,0,0,0,0,[],false,false,false
<http://dbpedia.org/resource/Franz_Bopp>,Franz Bopp,0.29853909860642774,4,3,7,0,0,0,0,0,0,0,0,0,[],false,false,false
<http://dbpedia.org/resource/Immanuel_Wallerstein>,Immanuel Wallerstein,0.2985068563864106,3,6,9,0,0,0,0,0,0,0,0,0,[],false,false,false
<http://dbpedia.org/resource/Neil_Kelleher_(scientist)>,Neil Kelleher (scientist),0.2983960140306123,0,0,0,4,3,0,0,0,0,0,0,0,[],false,false,false
<http://dbpedia.org/resource/Roger_A._Sheldon>,Roger A. Sheldon,0.29837723958333334,0,1,1,1,2,0,0,0,0,0,0,0,[],false,false,false
<http://dbpedia.org/resource/John_Steiner_(psychoanalyst)>,John Steiner (psychoanalyst),0.29811753355988146,0,1,1,0,0,0,0,0,0,0,0,0,[],false,false,false
<http://dbpedia.org/resource/Donald_Meltzer>,Donald Meltzer,0.29811753355988146,1,1,2,0,0,0,0,0,0,0,0,0,[],false,false,false
<http://dbpedia.org/resource/Kevan_Shokat>,Kevan Shokat,0.2980904971449766,0,0,0,2,1,0,0,0,0,0,0,0,[],false,false,false
<http://dbpedia.org/resource/Markus_Kemmelmeier>,Markus Kemmelmeier,0.2979821895427496,0,0,0,2,2,0,0,0,0,0,0,0,[],false,false,false
<http://dbpedia.org/resource/James_Hillman>,James Hillman,0.29797344612502286,2,3,5,0,0,0,0,0,0,0,0,0,[],false,false,false
<http://dbpedia.org/resource/Gilbert_White>,Gilbert White,0.29794532226562503,1,2,3,1,1,0,0,0,0,0,0,0,[],false,false,false
<http://dbpedia.org/resource/George_Reisman>,George Reisman,0.2979423118802603,0,7,7,0,0,0,0,0,0,0,0,0,[Economics],false,false,false
<http://dbpedia.org/resource/Franz_Lisp>,Franz Lisp,0.29779582386117887,1,3,4,0,0,0,0,0,0,0,0,0,[],false,false,false
<http://dbpedia.org/resource/James_M._Buchanan>,James M. Buchanan,0.29756748885480183,6,6,12,2,0,0,0,0,0,0,0,0,"[Austrian economics, Public choice theory, Constitutional economics]",false,false,false
<http://dbpedia.org/resource/Paul_Kalas>,Paul Kalas,0.297549375,0,0,0,2,3,0,0,0,0,0,0,0,[],false,false,false
<http://dbpedia.org/resource/Jon_Sudbø>,Jon Sudbø,0.297549375,0,0,0,0,1,0,0,0,0,0,0,0,[],false,false,false
<http://dbpedia.org/resource/Platon_Kostiuk>,Platon Kostiuk,0.2975148285772931,0,1,1,2,0,0,0,0,0,0,0,0,[],false,false,false
<http://dbpedia.org/resource/Rodolfo_Llinás>,Rodolfo Llinás,0.2975148285772931,0,1,1,2,5,0,0,0,0,0,0,0,[],false,false,false
<http://dbpedia.org/resource/Jason_Jorjani>,Jason Jorjani,0.2975135421542631,0,1,1,0,0,0,0,0,0,0,0,0,[],false,false,false
<http://dbpedia.org/resource/Kode9>,Kode9,0.2975135421542631,0,1,1,0,0,0,0,0,0,0,0,0,[],false,false,false
<http://dbpedia.org/resource/Negarestani>,Negarestani,0.2975135421542631,0,1,1,0,0,0,0,0,0,0,0,0,[],false,false,false
<http://dbpedia.org/resource/Political_realism>,Political realism,0.29740878917108055,0,2,2,0,0,0,0,0,0,0,0,0,[],false,false,false
<http://dbpedia.org/resource/Benno_Kerry>,Benno Kerry,0.2974085475267829,5,3,8,0,0,0,0,0,0,0,0,0,[],false,false,false
<http://dbpedia.org/resource/Luis_Santaló>,Luis Santaló,0.29739489545260384,0,0,0,1,1,0,0,0,0,0,0,0,[],false,false,false
<http://dbpedia.org/resource/Edwin_Joseph_Cohn>,Edwin Joseph Cohn,0.2973287370131281,3,4,7,0,1,0,0,0,0,0,0,0,[],false,false,false
<http://dbpedia.org/resource/Michael_Christopher_Wendl>,Michael Christopher Wendl,0.2973145396938131,0,0,0,0,3,0,0,0,0,0,0,0,[],false,false,false
<http://dbpedia.org/resource/Willem_'s_Gravesande>,Willem 's Gravesande,0.29730234973672665,1,1,2,1,1,0,0,0,0,0,0,0,[],false,false,false
<http://dbpedia.org/resource/Norman_Johnson_(mathematician)>,Norman Johnson (mathematician),0.29720522727272736,0,0,0,1,1,0,0,0,0,0,0,0,[],false,false,false
<http://dbpedia.org/resource/John_M._Darley>,John M. Darley,0.2971590321103151,0,0,0,2,1,0,0,0,0,0,0,0,[],false,false,false
<http://dbpedia.org/resource/Paul_Englund>,Paul Englund,0.29715625000000007,0,0,0,0,1,0,0,0,0,0,0,0,[],false,false,false
<http://dbpedia.org/resource/Jacobus_Verhoeff>,Jacobus Verhoeff,0.29715625000000007,0,0,0,1,2,0,0,0,0,0,0,0,[],false,false,false
<http://dbpedia.org/resource/Martin_Löb>,Martin Löb,0.29714477795812216,0,0,0,1,1,0,0,0,0,0,0,0,[],false,false,false
<http://dbpedia.org/resource/Friedrich_Schlegel>,Friedrich Schlegel,0.2971220940985673,4,5,9,0,0,0,0,0,0,0,0,0,[],false,false,false
<http://dbpedia.org/resource/Arend_Heyting>,Arend Heyting,0.297103199128247,1,0,1,1,6,0,0,0,0,0,0,0,[],false,false,false
<http://dbpedia.org/resource/Lucien_Szpiro>,Lucien Szpiro,0.2969510505801032,0,1,1,1,1,0,0,0,0,0,0,0,[],false,false,false
<http://dbpedia.org/resource/Public_administration>,Public administration,0.29692857142857143,0,1,1,0,0,0,0,0,0,3,0,0,[],false,false,false
<http://dbpedia.org/resource/Otto_Folin>,Otto Folin,0.29687291666666665,0,1,1,2,0,0,0,0,0,0,0,0,[],false,false,false
<http://dbpedia.org/resource/Alexander_Carpenter>,Alexander Carpenter,0.2968567039599901,0,1,1,0,0,0,0,0,0,0,0,0,[],false,false,false
<http://dbpedia.org/resource/Richard_Rufus_of_Cornwall>,Richard Rufus of Cornwall,0.2968567039599901,0,1,1,0,0,0,0,0,0,0,0,0,[],false,false,false
<http://dbpedia.org/resource/Clinton_Davisson>,Clinton Davisson,0.29681810515873025,2,0,2,2,1,0,0,0,0,0,0,0,[],false,false,false
<http://dbpedia.org/resource/Hee_Oh>,Hee Oh,0.2967876288000542,0,0,0,2,1,0,0,0,0,0,0,0,[],false,false,false
<http://dbpedia.org/resource/Heinz_Maier-Leibnitz>,Heinz Maier-Leibnitz,0.2967664956898934,0,0,0,0,2,0,0,0,0,0,0,0,[],false,false,false
<http://dbpedia.org/resource/Pierre_Fatou>,Pierre Fatou,0.2967313025796238,0,0,0,1,3,0,0,0,0,0,0,0,[],false,false,false
<http://dbpedia.org/resource/Marc_Yor>,Marc Yor,0.2966981755428059,0,2,2,1,3,0,0,0,0,0,0,0,[],false,false,false
<http://dbpedia.org/resource/Moritz_Schlick>,Moritz Schlick,0.2966921444985466,10,7,17,0,0,0,0,0,0,0,0,0,[],false,false,false
<http://dbpedia.org/resource/Hardy_Hanappi>,Hardy Hanappi,0.2966365093973615,0,4,4,0,0,0,0,0,0,0,0,0,"[Game Theory, Political Economy, Simulation]",false,false,false
<http://dbpedia.org/resource/Kevin_Karplus>,Kevin Karplus,0.2966250000000001,0,0,0,1,3,0,0,0,0,0,0,0,[],false,false,false
<http://dbpedia.org/resource/Sarah-Jayne_Blakemore>,Sarah-Jayne Blakemore,0.2965672811063857,0,1,1,2,0,0,0,0,0,0,0,0,[],false,false,false
<http://dbpedia.org/resource/H._G._Wells>,H. G. Wells,0.296554311664826,3,1,4,1,0,13,0,0,0,0,0,0,[],false,false,false
<http://dbpedia.org/resource/Sergey_Reformatsky>,Sergey Reformatsky,0.29651943742682463,0,0,0,1,1,0,0,0,0,0,0,0,[],false,false,false
<http://dbpedia.org/resource/Malek_Shojaee>,Malek Shojaee,0.29644539296742173,0,3,3,0,0,0,0,0,0,0,0,0,[],false,false,false
<http://dbpedia.org/resource/Islamic_economics_in_the_world>,Islamic economics in the world,0.29638328125,0,1,1,0,0,0,0,0,0,0,0,0,[],false,false,false
<http://dbpedia.org/resource/Necip_Fazıl_Kısakürek>,Necip Fazıl Kısakürek,0.2963675368039907,6,3,9,0,0,0,0,0,0,0,0,0,[],false,false,false
<http://dbpedia.org/resource/Bharat_Ratra>,Bharat Ratra,0.2963064814784007,0,0,0,2,2,0,0,0,0,0,0,0,[],false,false,false
<http://dbpedia.org/resource/Susan_B._Davidson>,Susan B. Davidson,0.2961873340009755,0,0,0,2,2,0,0,0,0,0,0,0,[],false,false,false
<http://dbpedia.org/resource/Jyotirao_Phule>,Jyotirao Phule,0.29617746629813607,1,1,2,0,0,0,0,0,0,0,0,1,[],false,false,false
<http://dbpedia.org/resource/William_Henry_Chamberlin_(philosopher)>,William Henry Chamberlin (philosopher),0.29612822712561665,1,2,3,0,0,0,0,0,0,0,0,0,[],false,false,false
<http://dbpedia.org/resource/Wander_Johannes_de_Haas>,Wander Johannes de Haas,0.2961270299985867,0,0,0,1,3,0,0,0,0,0,0,0,[],false,false,false
<http://dbpedia.org/resource/Robert_L._Forward>,Robert L. Forward,0.2961075999836584,0,0,0,2,1,0,0,0,0,0,0,0,[],false,false,false
<http://dbpedia.org/resource/Allama_Muhammad_Idrees_Dahiri>,Allama Muhammad Idrees Dahiri,0.29599888392857143,0,1,1,0,0,0,0,0,0,0,0,0,[],false,false,false
<http://dbpedia.org/resource/Syed_Ismaeel_Shah>,Syed Ismaeel Shah,0.29599888392857143,0,1,1,0,0,0,0,0,0,0,0,0,[],false,false,false
<http://dbpedia.org/resource/Alexis_de_Tocqueville>,Alexis de Tocqueville,0.29597633857145855,8,3,11,1,0,0,0,0,0,0,0,0,[],false,false,false
<http://dbpedia.org/resource/Bonnie_Mann>,Bonnie Mann,0.2959624822414992,0,1,1,0,0,0,0,0,0,0,0,0,[],false,false,false
<http://dbpedia.org/resource/Mehdi_Ashraphijuo>,Mehdi Ashraphijuo,0.2959457214344355,0,0,0,0,1,0,0,0,0,0,0,0,[],false,false,false
<http://dbpedia.org/resource/David_Edgar_(playwright)>,David Edgar (playwright),0.29585149499311775,0,1,1,0,0,0,0,0,0,0,0,0,[],false,false,false
<http://dbpedia.org/resource/E._Lowell_Kelly>,E. Lowell Kelly,0.2957460245377152,0,0,0,3,1,0,0,0,0,0,0,0,[],false,false,false
<http://dbpedia.org/resource/Jürg_Fröhlich>,Jürg Fröhlich,0.29572535098248537,0,1,1,1,0,0,0,0,0,0,0,0,[],false,false,false
<http://dbpedia.org/resource/Yasutomi_Nishizuka>,Yasutomi Nishizuka,0.29571428571428576,0,0,0,1,1,0,0,0,0,0,0,0,[],false,false,false
<http://dbpedia.org/resource/Charles_Kellaway__Charles_Halliley_Kellaway__1>,Charles Kellaway  Charles Halliley Kellaway  1,0.29571428571428576,2,2,4,2,0,0,0,0,0,0,0,0,[],false,false,false
<http://dbpedia.org/resource/Antoine_Lavoisier>,Antoine Lavoisier,0.29571428571428576,3,2,5,2,12,0,0,0,0,0,0,0,[],false,false,false
<http://dbpedia.org/resource/Germans_of_Romania>,Germans of Romania,0.29571428571428576,0,0,0,0,0,0,2,0,0,0,0,2,[],false,false,false
<http://dbpedia.org/resource/Michiel_Hazewinkel>,Michiel Hazewinkel,0.29571428571428576,0,0,0,1,1,0,0,0,0,0,0,0,[],false,false,false
<http://dbpedia.org/resource/Lia_Addadi>,Lia Addadi,0.29571428571428576,1,1,2,2,0,0,0,0,0,0,0,0,[],false,false,false
<http://dbpedia.org/resource/Simon_I._Hay>,Simon I. Hay,0.29571428571428576,0,2,2,2,0,0,0,0,0,0,0,0,[],false,false,false
<http://dbpedia.org/resource/Polybius>,Polybius,0.29571428571428576,16,2,18,0,0,0,0,0,0,0,0,0,[],false,false,false
<http://dbpedia.org/resource/Mahadev_Satyanarayanan>,Mahadev Satyanarayanan,0.29571428571428576,0,0,0,2,4,0,0,0,0,0,0,0,[],false,false,false
<http://dbpedia.org/resource/Ram_Samudrala>,Ram Samudrala,0.29571428571428576,0,0,0,3,2,0,0,0,0,0,0,0,[],false,false,false
<http://dbpedia.org/resource/Victoria_Kaspi>,Victoria Kaspi,0.29571428571428576,0,0,0,2,1,0,0,0,0,0,0,0,[],false,false,false
<http://dbpedia.org/resource/Brian_Fay>,Brian Fay,0.29571428571428576,0,2,2,0,0,0,0,0,0,0,0,0,[],false,false,false
<http://dbpedia.org/resource/Jasbir_Puar>,Jasbir Puar,0.2957127841351521,0,4,4,0,0,0,0,0,0,0,0,0,[],false,false,false
<http://dbpedia.org/resource/George_M._Stratton>,George M. Stratton,0.29569553542586635,2,2,4,1,2,0,0,0,0,0,0,0,[],false,false,false
<http://dbpedia.org/resource/R.J._Rushdoony>,R.J. Rushdoony,0.29568799585332567,1,1,2,0,0,0,0,0,0,0,0,0,[],false,false,false
<http://dbpedia.org/resource/Gilbert_Blane>,Gilbert Blane,0.29566875000000004,0,2,2,2,1,0,0,0,0,0,0,0,[],false,false,false
<http://dbpedia.org/resource/J._A._Todd>,J. A. Todd,0.2956597486161991,0,1,1,1,6,0,0,0,0,0,0,0,[],false,false,false
<http://dbpedia.org/resource/Speakeasy_(computational_environment)>,Speakeasy (computational environment),0.29564423076923085,1,1,2,0,0,0,0,0,0,0,0,0,[],false,false,false
<http://dbpedia.org/resource/Redux_(JavaScript_library)>,Redux (JavaScript library),0.2956368979389955,0,1,1,0,0,0,0,0,0,0,0,0,[],false,false,false
<http://dbpedia.org/resource/Vue.js>,Vue.js,0.2956368979389955,0,1,1,0,0,0,0,0,0,0,0,0,[],false,false,false
<http://dbpedia.org/resource/CMS_Pipelines>,CMS Pipelines,0.2956330132211539,0,1,1,0,0,0,0,0,0,0,0,0,[],false,false,false
<http://dbpedia.org/resource/Miguel_Serrano>,Miguel Serrano,0.2956064937736612,0,2,2,1,0,0,0,0,0,0,0,0,[],false,false,false
<http://dbpedia.org/resource/Eric_Mazur>,Eric Mazur,0.295595567215152,0,1,1,1,2,0,0,0,0,0,0,0,[],false,false,false
<http://dbpedia.org/resource/Lars_Ahlfors>,Lars Ahlfors,0.29559366086583583,0,0,0,1,8,0,0,0,0,0,0,0,[],false,false,false
<http://dbpedia.org/resource/Vikram_Adve>,Vikram Adve,0.2955625,1,0,1,1,1,0,0,0,0,0,0,0,[],false,false,false
<http://dbpedia.org/resource/Frank_Moulaert>,Frank Moulaert,0.2955625,0,0,0,1,1,0,0,0,0,0,0,0,[],false,false,false
<http://dbpedia.org/resource/Jeffrey_C._Hall>,Jeffrey C. Hall,0.29545654302613666,0,0,0,0,1,0,0,0,0,0,0,0,[],false,false,false
<http://dbpedia.org/resource/Gordon_Tullock>,Gordon Tullock,0.2953951894970815,2,3,5,1,0,0,0,0,0,0,0,0,"[Law and economics, Public choice theory]",false,false,false
<http://dbpedia.org/resource/Hermann_Haken>,Hermann Haken,0.295320081622167,0,0,0,1,2,0,0,0,0,0,0,0,[],false,false,false
<http://dbpedia.org/resource/Charles_Gabriel_Seligman>,Charles Gabriel Seligman,0.29531394016401324,3,1,4,1,0,0,0,0,0,0,0,0,[],false,false,false
<http://dbpedia.org/resource/Otto_Mencke>,Otto Mencke,0.2952911887366706,0,0,0,0,1,0,0,0,0,0,0,0,[],false,false,false
<http://dbpedia.org/resource/Marcello_Siniscalco>,Marcello Siniscalco,0.29524375,0,0,0,1,1,0,0,0,0,0,0,0,[],false,false,false
<http://dbpedia.org/resource/John_Myhill>,John Myhill,0.29520305120470003,0,0,0,1,6,0,0,0,0,0,0,0,[],false,false,false
<http://dbpedia.org/resource/Roozbeh_Ghaffari>,Roozbeh Ghaffari,0.29517654564972257,0,0,0,2,5,0,0,0,0,0,0,0,[],false,false,false
<http://dbpedia.org/resource/Mariana_Wolfner>,Mariana Wolfner,0.295130859375,0,1,1,2,0,0,0,0,0,0,0,0,[],false,false,false
<http://dbpedia.org/resource/John_MacVicar>,John MacVicar,0.29503125,0,1,1,0,1,0,0,0,0,0,0,0,[],false,false,false
<http://dbpedia.org/resource/Ingeborg_Beling>,Ingeborg Beling,0.29503125,0,1,1,0,0,0,0,0,0,0,0,0,[],false,false,false
<http://dbpedia.org/resource/Comenius>,Comenius,0.2949847663383617,0,1,1,0,0,0,0,0,0,0,0,0,[],false,false,false
<http://dbpedia.org/resource/Kazimierz_Łyszczyński>,Kazimierz Łyszczyński,0.2949847663383617,1,1,2,0,0,0,0,0,0,0,0,0,[],false,false,false
<http://dbpedia.org/resource/Cecil_Rhodes>,Cecil Rhodes,0.29497745769452544,0,1,1,1,0,0,0,0,0,0,0,0,[],false,false,false
<http://dbpedia.org/resource/Julie_Favre>,Julie Favre,0.2948609255233872,0,5,5,0,0,0,0,0,0,0,0,0,[],false,false,false
<http://dbpedia.org/resource/Neil_Postman>,Neil Postman,0.2948213762277656,0,3,3,0,0,0,0,0,0,0,0,0,[],false,false,false
<http://dbpedia.org/resource/Elaine_Chew>,Elaine Chew,0.29482071018731054,0,1,1,2,0,0,0,0,0,0,0,0,[],false,false,false
<http://dbpedia.org/resource/Kate_Raworth>,Kate Raworth,0.2947693421383928,0,2,2,2,0,0,0,0,0,0,0,0,[],false,false,false
<http://dbpedia.org/resource/Vannevar_Bush>,Vannevar Bush,0.2946677631578947,2,1,3,0,0,0,0,0,0,0,0,0,[],false,false,false
"<http://dbpedia.org/resource/John_William_Strutt,_3rd_Baron_Rayleigh>","John William Strutt, 3rd Baron Rayleigh",0.2946646996910195,0,0,0,2,55,0,0,0,0,0,0,0,[],false,false,false
<http://dbpedia.org/resource/Ramesh_Sitaraman>,Ramesh Sitaraman,0.2946156068590272,0,0,0,2,1,0,0,0,0,0,0,0,[],false,false,false
<http://dbpedia.org/resource/Walter_Noll>,Walter Noll,0.29458749499783354,0,0,0,1,1,0,0,0,0,0,0,0,[],false,false,false
<http://dbpedia.org/resource/Achilles_Papapetrou>,Achilles Papapetrou,0.29454533245015363,0,0,0,2,3,0,0,0,0,0,0,0,[],false,false,false
<http://dbpedia.org/resource/Malcolm_Dixon>,Malcolm Dixon,0.29450000000000004,0,0,0,1,1,0,0,0,0,0,0,0,[],false,false,false
<http://dbpedia.org/resource/Albert_Szent-Györgyi>,Albert Szent-Györgyi,0.29450000000000004,2,1,3,0,2,0,0,0,0,0,0,0,[],false,false,false
<http://dbpedia.org/resource/Genie_(programming_language)__Genie__1>,Genie (programming language)  Genie  1,0.2944460781779574,0,4,4,0,0,0,0,0,0,0,0,0,[],false,false,false
<http://dbpedia.org/resource/Genie_(programming_language)>,Genie (programming language),0.2944460781779574,0,4,4,0,0,0,0,0,0,0,0,0,[],false,false,false
<http://dbpedia.org/resource/Kurt_Gödel>,Kurt Gödel,0.29435764721792784,6,7,13,1,23,0,0,0,0,0,0,0,[],false,false,false
<http://dbpedia.org/resource/Joe-E>,Joe-E,0.29426677622186437,1,2,3,0,0,0,0,0,0,0,0,0,[],false,false,false
<http://dbpedia.org/resource/Interactive_fiction>,Interactive fiction,0.29423888961514144,0,1,1,0,0,0,0,0,0,0,0,0,[],false,false,false
<http://dbpedia.org/resource/Tim_Poston>,Tim Poston,0.2942148827892204,0,0,0,2,2,0,0,0,0,0,0,0,[],false,false,false
<http://dbpedia.org/resource/Neil_Ashcroft>,Neil Ashcroft,0.2941633022462868,0,0,0,2,1,0,0,0,0,0,0,0,[],false,false,false
<http://dbpedia.org/resource/Hippolytus_of_Rome>,Hippolytus of Rome,0.2941276268843526,1,1,2,0,0,0,0,0,0,0,0,0,[],false,false,false
<http://dbpedia.org/resource/Justin_Martyr>,Justin Martyr,0.2941276268843526,2,1,3,0,0,0,0,0,0,0,0,0,[],false,false,false
<http://dbpedia.org/resource/G.W.F._Hegel>,G.W.F. Hegel,0.2941276268843526,4,1,5,0,0,0,0,0,0,0,0,0,[],false,false,false
<http://dbpedia.org/resource/Henry_Ludwell_Moore>,Henry Ludwell Moore,0.2941017270917694,0,4,4,2,0,0,0,0,0,0,0,0,[Econometrics],false,false,false
<http://dbpedia.org/resource/Rudi_Schmid>,Rudi Schmid,0.29409186995991105,0,0,0,4,2,0,0,0,0,0,0,0,[],false,false,false
<http://dbpedia.org/resource/Pierre_Adet>,Pierre Adet,0.29406758897643864,0,1,1,0,0,0,0,0,0,0,0,0,[],false,false,false
<http://dbpedia.org/resource/Andrzej_Piotr_Ruszczyński>,Andrzej Piotr Ruszczyński,0.29404839840124763,1,3,4,1,2,0,0,0,0,0,0,0,[],false,false,false
<http://dbpedia.org/resource/Werner_Israel>,Werner Israel,0.29404371753401776,0,1,1,1,1,0,0,0,0,0,0,0,[],false,false,false
<http://dbpedia.org/resource/Anthony_Weston>,Anthony Weston,0.29403696955304276,0,3,3,0,0,0,0,0,0,0,0,0,[],false,false,false
<http://dbpedia.org/resource/Ibn_al-Baytar>,Ibn al-Baytar,0.29387608219802547,3,2,5,0,1,0,0,0,0,0,0,0,[],false,false,false
<http://dbpedia.org/resource/Justine_Cassell>,Justine Cassell,0.2938625,0,0,0,4,3,0,0,0,0,0,0,0,[],false,false,false
<http://dbpedia.org/resource/Peter_Lax>,Peter Lax,0.29382748417747295,0,0,0,2,11,0,0,0,0,0,0,0,[],false,false,false
<http://dbpedia.org/resource/Catherine_the_Great>,Catherine the Great,0.2937645084507307,0,1,1,0,0,0,0,0,0,0,0,0,[],false,false,false
<http://dbpedia.org/resource/Syed_Sadatullah_Husaini>,Syed Sadatullah Husaini,0.29373320071593956,0,3,3,0,0,0,0,0,0,0,0,0,[],false,false,false
<http://dbpedia.org/resource/Nikola_Pašić>,Nikola Pašić,0.293732079654529,0,1,1,2,0,0,0,0,0,0,0,0,[],false,false,false
<http://dbpedia.org/resource/P*>,P*,0.29371653495501854,0,4,4,0,0,0,0,0,0,0,0,0,[],false,false,false
<http://dbpedia.org/resource/Boris_Podolsky>,Boris Podolsky,0.29361394289637244,0,1,1,2,1,0,0,0,0,0,0,0,[],false,false,false
<http://dbpedia.org/resource/Robert_Kraichnan>,Robert Kraichnan,0.29361394289637244,0,1,1,1,1,0,0,0,0,0,0,0,[],false,false,false
<http://dbpedia.org/resource/Jacob_Biamonte>,Jacob Biamonte,0.2935857068079311,0,3,3,3,2,0,0,0,0,0,0,0,[],false,false,false
<http://dbpedia.org/resource/Anselme_Gaëtan_Desmarest>,Anselme Gaëtan Desmarest,0.2935839114714521,0,2,2,0,0,0,0,0,0,0,0,0,[],false,false,false
<http://dbpedia.org/resource/Maria_von_Linden>,Maria von Linden,0.2935202924887572,0,1,1,0,0,0,0,0,0,0,0,0,[],false,false,false
<http://dbpedia.org/resource/Frank_Shu>,Frank Shu,0.29348761922708616,0,0,0,0,2,0,0,0,0,0,0,0,[],false,false,false
<http://dbpedia.org/resource/Alan_P._Merriam>,Alan P. Merriam,0.2934789033420568,0,0,0,1,1,0,0,0,0,0,0,0,[],false,false,false
<http://dbpedia.org/resource/Alexander_R._Todd>,Alexander R. Todd,0.2934670798082085,1,0,1,3,0,0,0,0,0,0,0,0,[],false,false,false
<http://dbpedia.org/resource/Edward_Abraham>,Edward Abraham,0.2934670798082085,0,1,1,1,0,0,0,0,0,0,0,0,[],false,false,false
<http://dbpedia.org/resource/Diagnostic_and_Statistical_Manual_of_Mental_Disorders>,Diagnostic and Statistical Manual of Mental Disorders,0.2934464064292463,0,1,1,0,0,0,0,0,0,0,0,0,[],false,false,false
<http://dbpedia.org/resource/Jean-Pierre_Changeux>,Jean-Pierre Changeux,0.2934375,0,0,0,2,2,0,0,0,0,0,0,0,[],false,false,false
<http://dbpedia.org/resource/Basic4GL>,Basic4GL,0.2934375,0,2,2,0,0,0,0,0,0,0,0,0,[],false,false,false
<http://dbpedia.org/resource/Roberto_Ierusalimschy>,Roberto Ierusalimschy,0.2934375,0,1,1,0,1,0,0,0,0,0,0,0,[],false,false,false
<http://dbpedia.org/resource/Amir_Parviz_Pooyan>,Amir Parviz Pooyan,0.29343516964660954,0,1,1,0,0,0,0,0,0,0,0,0,[],false,false,false
<http://dbpedia.org/resource/Ashraf_Dehghani>,Ashraf Dehghani,0.29343516964660954,0,1,1,0,0,0,0,0,0,0,0,0,[],false,false,false
<http://dbpedia.org/resource/Hamid_Ashraf>,Hamid Ashraf,0.29343516964660954,0,1,1,0,0,0,0,0,0,0,0,0,[],false,false,false
<http://dbpedia.org/resource/Mostafa_Shoa'ian>,Mostafa Shoa'ian,0.29343516964660954,0,1,1,0,0,0,0,0,0,0,0,0,[],false,false,false
<http://dbpedia.org/resource/Gonzalo_Arango>,Gonzalo Arango,0.2933820464851106,0,1,1,0,0,0,0,0,0,0,0,0,[],false,false,false
<http://dbpedia.org/resource/Islamic_Republic_of_Pakistan>,Islamic Republic of Pakistan,0.2933414038409396,0,2,2,0,0,0,0,0,0,0,0,0,[],false,false,false
<http://dbpedia.org/resource/Arrian>,Arrian,0.29334097757122646,0,3,3,0,0,0,0,0,0,0,0,0,[],false,false,false
<http://dbpedia.org/resource/Timon_of_Phlius>,Timon of Phlius,0.29332917957854865,3,3,6,0,0,0,0,0,0,0,0,0,[],false,false,false
<http://dbpedia.org/resource/Miguel_Abensour>,Miguel Abensour,0.2933057164478902,0,2,2,0,0,0,0,0,0,0,0,0,[],false,false,false
<http://dbpedia.org/resource/William_Blackstone>,William Blackstone,0.29321340952384795,1,3,4,2,0,0,0,0,0,0,0,0,[],false,false,false
<http://dbpedia.org/resource/Roberto_Conti_(mathematician)>,Roberto Conti (mathematician),0.29316654196903214,0,0,0,1,1,0,0,0,0,0,0,0,[],false,false,false
<http://dbpedia.org/resource/Per_Enflo>,Per Enflo,0.2931547811806484,0,3,3,1,7,0,0,0,0,0,0,0,[],false,false,false
<http://dbpedia.org/resource/Zeno_of_Sidon>,Zeno of Sidon,0.2931416680225307,1,2,3,0,0,0,0,0,0,0,0,0,[],false,false,false
<http://dbpedia.org/resource/YAWL>,YAWL,0.29299921875,1,0,1,0,0,0,0,0,0,0,0,0,[],false,false,false
<http://dbpedia.org/resource/John_Antoniadis>,John Antoniadis,0.29298214285714286,0,0,0,2,1,0,0,0,0,0,0,0,[],false,false,false
<http://dbpedia.org/resource/Edwin_W._Kemmerer>,Edwin W. Kemmerer,0.29295347222222223,2,1,3,0,0,0,0,0,0,0,0,0,[],false,false,false
<http://dbpedia.org/resource/Friedrich_Bachmann>,Friedrich Bachmann,0.29292716868517577,0,3,3,0,1,0,0,0,0,0,0,0,[],false,false,false
<http://dbpedia.org/resource/Jakarta_Persistence_Query_Language>,Jakarta Persistence Query Language,0.29292557882648246,0,2,2,0,0,0,0,0,0,0,0,0,[],false,false,false
<http://dbpedia.org/resource/William_D._Sellers>,William D. Sellers,0.2927855234375,0,0,0,2,3,0,0,0,0,0,0,0,[],false,false,false
<http://dbpedia.org/resource/Katherine_Pollard>,Katherine Pollard,0.2926986537034512,0,2,2,2,0,0,0,0,0,0,0,0,[],false,false,false
<http://dbpedia.org/resource/Edoardo_Airoldi>,Edoardo Airoldi,0.2926099659943512,0,0,0,2,1,0,0,0,0,0,0,0,[],false,false,false
<http://dbpedia.org/resource/Władysław_Ślebodziński>,Władysław Ślebodziński,0.29260955492424245,0,0,0,1,1,0,0,0,0,0,0,0,[],false,false,false
<http://dbpedia.org/resource/Howard_S._Becker>,Howard S. Becker,0.29256213039292256,0,2,2,0,0,0,0,0,0,0,0,0,[],false,false,false
<http://dbpedia.org/resource/Daniel_O._Nathan>,Daniel O. Nathan,0.2925469924123366,0,1,1,0,0,0,0,0,0,0,0,0,[],false,false,false
<http://dbpedia.org/resource/Kurt_Grelling>,Kurt Grelling,0.29252631731951395,1,3,4,0,0,0,0,0,0,0,0,0,[],false,false,false
<http://dbpedia.org/resource/Victor_Albert_Bailey>,Victor Albert Bailey,0.29252519290123463,1,0,1,1,2,0,0,0,0,0,0,0,[],false,false,false
<http://dbpedia.org/resource/Varghese_Mathai>,Varghese Mathai,0.2924952268217457,0,0,0,2,3,0,0,0,0,0,0,0,[],false,false,false
<http://dbpedia.org/resource/JS++>,JS++,0.2924128347988536,0,7,7,0,0,0,0,0,0,0,0,0,[],false,false,false
<http://dbpedia.org/resource/Denis_Wirtz>,Denis Wirtz,0.29237500000000005,0,0,0,2,4,0,0,0,0,0,0,0,[],false,false,false
<http://dbpedia.org/resource/Peter_Ludlow>,Peter Ludlow,0.2923607905007351,1,2,3,0,0,0,0,0,0,0,0,0,[],false,false,false
<http://dbpedia.org/resource/Philipp_Mainländer>,Philipp Mainländer,0.2923209291685132,5,3,8,0,0,0,0,0,0,0,0,0,[],false,false,false
<http://dbpedia.org/resource/Marcel_Mauss>,Marcel Mauss,0.2923083804557702,7,2,9,0,1,0,0,0,0,0,0,0,[],false,false,false
<http://dbpedia.org/resource/Harvey_C._Mansfield>,Harvey C. Mansfield,0.2922538712158108,1,2,3,0,0,0,0,0,0,0,0,0,[],false,false,false
<http://dbpedia.org/resource/Paul_Wolfowitz>,Paul Wolfowitz,0.2922538712158108,0,2,2,0,0,0,0,0,0,0,0,0,[],false,false,false
<http://dbpedia.org/resource/Thomas_Pangle>,Thomas Pangle,0.2922538712158108,0,2,2,0,0,0,0,0,0,0,0,0,[],false,false,false
<http://dbpedia.org/resource/Theodor_Bilharz>,Theodor Bilharz,0.2922523556952039,0,1,1,1,2,0,0,0,0,0,0,0,[],false,false,false
<http://dbpedia.org/resource/Joseph-Nicolas_Delisle>,Joseph-Nicolas Delisle,0.2921539272068514,0,0,0,0,1,0,0,0,0,0,0,0,[],false,false,false
<http://dbpedia.org/resource/Sasha_Haco>,Sasha Haco,0.29213363676891413,0,1,1,1,1,0,0,0,0,0,0,0,[],false,false,false
<http://dbpedia.org/resource/Nico_Habermann>,Nico Habermann,0.2921286931818182,0,0,0,0,9,0,0,0,0,0,0,0,[],false,false,false
<http://dbpedia.org/resource/Shlomi_Dolev>,Shlomi Dolev,0.2921286931818182,0,1,1,0,0,0,0,0,0,0,0,0,[],false,false,false
<http://dbpedia.org/resource/Arabic>,Arabic,0.2920875529489202,0,1,1,0,0,0,0,0,0,0,0,0,[],false,false,false
<http://dbpedia.org/resource/Juan_Pascual-Leone>,Juan Pascual-Leone,0.292083670460456,0,0,0,0,1,0,0,0,0,0,0,0,[],false,false,false
<http://dbpedia.org/resource/Abdullah_Sadiq>,Abdullah Sadiq,0.29203644224624353,2,0,2,2,4,0,0,0,0,0,0,0,[],false,false,false
<http://dbpedia.org/resource/Chris_Hedges>,Chris Hedges,0.29187841529297165,0,2,2,2,0,0,0,0,0,0,0,0,[],false,false,false
<http://dbpedia.org/resource/Samuel_Francis_Boys>,Samuel Francis Boys,0.2917635935509693,0,0,0,2,2,0,0,0,0,0,0,0,[],false,false,false
<http://dbpedia.org/resource/Richard_Tieszen>,Richard Tieszen,0.29171464182709866,0,1,1,0,0,0,0,0,0,0,0,0,[],false,false,false
<http://dbpedia.org/resource/Arseny_Sokolov>,Arseny Sokolov,0.29166666666666674,0,0,0,1,2,0,0,0,0,0,0,0,[],false,false,false
<http://dbpedia.org/resource/James_Hall_(paleontologist)>,James Hall (paleontologist),0.29166666666666674,2,0,2,0,0,0,0,0,0,0,0,0,[],false,false,false
<http://dbpedia.org/resource/John_Wright_(doctor)>,John Wright (doctor),0.29166666666666674,0,2,2,1,2,0,0,0,0,0,0,0,[],false,false,false
<http://dbpedia.org/resource/Jan_Oort>,Jan Oort,0.29166666666666674,1,0,1,0,3,0,0,0,0,0,0,0,[],false,false,false
<http://dbpedia.org/resource/David_J._Malan>,David J. Malan,0.29166666666666674,0,1,1,1,1,0,0,0,0,0,0,0,[],false,false,false
<http://dbpedia.org/resource/Jim_Peebles>,Jim Peebles,0.29164411944642105,0,1,1,0,8,0,0,0,0,0,0,0,[],false,false,false
<http://dbpedia.org/resource/Paul_Rabinow>,Paul Rabinow,0.29143211027998595,0,2,2,1,0,0,0,0,0,0,0,0,[],false,false,false
<http://dbpedia.org/resource/ALGOL_N>,ALGOL N,0.2913906702836144,0,3,3,0,0,0,0,0,0,0,0,0,[],false,false,false
<http://dbpedia.org/resource/Robert_Truax>,Robert Truax,0.29136779278070535,0,1,1,3,1,0,0,0,0,0,0,0,[],false,false,false
<http://dbpedia.org/resource/Ronald_de_Wolf>,Ronald de Wolf,0.2912882136625982,0,0,0,2,3,0,0,0,0,0,0,0,[],false,false,false
<http://dbpedia.org/resource/John_Krakauer>,John Krakauer,0.2912843413191575,0,0,0,2,4,0,0,0,0,0,0,0,[],false,false,false
<http://dbpedia.org/resource/David_Chalmers>,David Chalmers,0.2912745462599533,5,5,10,0,0,0,0,0,0,0,0,0,[],false,false,false
<http://dbpedia.org/resource/Danielle_Reed>,Danielle Reed,0.2912411274512995,0,0,0,1,2,0,0,0,0,0,0,0,[],false,false,false
<http://dbpedia.org/resource/Mythryl>,Mythryl,0.2911897066787066,0,1,1,0,0,0,0,0,0,0,0,0,[],false,false,false
<http://dbpedia.org/resource/Otto_Heinrich_Warburg>,Otto Heinrich Warburg,0.29113393826204836,0,0,0,2,3,0,0,0,0,0,0,0,[],false,false,false
<http://dbpedia.org/resource/Louis_J._Mordell>,Louis J. Mordell,0.29106136363636365,0,0,0,1,5,0,0,0,0,0,0,0,[],false,false,false
<http://dbpedia.org/resource/Abdel_Rahman_Badawi>,Abdel Rahman Badawi,0.29102906016241353,0,1,1,0,0,0,0,0,0,0,0,0,[],false,false,false
<http://dbpedia.org/resource/Hafiz_al-Assad>,Hafiz al-Assad,0.29092856002591233,0,2,2,0,0,0,0,0,0,0,0,0,[],false,false,false
<http://dbpedia.org/resource/Salah_al-Din_al-Bitar>,Salah al-Din al-Bitar,0.29092856002591233,0,2,2,0,0,0,0,0,0,0,0,0,[],false,false,false
<http://dbpedia.org/resource/Albrecht_Dold>,Albrecht Dold,0.29086625,0,0,0,1,4,0,0,0,0,0,0,0,[],false,false,false
<http://dbpedia.org/resource/Henry_Drysdale_Dakin>,Henry Drysdale Dakin,0.29085208333333334,0,0,0,1,3,0,0,0,0,0,0,0,[],false,false,false
<http://dbpedia.org/resource/Anders_Chydenius>,Anders Chydenius,0.2908076769952871,2,2,4,0,0,0,0,0,0,0,0,0,[],false,false,false
<http://dbpedia.org/resource/Henk_Oosterling>,Henk Oosterling,0.29073468670810243,0,1,1,0,0,0,0,0,0,0,0,0,[],false,false,false
<http://dbpedia.org/resource/Marc_Jongen>,Marc Jongen,0.29073468670810243,0,1,1,0,0,0,0,0,0,0,0,0,[],false,false,false
<http://dbpedia.org/resource/Yana_Milev>,Yana Milev,0.29073468670810243,0,1,1,0,0,0,0,0,0,0,0,0,[],false,false,false
<http://dbpedia.org/resource/Leo_Kadanoff>,Leo Kadanoff,0.29072886907635154,0,0,0,1,5,0,0,0,0,0,0,0,[],false,false,false
<http://dbpedia.org/resource/Michael_Sandel>,Michael Sandel,0.29068852736437945,4,7,11,0,0,0,0,0,0,0,0,0,[],false,false,false
<http://dbpedia.org/resource/Constantin_Carathéodory>,Constantin Carathéodory,0.29067979427323765,2,1,3,2,14,0,0,0,0,0,0,0,[],false,false,false
<http://dbpedia.org/resource/Michael_Rea>,Michael Rea,0.2906759782316168,0,2,2,0,0,0,0,0,0,0,0,0,[],false,false,false
<http://dbpedia.org/resource/Roger_Horn>,Roger Horn,0.29057569722090376,0,2,2,2,2,0,0,0,0,0,0,0,[],false,false,false
<http://dbpedia.org/resource/Unified_Parallel_C>,Unified Parallel C,0.2905456873917377,0,2,2,0,0,0,0,0,0,0,0,0,[],false,false,false
<http://dbpedia.org/resource/Dan_Goldstick>,Dan Goldstick,0.2905265265091106,1,3,4,0,0,0,0,0,0,0,0,0,[],false,false,false
<http://dbpedia.org/resource/Jean-Paul_Marat>,Jean-Paul Marat,0.2904732010399314,0,1,1,1,0,0,0,0,0,0,0,0,[],false,false,false
<http://dbpedia.org/resource/Bernard_Bosanquet_(philosopher)>,Bernard Bosanquet (philosopher),0.2904718473136582,2,5,7,0,0,0,0,0,0,0,0,0,[],false,false,false
<http://dbpedia.org/resource/Ted_Kaehler>,Ted Kaehler,0.2904682333621853,0,2,2,0,3,0,0,0,0,0,0,0,[],false,false,false
<http://dbpedia.org/resource/Sir_Thomas_More>,Sir Thomas More,0.2904319562871938,0,1,1,0,0,0,0,0,0,0,0,0,[],false,false,false
<http://dbpedia.org/resource/Edmund_Phelps>,Edmund Phelps,0.29041682780979633,7,5,12,2,0,0,0,0,0,0,0,0,[Macroeconomics],false,false,false
<http://dbpedia.org/resource/H._R._Krishnamurthy>,H. R. Krishnamurthy,0.2904124756826975,0,0,0,1,6,0,0,0,0,0,0,0,[],false,false,false
<http://dbpedia.org/resource/George_Zames>,George Zames,0.2903922176092982,0,0,0,3,1,0,0,0,0,0,0,0,[],false,false,false
<http://dbpedia.org/resource/SQL>,SQL,0.2903639087911872,16,1,17,0,0,0,0,0,0,0,0,0,[],false,false,false
<http://dbpedia.org/resource/Leo_Beranek>,Leo Beranek,0.29033566855066945,0,1,1,2,1,0,0,0,0,0,0,0,[],false,false,false
<http://dbpedia.org/resource/Irwin_Berg>,Irwin Berg,0.2902719224937751,0,0,0,1,1,0,0,0,0,0,0,0,[],false,false,false
<http://dbpedia.org/resource/Gencho_Homma>,Gencho Homma,0.29025,0,1,1,0,0,0,0,0,0,0,0,0,[],false,false,false
<http://dbpedia.org/resource/Gendai_Kamada>,Gendai Kamada,0.29025,0,1,1,0,0,0,0,0,0,0,0,0,[],false,false,false
<http://dbpedia.org/resource/Shutei_Nakagawa>,Shutei Nakagawa,0.29025,0,1,1,0,0,0,0,0,0,0,0,0,[],false,false,false
<http://dbpedia.org/resource/Walter_Thiel_(chemist)>,Walter Thiel (chemist),0.29025,0,0,0,1,2,0,0,0,0,0,0,0,[],false,false,false
<http://dbpedia.org/resource/Maryknoll_Convent_School>,Maryknoll Convent School,0.29025,0,0,0,0,0,0,1,0,0,2,0,0,[],false,false,false
<http://dbpedia.org/resource/C._M._Gupta>,C. M. Gupta,0.29025,0,0,0,0,2,0,0,0,0,0,0,0,[],false,false,false
<http://dbpedia.org/resource/Antiochus_of_Ascalon>,Antiochus of Ascalon,0.2901263836724773,2,3,5,0,0,0,0,0,0,0,0,0,[],false,false,false
<http://dbpedia.org/resource/Norman_Borlaug>,Norman Borlaug,0.2900375,0,0,0,3,2,0,0,0,0,0,0,0,[],false,false,false
<http://dbpedia.org/resource/Helen_Hart_(plant_pathologist)>,Helen Hart (plant pathologist),0.2900375,0,0,0,1,1,0,0,0,0,0,0,0,[],false,false,false
<http://dbpedia.org/resource/Keith_Lewin>,Keith Lewin,0.2900269347321717,0,5,5,2,0,0,0,0,0,0,0,0,[],false,false,false
<http://dbpedia.org/resource/Paul_Tillich>,Paul Tillich,0.28994334615295,6,4,10,0,0,0,0,0,0,0,0,0,[],false,false,false
<http://dbpedia.org/resource/Julio_Gea-Banacloche>,Julio Gea-Banacloche,0.28990999956759045,0,0,0,2,1,0,0,0,0,0,0,0,[],false,false,false
<http://dbpedia.org/resource/Renaud_Barbaras>,Renaud Barbaras,0.28977362393910755,0,6,6,0,0,0,0,0,0,0,0,0,[],false,false,false
<http://dbpedia.org/resource/American_Revolution>,American Revolution,0.28974883014882935,0,1,1,0,0,0,0,0,0,0,0,0,[],false,false,false
<http://dbpedia.org/resource/Romanticism>,Romanticism,0.28974883014882935,1,1,2,0,0,0,0,0,0,0,0,0,[],false,false,false
<http://dbpedia.org/resource/Olexander_Smakula>,Olexander Smakula,0.2897171824013757,0,0,0,1,1,0,0,0,0,0,0,0,[],false,false,false
<http://dbpedia.org/resource/Asif_Hussain_Farooqui>,Asif Hussain Farooqui,0.2896980217633929,0,1,1,0,0,0,0,0,0,0,0,0,[],false,false,false
<http://dbpedia.org/resource/Hadhrat_Mawlana_Ali_Murtaza_Naqhbandi>,Hadhrat Mawlana Ali Murtaza Naqhbandi,0.2896980217633929,0,1,1,0,0,0,0,0,0,0,0,0,[],false,false,false
<http://dbpedia.org/resource/Khwaja_Abdul_Ghaffar_Naqshbandi>,Khwaja Abdul Ghaffar Naqshbandi,0.2896980217633929,0,1,1,0,0,0,0,0,0,0,0,0,[],false,false,false
<http://dbpedia.org/resource/Nqthm>,Nqthm,0.28966562500000004,1,0,1,0,0,0,0,0,0,0,0,0,[],false,false,false
<http://dbpedia.org/resource/Regiomontanus>,Regiomontanus,0.28966562500000004,0,0,0,0,2,0,0,0,0,0,0,0,[],false,false,false
<http://dbpedia.org/resource/Frans_de_Waal>,Frans de Waal,0.28961250000000005,0,2,2,0,0,0,0,0,0,0,0,0,[],false,false,false
<http://dbpedia.org/resource/Hans_Baruch>,Hans Baruch,0.28961250000000005,0,2,2,1,0,0,0,0,0,0,0,0,[],false,false,false
<http://dbpedia.org/resource/Leonidas_Alaoglu>,Leonidas Alaoglu,0.2895416666666667,0,1,1,0,1,0,0,0,0,0,0,0,[],false,false,false
<http://dbpedia.org/resource/Monica_Olvera_de_la_Cruz>,Monica Olvera de la Cruz,0.2895262446148651,0,0,0,0,2,0,0,0,0,0,0,0,[],false,false,false
<http://dbpedia.org/resource/Xi_Jinping>,Xi Jinping,0.2895167919411572,0,2,2,1,0,0,0,0,0,0,0,0,[],false,false,false
<http://dbpedia.org/resource/Rolf_Landauer>,Rolf Landauer,0.2894918201377504,0,0,0,2,2,0,0,0,0,0,0,0,[],false,false,false
<http://dbpedia.org/resource/C._F._Powell>,C. F. Powell,0.28947673611111113,0,0,0,1,2,0,0,0,0,0,0,0,[],false,false,false
<http://dbpedia.org/resource/Michael_Herman_(mathematician)>,Michael Herman (mathematician),0.2894287039426183,0,1,1,1,0,0,0,0,0,0,0,0,[],false,false,false
<http://dbpedia.org/resource/Hans_Georg_Feichtinger>,Hans Georg Feichtinger,0.2893604576356848,0,0,0,1,5,0,0,0,0,0,0,0,[],false,false,false
<http://dbpedia.org/resource/Georges_Clemenceau>,Georges Clemenceau,0.28925873346269704,0,1,1,1,0,0,0,0,0,0,0,0,[],false,false,false
<http://phix.x10.mx>,phix.x10.mx,0.28924789817716745,0,1,1,0,0,0,0,0,0,0,0,0,[],false,false,false
<http://dbpedia.org/resource/AMOS_(programming_language)>,AMOS (programming language),0.28924789817716745,0,1,1,0,0,0,0,0,0,0,0,0,[],false,false,false
<http://dbpedia.org/resource/PascalABC.NET>,PascalABC.NET,0.28919780815284796,0,4,4,0,0,0,0,0,0,0,0,0,[],false,false,false
<http://dbpedia.org/resource/Jeff_Cheeger>,Jeff Cheeger,0.2891551029687284,0,0,0,2,3,0,0,0,0,0,0,0,[],false,false,false
<http://dbpedia.org/resource/Antonio_Maria_Valsalva>,Antonio Maria Valsalva,0.2891284044993274,0,0,0,0,1,0,0,0,0,0,0,0,[],false,false,false
<http://dbpedia.org/resource/Viktor_Bunyakovsky>,Viktor Bunyakovsky,0.2890909090909091,0,0,0,1,7,0,0,0,0,0,0,0,[],false,false,false
<http://dbpedia.org/resource/Republic_of_China_(1912–1949)>,Republic of China (1912–1949),0.2890909090909091,0,0,0,0,0,0,1,0,0,0,0,0,[],false,false,false
<http://dbpedia.org/resource/Cheryl_Misak>,Cheryl Misak,0.2890717642660516,0,2,2,0,0,0,0,0,0,0,0,0,[],false,false,false
<http://dbpedia.org/resource/Abimael_Guzmán>,Abimael Guzmán,0.28902611903569136,0,1,1,0,0,0,0,0,0,0,0,1,[],false,false,false
<http://dbpedia.org/resource/Pak_Je-ga>,Pak Je-ga,0.289006250201215,0,1,1,0,0,0,0,0,0,0,0,0,[],false,false,false
<http://dbpedia.org/resource/Yi_Deok-mu>,Yi Deok-mu,0.289006250201215,0,1,1,0,0,0,0,0,0,0,0,0,[],false,false,false
<http://dbpedia.org/resource/Yu_Deuk-gong>,Yu Deuk-gong,0.289006250201215,0,1,1,0,0,0,0,0,0,0,0,0,[],false,false,false
<http://dbpedia.org/resource/Carmi_Schooler>,Carmi Schooler,0.28897470710970363,0,0,0,0,2,0,0,0,0,0,0,0,[],false,false,false
<http://dbpedia.org/resource/Rose_Laub_Coser>,Rose Laub Coser,0.28897470710970363,0,0,0,1,3,0,0,0,0,0,0,0,[],false,false,false
<http://dbpedia.org/resource/Josef_Dobrovský>,Josef Dobrovský,0.28892634636296477,0,1,1,0,0,0,0,0,0,0,0,0,[],false,false,false
<http://dbpedia.org/resource/Joseph_Bernstein>,Joseph Bernstein,0.2889045759174121,0,0,0,1,5,0,0,0,0,0,0,0,[],false,false,false
<http://dbpedia.org/resource/ECCO_Modelling>,ECCO Modelling,0.288886597995242,0,1,1,0,0,0,0,0,0,0,0,0,[],false,false,false
<http://dbpedia.org/resource/Public_Information_Systems>,Public Information Systems,0.288886597995242,0,1,1,0,0,0,0,0,0,0,0,0,[],false,false,false
<http://dbpedia.org/resource/Systems_Theory>,Systems Theory,0.288886597995242,1,1,2,0,0,0,0,0,0,0,0,0,[],false,false,false
<http://dbpedia.org/resource/Sergei_Nikolaevich_Chernikov>,Sergei Nikolaevich Chernikov,0.2887889337073367,0,0,0,0,2,0,0,0,0,0,0,0,[],false,false,false
<http://dbpedia.org/resource/Michael_D._Fried>,Michael D. Fried,0.28874008916266963,0,0,0,1,1,0,0,0,0,0,0,0,[],false,false,false
<http://dbpedia.org/resource/Rimhak_Ree>,Rimhak Ree,0.28874008916266963,0,0,0,1,1,0,0,0,0,0,0,0,[],false,false,false
<http://dbpedia.org/resource/Zonnon>,Zonnon,0.28873404007760417,0,4,4,0,0,0,0,0,0,0,0,0,[],false,false,false
<http://dbpedia.org/resource/Chris_Eliasmith>,Chris Eliasmith,0.2886999881471204,0,1,1,0,0,0,0,0,0,0,0,0,[],false,false,false
<http://dbpedia.org/resource/Louis_Hodes>,Louis Hodes,0.2886976534279348,0,2,2,0,3,0,0,0,0,0,0,0,[],false,false,false
<http://dbpedia.org/resource/Robert_J._LeRoy>,Robert J. LeRoy,0.28867843522858844,1,3,4,0,1,0,0,0,0,0,0,0,[],false,false,false
<http://dbpedia.org/resource/William_Irwin_Thompson>,William Irwin Thompson,0.28866080702634833,0,3,3,0,0,0,0,0,0,0,0,0,[],false,false,false
<http://dbpedia.org/resource/Wassily_Leontief>,Wassily Leontief,0.2886549351730125,6,1,7,2,1,0,0,0,0,0,0,0,[],false,false,false
<http://dbpedia.org/resource/Friedrich_Adolf_Trendelenburg>,Friedrich Adolf Trendelenburg,0.2886433756016351,10,5,15,0,0,0,0,0,0,0,0,0,[],false,false,false
<http://dbpedia.org/resource/Doron_Zeilberger>,Doron Zeilberger,0.2886379946450052,0,0,0,0,2,0,0,0,0,0,0,0,[],false,false,false
<http://dbpedia.org/resource/Nicholas_Georgescu-Roegen>,Nicholas Georgescu-Roegen,0.28861322779729215,8,5,13,3,5,0,0,0,0,0,0,0,[],false,false,false
<http://dbpedia.org/resource/Joshua_Knobe>,Joshua Knobe,0.2885867523606549,0,5,5,0,0,0,0,0,0,0,0,0,[],false,false,false
<http://dbpedia.org/resource/Irving_Langmuir>,Irving Langmuir,0.2884646850740993,1,0,1,2,2,0,0,0,0,0,0,0,[],false,false,false
<http://dbpedia.org/resource/Nicolas_Malebranche>,Nicolas Malebranche,0.2884479905346415,18,4,22,0,0,0,0,0,0,0,0,0,[],false,false,false
<http://dbpedia.org/resource/Caché_ObjectScript>,Caché ObjectScript,0.28835930625735123,0,1,1,0,0,0,0,0,0,0,0,0,[],false,false,false
<http://dbpedia.org/resource/GT.M>,GT.M,0.28835930625735123,0,1,1,0,0,0,0,0,0,0,0,0,[],false,false,false
<http://dbpedia.org/resource/Profile_Scripting_Language>,Profile Scripting Language,0.28835930625735123,0,1,1,0,0,0,0,0,0,0,0,0,[],false,false,false
<http://dbpedia.org/resource/Ludvig_Faddeev>,Ludvig Faddeev,0.2883497018102549,0,0,0,1,4,0,0,0,0,0,0,0,[],false,false,false
<http://dbpedia.org/resource/Shoshana_Kamin>,Shoshana Kamin,0.2883497018102549,0,0,0,1,4,0,0,0,0,0,0,0,[],false,false,false
<http://dbpedia.org/resource/John_M._Scholes>,John M. Scholes,0.2882775411540765,0,3,3,0,2,0,0,0,0,0,0,0,[],false,false,false
<http://dbpedia.org/resource/Friedrich_Hartogs>,Friedrich Hartogs,0.28827698511484945,1,0,1,0,5,0,0,0,0,0,0,0,[],false,false,false
<http://dbpedia.org/resource/Pussy_Riot>,Pussy Riot,0.2882530862027044,0,1,1,0,0,0,0,0,0,0,0,0,[],false,false,false
<http://dbpedia.org/resource/Antonie_van_Leeuwenhoek>,Antonie van Leeuwenhoek,0.28824075953067857,5,2,7,0,3,0,0,0,0,0,0,0,[],false,false,false
<http://dbpedia.org/resource/George_A._Elliott>,George A. Elliott,0.28822235480610114,0,0,0,2,1,0,0,0,0,0,0,0,[],false,false,false
<http://dbpedia.org/resource/Thomas_Muffet>,Thomas Muffet,0.288205239156939,0,2,2,1,1,0,0,0,0,0,0,0,[],false,false,false
<http://dbpedia.org/resource/Cheng_Yi_(philosopher)>,Cheng Yi (philosopher),0.2881758624837239,1,3,4,0,0,0,0,0,0,0,0,0,[],false,false,false
<http://dbpedia.org/resource/Fabian_Freyenhagen>,Fabian Freyenhagen,0.28815403523421856,0,3,3,0,0,0,0,0,0,0,0,0,[],false,false,false
<http://dbpedia.org/resource/Gary_Seitz>,Gary Seitz,0.2881371064937902,0,0,0,2,1,0,0,0,0,0,0,0,[],false,false,false
<http://dbpedia.org/resource/St._Xavier's_Collegiate_School>,St. Xavier's Collegiate School,0.2881250000000001,0,0,0,0,0,0,1,0,0,3,0,0,[],false,false,false
<http://dbpedia.org/resource/Homer>,Homer,0.2881250000000001,10,0,10,0,0,0,0,0,0,0,0,0,[],false,false,false
<http://dbpedia.org/resource/Free_will>,Free will,0.2881250000000001,0,2,2,0,0,0,0,0,0,0,0,0,[],false,false,false
<http://dbpedia.org/resource/Robert_Langlands>,Robert Langlands,0.28798721808575617,1,0,1,2,1,0,0,0,0,0,0,0,[],false,false,false
<http://dbpedia.org/resource/Alexandre_Chorin>,Alexandre Chorin,0.28790639006461877,0,0,0,3,1,0,0,0,0,0,0,0,[],false,false,false
<http://dbpedia.org/resource/Shirley_Ann_Jackson>,Shirley Ann Jackson,0.28779836779625845,0,1,1,0,0,0,0,0,0,0,0,0,[],false,false,false
<http://dbpedia.org/resource/Friedrich_Wöhler>,Friedrich Wöhler,0.28776586258564046,1,0,1,0,5,0,0,0,0,0,0,0,[],false,false,false
<http://dbpedia.org/resource/Nevill_Francis_Mott>,Nevill Francis Mott,0.28775543478260873,1,0,1,1,17,0,0,0,0,0,0,0,[],false,false,false
<http://dbpedia.org/resource/Alexandre_Yersin>,Alexandre Yersin,0.28770851287851945,0,3,3,0,1,0,0,0,0,0,0,0,[],false,false,false
<http://dbpedia.org/resource/Carl_David_Anderson>,Carl David Anderson,0.2876911640188626,0,0,0,2,2,0,0,0,0,0,0,0,[],false,false,false
<http://dbpedia.org/resource/ABAP>,ABAP,0.2876650730930683,0,3,3,0,0,0,0,0,0,0,0,0,[],false,false,false
<http://dbpedia.org/resource/Joseph_R._Shoenfield>,Joseph R. Shoenfield,0.28766377598185905,0,0,0,1,1,0,0,0,0,0,0,0,[],false,false,false
<http://dbpedia.org/resource/Wayne_Hankey>,Wayne Hankey,0.2876421747612471,0,1,1,0,0,0,0,0,0,0,0,0,[],false,false,false
<http://dbpedia.org/resource/Gail_Carpenter>,Gail Carpenter,0.28763927989918664,0,0,0,2,2,0,0,0,0,0,0,0,[],false,false,false
<http://dbpedia.org/resource/Nicholas_Ambraseys>,Nicholas Ambraseys,0.28756035714285716,3,1,4,2,0,0,0,0,0,0,0,0,[],false,false,false
<http://dbpedia.org/resource/Georg_Stenger>,Georg Stenger,0.28753976442290013,0,2,2,0,0,0,0,0,0,0,0,0,[],false,false,false
<http://dbpedia.org/resource/Andy_Harter>,Andy Harter,0.28750050486472806,0,0,0,1,1,0,0,0,0,0,0,0,[],false,false,false
<http://dbpedia.org/resource/Joachim_Lambek>,Joachim Lambek,0.2874394460634913,0,0,0,1,4,0,0,0,0,0,0,0,[],false,false,false
<http://dbpedia.org/resource/Jim_Waldo>,Jim Waldo,0.28732778327925246,0,0,0,2,2,0,0,0,0,0,0,0,[],false,false,false
<http://dbpedia.org/resource/Wolfgang_Pauli>,Wolfgang Pauli,0.2872211026295872,6,4,10,1,15,0,0,0,0,0,0,0,[],false,false,false
<http://dbpedia.org/resource/Victor_Klee>,Victor Klee,0.2871854377196186,0,1,1,0,3,0,0,0,0,0,0,0,[],false,false,false
<http://dbpedia.org/resource/David_Rees_(mathematician)>,David Rees (mathematician),0.2871479773238243,0,0,0,1,4,0,0,0,0,0,0,0,[],false,false,false
<http://dbpedia.org/resource/Rodrigo_de_Arriaga>,Rodrigo de Arriaga,0.2870307587427191,7,3,10,0,0,0,0,0,0,0,0,0,[],false,false,false
<http://dbpedia.org/resource/Charles_B._Morrey_Jr.>,Charles B. Morrey Jr.,0.28701907208519767,0,0,0,3,2,0,0,0,0,0,0,0,[],false,false,false
<http://dbpedia.org/resource/Edward_Glaeser>,Edward Glaeser,0.28700585598514394,0,3,3,2,0,0,0,0,0,0,0,0,[Economics],false,false,false
<http://dbpedia.org/resource/Rudolf_Schmitt>,Rudolf Schmitt,0.2869504896872435,0,0,0,1,1,0,0,0,0,0,0,0,[],false,false,false
<http://dbpedia.org/resource/Katharine_Blodgett_Gebbie>,Katharine Blodgett Gebbie,0.28689539609617626,4,2,6,2,1,0,0,0,0,0,0,0,[],false,false,false
<http://dbpedia.org/resource/William_M._Boothby>,William M. Boothby,0.2868666001648066,0,0,0,0,1,0,0,0,0,0,0,0,[],false,false,false
<http://dbpedia.org/resource/Robert_Grosseteste>,Robert Grosseteste,0.28685063507091807,3,2,5,0,0,0,0,0,0,0,0,0,[],false,false,false
<http://dbpedia.org/resource/Klaus_Roth__Klaus_Roth__1>,Klaus Roth  Klaus Roth  1,0.28683212548076925,0,0,0,0,3,0,0,0,0,0,0,0,[],false,false,false
<http://dbpedia.org/resource/Andrew_J._Hanson>,Andrew J. Hanson,0.2868211598821788,0,0,0,2,1,0,0,0,0,0,0,0,[],false,false,false
<http://dbpedia.org/resource/Robert_Remak>,Robert Remak,0.28679790050234955,0,0,0,1,3,0,0,0,0,0,0,0,[],false,false,false
<http://dbpedia.org/resource/Gary_Becker>,Gary Becker,0.28676170481937074,9,5,14,1,0,0,0,0,0,0,0,0,[Economics],false,false,false
<http://dbpedia.org/resource/Robert_Sugden_(economist)>,Robert Sugden (economist),0.28673438271712515,2,5,7,1,0,0,0,0,0,0,0,0,[Microeconomics],false,false,false
<http://dbpedia.org/resource/Allen_Buchanan>,Allen Buchanan,0.28669498899669754,0,2,2,0,0,0,0,0,0,0,0,0,[],false,false,false
<http://dbpedia.org/resource/Philip_Coppens_(chemist)>,Philip Coppens (chemist),0.28669336241338955,0,0,0,1,1,0,0,0,0,0,0,0,[],false,false,false
<http://dbpedia.org/resource/Stuart_Hall_(cultural_theorist)>,Stuart Hall (cultural theorist),0.2866730562235109,2,2,4,0,0,0,0,0,0,0,0,0,[],false,false,false
<http://dbpedia.org/resource/Ljubomir_Nedić>,Ljubomir Nedić,0.2865977677129332,0,1,1,0,0,0,0,0,0,0,0,0,[],false,false,false
<http://dbpedia.org/resource/Thomas_Verner_Moore>,Thomas Verner Moore,0.2865977677129332,0,0,0,1,1,0,0,0,0,0,0,0,[],false,false,false
<http://dbpedia.org/resource/John_Zeleny>,John Zeleny,0.28659027777777785,0,0,0,3,3,0,0,0,0,0,0,0,[],false,false,false
<http://dbpedia.org/resource/Ian_Stirling_(biologist)>,Ian Stirling (biologist),0.28653125,0,0,0,0,1,0,0,0,0,0,0,0,[],false,false,false
<http://dbpedia.org/resource/Burton_Richter>,Burton Richter,0.2865099952434943,0,0,0,1,1,0,0,0,0,0,0,0,[],false,false,false
<http://dbpedia.org/resource/Robert_F._Engle>,Robert F. Engle,0.28634442356490236,2,1,3,2,0,0,0,0,0,0,0,0,[Econometrics],false,false,false
<http://dbpedia.org/resource/Otto_Rank>,Otto Rank,0.28628606007496715,21,5,26,1,4,0,0,0,0,0,0,0,[],false,false,false
<http://dbpedia.org/resource/Jean-Baptiste_Boussingault>,Jean-Baptiste Boussingault,0.28624459772674526,0,1,1,0,0,0,0,0,0,0,0,0,[],false,false,false
<http://dbpedia.org/resource/Cyril_Domb>,Cyril Domb,0.28623228393558975,0,1,1,1,2,0,0,0,0,0,0,0,[],false,false,false
<http://dbpedia.org/resource/Eleanor_J._Gibson>,Eleanor J. Gibson,0.28606268309676713,1,1,2,2,2,0,0,0,0,0,0,0,[],false,false,false
<http://dbpedia.org/resource/Jože_Pučnik>,Jože Pučnik,0.2860337304660514,0,1,1,0,0,0,0,0,0,0,0,0,[],false,false,false
<http://dbpedia.org/resource/Welham_Girls'_School>,Welham Girls' School,0.28600000000000003,0,0,0,0,0,0,1,0,0,4,0,0,[],false,false,false
<http://dbpedia.org/resource/Iamblichus>,Iamblichus,0.2858876972119557,7,6,13,0,0,0,0,0,0,0,0,0,[],false,false,false
<http://dbpedia.org/resource/Thomas_Merton>,Thomas Merton,0.28577043449412814,1,4,5,0,0,0,0,0,0,0,0,0,[],false,false,false
<http://dbpedia.org/resource/John_R._Meyer>,John R. Meyer,0.28573437500000004,0,2,2,1,0,0,0,0,0,0,0,0,[],false,false,false
<http://dbpedia.org/resource/Ken-Ichi_Kojima>,Ken-Ichi Kojima,0.28567676679933995,0,0,0,0,1,0,0,0,0,0,0,0,[],false,false,false
<http://dbpedia.org/resource/Otto_Toeplitz>,Otto Toeplitz,0.28565621672674224,1,0,1,0,3,0,0,0,0,0,0,0,[],false,false,false
<http://dbpedia.org/resource/Anthony_James_Leggett>,Anthony James Leggett,0.285619981155984,0,0,0,1,4,0,0,0,0,0,0,0,[],false,false,false
<http://dbpedia.org/resource/Edith_Cohen>,Edith Cohen,0.28559766213731086,0,1,1,2,0,0,0,0,0,0,0,0,[],false,false,false
<http://dbpedia.org/resource/Neil_Robertson_(mathematician)>,Neil Robertson (mathematician),0.28555047515625526,0,0,0,1,1,0,0,0,0,0,0,0,[],false,false,false
<http://dbpedia.org/resource/Gérard_Laumon>,Gérard Laumon,0.28554712429440243,0,0,0,2,1,0,0,0,0,0,0,0,[],false,false,false
<http://dbpedia.org/resource/Norman_Geisler>,Norman Geisler,0.285522443609072,10,5,15,0,0,0,0,0,0,0,0,0,[],false,false,false
<http://dbpedia.org/resource/G._B._Halsted>,G. B. Halsted,0.2855089090728644,1,0,1,2,1,0,0,0,0,0,0,0,[],false,false,false
<http://dbpedia.org/resource/Petra_Bonfert-Taylor>,Petra Bonfert-Taylor,0.28548993787437704,0,0,0,1,1,0,0,0,0,0,0,0,[],false,false,false
<http://dbpedia.org/resource/Sabrina_Gonzalez_Pasterski>,Sabrina Gonzalez Pasterski,0.28546875000000005,0,1,1,2,0,0,0,0,0,0,0,0,[],false,false,false
<http://dbpedia.org/resource/Alojz_Rebula>,Alojz Rebula,0.28546559596584875,0,1,1,0,0,0,0,0,0,0,0,0,[],false,false,false
<http://dbpedia.org/resource/Augusto_del_Noce>,Augusto del Noce,0.28546559596584875,0,1,1,0,0,0,0,0,0,0,0,0,[],false,false,false
<http://dbpedia.org/resource/Zorko_Simčič>,Zorko Simčič,0.28546559596584875,0,1,1,0,0,0,0,0,0,0,0,0,[],false,false,false
<http://dbpedia.org/resource/Janos_Kirz>,Janos Kirz,0.28542500000000004,0,0,0,1,2,0,0,0,0,0,0,0,[],false,false,false
<http://dbpedia.org/resource/John_O'Neill_(philosopher)>,John O'Neill (philosopher),0.2854168675336533,0,3,3,0,0,0,0,0,0,0,0,0,[],false,false,false
<http://dbpedia.org/resource/Fay_Dowker>,Fay Dowker,0.2854101393247052,0,1,1,0,0,0,0,0,0,0,0,0,[],false,false,false
<http://dbpedia.org/resource/Rick_Doblin>,Rick Doblin,0.2853289630669302,0,0,0,2,2,0,0,0,0,0,0,0,[],false,false,false
<http://dbpedia.org/resource/Jason_Behrstock>,Jason Behrstock,0.28527155062706994,0,0,0,1,1,0,0,0,0,0,0,0,[],false,false,false
<http://dbpedia.org/resource/Mary_Midgley>,Mary Midgley,0.2852638305040336,0,5,5,0,0,0,0,0,0,0,0,0,[],false,false,false
<http://dbpedia.org/resource/Elisabeth_Camp>,Elisabeth Camp,0.2852207072173434,0,3,3,0,0,0,0,0,0,0,0,0,[],false,false,false
<http://dbpedia.org/resource/Christopher_Cordner>,Christopher Cordner,0.2851658676570776,0,2,2,0,0,0,0,0,0,0,0,0,[],false,false,false
<http://dbpedia.org/resource/J._Robert_Oppenheimer>,J. Robert Oppenheimer,0.28515396036063306,2,0,2,0,5,0,0,0,0,0,0,0,[],false,false,false
<http://dbpedia.org/resource/Elizabeth_Fisher_(neuroscientist)>,Elizabeth Fisher (neuroscientist),0.2851492927272023,0,1,1,2,0,0,0,0,0,0,0,0,[],false,false,false
<http://dbpedia.org/resource/William_Baumol>,William Baumol,0.2850850093310071,5,2,7,2,0,0,0,0,0,0,0,0,"[Entrepreneurship, Microeconomics, Industrial organization]",false,false,false
<http://dbpedia.org/resource/Paul_Davidson_(economist)>,Paul Davidson (economist),0.2850850093310071,0,2,2,3,0,0,0,0,0,0,0,0,[Macroeconomics],false,false,false
<http://dbpedia.org/resource/AutoLISP>,AutoLISP,0.28504257770406316,0,2,2,0,0,0,0,0,0,0,0,0,[],false,false,false
<http://dbpedia.org/resource/Chung_Kai-lai>,Chung Kai-lai,0.2850399356498776,0,0,0,2,2,0,0,0,0,0,0,0,[],false,false,false
<http://dbpedia.org/resource/Saint_Thomas_Anglicans>,Saint Thomas Anglicans,0.28500000000000003,0,0,0,0,0,0,2,0,0,0,2,0,[],true,false,false
<http://dbpedia.org/resource/Peyton_Young>,Peyton Young,0.28500000000000003,0,0,0,3,3,0,0,0,0,0,0,0,[],false,false,false
<http://dbpedia.org/resource/Michael_Bergmann_(philosopher)>,Michael Bergmann (philosopher),0.28486222928063054,0,3,3,0,0,0,0,0,0,0,0,0,[],false,false,false
<http://dbpedia.org/resource/Iris_Murdoch>,Iris Murdoch,0.28484374236860066,8,6,14,0,0,0,0,0,0,0,0,0,[],false,false,false
<http://dbpedia.org/resource/Scott_J._Shapiro>,Scott J. Shapiro,0.2847839540111275,0,2,2,0,0,0,0,0,0,0,0,0,[],false,false,false
<http://dbpedia.org/resource/Richard_Thomas_Alexander>,Richard Thomas Alexander,0.2847762197659454,2,2,4,0,0,0,0,0,0,0,0,0,[],false,false,false
<http://dbpedia.org/resource/Abul_Kalam_Azad>,Abul Kalam Azad,0.2847483935925009,0,1,1,0,0,0,0,0,0,0,0,0,[],false,false,false
<http://dbpedia.org/resource/Dara_Shukoh>,Dara Shukoh,0.2847483935925009,0,1,1,0,0,0,0,0,0,0,0,0,[],false,false,false
<http://dbpedia.org/resource/Josef-Maria_Jauch>,Josef-Maria Jauch,0.284680525058058,0,0,0,1,2,0,0,0,0,0,0,0,[],false,false,false
<http://dbpedia.org/resource/NumPy>,NumPy,0.28466610795501746,0,1,1,0,0,0,0,0,0,0,0,0,[],false,false,false
<http://dbpedia.org/resource/William_Feller__William_Feller__1>,William Feller  William Feller  1,0.28462256058159463,0,1,1,2,10,0,0,0,0,0,0,0,[],false,false,false
<http://dbpedia.org/resource/Carl_M._Bender>,Carl M. Bender,0.2846018616254837,0,0,0,2,2,0,0,0,0,0,0,0,[],false,false,false
<http://dbpedia.org/resource/RAPID>,RAPID,0.2845517630694468,0,2,2,0,0,0,0,0,0,0,0,0,[],false,false,false
<http://dbpedia.org/resource/Hermann_Schlichting>,Hermann Schlichting,0.28453716517857147,0,0,0,1,3,0,0,0,0,0,0,0,[],false,false,false
<http://dbpedia.org/resource/Steven_Shaviro>,Steven Shaviro,0.28452638987190015,0,1,1,0,0,0,0,0,0,0,0,0,[],false,false,false
<http://dbpedia.org/resource/Emil_Fischer>,Emil Fischer,0.28449119222943875,2,0,2,2,1,0,0,0,0,0,0,0,[],false,false,false
<http://dbpedia.org/resource/Xavier_Zubiri>,Xavier Zubiri,0.28449094980987727,5,10,15,0,0,0,0,0,0,0,0,0,[],false,false,false
<http://dbpedia.org/resource/David_Chilton_Phillips>,David Chilton Phillips,0.28441117361459445,0,0,0,0,1,0,0,0,0,0,0,0,[],false,false,false
<http://dbpedia.org/resource/Steve_Awodey>,Steve Awodey,0.28439100078251073,0,0,0,2,2,0,0,0,0,0,0,0,[],false,false,false
<http://dbpedia.org/resource/Hans_Albert>,Hans Albert,0.28436337672507833,0,3,3,0,0,0,0,0,0,0,0,0,[],false,false,false
<http://dbpedia.org/resource/Hecato_of_Rhodes>,Hecato of Rhodes,0.2843252427433516,0,1,1,0,0,0,0,0,0,0,0,0,[],false,false,false
<http://dbpedia.org/resource/Theodore_Motzkin>,Theodore Motzkin,0.2843218273256386,0,0,0,1,5,0,0,0,0,0,0,0,[],false,false,false
<http://dbpedia.org/resource/Friedrich_Engel_(mathematician)>,Friedrich Engel (mathematician),0.2843044651117708,0,0,0,2,3,0,0,0,0,0,0,0,[],false,false,false
<http://dbpedia.org/resource/Benedict_Anderson>,Benedict Anderson,0.2842254994586839,0,1,1,2,0,0,0,0,0,0,0,0,[],false,false,false
<http://dbpedia.org/resource/Albert_Jay_Nock>,Albert Jay Nock,0.2842127413911872,2,3,5,1,0,1,0,0,0,0,0,0,[],false,false,false
<http://dbpedia.org/resource/Arai_Hakuseki>,Arai Hakuseki,0.2841658551404626,0,1,1,0,0,0,0,0,0,0,0,0,[],false,false,false
<http://dbpedia.org/resource/Hayashi_Gahō>,Hayashi Gahō,0.2841658551404626,0,1,1,0,0,0,0,0,0,0,0,0,[],false,false,false
<http://dbpedia.org/resource/Maxie_Clarence_Maultsby_Jr.>,Maxie Clarence Maultsby Jr.,0.2840667107656868,0,4,4,2,1,0,0,0,0,0,0,0,[],false,false,false
<http://dbpedia.org/resource/Ted_Hill_(mathematician)>,Ted Hill (mathematician),0.2840160481077528,0,0,0,3,3,0,0,0,0,0,0,0,[],false,false,false
<http://dbpedia.org/resource/Paul_Sally>,Paul Sally,0.2840160481077528,0,0,0,3,1,0,0,0,0,0,0,0,[],false,false,false
<http://dbpedia.org/resource/Ihsan_Abbas>,Ihsan Abbas,0.2840159842608728,0,1,1,0,0,0,0,0,0,0,0,0,[],false,false,false
<http://dbpedia.org/resource/Henry_Scheffé>,Henry Scheffé,0.2839703146471229,1,0,1,2,3,0,0,0,0,0,0,0,[],false,false,false
<http://dbpedia.org/resource/Leonard_Carlitz>,Leonard Carlitz,0.2839703146471229,1,0,1,1,4,0,0,0,0,0,0,0,[],false,false,false
<http://dbpedia.org/resource/Stephen_Selkowitz>,Stephen Selkowitz,0.28387678367015085,0,1,1,2,2,0,0,0,0,0,0,0,[],false,false,false
<http://dbpedia.org/resource/John_Herschel>,John Herschel,0.28387500000000004,3,1,4,1,0,0,0,0,0,0,0,0,[],false,false,false
<http://dbpedia.org/resource/Arnobius>,Arnobius,0.28381095422244235,1,3,4,0,0,0,0,0,0,0,0,0,[],false,false,false
<http://dbpedia.org/resource/Martin_Lowry>,Martin Lowry,0.2837824110832695,0,0,0,0,1,0,0,0,0,0,0,0,[],false,false,false
<http://dbpedia.org/resource/Hobbes>,Hobbes,0.28378085173543893,8,1,9,0,0,0,0,0,0,0,0,0,[],false,false,false
<http://dbpedia.org/resource/F._Bacon>,F. Bacon,0.28378085173543893,0,1,1,0,0,0,0,0,0,0,0,0,[],false,false,false
<http://dbpedia.org/resource/J._Alberdi>,J. Alberdi,0.28378085173543893,0,1,1,0,0,0,0,0,0,0,0,0,[],false,false,false
<http://dbpedia.org/resource/Ralf_Dahrendorf__yes__1>,Ralf Dahrendorf  yes  1,0.28374132189771994,0,5,5,0,0,0,0,0,0,0,0,0,[],false,false,false
<http://dbpedia.org/resource/Age_of_Enlightenment>,Age of Enlightenment,0.28368807552270997,0,1,1,0,0,0,0,0,0,0,0,0,[],false,false,false
<http://dbpedia.org/resource/Cliff_Slaughter>,Cliff Slaughter,0.28362617233159926,0,1,1,0,0,0,0,0,0,0,0,0,[],false,false,false
<http://dbpedia.org/resource/James_Gregory_(mathematician)>,James Gregory (mathematician),0.2836243167824534,1,3,4,3,5,0,0,0,0,0,0,0,[],false,false,false
<http://dbpedia.org/resource/George_Saliba>,George Saliba,0.2835540924505106,1,1,2,2,0,0,0,0,0,0,0,0,[],false,false,false
<http://dbpedia.org/resource/Per_Martin-Löf>,Per Martin-Löf,0.2834893692885956,1,0,1,1,7,0,0,0,0,0,0,0,[],false,false,false
<http://dbpedia.org/resource/Baptist_Union_in_the_Czech_Republic>,Baptist Union in the Czech Republic,0.28347197906818106,0,1,1,0,0,0,0,0,0,0,0,0,[],false,false,false
<http://dbpedia.org/resource/Unity_of_the_Brethren_(Czech_Republic)>,Unity of the Brethren (Czech Republic),0.28347197906818106,0,1,1,0,0,0,0,0,0,0,0,0,[],false,false,false
<http://dbpedia.org/resource/Fritz_Ullmann>,Fritz Ullmann,0.28344247884778706,0,0,0,1,2,0,0,0,0,0,0,0,[],false,false,false
<http://dbpedia.org/resource/Dragoš_Kalajić>,Dragoš Kalajić,0.28339288417133274,1,1,2,0,0,0,0,0,0,0,0,0,[],false,false,false
<http://dbpedia.org/resource/Alexandr_Dugin>,Alexandr Dugin,0.28339288417133274,0,1,1,0,0,0,0,0,0,0,0,0,[],false,false,false
<http://dbpedia.org/resource/Hendrika_Johanna_van_Leeuwen>,Hendrika Johanna van Leeuwen,0.2833225000000001,0,0,0,1,1,0,0,0,0,0,0,0,[],false,false,false
<http://dbpedia.org/resource/Modern_Style_(British_Art_Nouveau_style)>,Modern Style (British Art Nouveau style),0.2832906250000001,0,1,1,0,0,0,0,0,0,0,0,0,[],false,false,false
<http://dbpedia.org/resource/Robert_Bryant_(mathematician)>,Robert Bryant (mathematician),0.2832003085523036,0,0,0,2,2,0,0,0,0,0,0,0,[],false,false,false
<http://dbpedia.org/resource/Andrey_Yershov>,Andrey Yershov,0.28318317713870494,0,0,0,1,4,0,0,0,0,0,0,0,[],false,false,false
<http://dbpedia.org/resource/Stanley_Deser>,Stanley Deser,0.28313394966603755,0,0,0,1,5,0,0,0,0,0,0,0,[],false,false,false
<http://dbpedia.org/resource/Mary_Wollstonecraft>,Mary Wollstonecraft,0.2829262964469655,4,2,6,0,0,0,0,0,0,0,0,0,[],false,false,false
<http://dbpedia.org/resource/Ralph_McKenzie>,Ralph McKenzie,0.2829228847925679,0,1,1,1,0,0,0,0,0,0,0,0,[],false,false,false
<http://dbpedia.org/resource/Nicole_Oresme>,Nicole Oresme,0.2828838372764427,3,3,6,0,0,0,0,0,0,0,0,0,[],false,false,false
<http://dbpedia.org/resource/Natural_science>,Natural science,0.2828125,0,1,1,0,0,0,0,0,0,0,0,0,[],false,false,false
<http://dbpedia.org/resource/Joseph_Diestel>,Joseph Diestel,0.28257761460800745,0,1,1,0,1,0,0,0,0,0,0,0,[],false,false,false
<http://dbpedia.org/resource/Miguel_Alcubierre>,Miguel Alcubierre,0.2825166885585608,0,0,0,2,1,0,0,0,0,0,0,0,[],false,false,false
<http://dbpedia.org/resource/Richard_David_Precht>,Richard David Precht,0.28247935909359234,0,2,2,0,0,0,0,0,0,0,0,0,[],false,false,false
<http://dbpedia.org/resource/John_M._Cooper_(philosopher)>,John M. Cooper (philosopher),0.2824605160153999,0,2,2,0,0,0,0,0,0,0,0,0,[],false,false,false
<http://dbpedia.org/resource/Khwaja_Sirajuddin_Naqshbandi>,Khwaja Sirajuddin Naqshbandi,0.2824520089285715,2,1,3,0,0,0,0,0,0,0,0,0,[],false,false,false
<http://dbpedia.org/resource/Maurice_Blondel>,Maurice Blondel,0.2823519576119463,1,3,4,0,0,0,0,0,0,0,0,0,[],false,false,false
<http://dbpedia.org/resource/T._K._Seung>,T. K. Seung,0.28223122904572584,3,7,10,0,0,0,0,0,0,0,0,0,[],false,false,false
<http://dbpedia.org/resource/Catherine_Havasi>,Catherine Havasi,0.28210568893627397,0,1,1,2,2,0,0,0,0,0,0,0,[],false,false,false
<http://dbpedia.org/resource/Arthur_T._Ippen>,Arthur T. Ippen,0.2819493863467263,0,0,0,3,1,0,0,0,0,0,0,0,[],false,false,false
<http://dbpedia.org/resource/Paul_A._Libby>,Paul A. Libby,0.2819493863467263,0,2,2,1,1,0,0,0,0,0,0,0,[],false,false,false
<http://dbpedia.org/resource/Charles_Fourier>,Charles Fourier,0.28192809283072906,23,2,25,0,0,0,0,0,0,0,0,0,[],false,false,false
<http://dbpedia.org/resource/Nigel_Hitchin>,Nigel Hitchin,0.2818578537017552,0,0,0,2,9,0,0,0,0,0,0,0,[],false,false,false
<http://dbpedia.org/resource/Aldo_Pontremoli>,Aldo Pontremoli,0.28175000000000006,0,1,1,1,0,0,0,0,0,0,0,0,[],false,false,false
<http://dbpedia.org/resource/Hans_Geiger>,Hans Geiger,0.28175000000000006,1,2,3,0,5,0,0,0,0,0,0,0,[],false,false,false
<http://dbpedia.org/resource/Lynnae_Quick>,Lynnae Quick,0.28175000000000006,0,3,3,3,0,0,0,0,0,0,0,0,[],false,false,false
<http://dbpedia.org/resource/Kosovo>,Kosovo,0.28175000000000006,0,0,0,0,0,0,4,0,0,0,0,0,[],false,false,false
<http://dbpedia.org/resource/Jean-Pierre_Florens>,Jean-Pierre Florens,0.28163905597010325,0,2,2,1,0,0,0,0,0,0,0,0,[],false,false,false
<http://dbpedia.org/resource/Jeffrey_Shallit>,Jeffrey Shallit,0.281606711784452,0,0,0,1,2,0,0,0,0,0,0,0,[],false,false,false
<http://dbpedia.org/resource/Brie_Gertler>,Brie Gertler,0.28159204019150297,0,1,1,0,0,0,0,0,0,0,0,0,[],false,false,false
<http://dbpedia.org/resource/John_Greco_(philosopher)>,John Greco (philosopher),0.28159204019150297,0,1,1,0,0,0,0,0,0,0,0,0,[],false,false,false
<http://dbpedia.org/resource/History_of_the_Jews_in_Austria>,History of the Jews in Austria,0.28155661171875007,0,0,0,0,0,0,1,0,0,0,2,1,[],true,false,false
<http://dbpedia.org/resource/AgentSheets>,AgentSheets,0.28147712225389165,3,4,7,0,0,0,0,0,0,0,0,0,[],false,false,false
<http://dbpedia.org/resource/Rogelio_Julio_Frigerio>,Rogelio Julio Frigerio,0.28142570206126966,5,4,9,1,0,0,0,0,0,0,0,0,[],false,false,false
<http://dbpedia.org/resource/Pattie_Maes>,Pattie Maes,0.28141477710246504,0,0,0,1,3,0,0,0,0,0,0,0,[],false,false,false
<http://dbpedia.org/resource/Manfred_Frank>,Manfred Frank,0.2813938175858642,1,3,4,0,0,0,0,0,0,0,0,0,[],false,false,false
<http://dbpedia.org/resource/Frank_Ramsey_(mathematician)>,Frank Ramsey (mathematician),0.28138868838941317,3,4,7,0,0,0,0,0,0,0,0,0,[],false,false,false
<http://dbpedia.org/resource/M._Shahid_Qureshi>,M. Shahid Qureshi,0.2813164442744513,0,1,1,1,3,0,0,0,0,0,0,0,[],false,false,false
<http://dbpedia.org/resource/Florentino_Ameghino>,Florentino Ameghino,0.28110864510229333,1,4,5,0,0,0,0,0,0,0,0,0,[],false,false,false
<http://dbpedia.org/resource/Hans_Duistermaat>,Hans Duistermaat,0.28105266351058,0,0,0,1,1,0,0,0,0,0,0,0,[],false,false,false
<http://dbpedia.org/resource/Daniel_Cane>,Daniel Cane,0.2810205778581969,0,0,0,1,3,0,0,0,0,0,0,0,[],false,false,false
<http://dbpedia.org/resource/Stephen_Gilfus>,Stephen Gilfus,0.2810205778581969,0,0,0,1,3,0,0,0,0,0,0,0,[],false,false,false
<http://dbpedia.org/resource/Richard_S._Hamilton>,Richard S. Hamilton,0.280951746249774,0,0,0,2,1,0,0,0,0,0,0,0,[],false,false,false
<http://dbpedia.org/resource/Henrik_Steffens>,Henrik Steffens,0.2809393932861519,4,4,8,0,0,0,0,0,0,0,0,0,[],false,false,false
<http://dbpedia.org/resource/Mihai_Gavrilă>,Mihai Gavrilă,0.2808544033544876,0,0,0,1,1,0,0,0,0,0,0,0,[],false,false,false
<http://dbpedia.org/resource/Adam_Rutherford>,Adam Rutherford,0.2806871499536562,0,1,1,1,1,0,0,0,0,0,0,0,[],false,false,false
<http://dbpedia.org/resource/Alfred_Adler>,Alfred Adler,0.280541556858054,6,2,8,1,7,0,0,0,0,0,0,0,[],false,false,false
<http://dbpedia.org/resource/Franson_Manjali>,Franson Manjali,0.2805249023100106,0,6,6,0,0,0,0,0,0,0,0,0,[],false,false,false
<http://dbpedia.org/resource/Z_notation>,Z notation,0.2805007919626522,1,0,1,0,0,0,0,0,0,0,0,0,[],false,false,false
<http://dbpedia.org/resource/Tullio_Regge>,Tullio Regge,0.28041242326221955,0,0,0,1,3,0,0,0,0,0,0,0,[],false,false,false
<http://dbpedia.org/resource/South_India>,South India,0.2803345982142858,0,2,2,0,0,0,0,0,0,0,0,0,[],false,false,false
<http://dbpedia.org/resource/Grigore_T._Popa>,Grigore T. Popa,0.2803333333333334,0,0,0,1,1,0,0,0,0,0,0,0,[],false,false,false
<http://dbpedia.org/resource/Lara_Estroff>,Lara Estroff,0.2802052970694853,0,2,2,2,0,0,0,0,0,0,0,0,[],false,false,false
<http://dbpedia.org/resource/Norman_Greenwood>,Norman Greenwood,0.2801424373204635,0,0,0,2,2,0,0,0,0,0,0,0,[],false,false,false
<http://dbpedia.org/resource/Edward_O._Thorp>,Edward O. Thorp,0.28009010015453367,0,1,1,1,0,0,0,0,0,0,0,0,[],false,false,false
<http://dbpedia.org/resource/Vasily_Leonidovitch_Omelianski>,Vasily Leonidovitch Omelianski,0.2800789029316518,0,2,2,1,3,0,0,0,0,0,0,0,[],false,false,false
<http://dbpedia.org/resource/Clitomachus_(philosopher)>,Clitomachus (philosopher),0.2799456008030041,2,2,4,0,0,0,0,0,0,0,0,0,[],false,false,false
<http://dbpedia.org/resource/Dartmouth_ALGOL_30>,Dartmouth ALGOL 30,0.27986545984961786,2,2,4,0,0,0,0,0,0,0,0,0,[],false,false,false
"<http://dbpedia.org/resource/Victoria,_Lady_Welby>","Victoria, Lady Welby",0.27980675274003336,4,3,7,0,0,0,0,0,0,0,0,0,[],false,false,false
<http://dbpedia.org/resource/Peter_Beilharz>,Peter Beilharz,0.27972020038605616,0,1,1,0,0,0,0,0,0,0,0,0,[],false,false,false
<http://dbpedia.org/resource/Paul_Sweezy>,Paul Sweezy,0.2796294000894198,6,6,12,2,0,0,0,0,0,0,0,0,[Macroeconomics],false,false,false
<http://dbpedia.org/resource/Wilhelm_von_Humboldt>,Wilhelm von Humboldt,0.27956490963886754,10,4,14,0,0,0,0,0,0,0,0,0,[],false,false,false
<http://dbpedia.org/resource/R._D._Laing>,R. D. Laing,0.2794020486817803,10,5,15,0,1,0,0,0,0,0,0,0,[],false,false,false
<http://dbpedia.org/resource/Ōshio_Heihachirō>,Ōshio Heihachirō,0.27936466638317925,0,2,2,0,0,0,0,0,0,0,0,0,[],false,false,false
<http://dbpedia.org/resource/Ei-ichi_Negishi>,Ei-ichi Negishi,0.27936024318993924,0,2,2,2,1,0,0,0,0,0,0,0,[],false,false,false
<http://dbpedia.org/resource/Enrico_Ferri_(criminologist)>,Enrico Ferri (criminologist),0.2792879468651445,0,1,1,0,0,0,0,0,0,0,0,0,[],false,false,false
<http://dbpedia.org/resource/John_Argyropoulos>,John Argyropoulos,0.27925822154299745,6,2,8,0,0,0,0,0,0,0,0,0,[],false,false,false
<http://dbpedia.org/resource/Php4delphi>,Php4delphi,0.2792302657789763,0,2,2,0,0,0,0,0,0,0,0,0,[],false,false,false
<http://dbpedia.org/resource/Robert_Keohane>,Robert Keohane,0.27921687841992315,1,2,3,0,2,0,0,0,0,0,0,0,[],false,false,false
<http://dbpedia.org/resource/Hosur_Narasimhaiah>,Hosur Narasimhaiah,0.2790904533217913,0,1,1,2,1,0,0,0,0,0,0,0,[],false,false,false
<http://dbpedia.org/resource/Joseph_Campbell>,Joseph Campbell,0.27901353802880957,1,5,6,0,0,0,0,0,0,0,0,0,[],false,false,false
<http://dbpedia.org/resource/Rolf_Hagedorn>,Rolf Hagedorn,0.27900749366779853,0,0,0,1,3,0,0,0,0,0,0,0,[],false,false,false
<http://dbpedia.org/resource/Laszlo_Lorand>,Laszlo Lorand,0.27897864583333337,0,3,3,1,0,0,0,0,0,0,0,0,[],false,false,false
<http://dbpedia.org/resource/NEWP>,NEWP,0.27856909620244735,0,3,3,0,0,0,0,0,0,0,0,0,[],false,false,false
<http://dbpedia.org/resource/Cornelia_Clapp>,Cornelia Clapp,0.2785574372087527,0,2,2,0,0,0,0,0,0,0,0,0,[],false,false,false
<http://dbpedia.org/resource/Pierre_de_Fermat>,Pierre de Fermat,0.2784508943823049,1,3,4,0,10,0,0,0,0,0,0,0,[],false,false,false
<http://dbpedia.org/resource/Nial>,Nial,0.2784317307692308,0,3,3,0,0,0,0,0,0,0,0,0,[],false,false,false
<http://dbpedia.org/resource/John_Conybeare>,John Conybeare,0.27837130150189615,0,1,1,1,0,0,1,0,0,0,0,0,[],false,false,false
<http://dbpedia.org/resource/John_Clarke_(Dean_of_Salisbury)>,John Clarke (Dean of Salisbury),0.27837130150189615,0,1,1,0,0,0,0,0,0,0,0,0,[],false,false,false
<http://dbpedia.org/resource/Gilles_Grelet>,Gilles Grelet,0.27830458701186817,0,1,1,0,0,0,0,0,0,0,0,0,[],false,false,false
<http://dbpedia.org/resource/Katerina_Kolozova>,Katerina Kolozova,0.27830458701186817,0,1,1,0,0,0,0,0,0,0,0,0,[],false,false,false
<http://dbpedia.org/resource/Lloyd_M._Smith>,Lloyd M. Smith,0.27829968622504064,0,0,0,1,1,0,0,0,0,0,0,0,[],false,false,false
<http://dbpedia.org/resource/Roger_D._Kornberg>,Roger D. Kornberg,0.27829968622504064,0,0,0,2,1,0,0,0,0,0,0,0,[],false,false,false
<http://dbpedia.org/resource/Arnt_Eliassen>,Arnt Eliassen,0.2782750063289299,0,1,1,0,0,0,0,0,0,0,0,0,[],false,false,false
<http://dbpedia.org/resource/Enok_Palm>,Enok Palm,0.2782750063289299,0,1,1,0,0,0,0,0,0,0,0,0,[],false,false,false
<http://dbpedia.org/resource/Halvor_Solberg>,Halvor Solberg,0.2782750063289299,1,1,2,0,0,0,0,0,0,0,0,0,[],false,false,false
<http://dbpedia.org/resource/Robert_J._C._Young>,Robert J. C. Young,0.27827434764559117,0,5,5,0,0,0,0,0,0,0,0,0,[],false,false,false
<http://dbpedia.org/resource/Walter_Kaufmann_(philosopher)>,Walter Kaufmann (philosopher),0.2782698896025553,4,5,9,0,0,0,0,0,0,0,0,0,[],false,false,false
<http://dbpedia.org/resource/Dylan_programming_language>,Dylan programming language,0.27821804787060195,0,1,1,0,0,0,0,0,0,0,0,0,[],false,false,false
<http://dbpedia.org/resource/Abraham_Nicolas_Amelot_de_la_Houssaye>,Abraham Nicolas Amelot de la Houssaye,0.27811172270114287,0,1,1,0,0,0,0,0,0,0,0,0,[],false,false,false
<http://dbpedia.org/resource/Arnoldus_Clapmarius>,Arnoldus Clapmarius,0.27811172270114287,0,1,1,0,0,0,0,0,0,0,0,0,[],false,false,false
<http://dbpedia.org/resource/Hermann_Conring>,Hermann Conring,0.27811172270114287,0,1,1,0,0,0,0,0,0,0,0,0,[],false,false,false
<http://dbpedia.org/resource/Johannes_Althusius>,Johannes Althusius,0.27811172270114287,0,1,1,0,0,0,0,0,0,0,0,0,[],false,false,false
<http://dbpedia.org/resource/Thomas_Gordon_(writer)>,Thomas Gordon (writer),0.27811172270114287,0,1,1,0,0,0,0,0,0,0,0,0,[],false,false,false
<http://dbpedia.org/resource/Jean_Baudoin_(translator)>,Jean Baudoin (translator),0.27811172270114287,1,1,2,0,0,0,0,0,0,0,0,0,[],false,false,false
<http://dbpedia.org/resource/Sheldon_C._Reed>,Sheldon C. Reed,0.2780599921876062,0,2,2,1,1,0,0,0,0,0,0,0,[],false,false,false
<http://dbpedia.org/resource/Karl_Ewald_Hasse>,Karl Ewald Hasse,0.27785042424752104,1,0,1,1,0,0,0,0,0,0,0,0,[],false,false,false
<http://dbpedia.org/resource/Paul_Weiss_(philosopher)>,Paul Weiss (philosopher),0.27784067976896043,1,5,6,0,0,0,0,0,0,0,0,0,[],false,false,false
<http://dbpedia.org/resource/Leonhard_Euler>,Leonhard Euler,0.2778316647409148,4,2,6,1,0,0,0,0,0,0,0,0,[],false,false,false
<http://dbpedia.org/resource/Omar_Khayyam>,Omar Khayyam,0.2775655569755789,2,1,3,0,0,0,0,0,0,0,0,0,[],false,false,false
<http://dbpedia.org/resource/Leonard_Mlodinow>,Leonard Mlodinow,0.2775311708400861,0,1,1,2,0,0,0,0,0,0,0,0,[],false,false,false
<http://dbpedia.org/resource/Duns_Scotus>,Duns Scotus,0.2775182612982427,14,0,14,1,0,0,0,0,0,0,0,0,[],false,false,false
<http://dbpedia.org/resource/Shin-Tson_Wu>,Shin-Tson Wu,0.2775,0,0,0,2,1,0,0,0,0,0,0,0,[],false,false,false
<http://dbpedia.org/resource/Dragan_Damjanovic>,Dragan Damjanovic,0.2775,0,0,0,2,3,0,0,0,0,0,0,0,[],false,false,false
<http://dbpedia.org/resource/Duchesne_High_School_(Missouri)>,Duchesne High School (Missouri),0.2775,0,0,0,0,0,0,1,0,0,1,0,0,[],false,false,false
<http://dbpedia.org/resource/Jeremy_Sanders>,Jeremy Sanders,0.2775,0,0,0,2,1,0,0,0,0,0,0,0,[],false,false,false
<http://dbpedia.org/resource/Taunton_School>,Taunton School,0.2775,0,0,0,0,0,0,1,0,0,1,0,0,[],false,false,false
<http://dbpedia.org/resource/Susan_Houde-Walter>,Susan Houde-Walter,0.2775,0,0,0,3,1,0,0,0,0,0,0,0,[],false,false,false
<http://dbpedia.org/resource/Durward_William_John_Cruickshank>,Durward William John Cruickshank,0.2775,0,0,0,0,1,0,0,0,0,0,0,0,[],false,false,false
<http://dbpedia.org/resource/Seymour_Ginsburg>,Seymour Ginsburg,0.2775,0,0,0,2,4,0,0,0,0,0,0,0,[],false,false,false
<http://dbpedia.org/resource/Harry_Schachter>,Harry Schachter,0.2775,0,0,0,1,3,0,0,0,0,0,0,0,[],false,false,false
<http://dbpedia.org/resource/Robert_Edmund_O'Malley>,Robert Edmund O'Malley,0.2775,0,0,0,1,1,0,0,0,0,0,0,0,[],false,false,false
<http://dbpedia.org/resource/Gordon_McVie>,Gordon McVie,0.2775,0,0,0,1,1,0,0,0,0,0,0,0,[],false,false,false
<http://dbpedia.org/resource/Janelle_Knox-Hayes>,Janelle Knox-Hayes,0.2775,0,0,0,2,2,0,0,0,0,0,0,0,[],false,false,false
<http://dbpedia.org/resource/Pran_Nath_(physicist)>,Pran Nath (physicist),0.2775,0,0,0,2,1,0,0,0,0,0,0,0,[],false,false,false
<http://dbpedia.org/resource/Gordon_Preston>,Gordon Preston,0.2775,0,0,0,1,1,0,0,0,0,0,0,0,[],false,false,false
<http://dbpedia.org/resource/Miklos_Porkolab>,Miklos Porkolab,0.2775,0,0,0,2,2,0,0,0,0,0,0,0,[],false,false,false
<http://dbpedia.org/resource/Gordonstoun>,Gordonstoun,0.2775,0,0,0,0,0,0,1,0,0,2,0,0,[],false,false,false
<http://dbpedia.org/resource/Heike_Hofmann__Heike_Hofmann__1>,Heike Hofmann  Heike Hofmann  1,0.2775,0,0,0,1,2,0,0,0,0,0,0,0,[],false,false,false
<http://dbpedia.org/resource/East_Turkistan_Government-in-Exile>,East Turkistan Government-in-Exile,0.2775,0,0,0,0,0,0,1,0,0,0,0,0,[],false,false,false
<http://dbpedia.org/resource/APL_(programming_language)__APL__1>,APL (programming language)  APL  1,0.2775,13,1,14,0,0,0,0,0,0,0,0,0,[],false,false,false
<http://dbpedia.org/resource/Andres_Jaramillo-Botero>,Andres Jaramillo-Botero,0.2775,0,0,0,0,3,0,0,0,0,0,0,0,[],false,false,false
<http://dbpedia.org/resource/Andrew_B._Lippman>,Andrew B. Lippman,0.2775,0,0,0,2,1,0,0,0,0,0,0,0,[],false,false,false
<http://dbpedia.org/resource/Andrew_deMello>,Andrew deMello,0.2775,0,0,0,1,3,0,0,0,0,0,0,0,[],false,false,false
<http://dbpedia.org/resource/Pierre_Charles_L'Enfant>,Pierre Charles L'Enfant,0.2775,0,0,0,0,1,0,0,0,0,0,0,0,[],false,false,false
<http://dbpedia.org/resource/Paulo_Freire_(astronomer)>,Paulo Freire (astronomer),0.2775,0,0,0,1,2,0,0,0,0,0,0,0,[],false,false,false
<http://dbpedia.org/resource/Andrew_G._White>,Andrew G. White,0.2775,0,1,1,2,1,0,0,0,0,0,0,0,[],false,false,false
<http://dbpedia.org/resource/Colin_Thain>,Colin Thain,0.2775,0,0,0,1,1,0,0,0,0,0,0,0,[],false,false,false
<http://dbpedia.org/resource/John_Frederick_Clarke>,John Frederick Clarke,0.2775,0,0,0,1,2,0,0,0,0,0,0,0,[],false,false,false
<http://dbpedia.org/resource/Simon_Hayhoe>,Simon Hayhoe,0.2775,0,0,0,1,3,0,0,0,0,0,0,0,[],false,false,false
<http://dbpedia.org/resource/Harris_Hawthorne_Wilder>,Harris Hawthorne Wilder,0.2775,0,1,1,0,0,0,0,0,0,0,0,0,[],false,false,false
<http://dbpedia.org/resource/Daniel_Gillespie>,Daniel Gillespie,0.2775,0,0,0,2,1,0,0,0,0,0,0,0,[],false,false,false
<http://dbpedia.org/resource/Liam_McCarthy_and_John_D._O'Callaghan>,Liam McCarthy and John D. O'Callaghan,0.2775,0,1,1,0,0,0,0,0,0,0,0,0,[],false,false,false
<http://dbpedia.org/resource/Democratic_Republic_of_Afghanistan>,Democratic Republic of Afghanistan,0.2775,0,0,0,0,0,0,1,0,0,0,0,0,[],false,false,false
<http://dbpedia.org/resource/Édouard_Vuillard>,Édouard Vuillard,0.2775,0,1,1,0,0,0,0,0,0,0,0,0,"[Painting, Printmaking]",false,false,false
<http://dbpedia.org/resource/Jahm_bin_Safwan>,Jahm bin Safwan,0.2775,0,1,1,0,0,0,0,0,0,0,0,0,[],false,false,false
<http://dbpedia.org/resource/Al-Masih_ad-Dajjal>,Al-Masih ad-Dajjal,0.2775,0,0,0,0,1,0,0,0,0,0,0,0,[],false,false,false
<http://dbpedia.org/resource/Clifford_Morgan>,Clifford Morgan,0.2775,0,2,2,0,0,0,0,0,0,0,0,0,[],false,false,false
<http://dbpedia.org/resource/Clifford_Shull>,Clifford Shull,0.2775,0,0,0,2,1,0,0,0,0,0,0,0,[],false,false,false
<http://dbpedia.org/resource/Finn_Wold>,Finn Wold,0.2775,1,0,1,2,1,0,0,0,0,0,0,0,[],false,false,false
<http://dbpedia.org/resource/Kate_Buchanan>,Kate Buchanan,0.2775,0,0,0,1,1,0,0,0,0,0,0,0,[],false,false,false
<http://dbpedia.org/resource/Howard_Florey>,Howard Florey,0.2775,3,1,4,3,1,0,0,0,0,0,0,0,[],false,false,false
<http://dbpedia.org/resource/Charles_Swanton>,Charles Swanton,0.2775,0,1,1,1,0,0,0,0,0,0,0,0,[],false,false,false
<http://dbpedia.org/resource/Charles_Thom>,Charles Thom,0.2775,0,0,0,1,3,0,0,0,0,0,0,0,[],false,false,false
<http://dbpedia.org/resource/Cherokee>,Cherokee,0.2775,0,0,0,0,0,0,4,0,0,0,0,0,[],false,false,false
<http://dbpedia.org/resource/Charles_Tiebout>,Charles Tiebout,0.2775,0,0,0,2,1,0,0,0,0,0,0,0,[],false,false,false
<http://dbpedia.org/resource/Llandovery_College>,Llandovery College,0.2775,0,0,0,0,0,0,1,0,0,1,0,0,[],false,false,false
<http://dbpedia.org/resource/Robert_Shapiro_(chemist)>,Robert Shapiro (chemist),0.2775,0,0,0,2,1,0,0,0,0,0,0,0,[],false,false,false
<http://dbpedia.org/resource/Robert_C._Smith_(political_scientist)>,Robert C. Smith (political scientist),0.2775,0,1,1,0,1,0,0,0,0,0,0,0,[],false,false,false
<http://dbpedia.org/resource/Robert_Campbell_(frontiersman)>,Robert Campbell (frontiersman),0.2775,0,0,0,0,3,0,0,0,0,0,0,0,[],false,false,false
<http://dbpedia.org/resource/Mahmood_Anjir-Faghnawi>,Mahmood Anjir-Faghnawi,0.2775,1,1,2,0,0,0,0,0,0,0,0,0,[],false,false,false
<http://dbpedia.org/resource/Arvanites>,Arvanites,0.2775,0,0,0,0,0,0,1,0,0,0,0,0,[],false,false,false
<http://dbpedia.org/resource/David_Don>,David Don,0.2775,0,1,1,0,0,0,0,0,0,0,0,0,[],false,false,false
<http://dbpedia.org/resource/The_King's_Hospital>,The King's Hospital,0.2775,0,0,0,0,0,0,1,0,0,1,0,0,[],false,false,false
<http://dbpedia.org/resource/Vijayalakshmi_Ravindranath>,Vijayalakshmi Ravindranath,0.2775,0,0,0,2,1,0,0,0,0,0,0,0,[],false,false,false
<http://dbpedia.org/resource/Michael_E._Sobel>,Michael E. Sobel,0.2775,0,0,0,0,1,0,0,0,0,0,0,0,[],false,false,false
<http://dbpedia.org/resource/Stephen_J._Benkovic>,Stephen J. Benkovic,0.2775,1,0,1,3,0,0,0,0,0,0,0,0,[],false,false,false
<http://dbpedia.org/resource/Stephen_Turnham_Pratt>,Stephen Turnham Pratt,0.2775,0,0,0,2,2,0,0,0,0,0,0,0,[],false,false,false
<http://dbpedia.org/resource/Eduardo_Fermé>,Eduardo Fermé,0.2775,0,0,0,2,1,0,0,0,0,0,0,0,[],false,false,false
<http://dbpedia.org/resource/José_Mendes_(physicist)>,José Mendes (physicist),0.2775,0,0,0,1,5,0,0,0,0,0,0,0,[],false,false,false
<http://dbpedia.org/resource/Spanish_Communist_Workers'_Party_(1921)>,Spanish Communist Workers' Party (1921),0.2775,0,0,0,0,0,0,0,2,0,0,0,0,[],false,false,false
<http://dbpedia.org/resource/Jens_Arup_Seip>,Jens Arup Seip,0.2775,1,1,2,0,0,0,0,0,0,0,0,0,[],false,false,false
<http://dbpedia.org/resource/Tadeusz_Swietochowski>,Tadeusz Swietochowski,0.2775,0,0,0,2,1,0,0,0,0,0,0,0,[],false,false,false
<http://dbpedia.org/resource/Edward_Alfred_Minchin>,Edward Alfred Minchin,0.2775,0,1,1,1,2,0,0,0,0,0,0,0,[],false,false,false
<http://dbpedia.org/resource/Eric_von_Hippel>,Eric von Hippel,0.2775,0,0,0,3,2,0,0,0,0,0,0,0,[],false,false,false
<http://dbpedia.org/resource/Edward_Drinker_Cope>,Edward Drinker Cope,0.2775,1,1,2,0,1,0,0,0,0,0,0,0,[],false,false,false
<http://dbpedia.org/resource/Klaus_Fischer_(mathematician)>,Klaus Fischer (mathematician),0.2775,0,0,0,1,4,0,0,0,0,0,0,0,[],false,false,false
<http://dbpedia.org/resource/Johannes_Stark>,Johannes Stark,0.2775,0,0,0,1,1,0,0,0,0,0,0,0,[],false,false,false
<http://dbpedia.org/resource/Philipp_Koehn>,Philipp Koehn,0.2775,0,0,0,4,2,0,0,0,0,0,0,0,[],false,false,false
<http://dbpedia.org/resource/Daniel_Pauly>,Daniel Pauly,0.2775,0,0,0,1,5,0,0,0,0,0,0,0,[],false,false,false
<http://dbpedia.org/resource/Chauncey_Jerome>,Chauncey Jerome,0.2775,0,1,1,0,0,0,0,0,0,0,0,0,[],false,false,false
<http://dbpedia.org/resource/Data_General_Business_Basic__Data_General_Business_Basic__1>,Data General Business Basic  Data General Business Basic  1,0.2775,1,1,2,0,0,0,0,0,0,0,0,0,[],false,false,false
<http://dbpedia.org/resource/David_A._Kenny>,David A. Kenny,0.2775,0,0,0,0,1,0,0,0,0,0,0,0,[],false,false,false
<http://dbpedia.org/resource/David_B._Zilberman>,David B. Zilberman,0.2775,1,1,2,0,0,0,0,0,0,0,0,0,[],false,false,false
<http://dbpedia.org/resource/Hazrat_Babajan>,Hazrat Babajan,0.2775,1,1,2,0,0,0,0,0,0,0,0,0,[],false,false,false
<http://dbpedia.org/resource/Hebrew_Bible>,Hebrew Bible,0.2775,1,0,1,0,0,0,0,0,0,0,0,0,[],false,false,false
<http://dbpedia.org/resource/James_Sinclair_(botanist)>,James Sinclair (botanist),0.2775,0,1,1,1,0,0,0,0,0,0,0,0,[],false,false,false
<http://dbpedia.org/resource/William_Couper_(naturalist)>,William Couper (naturalist),0.2775,2,1,3,0,0,0,0,0,0,0,0,0,[],false,false,false
<http://dbpedia.org/resource/Steven_K._Feiner>,Steven K. Feiner,0.2775,0,0,0,1,1,0,0,0,0,0,0,0,[],false,false,false
<http://dbpedia.org/resource/Andy_Warhol>,Andy Warhol,0.2775,1,0,1,0,0,4,0,0,0,0,0,0,[Printmaking],false,false,false
<http://dbpedia.org/resource/Krista_S._Walton>,Krista S. Walton,0.2775,0,0,0,0,5,0,0,0,0,0,0,0,[],false,false,false
<http://dbpedia.org/resource/Kristian_Skrede_Gleditsch>,Kristian Skrede Gleditsch,0.2775,0,0,0,2,2,0,0,0,0,0,0,0,[],false,false,false
<http://dbpedia.org/resource/Albert_J._R._Heck>,Albert J. R. Heck,0.2775,0,0,0,1,1,0,0,0,0,0,0,0,[],false,false,false
<http://dbpedia.org/resource/Albert_Marcet>,Albert Marcet,0.2775,0,1,1,2,0,0,0,0,0,0,0,0,[Monetary economics],false,false,false
<http://dbpedia.org/resource/Potawatomi>,Potawatomi,0.2775,0,0,0,0,0,0,3,0,0,0,0,0,[],false,false,false
<http://dbpedia.org/resource/ThinBasic>,ThinBasic,0.2775,0,1,1,0,0,0,0,0,0,0,0,0,[],false,false,false
<http://dbpedia.org/resource/Structured_Query_Language>,Structured Query Language,0.2775,0,1,1,0,0,0,0,0,0,0,0,0,[],false,false,false
<http://dbpedia.org/resource/Élisabeth_Guazzelli>,Élisabeth Guazzelli,0.2775,0,0,0,2,2,0,0,0,0,0,0,0,[],false,false,false
<http://dbpedia.org/resource/Elisabeth_Gwinn>,Elisabeth Gwinn,0.2775,0,0,0,2,2,0,0,0,0,0,0,0,[],false,false,false
<http://dbpedia.org/resource/Gerardo_Chowell>,Gerardo Chowell,0.2775,0,0,0,0,1,0,0,0,0,0,0,0,[],false,false,false
<http://dbpedia.org/resource/Carlos_E._Chardón>,Carlos E. Chardón,0.2775,0,0,0,1,1,0,0,0,0,0,0,0,[],false,false,false
<http://dbpedia.org/resource/Colombian_Communist_Party>,Colombian Communist Party,0.2775,0,0,0,0,0,0,0,3,0,0,0,0,[],false,false,false
<http://dbpedia.org/resource/Carol_Alonso>,Carol Alonso,0.2775,0,0,0,3,5,0,0,0,0,0,0,0,[],false,false,false
<http://dbpedia.org/resource/Carol_Friedman>,Carol Friedman,0.2775,0,0,0,2,1,0,0,0,0,0,0,0,[],false,false,false
<http://dbpedia.org/resource/Carol_Trager-Cowan>,Carol Trager-Cowan,0.2775,1,0,1,3,0,0,0,0,0,0,0,0,[],false,false,false
<http://dbpedia.org/resource/Brian_Molloy_(botanist)>,Brian Molloy (botanist),0.2775,0,1,1,3,0,0,0,0,0,0,0,0,[],false,false,false
<http://dbpedia.org/resource/Thressa_Stadtman>,Thressa Stadtman,0.2775,0,0,0,2,2,0,0,0,0,0,0,0,[],false,false,false
<http://dbpedia.org/resource/Sabine_Hossenfelder>,Sabine Hossenfelder,0.2775,0,0,0,1,1,0,0,0,0,0,0,0,[],false,false,false
<http://dbpedia.org/resource/Stanley_Cohen_(biochemist)>,Stanley Cohen (biochemist),0.2775,0,0,0,3,1,0,0,0,0,0,0,0,[],false,false,false
<http://dbpedia.org/resource/Howard_Brandt>,Howard Brandt,0.2775,0,0,0,2,3,0,0,0,0,0,0,0,[],false,false,false
<http://dbpedia.org/resource/William_Keeton>,William Keeton,0.2775,0,0,0,3,2,0,0,0,0,0,0,0,[],false,false,false
<http://dbpedia.org/resource/Howard_Levi__Howard_Levi__1>,Howard Levi  Howard Levi  1,0.2775,0,0,0,1,1,0,0,0,0,0,0,0,[],false,false,false
<http://dbpedia.org/resource/Larry_Abbott>,Larry Abbott,0.2775,0,0,0,2,1,0,0,0,0,0,0,0,[],false,false,false
<http://dbpedia.org/resource/Robert_Williams_(English_chemist)>,Robert Williams (English chemist),0.2775,0,0,0,1,1,0,0,0,0,0,0,0,[],false,false,false
<http://dbpedia.org/resource/Harry_McSween>,Harry McSween,0.2775,0,0,0,2,1,0,0,0,0,0,0,0,[],false,false,false
<http://dbpedia.org/resource/William_Gasarch>,William Gasarch,0.2775,0,0,0,2,4,0,0,0,0,0,0,0,[],false,false,false
<http://dbpedia.org/resource/Harry_Swinney>,Harry Swinney,0.2775,0,0,0,2,2,0,0,0,0,0,0,0,[],false,false,false
<http://dbpedia.org/resource/Grigorii_Kozhevnikov>,Grigorii Kozhevnikov,0.2775,3,1,4,0,0,0,0,0,0,0,0,0,[],false,false,false
<http://dbpedia.org/resource/Yuri_Lazurkin>,Yuri Lazurkin,0.2775,0,0,0,0,1,0,0,0,0,0,0,0,[],false,false,false
<http://dbpedia.org/resource/Sergey_Fomin>,Sergey Fomin,0.2775,0,0,0,1,1,0,0,0,0,0,0,0,[],false,false,false
<http://dbpedia.org/resource/Günter_M._Ziegler>,Günter M. Ziegler,0.2775,0,0,0,1,2,0,0,0,0,0,0,0,[],false,false,false
<http://dbpedia.org/resource/Andor_Kertész_(mathematician)>,Andor Kertész (mathematician),0.2775,3,1,4,1,5,0,0,0,0,0,0,0,[],false,false,false
<http://dbpedia.org/resource/András_Rosztóczy>,András Rosztóczy,0.2775,0,1,1,1,1,0,0,0,0,0,0,0,[],false,false,false
<http://dbpedia.org/resource/Andrew_H._Van_de_Ven>,Andrew H. Van de Ven,0.2775,0,0,0,2,1,0,0,0,0,0,0,0,[],false,false,false
<http://dbpedia.org/resource/André_Guinier>,André Guinier,0.2775,0,0,0,1,5,0,0,0,0,0,0,0,[],false,false,false
<http://dbpedia.org/resource/Henri_Charrière>,Henri Charrière,0.2775,0,0,0,0,2,0,0,0,0,0,0,0,[],false,false,false
<http://dbpedia.org/resource/István_Rosztóczy>,István Rosztóczy,0.2775,2,1,3,1,1,0,0,0,0,0,0,0,[],false,false,false
<http://dbpedia.org/resource/Spaniards>,Spaniards,0.2775,0,0,0,0,0,0,1,0,0,0,0,0,[],false,false,false
<http://dbpedia.org/resource/Indian_Australians>,Indian Australians,0.2775,0,0,0,0,0,0,1,0,0,0,0,1,[],false,false,false
<http://dbpedia.org/resource/Indian_Tamils_of_Sri_Lanka>,Indian Tamils of Sri Lanka,0.2775,0,0,0,0,0,0,4,0,0,0,0,1,[],false,false,false
<http://dbpedia.org/resource/CorVision>,CorVision,0.2775,0,1,1,0,0,0,0,0,0,0,0,0,[],false,false,false
<http://dbpedia.org/resource/Adrian_Mole>,Adrian Mole,0.2775,0,0,0,0,0,0,1,0,0,0,0,0,[],false,false,false
<http://dbpedia.org/resource/Adrienne_Fairhall>,Adrienne Fairhall,0.2775,0,0,0,2,1,0,0,0,0,0,0,0,[],false,false,false
<http://dbpedia.org/resource/Larry_Wilson_(meteorologist)>,Larry Wilson (meteorologist),0.2775,0,1,1,1,1,0,0,0,0,0,0,0,[],false,false,false
<http://dbpedia.org/resource/Lars_Fredrik_Nilson>,Lars Fredrik Nilson,0.2775,0,0,0,1,1,0,0,0,0,0,0,0,[],false,false,false
<http://dbpedia.org/resource/Robert_Moir>,Robert Moir,0.2775,0,1,1,2,0,0,0,0,0,0,0,0,[],false,false,false
<http://dbpedia.org/resource/Gero_Decher>,Gero Decher,0.2775,0,0,0,1,3,0,0,0,0,0,0,0,[],false,false,false
<http://dbpedia.org/resource/Janet_Rideout>,Janet Rideout,0.2775,0,1,1,2,0,0,0,0,0,0,0,0,[],false,false,false
<http://dbpedia.org/resource/Ghassem_Amoabediny>,Ghassem Amoabediny,0.2775,0,0,0,0,2,0,0,0,0,0,0,0,[],false,false,false
<http://dbpedia.org/resource/Piney_Woods_Country_Life_School>,Piney Woods Country Life School,0.2775,0,0,0,0,0,0,1,0,0,0,0,0,[],false,false,false
<http://dbpedia.org/resource/Ji_Chaoding>,Ji Chaoding,0.2775,0,1,1,0,0,0,0,0,0,0,0,0,[],false,false,false
<http://dbpedia.org/resource/Karl_Hugo_Huppert>,Karl Hugo Huppert,0.2775,3,1,4,2,0,0,0,0,0,0,0,0,[],false,false,false
<http://dbpedia.org/resource/Stella_Chess>,Stella Chess,0.2775,0,1,1,0,1,0,0,0,0,0,0,0,[],false,false,false
<http://dbpedia.org/resource/Lawrence_A._Mysak>,Lawrence A. Mysak,0.2775,0,0,0,3,1,0,0,0,0,0,0,0,[],false,false,false
<http://dbpedia.org/resource/Michael_Lewis-Beck>,Michael Lewis-Beck,0.2775,0,0,0,2,3,0,0,0,0,0,0,0,[],false,false,false
<http://dbpedia.org/resource/Omaha_people>,Omaha people,0.2775,0,0,0,0,0,0,1,0,0,0,0,0,[],false,false,false
<http://dbpedia.org/resource/Hector_Clare_Cameron>,Hector Clare Cameron,0.2775,0,1,1,0,0,0,0,0,0,0,0,0,[],false,false,false
<http://dbpedia.org/resource/William_Blakely>,William Blakely,0.2775,0,1,1,0,0,0,0,0,0,0,0,0,[],false,false,false
<http://dbpedia.org/resource/July_Monarchy>,July Monarchy,0.2775,0,0,0,0,0,0,4,0,0,0,0,0,[],false,false,false
<http://dbpedia.org/resource/Robert_G._Bartle>,Robert G. Bartle,0.2775,0,0,0,1,1,0,0,0,0,0,0,0,[],false,false,false
<http://dbpedia.org/resource/Nathan_Paget>,Nathan Paget,0.2775,3,1,4,0,1,0,0,0,0,0,0,0,[],false,false,false
<http://dbpedia.org/resource/Danny_Cohen_(computer_scientist)>,Danny Cohen (computer scientist),0.2775,0,0,0,2,2,0,0,0,0,0,0,0,[],false,false,false
<http://dbpedia.org/resource/Yi_Zhang_(biochemist)>,Yi Zhang (biochemist),0.2775,0,0,0,0,4,0,0,0,0,0,0,0,[],false,false,false
<http://dbpedia.org/resource/Darcia_Narvaez>,Darcia Narvaez,0.2775,0,0,0,0,1,0,0,0,0,0,0,0,[],false,false,false
<http://dbpedia.org/resource/Lynn_Dalgarno>,Lynn Dalgarno,0.2775,0,0,0,1,1,0,0,0,0,0,0,0,[],false,false,false
<http://dbpedia.org/resource/T._N._Ananthakrishnan>,T. N. Ananthakrishnan,0.2775,0,1,1,1,0,0,0,0,0,0,0,0,[],false,false,false
<http://dbpedia.org/resource/M._Stanley_Whittingham>,M. Stanley Whittingham,0.2775,0,0,0,1,1,0,0,0,0,0,0,0,[],false,false,false
<http://dbpedia.org/resource/MACRO-11>,MACRO-11,0.2775,1,1,2,0,0,0,0,0,0,0,0,0,[],false,false,false
<http://dbpedia.org/resource/Georges_Friedel>,Georges Friedel,0.2775,0,0,0,0,3,0,0,0,0,0,0,0,[],false,false,false
<http://dbpedia.org/resource/François_Folie>,François Folie,0.2775,0,1,1,1,0,0,0,0,0,0,0,0,[],false,false,false
<http://dbpedia.org/resource/Georg_Lunge>,Georg Lunge,0.2775,0,0,0,2,1,0,0,0,0,0,0,0,[],false,false,false
<http://dbpedia.org/resource/Jun_Yu_(economist)>,Jun Yu (economist),0.2775,0,1,1,2,0,0,0,0,0,0,0,0,[Econometrics],false,false,false
<http://dbpedia.org/resource/Unicon_(programming_language)>,Unicon (programming language),0.2775,0,1,1,0,0,0,0,0,0,0,0,0,[],false,false,false
<http://dbpedia.org/resource/José_María_Hugo_de_la_Fuente_Morales>,José María Hugo de la Fuente Morales,0.2775,0,1,1,0,0,0,0,0,0,0,0,0,[],false,false,false
<http://dbpedia.org/resource/Ignaz_Semmelweis>,Ignaz Semmelweis,0.2775,0,1,1,2,1,0,0,0,0,0,0,0,[],false,false,false
<http://dbpedia.org/resource/Mikołaj_Bojańczyk>,Mikołaj Bojańczyk,0.2775,0,0,0,1,1,0,0,0,0,0,0,0,[],false,false,false
<http://dbpedia.org/resource/Mahmoud_Khatami>,Mahmoud Khatami,0.2775,0,1,1,0,0,0,0,0,0,0,0,0,[],false,false,false
<http://dbpedia.org/resource/Leonid_Vaserstein>,Leonid Vaserstein,0.2775,2,0,2,1,2,0,0,0,0,0,0,0,[],false,false,false
<http://dbpedia.org/resource/Mikhail_Lidov>,Mikhail Lidov,0.2775,0,0,0,1,1,0,0,0,0,0,0,0,[],false,false,false
<http://dbpedia.org/resource/Sergei_Rytov>,Sergei Rytov,0.2775,0,0,0,1,3,0,0,0,0,0,0,0,[],false,false,false
<http://dbpedia.org/resource/Wilhelm_Grube>,Wilhelm Grube,0.2775,0,0,0,0,1,0,0,0,0,0,0,0,[],false,false,false
<http://dbpedia.org/resource/Hans_Jenny_(pedologist)>,Hans Jenny (pedologist),0.2775,0,0,0,1,1,0,0,0,0,0,0,0,[],false,false,false
<http://dbpedia.org/resource/George_Armitage_Miller>,George Armitage Miller,0.2775,1,0,1,2,2,0,0,0,0,0,0,0,[],false,false,false
<http://dbpedia.org/resource/George_Bard_Ermentrout>,George Bard Ermentrout,0.2775,0,0,0,1,1,0,0,0,0,0,0,0,[],false,false,false
<http://dbpedia.org/resource/Henry_Paul_Hansen>,Henry Paul Hansen,0.2775,0,0,0,2,2,0,0,0,0,0,0,0,[],false,false,false
<http://dbpedia.org/resource/Gustave_Malécot>,Gustave Malécot,0.2775,0,0,0,1,1,0,0,0,0,0,0,0,[],false,false,false
"<http://dbpedia.org/resource/Episcopal_High_School_(Alexandria,_Virginia)>","Episcopal High School (Alexandria, Virginia)",0.2775,0,0,0,0,0,0,1,0,0,1,0,0,[],false,false,false
<http://dbpedia.org/resource/William_Aiton>,William Aiton,0.2775,1,1,2,0,1,0,0,0,0,0,0,0,[],false,false,false
"<http://dbpedia.org/resource/Mount_Saint_Mary_Academy_(Kenmore,_New_York)>","Mount Saint Mary Academy (Kenmore, New York)",0.2775,0,0,0,0,0,0,1,0,0,1,0,0,[],false,false,false
<http://dbpedia.org/resource/Archbishop_Hoban_High_School>,Archbishop Hoban High School,0.2775,0,0,0,0,0,0,1,0,0,1,0,0,[],false,false,false
<http://dbpedia.org/resource/Archibald_Donald>,Archibald Donald,0.2775,1,1,2,0,0,0,0,0,0,0,0,0,[],false,false,false
<http://dbpedia.org/resource/Ralph_H._Fowler>,Ralph H. Fowler,0.2775,0,0,0,1,6,0,0,0,0,0,0,0,[],false,false,false
<http://dbpedia.org/resource/Archie_Roy>,Archie Roy,0.2775,0,1,1,2,1,0,0,0,0,0,0,0,[],false,false,false
<http://dbpedia.org/resource/Tavistock_Clinic>,Tavistock Clinic,0.2775,1,0,1,0,0,0,0,0,0,1,0,0,[],false,false,false
<http://dbpedia.org/resource/Kameshwar_Poolla>,Kameshwar Poolla,0.2775,0,0,0,2,2,0,0,0,0,0,0,0,[],false,false,false
<http://dbpedia.org/resource/Kanta_Dihal>,Kanta Dihal,0.2775,0,0,0,2,4,0,0,0,0,0,0,0,[],false,false,false
<http://dbpedia.org/resource/Swahili_people>,Swahili people,0.2775,0,0,0,0,0,0,3,0,0,0,0,0,[],false,false,false
<http://dbpedia.org/resource/Maya_Deren>,Maya Deren,0.2775,0,0,0,0,0,3,0,0,0,0,0,0,"[Choreography, Film, Dancing]",false,false,false
<http://dbpedia.org/resource/Petr_Vaníček>,Petr Vaníček,0.2775,0,0,0,2,3,0,0,0,0,0,0,0,[],false,false,false
<http://dbpedia.org/resource/Erzsébet_Nováky>,Erzsébet Nováky,0.2775,0,1,1,1,0,0,0,0,0,0,0,0,[],false,false,false
<http://dbpedia.org/resource/Esko_Ukkonen>,Esko Ukkonen,0.2775,0,0,0,1,1,0,0,0,0,0,0,0,[],false,false,false
<http://dbpedia.org/resource/Mikko_Tuomi>,Mikko Tuomi,0.2775,0,1,1,1,2,0,0,0,0,0,0,0,[],false,false,false
<http://dbpedia.org/resource/Esmond_Emerson_Snell>,Esmond Emerson Snell,0.2775,0,0,0,0,4,0,0,0,0,0,0,0,[],false,false,false
<http://dbpedia.org/resource/Estate_Khmaladze>,Estate Khmaladze,0.2775,0,0,0,1,2,0,0,0,0,0,0,0,[],false,false,false
<http://dbpedia.org/resource/David_Karoly>,David Karoly,0.2775,0,0,0,3,2,0,0,0,0,0,0,0,[],false,false,false
<http://dbpedia.org/resource/Bernhard_Münz>,Bernhard Münz,0.2775,0,1,1,0,0,0,0,0,0,0,0,0,[],false,false,false
<http://dbpedia.org/resource/Margaret_Wise_Brown>,Margaret Wise Brown,0.2775,0,0,0,1,0,3,0,0,0,0,0,0,[],false,false,false
<http://dbpedia.org/resource/Eugene_O'Neill>,Eugene O'Neill,0.2775,1,0,1,0,0,0,0,0,0,0,0,0,[],false,false,false
<http://dbpedia.org/resource/Barbara_Jacak>,Barbara Jacak,0.2775,0,0,0,2,1,0,0,0,0,0,0,0,[],false,false,false
<http://dbpedia.org/resource/Helen_M._Berman>,Helen M. Berman,0.2775,1,0,1,2,0,0,0,0,0,0,0,0,[],false,false,false
<http://dbpedia.org/resource/Barbara_Low_(psychoanalyst)__Barbara_Low__1>,Barbara Low (psychoanalyst)  Barbara Low  1,0.2775,0,1,1,1,2,0,0,0,0,0,0,0,[],false,false,false
<http://dbpedia.org/resource/Margaret_Robinson>,Margaret Robinson,0.2775,0,0,0,2,1,0,0,0,0,0,0,0,[],false,false,false
<http://dbpedia.org/resource/Barnet_M._Levy>,Barnet M. Levy,0.2775,2,1,3,0,0,0,0,0,0,0,0,0,[],false,false,false
<http://dbpedia.org/resource/Neil_Siegel>,Neil Siegel,0.2775,0,0,0,1,5,0,0,0,0,0,0,0,[],false,false,false
<http://dbpedia.org/resource/Russians_in_Estonia>,Russians in Estonia,0.2775,0,0,0,0,0,0,1,0,0,0,0,1,[],false,false,false
<http://dbpedia.org/resource/Nancy_Kleckner>,Nancy Kleckner,0.2775,0,0,0,2,1,0,0,0,0,0,0,0,[],false,false,false
<http://dbpedia.org/resource/LOLCODE>,LOLCODE,0.2775,0,1,1,0,0,0,0,0,0,0,0,0,[],false,false,false
<http://dbpedia.org/resource/Lora_Aroyo>,Lora Aroyo,0.2775,0,0,0,1,1,0,0,0,0,0,0,0,[],false,false,false
<http://dbpedia.org/resource/Achilles_Gasser>,Achilles Gasser,0.2775,0,1,1,0,0,0,0,0,0,0,0,0,[],false,false,false
<http://dbpedia.org/resource/Loredana_Marcello>,Loredana Marcello,0.2775,0,1,1,0,1,0,0,0,0,0,0,0,[],false,false,false
<http://dbpedia.org/resource/Wolfgang_Steglich>,Wolfgang Steglich,0.2775,0,0,0,1,3,0,0,0,0,0,0,0,[],false,false,false
<http://dbpedia.org/resource/Max_Auerbach>,Max Auerbach,0.2775,0,1,1,0,0,0,0,0,0,0,0,0,[],false,false,false
<http://dbpedia.org/resource/Friends'_Central_School>,Friends' Central School,0.2775,0,0,0,0,0,0,1,0,0,1,0,0,[],false,false,false
<http://dbpedia.org/resource/Frisians>,Frisians,0.2775,0,0,0,0,0,0,3,0,0,0,0,1,[],false,false,false
<http://dbpedia.org/resource/Georges_J._F._Köhler>,Georges J. F. Köhler,0.2775,0,0,0,0,1,0,0,0,0,0,0,0,[],false,false,false
<http://dbpedia.org/resource/Fritz_Müller_(glaciologist)__Fritz_Müller__1>,Fritz Müller (glaciologist)  Fritz Müller  1,0.2775,0,1,1,1,2,0,0,0,0,0,0,0,[],false,false,false
<http://dbpedia.org/resource/Fulufhelo_Nelwamondo>,Fulufhelo Nelwamondo,0.2775,0,0,0,2,3,0,0,0,0,0,0,0,[],false,false,false
<http://dbpedia.org/resource/Fulvio_Melia>,Fulvio Melia,0.2775,0,0,0,2,3,0,0,0,0,0,0,0,[],false,false,false
<http://dbpedia.org/resource/Narayana_Guru>,Narayana Guru,0.2775,0,0,0,0,0,0,1,0,0,0,0,0,[],false,false,false
<http://dbpedia.org/resource/M._R._S._Rao>,M. R. S. Rao,0.2775,0,0,0,1,1,0,0,0,0,0,0,0,[],false,false,false
<http://dbpedia.org/resource/Barry_R._Bickmore>,Barry R. Bickmore,0.2775,0,0,0,1,1,0,0,0,0,0,0,0,[],false,false,false
<http://dbpedia.org/resource/Barry_Trost>,Barry Trost,0.2775,0,0,0,2,3,0,0,0,0,0,0,0,[],false,false,false
<http://dbpedia.org/resource/Bartel_Leendert_van_der_Waerden>,Bartel Leendert van der Waerden,0.2775,0,0,0,2,7,0,0,0,0,0,0,0,[],false,false,false
<http://dbpedia.org/resource/Peru>,Peru,0.2775,0,0,0,0,0,0,4,0,0,0,0,0,[],false,false,false
<http://dbpedia.org/resource/FLOW_(programming_language)>,FLOW (programming language),0.2775,0,1,1,0,0,0,0,0,0,0,0,0,[],false,false,false
<http://dbpedia.org/resource/Christian_Democracy_(Italy)>,Christian Democracy (Italy),0.2775,0,0,0,0,0,0,1,3,0,0,0,0,[],false,false,false
<http://dbpedia.org/resource/Copper_Inuit>,Copper Inuit,0.2775,0,0,0,0,0,0,2,0,0,0,0,0,[],false,false,false
<http://dbpedia.org/resource/Michael_Plank>,Michael Plank,0.2775,0,0,0,1,1,0,0,0,0,0,0,0,[],false,false,false
<http://dbpedia.org/resource/Brisbane_Adventist_College>,Brisbane Adventist College,0.2775,0,0,0,0,0,0,1,0,0,1,0,0,[],false,false,false
<http://dbpedia.org/resource/Bristol_Cathedral_Choir_School>,Bristol Cathedral Choir School,0.2775,0,0,0,0,0,0,1,0,0,1,0,0,[],false,false,false
<http://dbpedia.org/resource/British_Solomon_Islands>,British Solomon Islands,0.2775,0,0,0,0,0,0,2,0,0,0,0,0,[],false,false,false
<http://dbpedia.org/resource/Abulfeda>,Abulfeda,0.2775,0,1,1,0,0,0,0,0,0,0,0,0,[],false,false,false
<http://dbpedia.org/resource/Talha>,Talha,0.2775,0,0,0,0,0,0,1,0,0,0,0,0,[],false,false,false
<http://dbpedia.org/resource/Jeanne_Achterberg>,Jeanne Achterberg,0.2775,0,1,1,1,1,0,0,0,0,0,0,0,[],false,false,false
<http://dbpedia.org/resource/Jeay_Sindh_Muttahida_Mahaz>,Jeay Sindh Muttahida Mahaz,0.2775,0,0,0,0,0,0,0,2,0,0,0,0,[],false,false,false
<http://dbpedia.org/resource/Leon_M._Lederman>,Leon M. Lederman,0.2775,0,0,0,0,2,0,0,0,0,0,0,0,[],false,false,false
<http://dbpedia.org/resource/Armand_Mijares>,Armand Mijares,0.2775,0,0,0,3,1,0,0,0,0,0,0,0,[],false,false,false
<http://dbpedia.org/resource/Mohsen_Kadivar>,Mohsen Kadivar,0.2775,0,1,1,0,0,0,0,0,0,0,0,0,[],false,false,false
<http://dbpedia.org/resource/Sindh_Hari_Committee>,Sindh Hari Committee,0.2775,0,0,0,0,0,0,0,1,0,0,0,0,[],false,false,false
<http://dbpedia.org/resource/Martin_Lewis_Perl>,Martin Lewis Perl,0.2775,0,0,0,2,1,0,0,0,0,0,0,0,[],false,false,false
<http://dbpedia.org/resource/Deanna_M._Church>,Deanna M. Church,0.2775,0,0,0,1,1,0,0,0,0,0,0,0,[],false,false,false
<http://dbpedia.org/resource/Jennifer_Raff>,Jennifer Raff,0.2775,0,0,0,1,1,0,0,0,0,0,0,0,[],false,false,false
<http://dbpedia.org/resource/Benoît_Godin>,Benoît Godin,0.2775,0,1,1,0,0,0,0,0,0,0,0,0,[],false,false,false
<http://dbpedia.org/resource/Lydia_Cabrera>,Lydia Cabrera,0.2775,0,1,1,0,1,0,0,0,0,0,0,0,[],false,false,false
<http://dbpedia.org/resource/V.I._Lenin>,V.I. Lenin,0.2775,1,0,1,0,0,0,0,0,0,0,0,0,[],false,false,false
<http://dbpedia.org/resource/Devavrat_Shah>,Devavrat Shah,0.2775,0,0,0,2,2,0,0,0,0,0,0,0,[],false,false,false
<http://dbpedia.org/resource/Baloch_people>,Baloch people,0.2775,0,0,0,0,0,0,2,0,0,0,0,0,[],false,false,false
<http://dbpedia.org/resource/Banat_Bulgarians>,Banat Bulgarians,0.2775,0,0,0,0,0,0,1,0,0,0,0,1,[],false,false,false
"<http://dbpedia.org/resource/Bandaranayake_College,_Gampaha>","Bandaranayake College, Gampaha",0.2775,0,0,0,0,0,0,1,0,0,1,0,0,[],false,false,false
<http://dbpedia.org/resource/Lycée_Notre_Dame_de_Sion_Istanbul>,Lycée Notre Dame de Sion Istanbul,0.2775,0,0,0,0,0,0,1,0,0,1,0,0,[],false,false,false
<http://dbpedia.org/resource/Naomi_Meara>,Naomi Meara,0.2775,0,0,0,1,2,0,0,0,0,0,0,0,[],false,false,false
<http://dbpedia.org/resource/P._K._Iyengar>,P. K. Iyengar,0.2775,0,0,0,0,5,0,0,0,0,0,0,0,[],false,false,false
<http://dbpedia.org/resource/Edith_Hirsch_Luchins>,Edith Hirsch Luchins,0.2775,0,0,0,3,1,0,0,0,0,0,0,0,[],false,false,false
<http://dbpedia.org/resource/Edward_Henry_Sieveking>,Edward Henry Sieveking,0.2775,0,0,0,1,1,0,0,0,0,0,0,0,[],false,false,false
<http://dbpedia.org/resource/Edward_Hopkins_Jenkins>,Edward Hopkins Jenkins,0.2775,0,1,1,1,0,0,0,0,0,0,0,0,[],false,false,false
<http://dbpedia.org/resource/Klaus-Jürgen_Bathe>,Klaus-Jürgen Bathe,0.2775,0,0,0,3,2,0,0,0,0,0,0,0,[],false,false,false
<http://dbpedia.org/resource/Sheila_Scott_Macintyre>,Sheila Scott Macintyre,0.2775,0,0,0,3,1,0,0,0,0,0,0,0,[],false,false,false
<http://dbpedia.org/resource/Edward_Neuman>,Edward Neuman,0.2775,0,0,0,1,1,0,0,0,0,0,0,0,[],false,false,false
<http://dbpedia.org/resource/John_Goodricke>,John Goodricke,0.2775,0,1,1,0,1,0,0,0,0,0,0,0,[],false,false,false
<http://dbpedia.org/resource/Kelly_A._Frazer>,Kelly A. Frazer,0.2775,0,0,0,1,1,0,0,0,0,0,0,0,[],false,false,false
<http://dbpedia.org/resource/Joel_Emer>,Joel Emer,0.2775,0,0,0,2,1,0,0,0,0,0,0,0,[],false,false,false
<http://dbpedia.org/resource/Nia_Imara>,Nia Imara,0.2775,1,0,1,2,0,0,0,0,0,0,0,0,[],false,false,false
<http://dbpedia.org/resource/Sobibor_extermination_camp>,Sobibor extermination camp,0.2775,0,0,0,0,1,0,0,0,0,0,0,0,[],false,false,false
<http://dbpedia.org/resource/Leon_Kamin>,Leon Kamin,0.2775,0,0,0,0,3,0,0,0,0,0,0,0,[],false,false,false
<http://dbpedia.org/resource/Wiktor_Eckhaus>,Wiktor Eckhaus,0.2775,0,0,0,1,2,0,0,0,0,0,0,0,[],false,false,false
<http://dbpedia.org/resource/Leon_van_der_Torre>,Leon van der Torre,0.2775,0,0,0,1,2,0,0,0,0,0,0,0,[],false,false,false
<http://dbpedia.org/resource/Di_Gribble>,Di Gribble,0.2775,0,0,0,0,2,0,0,0,0,0,0,0,[],false,false,false
<http://dbpedia.org/resource/Diamantveld_High_School>,Diamantveld High School,0.2775,0,0,0,0,0,0,1,0,0,1,0,0,[],false,false,false
<http://dbpedia.org/resource/Peter_Hujar>,Peter Hujar,0.2775,1,1,2,0,0,0,0,0,0,0,0,0,[],false,false,false
<http://dbpedia.org/resource/Benedykt_Dybowski>,Benedykt Dybowski,0.2775,0,0,0,1,1,0,0,0,0,0,0,0,[],false,false,false
<http://dbpedia.org/resource/Benito_Mussolini>,Benito Mussolini,0.2775,1,0,1,0,0,0,0,0,0,0,0,0,[],false,false,false
<http://dbpedia.org/resource/Seth_Carlo_Chandler>,Seth Carlo Chandler,0.2775,0,1,1,0,1,0,0,0,0,0,0,0,[],false,false,false
<http://dbpedia.org/resource/Donniel_Hartman>,Donniel Hartman,0.2775,0,1,1,0,0,0,0,0,0,0,0,0,[],false,false,false
<http://dbpedia.org/resource/Jonathan_McCollum>,Jonathan McCollum,0.2775,0,1,1,3,1,0,0,0,0,0,0,0,[],false,false,false
<http://dbpedia.org/resource/Antoine_Augustin_Cournot>,Antoine Augustin Cournot,0.2775,2,1,3,1,2,0,0,0,0,0,0,0,[],false,false,false
<http://dbpedia.org/resource/Jean-Étienne_Guettard>,Jean-Étienne Guettard,0.2775,0,2,2,0,0,0,0,0,0,0,0,0,[],false,false,false
<http://dbpedia.org/resource/Partia_e_Fortë>,Partia e Fortë,0.2775,0,0,0,0,0,0,0,7,0,0,0,0,[],false,false,false
<http://dbpedia.org/resource/Mandatory_Palestine>,Mandatory Palestine,0.2775,0,0,0,0,0,0,5,0,0,0,0,0,[],false,false,false
<http://dbpedia.org/resource/William_A._Catterall>,William A. Catterall,0.2775,0,1,1,2,1,0,0,0,0,0,0,0,[],false,false,false
<http://dbpedia.org/resource/Nelson_Cowan>,Nelson Cowan,0.2775,0,0,0,0,3,0,0,0,0,0,0,0,[],false,false,false
<http://dbpedia.org/resource/Martin_C._J._Maiden>,Martin C. J. Maiden,0.2775,0,0,0,0,1,0,0,0,0,0,0,0,[],false,false,false
<http://dbpedia.org/resource/Martin_D._Dawson>,Martin D. Dawson,0.2775,0,0,0,1,1,0,0,0,0,0,0,0,[],false,false,false
<http://dbpedia.org/resource/Martin_Deutsch>,Martin Deutsch,0.2775,0,0,0,1,1,0,0,0,0,0,0,0,[],false,false,false
<http://dbpedia.org/resource/Susan_Nolen-Hoeksema>,Susan Nolen-Hoeksema,0.2775,0,0,0,2,2,0,0,0,0,0,0,0,[],false,false,false
<http://dbpedia.org/resource/Martin_Feinberg>,Martin Feinberg,0.2775,0,0,0,3,1,0,0,0,0,0,0,0,[],false,false,false
"<http://dbpedia.org/resource/Saint_Ignatius'_College,_Adelaide>","Saint Ignatius' College, Adelaide",0.2775,0,0,0,0,0,0,1,0,0,1,0,0,[],false,false,false
<http://dbpedia.org/resource/Franz_Hermann_Schulze-Delitzsch>,Franz Hermann Schulze-Delitzsch,0.2775,4,2,6,2,0,0,0,0,0,0,0,0,"[Microfinance, Microeconomics]",false,false,false
<http://dbpedia.org/resource/Ferdinand_Magellan>,Ferdinand Magellan,0.2775,0,0,0,0,3,0,0,0,0,0,0,0,[],false,false,false
<http://dbpedia.org/resource/African_diaspora>,African diaspora,0.2775,0,0,0,0,0,0,4,0,0,0,0,0,[],false,false,false
"<http://dbpedia.org/resource/Queen_Margaret's_School,_York>","Queen Margaret's School, York",0.2775,0,0,0,0,0,0,1,0,0,0,0,0,[],false,false,false
<http://dbpedia.org/resource/Agnes_Pockels>,Agnes Pockels,0.2775,0,1,1,0,1,0,0,0,0,0,0,0,[],false,false,false
<http://dbpedia.org/resource/John_Leonard_Watling>,John Leonard Watling,0.2775,0,1,1,0,0,0,0,0,0,0,0,0,[],false,false,false
<http://dbpedia.org/resource/Lucian_Pye>,Lucian Pye,0.2775,0,1,1,0,0,0,0,0,0,0,0,0,[],false,false,false
<http://dbpedia.org/resource/Gabriel_Dover>,Gabriel Dover,0.2775,0,0,0,2,1,0,0,0,0,0,0,0,[],false,false,false
<http://dbpedia.org/resource/Raymond_J._Carroll>,Raymond J. Carroll,0.2775,0,0,0,2,2,0,0,0,0,0,0,0,[],false,false,false
<http://dbpedia.org/resource/Raymond_Ogden>,Raymond Ogden,0.2775,0,0,0,1,2,0,0,0,0,0,0,0,[],false,false,false
<http://dbpedia.org/resource/Raymond_W._Yeung>,Raymond W. Yeung,0.2775,0,0,0,0,2,0,0,0,0,0,0,0,[],false,false,false
<http://dbpedia.org/resource/Manuel_Isaías_López>,Manuel Isaías López,0.2775,0,1,1,2,0,0,0,0,0,0,0,0,[],false,false,false
<http://dbpedia.org/resource/Teófilo_Herrera_Suárez>,Teófilo Herrera Suárez,0.2775,0,0,0,1,1,0,0,0,0,0,0,0,[],false,false,false
<http://dbpedia.org/resource/Japanese_people>,Japanese people,0.2775,0,0,0,0,0,0,7,0,0,0,0,0,[],false,false,false
<http://dbpedia.org/resource/Synge_Street_CBS>,Synge Street CBS,0.2775,0,0,0,0,0,0,1,0,0,1,0,0,[],false,false,false
"<http://dbpedia.org/resource/St._Britto_High_School,_Mapusa>","St. Britto High School, Mapusa",0.2775,0,0,0,0,0,0,1,0,0,1,0,0,[],false,false,false
<http://dbpedia.org/resource/Felicjan_Sypniewski__Felicjan_Sypniewski__1>,Felicjan Sypniewski  Felicjan Sypniewski  1,0.2775,2,1,3,0,0,0,0,0,0,0,0,0,[],false,false,false
<http://dbpedia.org/resource/Marc_Jeannerod>,Marc Jeannerod,0.2775,0,0,0,1,1,0,0,0,0,0,0,0,[],false,false,false
<http://dbpedia.org/resource/Marc_Potenza>,Marc Potenza,0.2775,0,0,0,0,1,0,0,0,0,0,0,0,[],false,false,false
<http://dbpedia.org/resource/James_Cordy>,James Cordy,0.2775,0,0,0,2,4,0,0,0,0,0,0,0,[],false,false,false
<http://dbpedia.org/resource/Alice_Blanche_Balfour>,Alice Blanche Balfour,0.2775,0,1,1,0,0,0,0,0,0,0,0,0,[],false,false,false
<http://dbpedia.org/resource/Margaret_Marrs>,Margaret Marrs,0.2775,0,1,1,1,2,0,0,0,0,0,0,0,[],false,false,false
<http://dbpedia.org/resource/Andrew_Henry_(fur_trader)>,Andrew Henry (fur trader),0.2775,0,0,0,0,2,0,0,0,0,0,0,0,[],false,false,false
<http://dbpedia.org/resource/Andrew_Lawrence_(astronomer)>,Andrew Lawrence (astronomer),0.2775,0,0,0,0,1,0,0,0,0,0,0,0,[],false,false,false
<http://dbpedia.org/resource/Andrew_McCallum>,Andrew McCallum,0.2775,0,0,0,2,1,0,0,0,0,0,0,0,[],false,false,false
<http://dbpedia.org/resource/Ken_Nakayama>,Ken Nakayama,0.2775,0,0,0,2,2,0,0,0,0,0,0,0,[],false,false,false
<http://dbpedia.org/resource/Donald_G._Paterson>,Donald G. Paterson,0.2775,0,0,0,1,3,0,0,0,0,0,0,0,[],false,false,false
<http://dbpedia.org/resource/Thomas_H._Heaton>,Thomas H. Heaton,0.2775,0,0,0,1,1,0,0,0,0,0,0,0,[],false,false,false
<http://dbpedia.org/resource/Elliott_Organick>,Elliott Organick,0.2775,0,0,0,1,1,0,0,0,0,0,0,0,[],false,false,false
<http://dbpedia.org/resource/Oliver_John>,Oliver John,0.2775,0,0,0,1,1,0,0,0,0,0,0,0,[],false,false,false
<http://dbpedia.org/resource/Lexemuel_Ray_Hesler>,Lexemuel Ray Hesler,0.2775,0,0,0,0,1,0,0,0,0,0,0,0,[],false,false,false
"<http://dbpedia.org/resource/Liberty_Party_(United_States,_1840)>","Liberty Party (United States, 1840)",0.2775,0,0,0,0,0,0,0,1,0,0,0,0,[],false,false,false
<http://dbpedia.org/resource/Korwin-Mikke>,Korwin-Mikke,0.2775,0,1,1,0,0,0,0,0,0,0,0,0,[],false,false,false
<http://dbpedia.org/resource/Peter_Montgomery_(mathematician)>,Peter Montgomery (mathematician),0.2775,0,0,0,2,3,0,0,0,0,0,0,0,[],false,false,false
<http://dbpedia.org/resource/David_G._Cory>,David G. Cory,0.2775,0,0,0,1,4,0,0,0,0,0,0,0,[],false,false,false
<http://dbpedia.org/resource/Marin_Soljačić>,Marin Soljačić,0.2775,0,0,0,1,2,0,0,0,0,0,0,0,[],false,false,false
<http://dbpedia.org/resource/Radical_Civic_Union>,Radical Civic Union,0.2775,0,0,0,0,0,0,0,3,0,0,0,0,[],false,false,false
<http://dbpedia.org/resource/Giuseppe_Chirichiello>,Giuseppe Chirichiello,0.2775,0,1,1,0,0,0,0,0,0,0,0,0,[],false,false,false
<http://dbpedia.org/resource/Gábor_Kornél_Tolnai>,Gábor Kornél Tolnai,0.2775,0,0,0,1,6,0,0,0,0,0,0,0,[],false,false,false
<http://dbpedia.org/resource/Short_Code_(computer_language)>,Short Code (computer language),0.2775,2,1,3,0,0,0,0,0,0,0,0,0,[],false,false,false
<http://dbpedia.org/resource/Queenswood_School>,Queenswood School,0.2775,0,0,0,0,0,0,1,0,0,0,0,0,[],false,false,false
<http://dbpedia.org/resource/Gary_Kohlman>,Gary Kohlman,0.2775,1,0,1,2,0,0,0,0,0,0,0,0,[],false,false,false
<http://dbpedia.org/resource/Gilbert_Gee>,Gilbert Gee,0.2775,0,0,0,0,2,0,0,0,0,0,0,0,[],false,false,false
<http://dbpedia.org/resource/Gilbert_Gottlieb>,Gilbert Gottlieb,0.2775,0,0,0,1,2,0,0,0,0,0,0,0,[],false,false,false
<http://dbpedia.org/resource/Hamish_Watson_(paediatrician)>,Hamish Watson (paediatrician),0.2775,0,1,1,1,1,0,0,0,0,0,0,0,[],false,false,false
<http://dbpedia.org/resource/Lithuanian_Jews>,Lithuanian Jews,0.2775,0,0,0,0,0,0,1,0,0,0,0,0,[],false,false,false
<http://dbpedia.org/resource/Liguri_Mosulishvili>,Liguri Mosulishvili,0.2775,0,0,0,1,4,0,0,0,0,0,0,0,[],false,false,false
<http://dbpedia.org/resource/Mary_Jo_Ondrechen>,Mary Jo Ondrechen,0.2775,0,0,0,2,1,0,0,0,0,0,0,0,[],false,false,false
<http://dbpedia.org/resource/Mohammad_Sal_Moslehian>,Mohammad Sal Moslehian,0.2775,0,0,0,0,1,0,0,0,0,0,0,0,[],false,false,false
<http://dbpedia.org/resource/Richard_Alley>,Richard Alley,0.2775,0,0,0,2,3,0,0,0,0,0,0,0,[],false,false,false
<http://dbpedia.org/resource/Charles_R._Drew>,Charles R. Drew,0.2775,0,0,0,3,2,0,0,0,0,0,0,0,[],false,false,false
<http://dbpedia.org/resource/Kiyoo_Wadati>,Kiyoo Wadati,0.2775,0,1,1,1,1,0,0,0,0,0,0,0,[],false,false,false
<http://dbpedia.org/resource/Ada_Yonath>,Ada Yonath,0.2775,0,0,0,2,1,0,0,0,0,0,0,0,[],false,false,false
<http://dbpedia.org/resource/Polish_Socialist_Party>,Polish Socialist Party,0.2775,0,0,0,0,0,0,0,2,0,0,0,0,[],false,false,false
<http://dbpedia.org/resource/VIPLE>,VIPLE,0.2775,0,1,1,0,0,0,0,0,0,0,0,0,[],false,false,false
<http://dbpedia.org/resource/Miguel_Ondetti>,Miguel Ondetti,0.2775,0,0,0,1,1,0,0,0,0,0,0,0,[],false,false,false
<http://dbpedia.org/resource/Mika_McKinnon>,Mika McKinnon,0.2775,0,0,0,2,2,0,0,0,0,0,0,0,[],false,false,false
<http://dbpedia.org/resource/Nigel_Gilbert>,Nigel Gilbert,0.2775,1,0,1,1,2,0,0,0,0,0,0,0,[],false,false,false
<http://dbpedia.org/resource/Olga_Tufnell>,Olga Tufnell,0.2775,0,1,1,0,1,0,0,0,0,0,0,0,[],false,false,false
<http://dbpedia.org/resource/Mark_Galassi>,Mark Galassi,0.2775,0,0,0,2,1,0,0,0,0,0,0,0,[],false,false,false
<http://dbpedia.org/resource/Hillel_Zeitlin>,Hillel Zeitlin,0.2775,1,1,2,0,0,0,0,0,0,0,0,0,[],false,false,false
<http://dbpedia.org/resource/Hiroaki_Terao>,Hiroaki Terao,0.2775,0,0,0,2,1,0,0,0,0,0,0,0,[],false,false,false
<http://dbpedia.org/resource/Steven_M._Weinreb>,Steven M. Weinreb,0.2775,0,0,0,2,1,0,0,0,0,0,0,0,[],false,false,false
<http://dbpedia.org/resource/Maria_Angela_Ardinghelli>,Maria Angela Ardinghelli,0.2775,0,1,1,0,1,0,0,0,0,0,0,0,[],false,false,false
<http://dbpedia.org/resource/Wolfgang_Pree>,Wolfgang Pree,0.2775,0,0,0,1,1,0,0,0,0,0,0,0,[],false,false,false
<http://dbpedia.org/resource/Mexican_Fascist_Party>,Mexican Fascist Party,0.2775,0,0,0,0,0,0,1,2,0,0,0,0,[],false,false,false
<http://dbpedia.org/resource/Jean-Marie_Lehn>,Jean-Marie Lehn,0.2775,1,0,1,1,1,0,0,0,0,0,0,0,[],false,false,false
<http://dbpedia.org/resource/Raoul_Wallenberg>,Raoul Wallenberg,0.2775,0,0,0,1,1,0,0,0,0,0,0,0,[],false,false,false
<http://dbpedia.org/resource/Gwen_Alston>,Gwen Alston,0.2775,0,0,0,2,1,0,0,0,0,0,0,0,[],false,false,false
<http://dbpedia.org/resource/Jen-Chieh_Peng>,Jen-Chieh Peng,0.2775,0,0,0,1,1,0,0,0,0,0,0,0,[],false,false,false
<http://dbpedia.org/resource/James_Van_Allen>,James Van Allen,0.2775,1,0,1,0,2,0,0,0,0,0,0,0,[],false,false,false
<http://dbpedia.org/resource/Jovan_Kantul>,Jovan Kantul,0.2775,0,0,0,0,0,0,1,0,0,0,0,0,[],false,false,false
<http://dbpedia.org/resource/Dan_Ariely>,Dan Ariely,0.2775,0,0,0,3,1,0,0,0,0,0,0,0,[],false,false,false
<http://dbpedia.org/resource/Allama_Iqbal>,Allama Iqbal,0.2775,3,0,3,0,0,0,0,0,0,0,0,0,[],false,false,false
<http://dbpedia.org/resource/Alfred_Saupe>,Alfred Saupe,0.2775,0,0,0,1,3,0,0,0,0,0,0,0,[],false,false,false
<http://dbpedia.org/resource/Richard_Daintree>,Richard Daintree,0.2775,0,0,0,0,1,0,0,0,0,0,0,0,[],false,false,false
<http://dbpedia.org/resource/Ellen_Spertus>,Ellen Spertus,0.2775,0,0,0,0,2,0,0,0,0,0,0,0,[],false,false,false
<http://dbpedia.org/resource/Linda_B._Buck>,Linda B. Buck,0.2775,0,0,0,2,1,0,0,0,0,0,0,0,[],false,false,false
<http://dbpedia.org/resource/Elliott_Waters_Montroll>,Elliott Waters Montroll,0.2775,0,0,0,1,2,0,0,0,0,0,0,0,[],false,false,false
<http://dbpedia.org/resource/Thomas_Todhunter_Shields>,Thomas Todhunter Shields,0.2775,0,1,1,0,0,0,0,0,0,0,0,0,[],false,false,false
<http://dbpedia.org/resource/Levizja_Çohu>,Levizja Çohu,0.2775,0,0,0,0,0,0,0,6,0,0,0,0,[],false,false,false
<http://dbpedia.org/resource/Avraham_Biran>,Avraham Biran,0.2775,0,0,0,1,2,0,0,0,0,0,0,0,[],false,false,false
<http://dbpedia.org/resource/Avraham_Trahtman>,Avraham Trahtman,0.2775,0,0,0,1,1,0,0,0,0,0,0,0,[],false,false,false
<http://dbpedia.org/resource/Sara_Jaffee>,Sara Jaffee,0.2775,0,0,0,0,1,0,0,0,0,0,0,0,[],false,false,false
<http://dbpedia.org/resource/Awlad_Sidi_Shaykh>,Awlad Sidi Shaykh,0.2775,0,0,0,0,0,0,1,0,0,0,0,0,[],false,false,false
<http://dbpedia.org/resource/Leo_Brewer>,Leo Brewer,0.2775,0,0,0,2,1,0,0,0,0,0,0,0,[],false,false,false
<http://dbpedia.org/resource/Saint-Jean_de_Passy>,Saint-Jean de Passy,0.2775,0,0,0,0,0,0,1,0,0,1,0,0,[],false,false,false
<http://dbpedia.org/resource/St_Benedict's_College_(Liverpool)>,St Benedict's College (Liverpool),0.2775,0,0,0,0,0,0,1,0,0,1,0,0,[],false,false,false
<http://dbpedia.org/resource/Michael_Gerzon>,Michael Gerzon,0.2775,0,1,1,1,5,0,0,0,0,0,0,0,[],false,false,false
<http://dbpedia.org/resource/Raymond_O._Faulkner>,Raymond O. Faulkner,0.2775,0,2,2,2,0,0,0,0,0,0,0,0,[],false,false,false
<http://dbpedia.org/resource/Arthur_T._Benjamin>,Arthur T. Benjamin,0.2775,0,0,0,0,1,0,0,0,0,0,0,0,[],false,false,false
<http://dbpedia.org/resource/Alan_J._Heeger>,Alan J. Heeger,0.2775,0,0,0,2,1,0,0,0,0,0,0,0,[],false,false,false
<http://dbpedia.org/resource/Alan_R._Bishop>,Alan R. Bishop,0.2775,0,1,1,2,0,0,0,0,0,0,0,0,[],false,false,false
<http://dbpedia.org/resource/Cleopatra_the_Alchemist>,Cleopatra the Alchemist,0.2775,0,1,1,0,0,0,0,0,0,0,0,0,[],false,false,false
<http://dbpedia.org/resource/Matthew_P._Scott>,Matthew P. Scott,0.2775,1,0,1,1,1,0,0,0,0,0,0,0,[],false,false,false
<http://dbpedia.org/resource/David_Fairchild>,David Fairchild,0.2775,0,1,1,0,0,0,0,0,0,0,0,0,[],false,false,false
<http://dbpedia.org/resource/Byron>,Byron,0.2775,1,0,1,0,0,0,0,0,0,0,0,0,[],false,false,false
<http://dbpedia.org/resource/FpgaC>,FpgaC,0.2775,0,2,2,0,0,0,0,0,0,0,0,0,[],false,false,false
<http://dbpedia.org/resource/Impulse_C>,Impulse C,0.2775,0,2,2,0,0,0,0,0,0,0,0,0,[],false,false,false
<http://dbpedia.org/resource/G._N._Ramachandran>,G. N. Ramachandran,0.2775,0,0,0,4,1,0,0,0,0,0,0,0,[],false,false,false
<http://dbpedia.org/resource/Mingming_Wu>,Mingming Wu,0.2775,0,0,0,2,4,0,0,0,0,0,0,0,[],false,false,false
<http://dbpedia.org/resource/Ferdinand_von_Lindemann>,Ferdinand von Lindemann,0.2775,0,0,0,1,2,0,0,0,0,0,0,0,[],false,false,false
<http://dbpedia.org/resource/Mário_A._Perini>,Mário A. Perini,0.2775,0,0,0,0,1,0,0,0,0,0,0,0,[],false,false,false
<http://dbpedia.org/resource/Preston_Cloud>,Preston Cloud,0.2775,0,0,0,2,3,0,0,0,0,0,0,0,[],false,false,false
<http://dbpedia.org/resource/C._V._Subramanian>,C. V. Subramanian,0.2775,0,0,0,0,1,0,0,0,0,0,0,0,[],false,false,false
<http://dbpedia.org/resource/Wolfgang_Amadeus_Mozart>,Wolfgang Amadeus Mozart,0.2775,1,0,1,0,0,0,0,0,0,0,0,0,[],false,false,false
<http://dbpedia.org/resource/De_La_Salle_College_(Malta)>,De La Salle College (Malta),0.2775,0,0,0,0,0,0,2,0,0,1,0,0,[],false,false,false
<http://dbpedia.org/resource/De_La_Salle_College_(Toronto)>,De La Salle College (Toronto),0.2775,0,0,0,0,0,0,2,0,0,1,0,0,[],false,false,false
<http://dbpedia.org/resource/Mariel_Vázquez>,Mariel Vázquez,0.2775,0,0,0,1,1,0,0,0,0,0,0,0,[],false,false,false
<http://dbpedia.org/resource/Josh_Willis>,Josh Willis,0.2775,0,0,0,1,1,0,0,0,0,0,0,0,[],false,false,false
<http://dbpedia.org/resource/French_National-Collectivist_Party>,French National-Collectivist Party,0.2775,0,0,0,0,0,0,0,10,0,0,0,0,[],false,false,false
<http://dbpedia.org/resource/Jan_D._Achenbach>,Jan D. Achenbach,0.2775,0,0,0,2,1,0,0,0,0,0,0,0,[],false,false,false
<http://dbpedia.org/resource/Chia-Shun_Yih>,Chia-Shun Yih,0.2775,0,0,0,2,1,0,0,0,0,0,0,0,[],false,false,false
<http://dbpedia.org/resource/Chickasaw>,Chickasaw,0.2775,0,0,0,0,0,0,1,0,0,0,0,0,[],false,false,false
<http://dbpedia.org/resource/Brad_McRae>,Brad McRae,0.2775,0,0,0,1,4,0,0,0,0,0,0,0,[],false,false,false
<http://dbpedia.org/resource/C._Venkataraman_Sundaram>,C. Venkataraman Sundaram,0.2775,0,0,0,0,1,0,0,0,0,0,0,0,[],false,false,false
<http://dbpedia.org/resource/Latinka_Perović>,Latinka Perović,0.2775,0,1,1,2,0,0,0,0,0,0,0,0,[],false,false,false
<http://dbpedia.org/resource/David_Sulzer>,David Sulzer,0.2775,0,0,0,3,5,0,0,0,0,0,0,0,[],false,false,false
<http://dbpedia.org/resource/J._Michael_Kosterlitz>,J. Michael Kosterlitz,0.2775,0,0,0,2,2,0,0,0,0,0,0,0,[],false,false,false
<http://dbpedia.org/resource/Meinrad_Busslinger>,Meinrad Busslinger,0.2775,0,0,0,2,1,0,0,0,0,0,0,0,[],false,false,false
<http://dbpedia.org/resource/Robert_Tienwen_Chien>,Robert Tienwen Chien,0.2775,0,0,0,2,2,0,0,0,0,0,0,0,[],false,false,false
<http://dbpedia.org/resource/Maxim_Gorky>,Maxim Gorky,0.2775,0,0,0,0,0,4,0,0,0,0,0,0,[],false,false,false
<http://dbpedia.org/resource/R._Palmer_Beasley>,R. Palmer Beasley,0.2775,0,0,0,1,2,0,0,0,0,0,0,0,[],false,false,false
<http://dbpedia.org/resource/Aditi_Sen_De>,Aditi Sen De,0.2775,0,0,0,3,1,0,0,0,0,0,0,0,[],false,false,false
<http://dbpedia.org/resource/Admir_Masic>,Admir Masic,0.2775,0,1,1,1,0,0,0,0,0,0,0,0,[],false,false,false
<http://dbpedia.org/resource/James_Henry_Breasted>,James Henry Breasted,0.2775,0,0,0,0,2,0,0,0,0,0,0,0,[],false,false,false
<http://dbpedia.org/resource/Zlatko_Tesanovic>,Zlatko Tesanovic,0.2775,8,1,9,2,0,0,0,0,0,0,0,0,[],false,false,false
<http://dbpedia.org/resource/Spanish_Communist_Party>,Spanish Communist Party,0.2775,0,0,0,0,0,0,0,2,0,0,0,0,[],false,false,false
<http://dbpedia.org/resource/Colony_Framework>,Colony Framework,0.2775,0,1,1,0,0,0,0,0,0,0,0,0,[],false,false,false
<http://dbpedia.org/resource/Jo_Phelan>,Jo Phelan,0.2775,0,0,0,0,1,0,0,0,0,0,0,0,[],false,false,false
<http://dbpedia.org/resource/Joseph_Kitagawa>,Joseph Kitagawa,0.2775,0,1,1,0,0,0,0,0,0,0,0,0,[],false,false,false
<http://dbpedia.org/resource/Tomasz_Robert_Taylor>,Tomasz Robert Taylor,0.2775,0,0,0,1,1,0,0,0,0,0,0,0,[],false,false,false
<http://dbpedia.org/resource/Zdzisław_Bubnicki>,Zdzisław Bubnicki,0.2775,0,0,0,1,5,0,0,0,0,0,0,0,[],false,false,false
<http://dbpedia.org/resource/Giani_Stuparich>,Giani Stuparich,0.2775,0,1,1,0,0,0,0,0,0,0,0,0,[],false,false,false
<http://dbpedia.org/resource/Minnehaha_Academy>,Minnehaha Academy,0.2775,0,0,0,0,0,0,1,0,0,1,0,0,[],false,false,false
<http://dbpedia.org/resource/Mitchell_Joachim>,Mitchell Joachim,0.2775,0,0,0,3,3,0,0,0,0,0,0,0,[],false,false,false
<http://dbpedia.org/resource/Mitio_Nagumo>,Mitio Nagumo,0.2775,0,0,0,1,3,0,0,0,0,0,0,0,[],false,false,false
<http://dbpedia.org/resource/Mitsuo_Tasumi>,Mitsuo Tasumi,0.2775,0,0,0,1,2,0,0,0,0,0,0,0,[],false,false,false
<http://dbpedia.org/resource/Samuel_Buss>,Samuel Buss,0.2775,0,0,0,2,1,0,0,0,0,0,0,0,[],false,false,false
<http://dbpedia.org/resource/Laurie_Glimcher>,Laurie Glimcher,0.2775,0,1,1,0,0,0,0,0,0,0,0,0,[],false,false,false
<http://dbpedia.org/resource/Roman_Glazman>,Roman Glazman,0.2775,3,0,3,0,0,0,0,0,0,0,0,0,[],false,false,false
<http://dbpedia.org/resource/Socialist_Workers_Party_(United_States)>,Socialist Workers Party (United States),0.2775,0,0,0,0,0,0,0,3,0,0,0,0,[],false,false,false
<http://dbpedia.org/resource/Leet_(programming_language)>,Leet (programming language),0.2775,0,1,1,0,0,0,0,0,0,0,0,0,[],false,false,false
<http://dbpedia.org/resource/ProvideX>,ProvideX,0.2775,0,1,1,0,0,0,0,0,0,0,0,0,[],false,false,false
<http://dbpedia.org/resource/Telugu_people>,Telugu people,0.2775,0,0,0,0,0,0,4,0,0,0,0,0,[],false,false,false
<http://dbpedia.org/resource/Randall_Kamien>,Randall Kamien,0.2775,0,0,0,2,3,0,0,0,0,0,0,0,[],false,false,false
<http://dbpedia.org/resource/Hannah_Ritchie>,Hannah Ritchie,0.2775,0,0,0,1,1,0,0,0,0,0,0,0,[],false,false,false
<http://dbpedia.org/resource/David_Resnik>,David Resnik,0.2775,0,0,0,0,1,0,0,0,0,0,0,0,[],false,false,false
<http://dbpedia.org/resource/Sarah_E._Gergel>,Sarah E. Gergel,0.2775,0,0,0,1,1,0,0,0,0,0,0,0,[],false,false,false
<http://dbpedia.org/resource/Moreau_Catholic_High_School>,Moreau Catholic High School,0.2775,0,0,0,0,0,0,2,0,0,1,0,0,[],false,false,false
<http://dbpedia.org/resource/Social_Democratic_Workers'_Party_of_Germany>,Social Democratic Workers' Party of Germany,0.2775,0,0,0,0,0,0,0,3,0,0,0,0,[],false,false,false
<http://dbpedia.org/resource/Ibn_al-Adami>,Ibn al-Adami,0.2775,2,1,3,0,0,0,0,0,0,0,0,0,[],false,false,false
<http://dbpedia.org/resource/Marcey_Waters>,Marcey Waters,0.2775,0,0,0,1,7,0,0,0,0,0,0,0,[],false,false,false
<http://dbpedia.org/resource/Marina_Abramović>,Marina Abramović,0.2775,1,0,1,0,0,0,0,0,0,0,0,0,[],false,false,false
<http://dbpedia.org/resource/John_Richard_Farre>,John Richard Farre,0.2775,0,1,1,0,1,0,0,0,0,0,0,0,[],false,false,false
<http://dbpedia.org/resource/John_D._Hawks>,John D. Hawks,0.2775,0,0,0,2,1,0,0,0,0,0,0,0,[],false,false,false
<http://dbpedia.org/resource/John_Dalton>,John Dalton,0.2775,1,1,2,0,0,0,0,0,0,0,0,0,[],false,false,false
<http://dbpedia.org/resource/Michael_Hanack>,Michael Hanack,0.2775,0,0,0,1,2,0,0,0,0,0,0,0,[],false,false,false
<http://dbpedia.org/resource/R._Graham_Cooks>,R. Graham Cooks,0.2775,0,0,0,2,1,0,0,0,0,0,0,0,[],false,false,false
<http://dbpedia.org/resource/Liberal_Party_of_Sri_Lanka>,Liberal Party of Sri Lanka,0.2775,0,0,0,0,0,0,0,1,0,0,0,0,[],false,false,false
<http://dbpedia.org/resource/Hermann_Oppenheim>,Hermann Oppenheim,0.2775,0,0,0,0,1,0,0,0,0,0,0,0,[],false,false,false
<http://dbpedia.org/resource/Otto_Finsch>,Otto Finsch,0.2775,0,1,1,0,0,0,0,0,0,0,0,0,[],false,false,false
<http://dbpedia.org/resource/Paul_Flory>,Paul Flory,0.2775,0,0,0,2,11,0,0,0,0,0,0,0,[],false,false,false
<http://dbpedia.org/resource/Hertha_Wambacher>,Hertha Wambacher,0.2775,0,0,0,0,1,0,0,0,0,0,0,0,[],false,false,false
<http://dbpedia.org/resource/Hideki_Sakurai>,Hideki Sakurai,0.2775,0,0,0,1,1,0,0,0,0,0,0,0,[],false,false,false
<http://dbpedia.org/resource/Uncle_Sargam>,Uncle Sargam,0.2775,0,0,0,0,0,0,1,0,0,0,0,0,[],false,false,false
<http://dbpedia.org/resource/Fateh_Singh_Rathore>,Fateh Singh Rathore,0.2775,2,1,3,2,0,0,0,0,0,0,0,0,[],false,false,false
<http://dbpedia.org/resource/Father_Judge_High_School>,Father Judge High School,0.2775,0,0,0,0,0,0,1,0,0,1,0,0,[],false,false,false
<http://dbpedia.org/resource/Andre_Vincent>,Andre Vincent,0.2775,0,1,1,0,0,0,0,0,0,0,0,0,[],false,false,false
<http://dbpedia.org/resource/Kikuo_Arakawa>,Kikuo Arakawa,0.2775,0,1,1,1,2,0,0,0,0,0,0,0,[],false,false,false
"<http://dbpedia.org/resource/St_Joseph's_College,_Gregory_Terrace>","St Joseph's College, Gregory Terrace",0.2775,0,0,0,0,0,0,1,0,0,3,0,0,[],false,false,false
<http://dbpedia.org/resource/Billy_Bunter>,Billy Bunter,0.2775,0,0,0,0,0,0,1,0,0,0,0,0,[],false,false,false
<http://dbpedia.org/resource/Wayne_Osgood>,Wayne Osgood,0.2775,0,0,0,0,1,0,0,0,0,0,0,0,[],false,false,false
<http://dbpedia.org/resource/Elisabeth_Noelle-Neumann>,Elisabeth Noelle-Neumann,0.2775,0,0,0,2,2,0,0,0,0,0,0,0,[],false,false,false
<http://dbpedia.org/resource/Elizabeth_Gardner_(physicist)>,Elizabeth Gardner (physicist),0.2775,0,0,0,0,1,0,0,0,0,0,0,0,[],false,false,false
<http://dbpedia.org/resource/Elizabeth_Hill_Boone>,Elizabeth Hill Boone,0.2775,0,1,1,2,3,0,0,0,0,0,0,0,[],false,false,false
<http://dbpedia.org/resource/Jean_Bernard_(physician)>,Jean Bernard (physician),0.2775,0,1,1,0,0,0,0,0,0,0,0,0,[],false,false,false
<http://dbpedia.org/resource/Karl_Georg_Christian_von_Staudt>,Karl Georg Christian von Staudt,0.2775,3,1,4,1,1,0,0,0,0,0,0,0,[],false,false,false
<http://dbpedia.org/resource/Ernest_Lawrence>,Ernest Lawrence,0.2775,0,0,0,4,4,0,0,0,0,0,0,0,[],false,false,false
<http://dbpedia.org/resource/Massoud_Pedram>,Massoud Pedram,0.2775,0,0,0,2,1,0,0,0,0,0,0,0,[],false,false,false
<http://dbpedia.org/resource/Ernest_Thiele>,Ernest Thiele,0.2775,0,0,0,3,1,0,0,0,0,0,0,0,[],false,false,false
<http://dbpedia.org/resource/Ernest_William_Goodpasture>,Ernest William Goodpasture,0.2775,0,0,0,2,1,0,0,0,0,0,0,0,[],false,false,false
<http://dbpedia.org/resource/Philippa_Fawcett>,Philippa Fawcett,0.2775,0,0,0,1,1,0,0,0,0,0,0,0,[],false,false,false
<http://dbpedia.org/resource/Erwin_Stresemann>,Erwin Stresemann,0.2775,2,1,3,0,0,0,0,0,0,0,0,0,[],false,false,false
<http://dbpedia.org/resource/Horst_Ludwig_Störmer>,Horst Ludwig Störmer,0.2775,0,0,0,2,1,0,0,0,0,0,0,0,[],false,false,false
<http://dbpedia.org/resource/Jakob_Yngvason>,Jakob Yngvason,0.2775,0,0,0,1,3,0,0,0,0,0,0,0,[],false,false,false
<http://dbpedia.org/resource/Hans-Rudolf_Wiedemann>,Hans-Rudolf Wiedemann,0.2775,0,0,0,0,1,0,0,0,0,0,0,0,[],false,false,false
<http://dbpedia.org/resource/Nib_Soehendra>,Nib Soehendra,0.2775,1,1,2,1,1,0,0,0,0,0,0,0,[],false,false,false
<http://dbpedia.org/resource/Hanumant_Shankar_Sawant>,Hanumant Shankar Sawant,0.2775,0,0,0,1,1,0,0,0,0,0,0,0,[],false,false,false
<http://dbpedia.org/resource/Klaus_Schmidt_(archaeologist)>,Klaus Schmidt (archaeologist),0.2775,0,0,0,2,1,0,0,0,0,0,0,0,[],false,false,false
<http://dbpedia.org/resource/Harari_people>,Harari people,0.2775,0,0,0,0,0,0,1,0,0,0,0,1,[],false,false,false
<http://dbpedia.org/resource/John_Bockris>,John Bockris,0.2775,0,0,0,0,4,0,0,0,0,0,0,0,[],false,false,false
<http://dbpedia.org/resource/Nathaniel_J._Fisch>,Nathaniel J. Fisch,0.2775,0,1,1,0,0,0,0,0,0,0,0,0,[],false,false,false
<http://dbpedia.org/resource/Jonathan_Wren>,Jonathan Wren,0.2775,0,0,0,2,2,0,0,0,0,0,0,0,[],false,false,false
<http://dbpedia.org/resource/Daniel_Chamovitz>,Daniel Chamovitz,0.2775,0,0,0,4,3,0,0,0,0,0,0,0,[],false,false,false
<http://dbpedia.org/resource/Benjamin_Galluzzo>,Benjamin Galluzzo,0.2775,0,0,0,1,1,0,0,0,0,0,0,0,[],false,false,false
<http://dbpedia.org/resource/Benjamin_Graham>,Benjamin Graham,0.2775,9,0,9,1,0,0,0,0,0,0,0,0,[],false,false,false
<http://dbpedia.org/resource/Benjamin_Lincoln_Robinson>,Benjamin Lincoln Robinson,0.2775,1,0,1,1,0,0,0,0,0,0,0,0,[],false,false,false
<http://dbpedia.org/resource/Benjamin_Simons>,Benjamin Simons,0.2775,0,0,0,1,1,0,0,0,0,0,0,0,[],false,false,false
<http://dbpedia.org/resource/Bennet_Murdock>,Bennet Murdock,0.2775,0,0,0,1,1,0,0,0,0,0,0,0,[],false,false,false
<http://dbpedia.org/resource/Joshua_Correll>,Joshua Correll,0.2775,0,0,0,1,1,0,0,0,0,0,0,0,[],false,false,false
<http://dbpedia.org/resource/Carl_Landwehr>,Carl Landwehr,0.2775,0,0,0,2,1,0,0,0,0,0,0,0,[],false,false,false
<http://dbpedia.org/resource/Julius_Axelrod>,Julius Axelrod,0.2775,0,0,0,5,1,0,0,0,0,0,0,0,[],false,false,false
<http://dbpedia.org/resource/Ruth_Kanfer>,Ruth Kanfer,0.2775,0,0,0,4,4,0,0,0,0,0,0,0,[],false,false,false
<http://dbpedia.org/resource/Antoni_Andrzejowski>,Antoni Andrzejowski,0.2775,0,0,0,0,2,0,0,0,0,0,0,0,[],false,false,false
<http://dbpedia.org/resource/Abdul_Razaque>,Abdul Razaque,0.2775,0,0,0,2,1,0,0,0,0,0,0,0,[],false,false,false
<http://dbpedia.org/resource/Gang_Chen_(engineer)>,Gang Chen (engineer),0.2775,0,0,0,2,2,0,0,0,0,0,0,0,[],false,false,false
<http://dbpedia.org/resource/Anthony_Finkelstein>,Anthony Finkelstein,0.2775,0,0,0,3,1,0,0,0,0,0,0,0,[],false,false,false
<http://dbpedia.org/resource/William_E._Castle>,William E. Castle,0.2775,1,1,2,0,1,0,0,0,0,0,0,0,[],false,false,false
<http://dbpedia.org/resource/Tadatsugu_Taniguchi>,Tadatsugu Taniguchi,0.2775,0,0,0,2,2,0,0,0,0,0,0,0,[],false,false,false
<http://dbpedia.org/resource/Nicole_Leeper_Piquero>,Nicole Leeper Piquero,0.2775,0,0,0,1,1,0,0,0,0,0,0,0,[],false,false,false
<http://dbpedia.org/resource/Giordano_Dell'Amore>,Giordano Dell'Amore,0.2775,0,1,1,0,0,0,0,0,0,0,0,0,[],false,false,false
<http://dbpedia.org/resource/Seth_Darst>,Seth Darst,0.2775,0,0,0,1,1,0,0,0,0,0,0,0,[],false,false,false
<http://dbpedia.org/resource/Matthias_Mann>,Matthias Mann,0.2775,0,0,0,0,1,0,0,0,0,0,0,0,[],false,false,false
<http://dbpedia.org/resource/Walter_Murray_Wonham>,Walter Murray Wonham,0.2775,0,0,0,2,2,0,0,0,0,0,0,0,[],false,false,false
<http://dbpedia.org/resource/Reginald_Aldworth_Daly>,Reginald Aldworth Daly,0.2775,1,0,1,2,0,0,0,0,0,0,0,0,[],false,false,false
<http://dbpedia.org/resource/Robert_Willard_Hodgson>,Robert Willard Hodgson,0.2775,0,1,1,0,2,0,0,0,0,0,0,0,[],false,false,false
<http://dbpedia.org/resource/John_Everett_Millais>,John Everett Millais,0.2775,0,0,0,0,0,2,0,0,0,0,0,0,[Printmaking],false,false,false
<http://dbpedia.org/resource/Bruce_Wampold>,Bruce Wampold,0.2775,0,0,0,3,1,0,0,0,0,0,0,0,[],false,false,false
<http://dbpedia.org/resource/Bruce_Western>,Bruce Western,0.2775,0,0,0,0,1,0,0,0,0,0,0,0,[],false,false,false
<http://dbpedia.org/resource/Philip_Kutzko>,Philip Kutzko,0.2775,0,0,0,1,1,0,0,0,0,0,0,0,[],false,false,false
<http://dbpedia.org/resource/Donald_O._Hebb>,Donald O. Hebb,0.2775,1,0,1,3,1,0,0,0,0,0,0,0,[],false,false,false
<http://dbpedia.org/resource/Joseph_G._Gall>,Joseph G. Gall,0.2775,3,0,3,1,1,0,0,0,0,0,0,0,[],false,false,false
<http://dbpedia.org/resource/Bobby_Wilson_(mathematician)>,Bobby Wilson (mathematician),0.2775,0,0,0,1,3,0,0,0,0,0,0,0,[],false,false,false
<http://dbpedia.org/resource/Michał_Misiurewicz>,Michał Misiurewicz,0.2775,0,0,0,1,1,0,0,0,0,0,0,0,[],false,false,false
<http://dbpedia.org/resource/Imamate_of_Futa_Jallon>,Imamate of Futa Jallon,0.2775,0,0,0,0,0,0,1,0,0,0,0,0,[],false,false,false
<http://dbpedia.org/resource/Diego_Krapf>,Diego Krapf,0.2775,0,0,0,1,2,0,0,0,0,0,0,0,[],false,false,false
<http://dbpedia.org/resource/Notre_Dame_Academy_(Staten_Island)>,Notre Dame Academy (Staten Island),0.2775,0,0,0,0,0,0,1,0,0,1,0,0,[],false,false,false
<http://dbpedia.org/resource/Jack_Minker>,Jack Minker,0.2775,1,0,1,3,0,0,0,0,0,0,0,0,[],false,false,false
<http://dbpedia.org/resource/Durbanville_High_School>,Durbanville High School,0.2775,0,0,0,0,0,0,1,0,0,2,0,0,[],false,false,false
<http://dbpedia.org/resource/Polly_Strong>,Polly Strong,0.2775,0,0,0,0,2,0,0,0,0,0,0,0,[],false,false,false
<http://dbpedia.org/resource/Leslie_Kish>,Leslie Kish,0.2775,0,0,0,2,1,0,0,0,0,0,0,0,[],false,false,false
<http://dbpedia.org/resource/Gary_M._Mavko>,Gary M. Mavko,0.2775,0,0,0,2,3,0,0,0,0,0,0,0,[],false,false,false
<http://dbpedia.org/resource/Villa_Victoria_Academy>,Villa Victoria Academy,0.2775,0,0,0,0,0,0,1,0,0,1,0,0,[],false,false,false
<http://dbpedia.org/resource/Ana_Achúcarro>,Ana Achúcarro,0.2775,0,0,0,2,2,0,0,0,0,0,0,0,[],false,false,false
<http://dbpedia.org/resource/Josef_Gitelson>,Josef Gitelson,0.2775,0,0,0,2,4,0,0,0,0,0,0,0,[],false,false,false
<http://dbpedia.org/resource/Oskar_Minkowski>,Oskar Minkowski,0.2775,1,1,2,0,2,0,0,0,0,0,0,0,[],false,false,false
<http://dbpedia.org/resource/Muhammad_ibn_Zakariya_al-Razi>,Muhammad ibn Zakariya al-Razi,0.2775,1,1,2,0,0,0,0,0,0,0,0,0,[],false,false,false
<http://dbpedia.org/resource/North_Kalimantan_Communist_Party>,North Kalimantan Communist Party,0.2775,0,0,0,0,0,0,0,1,0,0,0,0,[],false,false,false
<http://dbpedia.org/resource/Nikolay_Korobov>,Nikolay Korobov,0.2775,0,0,0,1,1,0,0,0,0,0,0,0,[],false,false,false
<http://dbpedia.org/resource/Issa_(clan)>,Issa (clan),0.2775,0,0,0,0,0,0,1,0,0,0,0,1,[],false,false,false
<http://dbpedia.org/resource/Atul_Butte>,Atul Butte,0.2775,0,0,0,2,1,0,0,0,0,0,0,0,[],false,false,false
<http://dbpedia.org/resource/Audrey_Butt_Colson>,Audrey Butt Colson,0.2775,1,1,2,1,0,0,0,0,0,0,0,0,[],false,false,false
<http://dbpedia.org/resource/August_Bournonville>,August Bournonville,0.2775,0,0,0,0,1,0,0,0,0,0,0,0,[],false,false,false
<http://dbpedia.org/resource/August_Freund>,August Freund,0.2775,0,0,0,1,1,0,0,0,0,0,0,0,[],false,false,false
<http://dbpedia.org/resource/Ernst_Stueckelberg>,Ernst Stueckelberg,0.2775,0,0,0,0,5,0,0,0,0,0,0,0,[],false,false,false
<http://dbpedia.org/resource/August_Wöhler>,August Wöhler,0.2775,0,0,0,0,2,0,0,0,0,0,0,0,[],false,false,false
<http://dbpedia.org/resource/Paul_Brouardel>,Paul Brouardel,0.2775,0,1,1,0,0,0,0,0,0,0,0,0,[],false,false,false
<http://dbpedia.org/resource/Francesco_Faà_di_Bruno__Francesco_Faà_di_Bruno__1>,Francesco Faà di Bruno  Francesco Faà di Bruno  1,0.2775,0,0,0,1,4,0,0,0,0,0,0,0,[],false,false,false
<http://dbpedia.org/resource/Władysław_Turowicz>,Władysław Turowicz,0.2775,1,0,1,2,2,0,0,0,0,0,0,0,[],false,false,false
<http://dbpedia.org/resource/Maroons>,Maroons,0.2775,0,0,0,0,0,0,1,0,0,0,0,2,[],false,false,false
<http://dbpedia.org/resource/Catherine_Nakalembe>,Catherine Nakalembe,0.2775,0,0,0,3,2,0,0,0,0,0,0,0,[],false,false,false
<http://dbpedia.org/resource/Tova_Milo>,Tova Milo,0.2775,0,0,0,1,2,0,0,0,0,0,0,0,[],false,false,false
<http://dbpedia.org/resource/Norman_Percy_Allen>,Norman Percy Allen,0.2775,0,0,0,1,1,0,0,0,0,0,0,0,[],false,false,false
<http://dbpedia.org/resource/PLANC>,PLANC,0.2775,0,1,1,0,0,0,0,0,0,0,0,0,[],false,false,false
<http://dbpedia.org/resource/Norma_Ford_Walker>,Norma Ford Walker,0.2775,1,0,1,1,2,0,0,0,0,0,0,0,[],false,false,false
<http://dbpedia.org/resource/Cosma_Shalizi>,Cosma Shalizi,0.2775,0,0,0,2,1,0,0,0,0,0,0,0,[],false,false,false
<http://dbpedia.org/resource/Ziva_David>,Ziva David,0.2775,0,0,0,0,0,0,1,0,0,0,0,0,[],false,false,false
<http://dbpedia.org/resource/Dahomey>,Dahomey,0.2775,0,0,0,0,0,0,1,0,0,0,0,0,[],false,false,false
<http://dbpedia.org/resource/Fosco_Maraini>,Fosco Maraini,0.2775,0,1,1,0,1,0,0,0,0,0,0,0,[],false,false,false
<http://dbpedia.org/resource/Fran_Balkwill>,Fran Balkwill,0.2775,1,0,1,2,0,0,0,0,0,0,0,0,[],false,false,false
"<http://dbpedia.org/resource/St_Dominic's_Priory_College,_Adelaide>","St Dominic's Priory College, Adelaide",0.2775,0,0,0,0,0,0,1,0,0,1,0,0,[],false,false,false
<http://dbpedia.org/resource/National_Socialist_League_(United_States)>,National Socialist League (United States),0.2775,0,0,0,0,0,0,0,3,0,0,0,0,[],false,false,false
<http://dbpedia.org/resource/Inform__1–6__1>,Inform  1–6  1,0.2775,0,1,1,0,0,0,0,0,0,0,0,0,[],false,false,false
<http://dbpedia.org/resource/Navin_M._Singhi>,Navin M. Singhi,0.2775,0,0,0,1,2,0,0,0,0,0,0,0,[],false,false,false
<http://dbpedia.org/resource/Jonathan_Smallwood>,Jonathan Smallwood,0.2775,0,0,0,1,1,0,0,0,0,0,0,0,[],false,false,false
<http://dbpedia.org/resource/John_W._Cahn>,John W. Cahn,0.2775,1,0,1,2,1,0,0,0,0,0,0,0,[],false,false,false
<http://dbpedia.org/resource/John_W._Farley>,John W. Farley,0.2775,0,0,0,0,3,0,0,0,0,0,0,0,[],false,false,false
<http://dbpedia.org/resource/Gilbert_Daniel_Nessim>,Gilbert Daniel Nessim,0.2775,0,0,0,1,3,0,0,0,0,0,0,0,[],false,false,false
<http://dbpedia.org/resource/Carl_von_Than>,Carl von Than,0.2775,0,0,0,0,1,0,0,0,0,0,0,0,[],false,false,false
<http://dbpedia.org/resource/Carl_Wagner>,Carl Wagner,0.2775,0,0,0,0,2,0,0,0,0,0,0,0,[],false,false,false
<http://dbpedia.org/resource/Robert_Thurman>,Robert Thurman,0.2775,1,0,1,3,0,0,0,0,0,0,0,0,[],false,false,false
<http://dbpedia.org/resource/Walter_Scott>,Walter Scott,0.2775,2,0,2,1,0,0,0,0,0,0,0,0,[],false,false,false
<http://dbpedia.org/resource/Jane_Ye>,Jane Ye,0.2775,0,0,0,1,1,0,0,0,0,0,0,0,[],false,false,false
<http://dbpedia.org/resource/Socialist_Revolutionary_Party>,Socialist Revolutionary Party,0.2775,0,0,0,0,0,0,0,5,0,0,0,0,[],false,false,false
<http://dbpedia.org/resource/Sally_Haslanger>,Sally Haslanger,0.2775,0,1,1,0,0,0,0,0,0,0,0,0,[],false,false,false
<http://dbpedia.org/resource/Buddy_Ratner>,Buddy Ratner,0.2775,0,0,0,2,2,0,0,0,0,0,0,0,[],false,false,false
<http://dbpedia.org/resource/Neena_Schwartz>,Neena Schwartz,0.2775,0,0,0,2,2,0,0,0,0,0,0,0,[],false,false,false
<http://dbpedia.org/resource/State_Peace_and_Development_Council>,State Peace and Development Council,0.2775,0,0,0,0,0,0,1,0,0,0,0,0,[],false,false,false
<http://dbpedia.org/resource/Kiowa>,Kiowa,0.2775,0,0,0,0,0,0,2,0,0,0,0,0,[],false,false,false
<http://dbpedia.org/resource/Kim_Kyu-won>,Kim Kyu-won,0.2775,0,0,0,1,2,0,0,0,0,0,0,0,[],false,false,false
<http://dbpedia.org/resource/Kim_Nasmyth>,Kim Nasmyth,0.2775,0,0,0,2,1,0,0,0,0,0,0,0,[],false,false,false
<http://dbpedia.org/resource/Carl_Cotman>,Carl Cotman,0.2775,0,0,0,1,1,0,0,0,0,0,0,0,[],false,false,false
<http://dbpedia.org/resource/Seth_Neddermeyer>,Seth Neddermeyer,0.2775,0,0,0,2,2,0,0,0,0,0,0,0,[],false,false,false
<http://dbpedia.org/resource/Ferdinand_Ritter_von_Hebra>,Ferdinand Ritter von Hebra,0.2775,0,1,1,0,1,0,0,0,0,0,0,0,[],false,false,false
<http://dbpedia.org/resource/Christoph_Gudermann>,Christoph Gudermann,0.2775,0,0,0,1,2,0,0,0,0,0,0,0,[],false,false,false
<http://dbpedia.org/resource/William_J._McGuire>,William J. McGuire,0.2775,0,1,1,0,2,0,0,0,0,0,0,0,[],false,false,false
<http://dbpedia.org/resource/Theodor_Escherich>,Theodor Escherich,0.2775,0,0,0,3,1,0,0,0,0,0,0,0,[],false,false,false
<http://dbpedia.org/resource/David_Brumley>,David Brumley,0.2775,0,0,0,3,1,0,0,0,0,0,0,0,[],false,false,false
<http://dbpedia.org/resource/David_C._Jewitt>,David C. Jewitt,0.2775,0,0,0,1,1,0,0,0,0,0,0,0,[],false,false,false
<http://dbpedia.org/resource/David_C._Muddiman>,David C. Muddiman,0.2775,0,0,0,0,1,0,0,0,0,0,0,0,[],false,false,false
<http://dbpedia.org/resource/Minerva_Cordero>,Minerva Cordero,0.2775,0,0,0,3,1,0,0,0,0,0,0,0,[],false,false,false
<http://dbpedia.org/resource/Albanian_Fascist_Party>,Albanian Fascist Party,0.2775,0,0,0,0,0,0,0,6,0,0,0,0,[],false,false,false
<http://dbpedia.org/resource/Albanians>,Albanians,0.2775,0,0,0,0,0,0,5,0,0,0,0,1,[],false,false,false
<http://dbpedia.org/resource/Albert_Academy>,Albert Academy,0.2775,0,0,0,0,0,0,1,0,0,1,0,0,[],false,false,false
<http://dbpedia.org/resource/Ivan_Đaja>,Ivan Đaja,0.2775,0,1,1,1,1,0,0,0,0,0,0,0,[],false,false,false
<http://dbpedia.org/resource/George_Murdock>,George Murdock,0.2775,0,0,0,0,2,0,0,0,0,0,0,0,[],false,false,false
<http://dbpedia.org/resource/Caroline_Pellew>,Caroline Pellew,0.2775,1,1,2,0,0,0,0,0,0,0,0,0,[],false,false,false
<http://dbpedia.org/resource/Caroline_Rhys_Davids>,Caroline Rhys Davids,0.2775,0,1,1,1,0,0,0,0,0,0,0,0,[],false,false,false
<http://dbpedia.org/resource/Caroline_S._Hill>,Caroline S. Hill,0.2775,1,0,1,1,0,0,0,0,0,0,0,0,[],false,false,false
<http://dbpedia.org/resource/Olof_Swartz>,Olof Swartz,0.2775,0,0,0,1,1,0,0,0,0,0,0,0,[],false,false,false
<http://dbpedia.org/resource/Fred_Allison>,Fred Allison,0.2775,0,0,0,2,2,0,0,0,0,0,0,0,[],false,false,false
<http://dbpedia.org/resource/Jonas_Obleser>,Jonas Obleser,0.2775,0,0,0,0,3,0,0,0,0,0,0,0,[],false,false,false
<http://dbpedia.org/resource/Carver_Mead>,Carver Mead,0.2775,1,0,1,0,0,0,0,0,0,0,0,0,[],false,false,false
<http://dbpedia.org/resource/Vincent_Browne>,Vincent Browne,0.2775,0,0,0,1,1,0,0,0,0,0,0,0,[],false,false,false
<http://dbpedia.org/resource/Kenneth_Stanley>,Kenneth Stanley,0.2775,0,0,0,1,1,0,0,0,0,0,0,0,[],false,false,false
<http://dbpedia.org/resource/Richard_Blanton>,Richard Blanton,0.2775,0,0,0,1,1,0,0,0,0,0,0,0,[],false,false,false
<http://dbpedia.org/resource/Kenya_African_National_Union>,Kenya African National Union,0.2775,0,0,0,0,0,0,0,2,0,0,0,0,[],false,false,false
<http://dbpedia.org/resource/Robion_Kirby>,Robion Kirby,0.2775,0,0,0,1,2,0,0,0,0,0,0,0,[],false,false,false
<http://dbpedia.org/resource/Kingdom_of_Romania>,Kingdom of Romania,0.2775,0,0,0,0,0,0,1,0,0,0,0,0,[],false,false,false
<http://dbpedia.org/resource/Kiriti_Roy>,Kiriti Roy,0.2775,0,0,0,0,0,0,1,0,0,0,0,0,[],false,false,false
<http://dbpedia.org/resource/Nina_Dyakonova>,Nina Dyakonova,0.2775,0,1,1,1,2,0,0,0,0,0,0,0,[],false,false,false
<http://dbpedia.org/resource/Ernst_Ruska>,Ernst Ruska,0.2775,0,0,0,2,1,0,0,0,0,0,0,0,[],false,false,false
<http://dbpedia.org/resource/Erwin_Bünning>,Erwin Bünning,0.2775,1,1,2,0,0,0,0,0,0,0,0,0,[],false,false,false
<http://dbpedia.org/resource/Erwin_Ding-Schuler>,Erwin Ding-Schuler,0.2775,0,0,0,0,1,0,0,0,0,0,0,0,[],false,false,false
<http://dbpedia.org/resource/Erwin_Lutwak>,Erwin Lutwak,0.2775,0,0,0,1,1,0,0,0,0,0,0,0,[],false,false,false
<http://dbpedia.org/resource/Charlotte_Keen>,Charlotte Keen,0.2775,0,1,1,2,1,0,0,0,0,0,0,0,[],false,false,false
<http://dbpedia.org/resource/Norton_Simon>,Norton Simon,0.2775,0,0,0,1,2,0,0,0,0,0,0,0,[],false,false,false
<http://dbpedia.org/resource/Doane_Academy>,Doane Academy,0.2775,0,0,0,0,0,0,1,0,0,1,0,0,[],false,false,false
<http://dbpedia.org/resource/Steubenville_Catholic_Central_High_School>,Steubenville Catholic Central High School,0.2775,0,0,0,0,0,0,1,0,0,1,0,0,[],false,false,false
<http://dbpedia.org/resource/Federico_Halbherr>,Federico Halbherr,0.2775,3,1,4,0,4,0,0,0,0,0,0,0,[],false,false,false
<http://dbpedia.org/resource/Dominican_Republic>,Dominican Republic,0.2775,0,0,0,0,0,0,6,0,0,0,0,0,[],false,false,false
<http://dbpedia.org/resource/Dominique_de_Caen>,Dominique de Caen,0.2775,0,0,0,1,1,0,0,0,0,0,0,0,[],false,false,false
<http://dbpedia.org/resource/Passamaquoddy>,Passamaquoddy,0.2775,0,0,0,0,0,0,2,0,0,0,0,0,[],false,false,false
<http://dbpedia.org/resource/Carl_Michael_Bellman>,Carl Michael Bellman,0.2775,0,0,0,0,0,2,0,0,0,0,0,0,[],false,false,false
<http://dbpedia.org/resource/Maria_Kobel>,Maria Kobel,0.2775,0,1,1,1,0,0,0,0,0,0,0,0,[],false,false,false
<http://dbpedia.org/resource/Edward_Rebar>,Edward Rebar,0.2775,0,0,0,2,1,0,0,0,0,0,0,0,[],false,false,false
<http://dbpedia.org/resource/Sydney_Kustu>,Sydney Kustu,0.2775,0,0,0,1,2,0,0,0,0,0,0,0,[],false,false,false
<http://dbpedia.org/resource/Jon_Levine_(neuroscientist)>,Jon Levine (neuroscientist),0.2775,0,1,1,3,0,0,0,0,0,0,0,0,[],false,false,false
<http://dbpedia.org/resource/St._Mary's_High_School_(St._Louis)>,St. Mary's High School (St. Louis),0.2775,0,0,0,0,0,0,3,0,0,1,0,0,[],false,false,false
<http://dbpedia.org/resource/Tejinder_Virdee>,Tejinder Virdee,0.2775,0,0,0,2,1,0,0,0,0,0,0,0,[],false,false,false
<http://dbpedia.org/resource/Peter_J._Young>,Peter J. Young,0.2775,0,0,0,1,2,0,0,0,0,0,0,0,[],false,false,false
<http://dbpedia.org/resource/Ferdinand_Zirkel>,Ferdinand Zirkel,0.2775,0,1,1,1,0,0,0,0,0,0,0,0,[],false,false,false
<http://dbpedia.org/resource/Fergus_W._Campbell>,Fergus W. Campbell,0.2775,3,1,4,1,1,0,0,0,0,0,0,0,[],false,false,false
<http://dbpedia.org/resource/Vijayanagara_Empire>,Vijayanagara Empire,0.2775,0,0,0,0,0,0,1,0,0,0,0,0,[],false,false,false
<http://dbpedia.org/resource/Vincenzo_Caglioti>,Vincenzo Caglioti,0.2775,0,0,0,1,1,0,0,0,0,0,0,0,[],false,false,false
<http://dbpedia.org/resource/Filippo_Pacini>,Filippo Pacini,0.2775,0,0,0,0,2,0,0,0,0,0,0,0,[],false,false,false
<http://dbpedia.org/resource/Peter_B._de_Menocal>,Peter B. de Menocal,0.2775,0,0,0,3,1,0,0,0,0,0,0,0,[],false,false,false
<http://dbpedia.org/resource/Tamás_Erdélyi_(mathematician)>,Tamás Erdélyi (mathematician),0.2775,1,1,2,1,2,0,0,0,0,0,0,0,[],false,false,false
<http://dbpedia.org/resource/Peter_Burney>,Peter Burney,0.2775,1,1,2,1,3,0,0,0,0,0,0,0,[],false,false,false
<http://dbpedia.org/resource/Saul_B._Cohen>,Saul B. Cohen,0.2775,0,1,1,1,1,0,0,0,0,0,0,0,[],false,false,false
<http://dbpedia.org/resource/Whig_Party_(United_States)>,Whig Party (United States),0.2775,0,0,0,0,0,0,0,7,0,0,0,3,[],false,false,false
<http://dbpedia.org/resource/Organization_of_Women's_Freedom_in_Iraq>,Organization of Women's Freedom in Iraq,0.2775,0,0,0,0,0,0,0,8,0,0,0,0,[],false,false,false
<http://dbpedia.org/resource/Otto_Hölder>,Otto Hölder,0.2775,0,0,0,0,6,0,0,0,0,0,0,0,[],false,false,false
<http://dbpedia.org/resource/Peter_Weingart>,Peter Weingart,0.2775,1,0,1,1,0,0,0,0,0,0,0,0,[],false,false,false
<http://dbpedia.org/resource/Belvedere_College>,Belvedere College,0.2775,0,0,0,0,0,0,2,0,0,2,0,0,[],false,false,false
<http://dbpedia.org/resource/Alfonso_Nieto-Castanon>,Alfonso Nieto-Castanon,0.2775,0,0,0,2,4,0,0,0,0,0,0,0,[],false,false,false
<http://dbpedia.org/resource/David_Sabiston>,David Sabiston,0.2775,0,1,1,2,1,0,0,0,0,0,0,0,[],false,false,false
<http://dbpedia.org/resource/Guy_Hirsch>,Guy Hirsch,0.2775,0,0,0,1,1,0,0,0,0,0,0,0,[],false,false,false
<http://dbpedia.org/resource/Carlyle_Smith_Beals>,Carlyle Smith Beals,0.2775,0,0,0,0,6,0,0,0,0,0,0,0,[],false,false,false
<http://dbpedia.org/resource/Steve_Vickers_(computer_scientist)>,Steve Vickers (computer scientist),0.2775,0,0,0,2,1,0,0,0,0,0,0,0,[],false,false,false
<http://dbpedia.org/resource/George_Shevelov>,George Shevelov,0.2775,1,0,1,0,0,0,0,0,0,0,0,0,[],false,false,false
<http://dbpedia.org/resource/James_Bayley_Butler>,James Bayley Butler,0.2775,1,1,2,1,1,0,0,0,0,0,0,0,[],false,false,false
<http://dbpedia.org/resource/Edmond_H._Fischer>,Edmond H. Fischer,0.2775,0,0,0,1,1,0,0,0,0,0,0,0,[],false,false,false
<http://dbpedia.org/resource/Helmut_Maier>,Helmut Maier,0.2775,0,0,0,2,2,0,0,0,0,0,0,0,[],false,false,false
<http://dbpedia.org/resource/Kirsten_Bos>,Kirsten Bos,0.2775,0,0,0,0,1,0,0,0,0,0,0,0,[],false,false,false
<http://dbpedia.org/resource/Hendrik_Schatz>,Hendrik Schatz,0.2775,0,0,0,1,1,0,0,0,0,0,0,0,[],false,false,false
<http://dbpedia.org/resource/Hoërskool_Bellville>,Hoërskool Bellville,0.2775,0,0,0,0,0,0,1,0,0,1,0,0,[],false,false,false
<http://dbpedia.org/resource/Henri_Moissan>,Henri Moissan,0.2775,0,0,0,0,1,0,0,0,0,0,0,0,[],false,false,false
<http://dbpedia.org/resource/Martin_Vetterli>,Martin Vetterli,0.2775,0,0,0,0,2,0,0,0,0,0,0,0,[],false,false,false
<http://dbpedia.org/resource/Michele_Troja>,Michele Troja,0.2775,0,1,1,1,0,0,0,0,0,0,0,0,[],false,false,false
<http://dbpedia.org/resource/Émile_Lemoine>,Émile Lemoine,0.2775,0,0,0,1,1,0,0,0,0,0,0,0,[],false,false,false
<http://dbpedia.org/resource/Gösta_Mittag-Leffler>,Gösta Mittag-Leffler,0.2775,1,0,1,1,0,0,0,0,0,0,0,0,[],false,false,false
<http://dbpedia.org/resource/Birkenhead_School>,Birkenhead School,0.2775,0,0,0,0,0,0,1,0,0,1,0,0,[],false,false,false
<http://dbpedia.org/resource/Bishop_Wordsworth's_School>,Bishop Wordsworth's School,0.2775,0,0,0,0,0,0,1,0,0,1,0,0,[],false,false,false
<http://dbpedia.org/resource/Redlands_College>,Redlands College,0.2775,0,0,0,0,0,0,1,0,0,1,0,0,[],false,false,false
<http://dbpedia.org/resource/Tomas_Batuecas>,Tomas Batuecas,0.2775,0,0,0,1,1,0,0,0,0,0,0,0,[],false,false,false
<http://dbpedia.org/resource/Blaž_Zupan>,Blaž Zupan,0.2775,0,0,0,1,1,0,0,0,0,0,0,0,[],false,false,false
<http://dbpedia.org/resource/Pure_Data__flow__1>,Pure Data  flow  1,0.2775,0,1,1,0,0,0,0,0,0,0,0,0,[],false,false,false
<http://dbpedia.org/resource/Guru_Tegh_Bahadur>,Guru Tegh Bahadur,0.2775,0,0,0,0,0,0,1,0,0,0,0,0,[],false,false,false
<http://dbpedia.org/resource/David_K._Jordan>,David K. Jordan,0.2775,0,0,0,2,4,0,0,0,0,0,0,0,[],false,false,false
<http://dbpedia.org/resource/Rohit_Pappu>,Rohit Pappu,0.2775,0,0,0,2,4,0,0,0,0,0,0,0,[],false,false,false
<http://dbpedia.org/resource/David_Lary>,David Lary,0.2775,0,0,0,2,2,0,0,0,0,0,0,0,[],false,false,false
<http://dbpedia.org/resource/Christopher_Fairburn>,Christopher Fairburn,0.2775,0,1,1,2,1,0,0,0,0,0,0,0,[],false,false,false
<http://dbpedia.org/resource/Jeffrey_Shapiro>,Jeffrey Shapiro,0.2775,0,0,0,1,3,0,0,0,0,0,0,0,[],false,false,false
<http://dbpedia.org/resource/Jeffry_D._Madura>,Jeffry D. Madura,0.2775,0,0,0,2,2,0,0,0,0,0,0,0,[],false,false,false
<http://dbpedia.org/resource/Chava_Lifshitz>,Chava Lifshitz,0.2775,0,1,1,1,0,0,0,0,0,0,0,0,[],false,false,false
<http://dbpedia.org/resource/Patrick_Humphrey>,Patrick Humphrey,0.2775,0,0,0,1,1,0,0,0,0,0,0,0,[],false,false,false
<http://dbpedia.org/resource/St_Peters_Lutheran_College>,St Peters Lutheran College,0.2775,0,0,0,0,0,0,1,0,0,1,0,0,[],false,false,false
<http://dbpedia.org/resource/Croatian_Social_Liberal_Party>,Croatian Social Liberal Party,0.2775,0,0,0,0,0,0,0,2,0,0,0,0,[],false,false,false
<http://dbpedia.org/resource/Cumann_na_mBan>,Cumann na mBan,0.2775,0,0,0,0,0,0,0,2,0,0,0,0,[],false,false,false
<http://dbpedia.org/resource/Curtis_J._Humphreys>,Curtis J. Humphreys,0.2775,0,0,0,1,1,0,0,0,0,0,0,0,[],false,false,false
<http://dbpedia.org/resource/K._S._Krishnan>,K. S. Krishnan,0.2775,0,0,0,3,2,0,0,0,0,0,0,0,[],false,false,false
<http://dbpedia.org/resource/Michael_Power/St._Joseph_High_School>,Michael Power/St. Joseph High School,0.2775,0,0,0,0,0,0,1,0,0,1,0,0,[],false,false,false
<http://dbpedia.org/resource/Paul_Busch_(physicist)>,Paul Busch (physicist),0.2775,0,0,0,1,2,0,0,0,0,0,0,0,[],false,false,false
<http://dbpedia.org/resource/Ross_O'Carroll-Kelly>,Ross O'Carroll-Kelly,0.2775,0,0,0,0,0,0,1,0,0,0,0,0,[],false,false,false
<http://dbpedia.org/resource/Paul_Kei_Matsuda>,Paul Kei Matsuda,0.2775,0,0,0,1,1,0,0,0,0,0,0,0,[],false,false,false
<http://dbpedia.org/resource/William_Henry_Long>,William Henry Long,0.2775,0,0,0,0,2,0,0,0,0,0,0,0,[],false,false,false
<http://dbpedia.org/resource/Louis_François_Antoine_Arbogast>,Louis François Antoine Arbogast,0.2775,0,1,1,0,0,0,0,0,0,0,0,0,[],false,false,false
<http://dbpedia.org/resource/Federico_García_Lorca>,Federico García Lorca,0.2775,1,0,1,0,0,0,0,0,0,0,0,0,[],false,false,false
<http://dbpedia.org/resource/Movement_for_Tolerance_and_Progress>,Movement for Tolerance and Progress,0.2775,0,0,0,0,0,0,0,2,0,0,0,0,[],false,false,false
<http://dbpedia.org/resource/Intha_people>,Intha people,0.2775,0,0,0,0,0,0,1,0,0,0,0,1,[],false,false,false
<http://dbpedia.org/resource/International_Communist_Current>,International Communist Current,0.2775,0,0,0,0,0,0,0,1,0,0,0,0,[],false,false,false
<http://dbpedia.org/resource/Paula_Kahumbu>,Paula Kahumbu,0.2775,0,1,1,4,0,0,0,0,0,0,0,0,[],false,false,false
<http://dbpedia.org/resource/Pavel_Cherenkov>,Pavel Cherenkov,0.2775,0,0,0,1,1,0,0,0,0,0,0,0,[],false,false,false
<http://dbpedia.org/resource/Ukrainian_Americans>,Ukrainian Americans,0.2775,0,0,0,0,0,0,4,0,0,0,0,0,[],false,false,false
"<http://dbpedia.org/resource/Sacred_Heart_Convent_School,_Lahore>","Sacred Heart Convent School, Lahore",0.2775,0,0,0,0,0,0,1,0,0,1,0,0,[],false,false,false
<http://dbpedia.org/resource/Penn_&_Teller>,Penn & Teller,0.2775,0,0,0,0,3,0,0,0,0,0,0,0,[],false,false,false
<http://dbpedia.org/resource/Jerome_W._Conn>,Jerome W. Conn,0.2775,0,0,0,1,1,0,0,0,0,0,0,0,[],false,false,false
<http://dbpedia.org/resource/Jerry_Straka>,Jerry Straka,0.2775,0,0,0,2,2,0,0,0,0,0,0,0,[],false,false,false
<http://dbpedia.org/resource/Pief_Panofsky>,Pief Panofsky,0.2775,0,0,0,1,1,0,0,0,0,0,0,0,[],false,false,false
<http://dbpedia.org/resource/Jesse_Rothstein>,Jesse Rothstein,0.2775,0,1,1,2,0,0,0,0,0,0,0,0,"[Labor economics, Education economics]",false,false,false
<http://dbpedia.org/resource/Yeshiva_Ohel_Torah-Baranovich>,Yeshiva Ohel Torah-Baranovich,0.2775,0,0,0,0,0,0,1,0,0,1,0,0,[],false,false,false
<http://dbpedia.org/resource/Kurt_Diebner>,Kurt Diebner,0.2775,0,0,0,2,1,0,0,0,0,0,0,0,[],false,false,false
<http://dbpedia.org/resource/Marion_C._Thurnauer>,Marion C. Thurnauer,0.2775,0,0,0,1,3,0,0,0,0,0,0,0,[],false,false,false
<http://dbpedia.org/resource/Christine_de_Pizan>,Christine de Pizan,0.2775,1,0,1,0,0,0,0,0,0,0,0,0,[],false,false,false
<http://dbpedia.org/resource/SWAPO>,SWAPO,0.2775,0,0,0,0,0,0,0,4,0,0,0,0,[],false,false,false
<http://dbpedia.org/resource/Isaac_Elishakoff>,Isaac Elishakoff,0.2775,0,0,0,1,5,0,0,0,0,0,0,0,[],false,false,false
<http://dbpedia.org/resource/Isaak_Russman>,Isaak Russman,0.2775,0,0,0,0,2,0,0,0,0,0,0,0,[],false,false,false
<http://dbpedia.org/resource/Syed_Tajammul_Hussain>,Syed Tajammul Hussain,0.2775,1,1,2,1,0,0,0,0,0,0,0,0,[],false,false,false
<http://dbpedia.org/resource/Mark_Sapir>,Mark Sapir,0.2775,0,0,0,1,1,0,0,0,0,0,0,0,[],false,false,false
<http://dbpedia.org/resource/William_G._Pollard>,William G. Pollard,0.2775,0,1,1,0,3,0,0,0,0,0,0,0,[],false,false,false
<http://dbpedia.org/resource/Harold_Scheraga>,Harold Scheraga,0.2775,0,0,0,0,1,0,0,0,0,0,0,0,[],false,false,false
<http://dbpedia.org/resource/Daniel_A._Arnold>,Daniel A. Arnold,0.2775,0,1,1,4,0,0,0,0,0,0,0,0,[],false,false,false
<http://dbpedia.org/resource/Pretoria_North_High_School>,Pretoria North High School,0.2775,0,0,0,0,0,0,1,0,0,1,0,0,[],false,false,false
<http://dbpedia.org/resource/Middle_Kingdom_of_Egypt>,Middle Kingdom of Egypt,0.2775,0,0,0,0,0,0,1,0,0,0,0,0,[],false,false,false
<http://dbpedia.org/resource/Devin_Terhune>,Devin Terhune,0.2775,0,0,0,4,4,0,0,0,0,0,0,0,[],false,false,false
<http://dbpedia.org/resource/Kim_Kwang-soo>,Kim Kwang-soo,0.2775,0,0,0,2,2,0,0,0,0,0,0,0,[],false,false,false
<http://dbpedia.org/resource/E._Gene_Smith>,E. Gene Smith,0.2775,0,1,1,1,0,0,0,0,0,0,0,0,[],false,false,false
<http://dbpedia.org/resource/St._Michael's_College_National_School>,St. Michael's College National School,0.2775,0,0,0,0,0,0,1,0,0,2,0,0,[],false,false,false
<http://dbpedia.org/resource/Kingdom_of_Mysore>,Kingdom of Mysore,0.2775,0,0,0,0,0,0,2,0,0,0,0,0,[],false,false,false
<http://dbpedia.org/resource/Jamiat_Ulema-e-Pakistan>,Jamiat Ulema-e-Pakistan,0.2775,0,0,0,0,0,0,2,0,0,0,0,0,[],false,false,false
<http://dbpedia.org/resource/Jammu_Kashmir_Liberation_Front>,Jammu Kashmir Liberation Front,0.2775,0,0,0,0,0,0,0,3,0,0,0,0,[],false,false,false
<http://dbpedia.org/resource/Michael_Stal>,Michael Stal,0.2775,0,0,0,1,1,0,0,0,0,0,0,0,[],false,false,false
<http://dbpedia.org/resource/Jan_Karski>,Jan Karski,0.2775,0,0,0,0,2,0,0,0,0,0,0,0,[],false,false,false
<http://dbpedia.org/resource/Angelica_Stacy>,Angelica Stacy,0.2775,0,0,0,3,3,0,0,0,0,0,0,0,[],false,false,false
<http://dbpedia.org/resource/Chung_Hyung-min>,Chung Hyung-min,0.2775,0,0,0,1,1,0,0,0,0,0,0,0,[],false,false,false
<http://dbpedia.org/resource/Kenneth_Lane_(physicist)>,Kenneth Lane (physicist),0.2775,0,0,0,2,3,0,0,0,0,0,0,0,[],false,false,false
<http://dbpedia.org/resource/Church_Farm_School>,Church Farm School,0.2775,0,0,0,0,0,0,1,0,0,1,0,0,[],false,false,false
<http://dbpedia.org/resource/Vincent_Blondel>,Vincent Blondel,0.2775,0,0,0,2,1,0,0,0,0,0,0,0,[],false,false,false
<http://dbpedia.org/resource/Guillermo_Gonzalez_(astronomer)>,Guillermo Gonzalez (astronomer),0.2775,0,0,0,2,1,0,0,0,0,0,0,0,[],false,false,false
<http://dbpedia.org/resource/George_Wilton_Field>,George Wilton Field,0.2775,0,0,0,3,1,0,0,0,0,0,0,0,[],false,false,false
"<http://dbpedia.org/resource/Georges-Louis_Leclerc,_Comte_de_Buffon>","Georges-Louis Leclerc, Comte de Buffon",0.2775,4,1,5,0,3,0,0,0,0,0,0,0,[],false,false,false
<http://dbpedia.org/resource/Georgi_Efremov>,Georgi Efremov,0.2775,0,0,0,0,3,0,0,0,0,0,0,0,[],false,false,false
<http://dbpedia.org/resource/Victor_Grignard>,Victor Grignard,0.2775,0,0,0,1,2,0,0,0,0,0,0,0,[],false,false,false
<http://dbpedia.org/resource/Jean-Étienne_Dominique_Esquirol>,Jean-Étienne Dominique Esquirol,0.2775,0,1,1,0,0,0,0,0,0,0,0,0,[],false,false,false
<http://dbpedia.org/resource/Milton_Antony>,Milton Antony,0.2775,0,0,0,1,2,0,0,0,0,0,0,0,[],false,false,false
<http://dbpedia.org/resource/Rudolph_Leibel>,Rudolph Leibel,0.2775,0,1,1,2,2,0,0,0,0,0,0,0,[],false,false,false
<http://dbpedia.org/resource/Gholam_Khiabany>,Gholam Khiabany,0.2775,0,0,0,0,1,0,0,0,0,0,0,0,[],false,false,false
"<http://dbpedia.org/resource/College_of_Saint_Michael,_Amparibe>","College of Saint Michael, Amparibe",0.2775,0,0,0,0,0,0,1,0,0,1,0,0,[],false,false,false
<http://dbpedia.org/resource/Colony_of_Virginia>,Colony of Virginia,0.2775,0,0,0,0,0,0,1,0,0,0,0,0,[],false,false,false
<http://dbpedia.org/resource/SNOBOL>,SNOBOL,0.2775,5,1,6,0,0,0,0,0,0,0,0,0,[],false,false,false
<http://dbpedia.org/resource/Communist_Party_of_El_Salvador>,Communist Party of El Salvador,0.2775,0,0,0,0,0,0,0,2,0,0,0,0,[],false,false,false
<http://dbpedia.org/resource/Communist_Party_of_Turkey_(historical)>,Communist Party of Turkey (historical),0.2775,0,0,0,0,0,0,0,2,0,0,0,0,[],false,false,false
<http://dbpedia.org/resource/Comyns_Berkeley>,Comyns Berkeley,0.2775,1,1,2,0,2,0,0,0,0,0,0,0,[],false,false,false
<http://dbpedia.org/resource/Elena_Bennett>,Elena Bennett,0.2775,0,0,0,2,1,0,0,0,0,0,0,0,[],false,false,false
<http://dbpedia.org/resource/Marisa_Bartolomei>,Marisa Bartolomei,0.2775,0,1,1,2,0,0,0,0,0,0,0,0,[],false,false,false
<http://dbpedia.org/resource/Joseph_Engelberger>,Joseph Engelberger,0.2775,0,0,0,3,1,0,0,0,0,0,0,0,[],false,false,false
<http://dbpedia.org/resource/Claude_Nelson_Warren>,Claude Nelson Warren,0.2775,0,0,0,1,2,0,0,0,0,0,0,0,[],false,false,false
<http://dbpedia.org/resource/Claude-Nicolas_Le_Cat>,Claude-Nicolas Le Cat,0.2775,0,1,1,0,1,0,0,0,0,0,0,0,[],false,false,false
<http://dbpedia.org/resource/Marcelo_González_Godoy>,Marcelo González Godoy,0.2775,0,1,1,1,8,0,0,0,0,0,0,0,[],false,false,false
<http://dbpedia.org/resource/Alec_Skempton>,Alec Skempton,0.2775,0,0,0,1,2,0,0,0,0,0,0,0,[],false,false,false
<http://dbpedia.org/resource/Prasanta_Chandra_Mahalanobis>,Prasanta Chandra Mahalanobis,0.2775,1,0,1,2,2,0,0,0,0,0,0,0,[],false,false,false
<http://dbpedia.org/resource/Paul_Resnick>,Paul Resnick,0.2775,0,0,0,2,2,0,0,0,0,0,0,0,[],false,false,false
<http://dbpedia.org/resource/Radoslav_Katičić>,Radoslav Katičić,0.2775,0,1,1,0,0,0,0,0,0,0,0,0,[],false,false,false
<http://dbpedia.org/resource/George_Speake>,George Speake,0.2775,0,0,0,1,1,0,0,0,0,0,0,0,[],false,false,false
<http://dbpedia.org/resource/Harland_G._Wood>,Harland G. Wood,0.2775,1,1,2,0,0,0,0,0,0,0,0,0,[],false,false,false
<http://dbpedia.org/resource/Ed_V._Hungerford_III>,Ed V. Hungerford III,0.2775,0,0,0,1,2,0,0,0,0,0,0,0,[],false,false,false
<http://dbpedia.org/resource/Glenn_Allan_Millikan>,Glenn Allan Millikan,0.2775,0,0,0,2,1,0,0,0,0,0,0,0,[],false,false,false
<http://dbpedia.org/resource/Narodnaya_Volya>,Narodnaya Volya,0.2775,0,0,0,0,0,0,0,4,0,0,0,0,[],false,false,false
<http://dbpedia.org/resource/Per-Olov_Löwdin>,Per-Olov Löwdin,0.2775,0,0,0,1,6,0,0,0,0,0,0,0,[],false,false,false
<http://dbpedia.org/resource/Ivo_Welch>,Ivo Welch,0.2775,0,0,0,2,2,0,0,0,0,0,0,0,[],false,false,false
<http://dbpedia.org/resource/Izaak_Kolthoff>,Izaak Kolthoff,0.2775,0,0,0,1,2,0,0,0,0,0,0,0,[],false,false,false
<http://dbpedia.org/resource/Dan_Suciu>,Dan Suciu,0.2775,0,0,0,1,3,0,0,0,0,0,0,0,[],false,false,false
<http://dbpedia.org/resource/Kalanos>,Kalanos,0.2775,3,1,4,0,0,0,0,0,0,0,0,0,[],false,false,false
<http://dbpedia.org/resource/Danesh_Moazed>,Danesh Moazed,0.2775,0,0,0,2,2,0,0,0,0,0,0,0,[],false,false,false
<http://dbpedia.org/resource/Robert_Plonsey>,Robert Plonsey,0.2775,0,0,0,3,1,0,0,0,0,0,0,0,[],false,false,false
<http://dbpedia.org/resource/Hesychasm>,Hesychasm,0.2775,1,0,1,0,0,0,0,0,0,0,0,0,[],false,false,false
<http://dbpedia.org/resource/Gregory_S._Brown>,Gregory S. Brown,0.2775,0,0,0,2,4,0,0,0,0,0,0,0,[],false,false,false
<http://dbpedia.org/resource/Jayme_Luiz_Szwarcfiter>,Jayme Luiz Szwarcfiter,0.2775,0,0,0,1,2,0,0,0,0,0,0,0,[],false,false,false
<http://dbpedia.org/resource/Richard_Cantillon>,Richard Cantillon,0.2775,5,1,6,0,0,0,0,0,0,0,0,0,[],false,false,false
<http://dbpedia.org/resource/Jennifer_Biddle>,Jennifer Biddle,0.2775,0,1,1,2,0,0,0,0,0,0,0,0,[],false,false,false
<http://dbpedia.org/resource/Washington_Seminary_(Atlanta)>,Washington Seminary (Atlanta),0.2775,0,0,0,0,0,0,1,0,0,1,0,0,[],false,false,false
<http://dbpedia.org/resource/Jean_Genet>,Jean Genet,0.2775,1,0,1,0,0,4,0,0,0,0,0,0,[],false,false,false
<http://dbpedia.org/resource/John_R._Hillman>,John R. Hillman,0.2775,0,1,1,2,0,0,0,0,0,0,0,0,[],false,false,false
<http://dbpedia.org/resource/Maxime_Steinberg>,Maxime Steinberg,0.2775,0,0,0,0,1,0,0,0,0,0,0,0,[],false,false,false
<http://dbpedia.org/resource/Karl_V._Teeter>,Karl V. Teeter,0.2775,0,0,0,0,1,0,0,0,0,0,0,0,[],false,false,false
<http://dbpedia.org/resource/Humiaki_Huzita>,Humiaki Huzita,0.2775,0,1,1,1,1,0,0,0,0,0,0,0,[],false,false,false
<http://dbpedia.org/resource/Hunter_S._Thompson>,Hunter S. Thompson,0.2775,0,0,0,0,0,5,0,0,0,0,0,0,[],false,false,false
<http://dbpedia.org/resource/Miriam_Zach>,Miriam Zach,0.2775,0,0,0,3,4,0,0,0,0,0,0,0,[],false,false,false
<http://dbpedia.org/resource/Minor_J._Coon>,Minor J. Coon,0.2775,0,0,0,2,1,0,0,0,0,0,0,0,[],false,false,false
<http://dbpedia.org/resource/Hassan_Mustafa_Osama_Nasr>,Hassan Mustafa Osama Nasr,0.2775,0,0,0,0,0,0,1,0,0,0,0,0,[],false,false,false
<http://dbpedia.org/resource/Peter_Gacs>,Peter Gacs,0.2775,0,0,0,3,1,0,0,0,0,0,0,0,[],false,false,false
<http://dbpedia.org/resource/Claus-Wilhelm_Canaris>,Claus-Wilhelm Canaris,0.2775,0,0,0,1,2,0,0,0,0,0,0,0,[],false,false,false
<http://dbpedia.org/resource/Randy_Buckner>,Randy Buckner,0.2775,0,0,0,1,4,0,0,0,0,0,0,0,[],false,false,false
<http://dbpedia.org/resource/Gregor_Luthe>,Gregor Luthe,0.2775,0,0,0,0,2,0,0,0,0,0,0,0,[],false,false,false
<http://dbpedia.org/resource/H._V._Thulasiram>,H. V. Thulasiram,0.2775,0,0,0,0,3,0,0,0,0,0,0,0,[],false,false,false
<http://dbpedia.org/resource/Robert_Costanza>,Robert Costanza,0.2775,0,0,0,1,1,0,0,0,0,0,0,0,[],false,false,false
<http://dbpedia.org/resource/Slough_and_Eton_Church_of_England_Business_and_Enterprise_College>,Slough and Eton Church of England Business and Enterprise College,0.2775,0,0,0,0,0,0,1,0,0,1,0,0,[],false,false,false
<http://dbpedia.org/resource/Perry_Bartlett>,Perry Bartlett,0.2775,0,1,1,1,0,0,0,0,0,0,0,0,[],false,false,false
<http://dbpedia.org/resource/Mohammad_Tahir_Shah>,Mohammad Tahir Shah,0.2775,0,0,0,4,1,0,0,0,0,0,0,0,[],false,false,false
<http://dbpedia.org/resource/John_Wilkes_Booth>,John Wilkes Booth,0.2775,0,0,0,0,1,0,0,0,0,0,0,0,[],false,false,false
<http://dbpedia.org/resource/John_William_Helton>,John William Helton,0.2775,0,0,0,1,4,0,0,0,0,0,0,0,[],false,false,false
<http://dbpedia.org/resource/Johnjoe_McFadden>,Johnjoe McFadden,0.2775,0,0,0,1,3,0,0,0,0,0,0,0,[],false,false,false
<http://dbpedia.org/resource/Join-calculus>,Join-calculus,0.2775,0,1,1,0,0,0,0,0,0,0,0,0,[],false,false,false
<http://dbpedia.org/resource/Sutton_Valence_School>,Sutton Valence School,0.2775,0,0,0,0,0,0,1,0,0,1,0,0,[],false,false,false
<http://dbpedia.org/resource/Jon_David_Erickson>,Jon David Erickson,0.2775,0,0,0,1,2,0,0,0,0,0,0,0,[],false,false,false
<http://dbpedia.org/resource/Johann_Spurzheim>,Johann Spurzheim,0.2775,0,1,1,0,0,0,0,0,0,0,0,0,[],false,false,false
<http://dbpedia.org/resource/Franz_Joseph_Emil_Fischer>,Franz Joseph Emil Fischer,0.2775,0,0,0,1,2,0,0,0,0,0,0,0,[],false,false,false
<http://dbpedia.org/resource/Oliver_H._Lowry>,Oliver H. Lowry,0.2775,0,0,0,2,2,0,0,0,0,0,0,0,[],false,false,false
<http://dbpedia.org/resource/Joseph_Veverka>,Joseph Veverka,0.2775,0,0,0,2,2,0,0,0,0,0,0,0,[],false,false,false
<http://dbpedia.org/resource/Jonathan_Dowling>,Jonathan Dowling,0.2775,0,0,0,1,2,0,0,0,0,0,0,0,[],false,false,false
<http://dbpedia.org/resource/Roger_M._Perlmutter>,Roger M. Perlmutter,0.2775,0,0,0,2,2,0,0,0,0,0,0,0,[],false,false,false
<http://dbpedia.org/resource/Pakistanis>,Pakistanis,0.2775,0,0,0,0,0,0,7,0,0,0,0,0,[],false,false,false
<http://dbpedia.org/resource/Robert_J._Behnke>,Robert J. Behnke,0.2775,1,0,1,2,0,0,0,0,0,0,0,0,[],false,false,false
<http://dbpedia.org/resource/Frederick_Abel>,Frederick Abel,0.2775,0,0,0,2,1,0,0,0,0,0,0,0,[],false,false,false
<http://dbpedia.org/resource/Joshua_Melko>,Joshua Melko,0.2775,0,0,0,2,1,0,0,0,0,0,0,0,[],false,false,false
<http://dbpedia.org/resource/Joseph_P._LaSalle>,Joseph P. LaSalle,0.2775,0,0,0,1,2,0,0,0,0,0,0,0,[],false,false,false
<http://dbpedia.org/resource/Kotcherlakota_Rangadhama_Rao>,Kotcherlakota Rangadhama Rao,0.2775,0,0,0,1,2,0,0,0,0,0,0,0,[],false,false,false
<http://dbpedia.org/resource/Annie_Montague_Alexander>,Annie Montague Alexander,0.2775,0,1,1,0,2,0,0,0,0,0,0,0,[],false,false,false
<http://dbpedia.org/resource/Fredericka_Mandelbaum>,Fredericka Mandelbaum,0.2775,0,0,0,0,2,0,0,0,0,0,0,0,[],false,false,false
<http://dbpedia.org/resource/Madam_C._J._Walker>,Madam C. J. Walker,0.2775,0,0,0,0,1,0,0,0,0,0,0,0,[],false,false,false
<http://dbpedia.org/resource/Ulf_Hohmann>,Ulf Hohmann,0.2775,0,0,0,3,1,0,0,0,0,0,0,0,[],false,false,false
<http://dbpedia.org/resource/Nader_Habibi>,Nader Habibi,0.2775,0,0,0,0,3,0,0,0,0,0,0,0,[],false,false,false
<http://dbpedia.org/resource/Nam-Trung_Nguyen>,Nam-Trung Nguyen,0.2775,0,0,0,1,7,0,0,0,0,0,0,0,[],false,false,false
<http://dbpedia.org/resource/Moses_Gomberg>,Moses Gomberg,0.2775,0,0,0,1,1,0,0,0,0,0,0,0,[],false,false,false
<http://dbpedia.org/resource/Albert_Wojciech_Adamkiewicz>,Albert Wojciech Adamkiewicz,0.2775,0,1,1,2,1,0,0,0,0,0,0,0,[],false,false,false
<http://dbpedia.org/resource/Alberto_Boerger>,Alberto Boerger,0.2775,0,0,0,1,3,0,0,0,0,0,0,0,[],false,false,false
<http://dbpedia.org/resource/Daniel_Loss>,Daniel Loss,0.2775,0,0,0,1,2,0,0,0,0,0,0,0,[],false,false,false
<http://dbpedia.org/resource/Marcel_Duchamp>,Marcel Duchamp,0.2775,1,0,1,0,0,5,0,0,0,0,0,0,[],false,false,false
<http://dbpedia.org/resource/Victor_Polterovich>,Victor Polterovich,0.2775,0,1,1,2,0,0,0,0,0,0,0,0,[],false,false,false
<http://dbpedia.org/resource/Nicolaas_Govert_de_Bruijn>,Nicolaas Govert de Bruijn,0.2775,0,0,0,1,4,0,0,0,0,0,0,0,[],false,false,false
<http://dbpedia.org/resource/Somaliland>,Somaliland,0.2775,0,0,0,0,0,0,1,0,0,0,0,1,[],false,false,false
<http://dbpedia.org/resource/Roberto_Malinow>,Roberto Malinow,0.2775,0,0,0,3,1,0,0,0,0,0,0,0,[],false,false,false
<http://dbpedia.org/resource/Emanuele_Foà>,Emanuele Foà,0.2775,0,0,0,0,2,0,0,0,0,0,0,0,[],false,false,false
<http://dbpedia.org/resource/PowerBASIC>,PowerBASIC,0.2775,0,1,1,0,0,0,0,0,0,0,0,0,[],false,false,false
<http://dbpedia.org/resource/Ravi_Batra>,Ravi Batra,0.2775,0,1,1,2,0,0,0,0,0,0,0,0,"[Macroeconomics, International economics]",false,false,false
<http://dbpedia.org/resource/Pa'O_people>,Pa'O people,0.2775,0,0,0,0,0,0,1,0,0,0,0,1,[],false,false,false
<http://dbpedia.org/resource/United_Gold_Coast_Convention>,United Gold Coast Convention,0.2775,0,0,0,0,0,0,0,1,0,0,0,0,[],false,false,false
<http://dbpedia.org/resource/K._A._Nilakanta_Sastri>,K. A. Nilakanta Sastri,0.2775,3,1,4,1,0,0,0,0,0,0,0,0,[],false,false,false
<http://dbpedia.org/resource/Vinod_Johri>,Vinod Johri,0.2775,0,0,0,2,2,0,0,0,0,0,0,0,[],false,false,false
<http://dbpedia.org/resource/K._C._Sreedharan_Pillai>,K. C. Sreedharan Pillai,0.2775,0,0,0,2,1,0,0,0,0,0,0,0,[],false,false,false
<http://dbpedia.org/resource/K._George_Thomas>,K. George Thomas,0.2775,0,0,0,0,1,0,0,0,0,0,0,0,[],false,false,false
<http://dbpedia.org/resource/S._A._Choudum>,S. A. Choudum,0.2775,0,0,0,2,4,0,0,0,0,0,0,0,[],false,false,false
<http://dbpedia.org/resource/Social_Democratic_Party_of_Finland>,Social Democratic Party of Finland,0.2775,0,0,0,0,0,0,0,1,0,1,0,0,[],false,false,false
<http://dbpedia.org/resource/Venezuela>,Venezuela,0.2775,0,0,0,0,0,0,6,0,0,0,0,0,[],false,false,false
<http://dbpedia.org/resource/William_Aaron_Woods>,William Aaron Woods,0.2775,0,0,0,2,3,0,0,0,0,0,0,0,[],false,false,false
<http://dbpedia.org/resource/Boris_Shraiman>,Boris Shraiman,0.2775,0,0,0,0,1,0,0,0,0,0,0,0,[],false,false,false
<http://dbpedia.org/resource/Boris_Tsirelson>,Boris Tsirelson,0.2775,0,0,0,0,4,0,0,0,0,0,0,0,[],false,false,false
<http://dbpedia.org/resource/Ibn_Abi_Jumhur_al-Ahsa'i>,Ibn Abi Jumhur al-Ahsa'i,0.2775,0,1,1,0,0,0,0,0,0,0,0,0,[],false,false,false
<http://dbpedia.org/resource/Rong_Li>,Rong Li,0.2775,0,0,0,3,6,0,0,0,0,0,0,0,[],false,false,false
<http://dbpedia.org/resource/Ralph_Walter_Graystone_Wyckoff>,Ralph Walter Graystone Wyckoff,0.2775,1,0,1,2,2,0,0,0,0,0,0,0,[],false,false,false
<http://dbpedia.org/resource/Murray_A._Straus>,Murray A. Straus,0.2775,2,0,2,1,1,0,0,0,0,0,0,0,[],false,false,false
<http://dbpedia.org/resource/William_J._Samarin>,William J. Samarin,0.2775,0,0,0,1,2,0,0,0,0,0,0,0,[],false,false,false
<http://dbpedia.org/resource/Ann_E._Wehrle>,Ann E. Wehrle,0.2775,0,1,1,2,0,0,0,0,0,0,0,0,[],false,false,false
<http://dbpedia.org/resource/Hawaiian_Kingdom>,Hawaiian Kingdom,0.2775,0,0,0,0,0,0,1,0,0,0,0,0,[],false,false,false
<http://dbpedia.org/resource/Alon_Friedman>,Alon Friedman,0.2775,0,0,0,1,2,0,0,0,0,0,0,0,[],false,false,false
<http://dbpedia.org/resource/Alton_L._Becker>,Alton L. Becker,0.2775,0,0,0,1,5,0,0,0,0,0,0,0,[],false,false,false
<http://dbpedia.org/resource/Vasile_Pușcaș>,Vasile Pușcaș,0.2775,1,1,2,1,0,0,0,0,0,0,0,0,[],false,false,false
<http://dbpedia.org/resource/Manfred_K._Warmuth>,Manfred K. Warmuth,0.2775,0,0,0,1,1,0,0,0,0,0,0,0,[],false,false,false
<http://dbpedia.org/resource/Heino_Finkelmann>,Heino Finkelmann,0.2775,0,0,0,1,2,0,0,0,0,0,0,0,[],false,false,false
<http://dbpedia.org/resource/Heinrich_Anton_de_Bary>,Heinrich Anton de Bary,0.2775,1,1,2,0,0,0,0,0,0,0,0,0,[],false,false,false
<http://dbpedia.org/resource/Heinrich_Pesch>,Heinrich Pesch,0.2775,4,1,5,0,0,0,0,0,0,0,0,0,[],false,false,false
<http://dbpedia.org/resource/Johannes_von_Gmunden>,Johannes von Gmunden,0.2775,0,0,0,0,1,0,0,0,0,0,0,0,[],false,false,false
<http://dbpedia.org/resource/Evliya_Çelebi>,Evliya Çelebi,0.2775,0,0,0,0,1,0,0,0,0,0,0,0,[],false,false,false
<http://dbpedia.org/resource/Jacob_Rubinovitz>,Jacob Rubinovitz,0.2775,0,0,0,2,2,0,0,0,0,0,0,0,[],false,false,false
<http://dbpedia.org/resource/Mildred_Parten_Newhall>,Mildred Parten Newhall,0.2775,0,0,0,1,1,0,0,0,0,0,0,0,[],false,false,false
<http://dbpedia.org/resource/F._Tulga_Ocak>,F. Tulga Ocak,0.2775,0,0,0,2,1,0,0,0,0,0,0,0,[],false,false,false
<http://dbpedia.org/resource/Seny_Kamara>,Seny Kamara,0.2775,0,0,0,2,2,0,0,0,0,0,0,0,[],false,false,false
<http://dbpedia.org/resource/Tiger_Lim>,Tiger Lim,0.2775,0,1,1,0,0,0,0,0,0,0,0,0,[],false,false,false
<http://dbpedia.org/resource/Mary_J._Rathbun>,Mary J. Rathbun,0.2775,0,2,2,1,0,0,0,0,0,0,0,0,[],false,false,false
<http://dbpedia.org/resource/Adelaide_Dutcher>,Adelaide Dutcher,0.2775,0,1,1,1,0,0,0,0,0,0,0,0,[],false,false,false
<http://dbpedia.org/resource/Miloje_Vasić>,Miloje Vasić,0.2775,3,0,3,1,1,0,0,0,0,0,0,0,[],false,false,false
<http://dbpedia.org/resource/Adolf_Mayer>,Adolf Mayer,0.2775,2,1,3,2,1,0,0,0,0,0,0,0,[],false,false,false
<http://dbpedia.org/resource/Adolf_Seilacher>,Adolf Seilacher,0.2775,0,0,0,0,2,0,0,0,0,0,0,0,[],false,false,false
<http://dbpedia.org/resource/Hans_Stille>,Hans Stille,0.2775,0,0,0,0,2,0,0,0,0,0,0,0,[],false,false,false
<http://dbpedia.org/resource/Adolf_Windaus>,Adolf Windaus,0.2775,0,0,0,0,1,0,0,0,0,0,0,0,[],false,false,false