uri	label	pageRank	influenced_out	influenced_in	influenced_total	almaMater_out	knownFor_out	notableWork_out	religion_out	ideology_out	field_in	almaMater_in	religion_in	ideology_in	fields	likely_religion_or_belief	likely_institution	likely_field_or_discipline	dbpedia_is_person	clean_label	sep_entry_citations	sep_raw_hits	sep_aliases	sep_matched_aliases	sep_example_entries	sep_citation_rank
<http://dbpedia.org/resource/Plato>	Plato	1.4249495232907323	158	17	175	0	0	0	0	0	0	0	0	0	[]	False	False	False	True	Plato	987	9189	Plato	Plato	https://plato.stanford.edu/entries/abduction/|https://plato.stanford.edu/entries/abortion/|https://plato.stanford.edu/entries/abrabanel/|https://plato.stanford.edu/entries/abu-bakr-al-razi/|https://plato.stanford.edu/entries/adaptationism/	1
<http://dbpedia.org/resource/Aristotle>	Aristotle	1.1263290019430177	193	12	205	0	0	0	0	0	0	0	0	0	[]	False	False	False	True	Aristotle	866	15938	Aristotle	Aristotle	https://plato.stanford.edu/entries/abelard/|https://plato.stanford.edu/entries/abner-burgos/|https://plato.stanford.edu/entries/abrabanel/|https://plato.stanford.edu/entries/abraham-daud/|https://plato.stanford.edu/entries/abu-bakr-al-razi/	2
<http://dbpedia.org/resource/Edward_N._Zalta>	Edward N. Zalta	0.6327621506596749	0	4	4	0	0	0	0	0	0	0	0	0	[]	False	False	False	True	Edward N. Zalta	461	1415	Edward N. Zalta|Zalta	Edward N. Zalta|Zalta	https://plato.stanford.edu/entries/abduction/|https://plato.stanford.edu/entries/abortion/|https://plato.stanford.edu/entries/action/|https://plato.stanford.edu/entries/adaptationism/|https://plato.stanford.edu/entries/aesthetic-judgment/	3
<http://dbpedia.org/resource/Socrates>	Socrates	0.6967961915639328	43	6	49	0	0	0	0	0	0	0	0	0	[]	False	False	False	True	Socrates	363	4767	Socrates	Socrates	https://plato.stanford.edu/entries/abelard/|https://plato.stanford.edu/entries/abstract-objects/|https://plato.stanford.edu/entries/abu-bakr-al-razi/|https://plato.stanford.edu/entries/addams-jane/|https://plato.stanford.edu/entries/african-sage/	4
<http://dbpedia.org/resource/Thomas_Aquinas>	Thomas Aquinas	0.3226054085627537	60	3	63	0	0	0	0	0	0	0	0	0	[]	False	False	False	True	Thomas Aquinas	219	2494	Thomas Aquinas|Aquinas	Aquinas|Thomas Aquinas	https://plato.stanford.edu/entries/abner-burgos/|https://plato.stanford.edu/entries/abraham-daud/|https://plato.stanford.edu/entries/action/|https://plato.stanford.edu/entries/aesthetic-experience/|https://plato.stanford.edu/entries/al-din-al-razi/	5
<http://dbpedia.org/resource/Bertrand_Russell>	Bertrand Russell	1.2645172094730188	91	25	116	0	0	0	0	0	0	0	0	0	[]	False	False	False	True	Bertrand Russell	215	4605	Bertrand Russell|Russell	Bertrand Russell|Russell	https://plato.stanford.edu/entries/abduction/|https://plato.stanford.edu/entries/african-ethics/|https://plato.stanford.edu/entries/alexander/|https://plato.stanford.edu/entries/algebra-logic-tradition/|https://plato.stanford.edu/entries/analysis/	6
<http://dbpedia.org/resource/David_Hume>	David Hume	0.6115692375422992	77	18	95	0	0	0	0	0	0	0	0	0	[]	False	False	False	True	David Hume	207	4873	David Hume|Hume	David Hume|Hume	https://plato.stanford.edu/entries/aesthetic-experience/|https://plato.stanford.edu/entries/aesthetics-18th-british/|https://plato.stanford.edu/entries/aesthetics-18th-german/|https://plato.stanford.edu/entries/africana/|https://plato.stanford.edu/entries/altruism/	7
<http://dbpedia.org/resource/Immanuel_Kant>	Immanuel Kant	1.4502968450673055	200	21	221	0	0	0	0	0	0	0	0	0	[]	False	False	False	True	Immanuel Kant	178	9238	Immanuel Kant|Kant	Immanuel Kant|Kant	https://plato.stanford.edu/entries/aesthetic-experience/|https://plato.stanford.edu/entries/aesthetic-judgment/|https://plato.stanford.edu/entries/aesthetics-cogsci/|https://plato.stanford.edu/entries/aesthetics-of-everyday/|https://plato.stanford.edu/entries/africana/	8
<http://dbpedia.org/resource/David_Lewis_(philosopher)>	David Lewis (philosopher)	0.3077492795240596	12	5	17	0	0	0	0	0	0	0	0	0	[]	False	False	False	True	David Lewis	178	345	David Lewis	David Lewis	https://plato.stanford.edu/entries/abstract-objects/|https://plato.stanford.edu/entries/ambiguity/|https://plato.stanford.edu/entries/analytic-synthetic/|https://plato.stanford.edu/entries/animal-communication/|https://plato.stanford.edu/entries/anomalous-monism/	9
<http://dbpedia.org/resource/Cicero>	Cicero	1.3365897217706024	16	15	31	0	0	0	0	0	0	0	0	0	[]	False	False	False	True	Cicero	168	1205	Cicero	Cicero	https://plato.stanford.edu/entries/abelard/|https://plato.stanford.edu/entries/abrabanel/|https://plato.stanford.edu/entries/alexander-aphrodisias/|https://plato.stanford.edu/entries/anaxagoras/|https://plato.stanford.edu/entries/antiochus-ascalon/	10
<http://dbpedia.org/resource/John_Locke>	John Locke	0.7828049084309873	50	14	64	0	0	0	0	0	0	0	0	0	[]	False	False	False	True	John Locke	165	4405	John Locke|Locke	John Locke|Locke	https://plato.stanford.edu/entries/18thGerman-preKant/|https://plato.stanford.edu/entries/abstract-objects/|https://plato.stanford.edu/entries/africana-contemporary/|https://plato.stanford.edu/entries/alexander-crummell/|https://plato.stanford.edu/entries/alexander/	11
<http://dbpedia.org/resource/John_Stuart_Mill>	John Stuart Mill	0.6970653118084851	38	11	49	1	0	0	0	0	0	0	0	0	[]	False	False	False	True	John Stuart Mill	156	367	John Stuart Mill	John Stuart Mill	https://plato.stanford.edu/entries/akan-person/|https://plato.stanford.edu/entries/alienation/|https://plato.stanford.edu/entries/altruism-empirical/|https://plato.stanford.edu/entries/altruism/|https://plato.stanford.edu/entries/analysis/	12
<http://dbpedia.org/resource/Avicenna>	Avicenna	0.3742869858596982	14	3	17	0	0	0	0	0	0	0	0	0	[]	False	False	False	True	Avicenna	146	2828	Avicenna	Avicenna	https://plato.stanford.edu/entries/abner-burgos/|https://plato.stanford.edu/entries/abrabanel/|https://plato.stanford.edu/entries/abraham-daud/|https://plato.stanford.edu/entries/abu-bakr-al-razi/|https://plato.stanford.edu/entries/agrippa-nettesheim/	13
<http://dbpedia.org/resource/William_James>	William James	1.1035638937776884	53	24	77	0	0	0	0	0	0	0	0	0	[]	False	False	False	True	William James	146	375	William James	William James	https://plato.stanford.edu/entries/addams-jane/|https://plato.stanford.edu/entries/africana/|https://plato.stanford.edu/entries/afterlife/|https://plato.stanford.edu/entries/agency/|https://plato.stanford.edu/entries/alain-locke/	14
<http://dbpedia.org/resource/Hypatia>	Hypatia	0.3600550234368504	2	5	7	0	0	0	0	0	0	0	0	0	[]	False	False	False	True	Hypatia	135	579	Hypatia	Hypatia	https://plato.stanford.edu/entries/18thGerman-preKant/|https://plato.stanford.edu/entries/aesthetics-of-everyday/|https://plato.stanford.edu/entries/africana-contemporary/|https://plato.stanford.edu/entries/africana/|https://plato.stanford.edu/entries/agency/	15
<http://dbpedia.org/resource/Plotinus>	Plotinus	0.8306133037197121	42	10	52	0	0	0	0	0	0	0	0	0	[]	False	False	False	True	Plotinus	131	916	Plotinus	Plotinus	https://plato.stanford.edu/entries/18thGerman-preKant/|https://plato.stanford.edu/entries/abrabanel/|https://plato.stanford.edu/entries/aesthetics-18th-british/|https://plato.stanford.edu/entries/agrippa-nettesheim/|https://plato.stanford.edu/entries/al-baghdadi/	16
<http://dbpedia.org/resource/John_Rawls>	John Rawls	0.3772339678058617	41	5	46	0	0	0	0	0	0	0	0	0	[]	False	False	False	True	John Rawls	130	2613	John Rawls|Rawls	John Rawls|Rawls	https://plato.stanford.edu/entries/affirmative-action/|https://plato.stanford.edu/entries/africana/|https://plato.stanford.edu/entries/anarchism/|https://plato.stanford.edu/entries/ancient-political/|https://plato.stanford.edu/entries/authority/	17
<http://dbpedia.org/resource/Averroes>	Averroes	0.5205540469789735	20	10	30	0	0	0	0	0	0	0	0	0	[]	False	False	False	True	Averroes	129	1433	Averroes	Averroes	https://plato.stanford.edu/entries/abrabanel/|https://plato.stanford.edu/entries/abraham-daud/|https://plato.stanford.edu/entries/abu-bakr-al-razi/|https://plato.stanford.edu/entries/al-baghdadi/|https://plato.stanford.edu/entries/al-farabi-psych/	18
<http://dbpedia.org/resource/Parmenides>	Parmenides	0.3371035584621986	13	2	15	0	0	0	0	0	0	0	0	0	[]	False	False	False	True	Parmenides	123	1137	Parmenides	Parmenides	https://plato.stanford.edu/entries/action/|https://plato.stanford.edu/entries/al-farabi-metaphysics/|https://plato.stanford.edu/entries/al-qudat/|https://plato.stanford.edu/entries/alcmaeon/|https://plato.stanford.edu/entries/ammonius/	19
<http://dbpedia.org/resource/Duns_Scotus>	Duns Scotus	0.2775182612982427	14	0	14	1	0	0	0	0	0	0	0	0	[]	False	False	False	True	Duns Scotus	123	469	Duns Scotus	Duns Scotus	https://plato.stanford.edu/entries/al-din-al-razi/|https://plato.stanford.edu/entries/al-ghazali/|https://plato.stanford.edu/entries/alexander-aphrodisias/|https://plato.stanford.edu/entries/alyngton/|https://plato.stanford.edu/entries/analogy-medieval/	20
<http://dbpedia.org/resource/Hilary_Putnam>	Hilary Putnam	0.3162629110686261	10	8	18	0	0	0	0	0	0	0	0	0	[]	False	False	False	True	Hilary Putnam	113	928	Hilary Putnam|Putnam	Hilary Putnam|Putnam	https://plato.stanford.edu/entries/abduction/|https://plato.stanford.edu/entries/analytic-synthetic/|https://plato.stanford.edu/entries/apriori/|https://plato.stanford.edu/entries/aristotle-psychology/|https://plato.stanford.edu/entries/artifact/	21
<http://dbpedia.org/resource/Galen>	Galen	0.4155127302696006	15	5	20	0	0	0	0	0	0	0	0	0	[]	False	False	False	True	Galen	109	688	Galen	Galen	https://plato.stanford.edu/entries/abu-bakr-al-razi/|https://plato.stanford.edu/entries/aesthetics-cogsci/|https://plato.stanford.edu/entries/aesthetics-existentialist/|https://plato.stanford.edu/entries/al-baghdadi/|https://plato.stanford.edu/entries/al-farabi/	22
<http://dbpedia.org/resource/Homer>	Homer	0.2881250000000001	10	0	10	0	0	0	0	0	0	0	0	0	[]	False	False	False	True	Homer	105	339	Homer	Homer	https://plato.stanford.edu/entries/aesthetics-18th-british/|https://plato.stanford.edu/entries/aesthetics-18th-french/|https://plato.stanford.edu/entries/aesthetics-18th-german/|https://plato.stanford.edu/entries/albalag/|https://plato.stanford.edu/entries/analysis/	23
<http://dbpedia.org/resource/Euclid>	Euclid	0.8179342695349042	11	4	15	0	6	0	0	0	0	0	0	0	[]	False	False	False	True	Euclid	101	421	Euclid	Euclid	https://plato.stanford.edu/entries/al-baghdadi/|https://plato.stanford.edu/entries/al-kindi/|https://plato.stanford.edu/entries/albert-great/|https://plato.stanford.edu/entries/albert-saxony/|https://plato.stanford.edu/entries/analysis/	24
<http://dbpedia.org/resource/Gottlob_Frege__Gottlob_Frege__1>	Gottlob Frege  Gottlob Frege  1	0.4385148759571187	9	8	17	0	0	0	0	0	0	0	0	0	[]	False	False	False	True	Gottlob Frege	100	179	Gottlob Frege	Gottlob Frege	https://plato.stanford.edu/entries/algebra-logic-tradition/|https://plato.stanford.edu/entries/analytic-synthetic/|https://plato.stanford.edu/entries/assertion/|https://plato.stanford.edu/entries/austin-jl/|https://plato.stanford.edu/entries/boole/	25
<http://dbpedia.org/resource/Gottlob_Frege>	Gottlob Frege	0.4257236700041732	26	7	33	0	0	0	0	0	0	0	0	0	[]	False	False	False	True	Gottlob Frege	100	179	Gottlob Frege	Gottlob Frege	https://plato.stanford.edu/entries/algebra-logic-tradition/|https://plato.stanford.edu/entries/analytic-synthetic/|https://plato.stanford.edu/entries/assertion/|https://plato.stanford.edu/entries/austin-jl/|https://plato.stanford.edu/entries/boole/	26
<http://dbpedia.org/resource/Bernard_Williams>	Bernard Williams	0.3427755307939527	16	8	24	0	0	0	0	0	0	0	0	0	[]	False	False	False	True	Bernard Williams	99	166	Bernard Williams	Bernard Williams	https://plato.stanford.edu/entries/aesthetics-critical-theory/|https://plato.stanford.edu/entries/anomalous-monism/|https://plato.stanford.edu/entries/anscombe/|https://plato.stanford.edu/entries/assertion/|https://plato.stanford.edu/entries/authenticity/	27
<http://dbpedia.org/resource/Adam_Smith>	Adam Smith	0.8681010587414588	66	17	83	0	0	0	0	0	0	0	0	0	[]	False	False	False	True	Adam Smith	95	278	Adam Smith	Adam Smith	https://plato.stanford.edu/entries/action-perception/|https://plato.stanford.edu/entries/althusser/|https://plato.stanford.edu/entries/altruism-empirical/|https://plato.stanford.edu/entries/altruism/|https://plato.stanford.edu/entries/bentham/	28
<http://dbpedia.org/resource/Epicurus>	Epicurus	0.460049075082018	25	7	32	0	0	0	0	0	0	0	0	0	[]	False	False	False	True	Epicurus	94	658	Epicurus	Epicurus	https://plato.stanford.edu/entries/abu-bakr-al-razi/|https://plato.stanford.edu/entries/althusser/|https://plato.stanford.edu/entries/anarchism/|https://plato.stanford.edu/entries/ancient-political/|https://plato.stanford.edu/entries/ancient-soul/	29
<http://dbpedia.org/resource/Ludwig_Wittgenstein>	Ludwig Wittgenstein	2.314558925021813	166	33	199	0	0	0	0	0	0	0	0	0	[]	False	False	False	True	Ludwig Wittgenstein	92	1978	Ludwig Wittgenstein|Wittgenstein	Ludwig Wittgenstein|Wittgenstein	https://plato.stanford.edu/entries/agrippa-nettesheim/|https://plato.stanford.edu/entries/analysis/|https://plato.stanford.edu/entries/analytic-synthetic/|https://plato.stanford.edu/entries/anderson-john/|https://plato.stanford.edu/entries/anscombe/	30
<http://dbpedia.org/resource/Donald_Davidson_(philosopher)>	Donald Davidson (philosopher)	0.3082935641889902	17	9	26	0	0	0	0	0	0	0	0	0	[]	False	False	False	True	Donald Davidson	91	163	Donald Davidson	Donald Davidson	https://plato.stanford.edu/entries/abhidharma/|https://plato.stanford.edu/entries/abilities/|https://plato.stanford.edu/entries/action/|https://plato.stanford.edu/entries/aesthetic-judgment/|https://plato.stanford.edu/entries/anomalous-monism/	31
<http://dbpedia.org/resource/Thomas_Hobbes>	Thomas Hobbes	0.8594405223235609	27	17	44	0	0	0	0	0	0	0	0	0	[]	False	False	False	True	Thomas Hobbes	88	1474	Thomas Hobbes|Hobbes	Hobbes|Thomas Hobbes	https://plato.stanford.edu/entries/aquinas/|https://plato.stanford.edu/entries/austin-john/|https://plato.stanford.edu/entries/authority/|https://plato.stanford.edu/entries/ayn-rand/|https://plato.stanford.edu/entries/benjamin/	32
<http://dbpedia.org/resource/William_of_Ockham>	William of Ockham	0.9800399161940008	19	10	29	0	0	0	0	0	0	0	0	0	[]	False	False	False	True	William of Ockham	88	1473	William of Ockham|Ockham	Ockham|William of Ockham	https://plato.stanford.edu/entries/albert-saxony/|https://plato.stanford.edu/entries/analogy-medieval/|https://plato.stanford.edu/entries/arabic-islamic-influence/|https://plato.stanford.edu/entries/auriol/|https://plato.stanford.edu/entries/autrecourt/	33
<http://dbpedia.org/resource/René_Descartes>	René Descartes	1.2804958370591066	58	23	81	0	0	0	0	0	0	0	0	0	[]	False	False	False	True	Rene Descartes	87	3608	Rene Descartes|Descartes	Descartes|Rene Descartes	https://plato.stanford.edu/entries/africana/|https://plato.stanford.edu/entries/algebra/|https://plato.stanford.edu/entries/aristotelianism-renaissance/|https://plato.stanford.edu/entries/aristotle-metaphysics/|https://plato.stanford.edu/entries/astell/	34
<http://dbpedia.org/resource/Proclus>	Proclus	0.3533514433609845	12	6	18	0	0	0	0	0	0	0	0	0	[]	False	False	False	True	Proclus	84	1016	Proclus	Proclus	https://plato.stanford.edu/entries/al-baghdadi/|https://plato.stanford.edu/entries/al-farabi-psych/|https://plato.stanford.edu/entries/al-farabi/|https://plato.stanford.edu/entries/al-kindi/|https://plato.stanford.edu/entries/albert-great/	35
<http://dbpedia.org/resource/Martin_Heidegger>	Martin Heidegger	1.464624550167261	124	32	156	0	0	0	0	0	0	0	0	0	[]	False	False	False	True	Martin Heidegger	82	1940	Martin Heidegger|Heidegger	Heidegger|Martin Heidegger	https://plato.stanford.edu/entries/adorno/|https://plato.stanford.edu/entries/aesthetic-experience/|https://plato.stanford.edu/entries/aesthetics-existentialist/|https://plato.stanford.edu/entries/afterlife/|https://plato.stanford.edu/entries/arendt/	36
<http://dbpedia.org/resource/John_Dewey>	John Dewey	0.3680912021340334	41	7	48	0	0	0	0	0	0	0	0	0	[]	False	False	False	True	John Dewey	80	1766	John Dewey|Dewey	Dewey|John Dewey	https://plato.stanford.edu/entries/addams-jane/|https://plato.stanford.edu/entries/aesthetic-concept/|https://plato.stanford.edu/entries/aesthetic-experience/|https://plato.stanford.edu/entries/aesthetics-of-everyday/|https://plato.stanford.edu/entries/alexander/	37
<http://dbpedia.org/resource/Karl_Marx>	Karl Marx	1.8824097440240537	222	31	253	0	0	0	0	0	0	1	0	0	[]	False	False	False	True	Karl Marx	79	1132	Karl Marx|Marx	Karl Marx|Marx	https://plato.stanford.edu/entries/action/|https://plato.stanford.edu/entries/addams-jane/|https://plato.stanford.edu/entries/adorno/|https://plato.stanford.edu/entries/aesthetics-critical-theory/|https://plato.stanford.edu/entries/africana/	38
<http://dbpedia.org/resource/Plutarch>	Plutarch	1.0713913970943518	29	13	42	0	0	0	0	0	0	0	0	0	[]	False	False	False	True	Plutarch	79	680	Plutarch	Plutarch	https://plato.stanford.edu/entries/aesthetics-18th-french/|https://plato.stanford.edu/entries/alexander-aphrodisias/|https://plato.stanford.edu/entries/ammonius/|https://plato.stanford.edu/entries/anaxagoras/|https://plato.stanford.edu/entries/ancient-soul/	39
<http://dbpedia.org/resource/Edmund_Husserl>	Edmund Husserl	0.8331180743955575	87	20	107	0	0	0	0	0	0	0	0	0	[]	False	False	False	True	Edmund Husserl	77	1682	Edmund Husserl|Husserl	Edmund Husserl|Husserl	https://plato.stanford.edu/entries/aesthetic-experience/|https://plato.stanford.edu/entries/aesthetics-existentialist/|https://plato.stanford.edu/entries/arendt/|https://plato.stanford.edu/entries/art-ontology-history/|https://plato.stanford.edu/entries/bergson/	40
<http://dbpedia.org/resource/Democritus>	Democritus	0.5879977931554572	8	6	14	0	0	0	0	0	0	0	0	0	[]	False	False	False	True	Democritus	77	367	Democritus	Democritus	https://plato.stanford.edu/entries/althusser/|https://plato.stanford.edu/entries/anaxagoras/|https://plato.stanford.edu/entries/ancient-political/|https://plato.stanford.edu/entries/ancient-soul/|https://plato.stanford.edu/entries/arabic-islamic-causation/	41
<http://dbpedia.org/resource/Alexander_of_Aphrodisias>	Alexander of Aphrodisias	0.5651069980502402	6	5	11	0	0	0	0	0	0	0	0	0	[]	False	False	False	True	Alexander of Aphrodisias	76	363	Alexander of Aphrodisias|Aphrodisias	Alexander of Aphrodisias|Aphrodisias	https://plato.stanford.edu/entries/al-baghdadi/|https://plato.stanford.edu/entries/al-din-al-razi/|https://plato.stanford.edu/entries/al-farabi-logic/|https://plato.stanford.edu/entries/al-farabi-psych/|https://plato.stanford.edu/entries/al-kindi/	42
<http://dbpedia.org/resource/Sextus_Empiricus>	Sextus Empiricus	0.9628635287179972	11	7	18	0	0	0	0	0	0	0	0	0	[]	False	False	False	True	Sextus Empiricus	76	307	Sextus Empiricus|Empiricus	Empiricus|Sextus Empiricus	https://plato.stanford.edu/entries/agrippa-nettesheim/|https://plato.stanford.edu/entries/anaxagoras/|https://plato.stanford.edu/entries/antiochus-ascalon/|https://plato.stanford.edu/entries/arcesilaus/|https://plato.stanford.edu/entries/aristotelianism-renaissance/	43
<http://dbpedia.org/resource/Pythagoras>	Pythagoras	0.4630496875	14	5	19	0	0	0	0	0	0	0	0	0	[]	False	False	False	True	Pythagoras	74	987	Pythagoras	Pythagoras	https://plato.stanford.edu/entries/al-baghdadi/|https://plato.stanford.edu/entries/al-kindi/|https://plato.stanford.edu/entries/alcmaeon/|https://plato.stanford.edu/entries/algebra/|https://plato.stanford.edu/entries/analysis/	44
<http://dbpedia.org/resource/Maimonides>	Maimonides	0.4238516059276533	22	8	30	0	0	0	0	0	0	0	0	0	[]	False	False	False	True	Maimonides	73	1154	Maimonides	Maimonides	https://plato.stanford.edu/entries/abner-burgos/|https://plato.stanford.edu/entries/abrabanel/|https://plato.stanford.edu/entries/abraham-daud/|https://plato.stanford.edu/entries/abu-bakr-al-razi/|https://plato.stanford.edu/entries/al-baghdadi/	45
<http://dbpedia.org/resource/Karl_Popper>	Karl Popper	0.8688940610235284	40	23	63	0	0	0	0	0	0	0	0	0	[]	False	False	False	True	Karl Popper	73	1064	Karl Popper|Popper	Karl Popper|Popper	https://plato.stanford.edu/entries/adorno/|https://plato.stanford.edu/entries/ayer/|https://plato.stanford.edu/entries/biology-philosophy/|https://plato.stanford.edu/entries/bolzano/|https://plato.stanford.edu/entries/carnap/	46
<http://dbpedia.org/resource/Bonaventure>	Bonaventure	0.4189085112252948	11	4	15	0	0	0	0	0	0	0	0	0	[]	False	False	False	True	Bonaventure	72	525	Bonaventure	Bonaventure	https://plato.stanford.edu/entries/analogy-medieval/|https://plato.stanford.edu/entries/antonio-rosmini/|https://plato.stanford.edu/entries/arabic-islamic-influence/|https://plato.stanford.edu/entries/auriol/|https://plato.stanford.edu/entries/binarium/	47
<http://dbpedia.org/resource/David_Chalmers>	David Chalmers	0.2912745462599533	5	5	10	0	0	0	0	0	0	0	0	0	[]	False	False	False	True	David Chalmers	71	633	David Chalmers|Chalmers	Chalmers|David Chalmers	https://plato.stanford.edu/entries/analytic-synthetic/|https://plato.stanford.edu/entries/artifact/|https://plato.stanford.edu/entries/artificial-intelligence/|https://plato.stanford.edu/entries/bounded-rationality/|https://plato.stanford.edu/entries/categories/	48
<http://dbpedia.org/resource/Heraclitus>	Heraclitus	5.086857419447741	30	4	34	0	0	0	0	0	0	0	0	0	[]	False	False	False	True	Heraclitus	70	371	Heraclitus	Heraclitus	https://plato.stanford.edu/entries/african-sage/|https://plato.stanford.edu/entries/alcmaeon/|https://plato.stanford.edu/entries/anaxagoras/|https://plato.stanford.edu/entries/ancient-soul/|https://plato.stanford.edu/entries/anderson-john/	49
<http://dbpedia.org/resource/Voltaire>	Voltaire	0.7154675169709004	23	14	37	1	0	0	0	0	0	0	0	0	[]	False	False	False	True	Voltaire	67	593	Voltaire	Voltaire	https://plato.stanford.edu/entries/18thGerman-preKant/|https://plato.stanford.edu/entries/aesthetic-experience/|https://plato.stanford.edu/entries/aesthetics-18th-french/|https://plato.stanford.edu/entries/aesthetics-18th-german/|https://plato.stanford.edu/entries/august-rehberg/	50
<http://dbpedia.org/resource/Erasmus>	Erasmus	0.5620723726163241	6	3	9	0	0	0	0	0	0	0	0	0	[]	False	False	False	True	Erasmus	66	480	Erasmus	Erasmus	https://plato.stanford.edu/entries/action/|https://plato.stanford.edu/entries/agrippa-nettesheim/|https://plato.stanford.edu/entries/aristotelianism-renaissance/|https://plato.stanford.edu/entries/augustine/|https://plato.stanford.edu/entries/bayle/	51
<http://dbpedia.org/resource/Gorgias>	Gorgias	0.3903419802781512	4	4	8	0	0	0	0	0	0	0	0	0	[]	False	False	False	True	Gorgias	66	271	Gorgias	Gorgias	https://plato.stanford.edu/entries/action/|https://plato.stanford.edu/entries/al-farabi-logic/|https://plato.stanford.edu/entries/al-farabi-metaphysics/|https://plato.stanford.edu/entries/al-farabi/|https://plato.stanford.edu/entries/al-ghazali/	52
<http://dbpedia.org/resource/G._E._Moore>	G. E. Moore	0.4343975947797695	18	8	26	0	0	0	0	0	0	0	0	0	[]	False	False	False	True	G. E. Moore	66	117	G. E. Moore	G. E. Moore	https://plato.stanford.edu/entries/alexander/|https://plato.stanford.edu/entries/analysis/|https://plato.stanford.edu/entries/anderson-john/|https://plato.stanford.edu/entries/assertion/|https://plato.stanford.edu/entries/berlin/	53
<http://dbpedia.org/resource/Albert_Einstein>	Albert Einstein	0.7772608670204788	20	11	31	0	15	0	0	0	0	0	0	0	[]	False	False	False	True	Albert Einstein	64	1457	Albert Einstein|Einstein	Albert Einstein|Einstein	https://plato.stanford.edu/entries/abstract-objects/|https://plato.stanford.edu/entries/atomism-modern/|https://plato.stanford.edu/entries/bohr-correspondence/|https://plato.stanford.edu/entries/causal-explanation-science/|https://plato.stanford.edu/entries/causation-physics/	54
<http://dbpedia.org/resource/Muhammad>	Muhammad	2.19425	8	0	8	0	0	0	0	0	0	0	0	0	[]	False	False	False	True	Muhammad	64	250	Muhammad	Muhammad	https://plato.stanford.edu/entries/abu-bakr-al-razi/|https://plato.stanford.edu/entries/aesthetics-cogsci/|https://plato.stanford.edu/entries/al-baghdadi/|https://plato.stanford.edu/entries/al-din-al-razi/|https://plato.stanford.edu/entries/al-farabi/	55
<http://dbpedia.org/resource/Protagoras>	Protagoras	0.306198217501394	5	4	9	0	0	0	0	0	0	0	0	0	[]	False	False	False	True	Protagoras	63	592	Protagoras	Protagoras	https://plato.stanford.edu/entries/action/|https://plato.stanford.edu/entries/ancient-political/|https://plato.stanford.edu/entries/aristotle-aesthetics/|https://plato.stanford.edu/entries/aristotle-ethics/|https://plato.stanford.edu/entries/aristotle-noncontradiction/	56
<http://dbpedia.org/resource/Jean-Paul_Sartre>	Jean-Paul Sartre	0.9719324180626197	51	18	69	0	0	0	0	0	0	0	0	0	[]	False	False	False	True	Jean-Paul Sartre	62	942	Jean-Paul Sartre|Sartre	Jean-Paul Sartre|Sartre	https://plato.stanford.edu/entries/aesthetic-experience/|https://plato.stanford.edu/entries/aesthetics-existentialist/|https://plato.stanford.edu/entries/africana/|https://plato.stanford.edu/entries/alienation/|https://plato.stanford.edu/entries/anna-julia-cooper/	57
<http://dbpedia.org/resource/Confucius>	Confucius	0.8841875000000001	16	6	22	0	0	0	0	0	0	0	0	0	[]	False	False	False	True	Confucius	62	684	Confucius	Confucius	https://plato.stanford.edu/entries/alberic-paris/|https://plato.stanford.edu/entries/aristotle-ethics/|https://plato.stanford.edu/entries/buddhism-huayan/|https://plato.stanford.edu/entries/chinese-change/|https://plato.stanford.edu/entries/chinese-phil-science/	58
<http://dbpedia.org/resource/Philip_Pettit>	Philip Pettit	0.6594675420226258	1	6	7	0	0	0	0	0	0	0	0	0	[]	False	False	False	True	Philip Pettit	62	393	Philip Pettit|Pettit	Pettit|Philip Pettit	https://plato.stanford.edu/entries/autonomy-moral/|https://plato.stanford.edu/entries/catharine-macaulay/|https://plato.stanford.edu/entries/collective-intentionality/|https://plato.stanford.edu/entries/collective-responsibility/|https://plato.stanford.edu/entries/constructivism-metaethics/	59
<http://dbpedia.org/resource/Philo>	Philo	0.6733486420073089	5	5	10	0	0	0	0	0	0	0	0	0	[]	False	False	False	True	Philo	61	697	Philo	Philo	https://plato.stanford.edu/entries/abrabanel/|https://plato.stanford.edu/entries/africana-contemporary/|https://plato.stanford.edu/entries/althusser/|https://plato.stanford.edu/entries/antiochus-ascalon/|https://plato.stanford.edu/entries/aristotelianism-renaissance/	60
<http://dbpedia.org/resource/Crispin_Wright>	Crispin Wright	0.5584867837062969	9	6	15	0	0	0	0	0	0	0	0	0	[]	False	False	False	True	Crispin Wright	61	95	Crispin Wright	Crispin Wright	https://plato.stanford.edu/entries/abstract-objects/|https://plato.stanford.edu/entries/analytic-synthetic/|https://plato.stanford.edu/entries/apriori/|https://plato.stanford.edu/entries/closure-epistemic/|https://plato.stanford.edu/entries/color/	61
<http://dbpedia.org/resource/Thomas_Kuhn>	Thomas Kuhn	1.1212458538054189	17	15	32	0	0	0	0	0	0	0	0	0	[]	False	False	False	True	Thomas Kuhn	60	1175	Thomas Kuhn|Kuhn	Kuhn|Thomas Kuhn	https://plato.stanford.edu/entries/bessarion/|https://plato.stanford.edu/entries/biology-experiment/|https://plato.stanford.edu/entries/biomedicine/|https://plato.stanford.edu/entries/boyle/|https://plato.stanford.edu/entries/carnap/	62
<http://dbpedia.org/resource/Jeremy_Bentham>	Jeremy Bentham	0.5182080278933013	23	9	32	0	0	0	0	0	0	0	0	0	[]	False	False	False	True	Jeremy Bentham	60	731	Jeremy Bentham|Bentham	Bentham|Jeremy Bentham	https://plato.stanford.edu/entries/altruism/|https://plato.stanford.edu/entries/anarchism/|https://plato.stanford.edu/entries/architecture/|https://plato.stanford.edu/entries/associationist-thought/|https://plato.stanford.edu/entries/austin-john/	63
<http://dbpedia.org/resource/Ronald_Dworkin>	Ronald Dworkin	0.4934470855733626	9	6	15	0	0	0	0	0	0	0	0	0	[]	False	False	False	True	Ronald Dworkin	58	702	Ronald Dworkin|Dworkin	Dworkin|Ronald Dworkin	https://plato.stanford.edu/entries/advance-directives/|https://plato.stanford.edu/entries/affirmative-action/|https://plato.stanford.edu/entries/afterlife/|https://plato.stanford.edu/entries/argument/|https://plato.stanford.edu/entries/austin-john/	64
<http://dbpedia.org/resource/Martha_Nussbaum>	Martha Nussbaum	0.4793494881996584	7	8	15	0	0	0	0	0	0	0	0	0	[]	False	False	False	True	Martha Nussbaum	58	498	Martha Nussbaum|Nussbaum	Martha Nussbaum|Nussbaum	https://plato.stanford.edu/entries/aristotle-aesthetics/|https://plato.stanford.edu/entries/capability-approach/|https://plato.stanford.edu/entries/civic-education/|https://plato.stanford.edu/entries/dignity/|https://plato.stanford.edu/entries/disability/	65
<http://dbpedia.org/resource/Kurt_Gödel>	Kurt Gödel	0.2943576472179278	6	7	13	1	23	0	0	0	0	0	0	0	[]	False	False	False	True	Kurt Godel	57	1567	Kurt Godel|Godel	Godel|Kurt Godel	https://plato.stanford.edu/entries/axiom-choice/|https://plato.stanford.edu/entries/ayer/|https://plato.stanford.edu/entries/carnap/|https://plato.stanford.edu/entries/chinese-room/|https://plato.stanford.edu/entries/church/	66
<http://dbpedia.org/resource/Jürgen_Habermas>	Jürgen Habermas	1.016763608415924	21	28	49	0	0	0	0	0	0	0	0	0	[]	False	False	False	True	Jurgen Habermas	56	825	Jurgen Habermas|Habermas	Habermas|Jurgen Habermas	https://plato.stanford.edu/entries/adorno/|https://plato.stanford.edu/entries/aesthetics-critical-theory/|https://plato.stanford.edu/entries/argument/|https://plato.stanford.edu/entries/benjamin/|https://plato.stanford.edu/entries/civil-disobedience/	67
<http://dbpedia.org/resource/John_Perry_(philosopher)>	John Perry (philosopher)	0.4704509660727801	1	4	5	0	0	0	0	0	0	0	0	0	[]	False	False	False	True	John Perry	55	89	John Perry	John Perry	https://plato.stanford.edu/entries/argument/|https://plato.stanford.edu/entries/art-ontology-history/|https://plato.stanford.edu/entries/assertion/|https://plato.stanford.edu/entries/branching-time/|https://plato.stanford.edu/entries/carnap/	68
<http://dbpedia.org/resource/Isaac_Newton>	Isaac Newton	1.4444067989523297	43	17	60	0	17	0	0	0	0	0	0	0	[]	False	False	False	True	Isaac Newton	54	1940	Isaac Newton|Newton	Isaac Newton|Newton	https://plato.stanford.edu/entries/abduction/|https://plato.stanford.edu/entries/atomism-modern/|https://plato.stanford.edu/entries/beauty/|https://plato.stanford.edu/entries/boyle/|https://plato.stanford.edu/entries/cambridge-platonists/	69
<http://dbpedia.org/resource/Ptolemy>	Ptolemy	0.3462105160153999	7	2	9	0	9	0	0	0	0	0	0	0	[]	False	False	False	True	Ptolemy	54	223	Ptolemy	Ptolemy	https://plato.stanford.edu/entries/al-kindi/|https://plato.stanford.edu/entries/albert-great/|https://plato.stanford.edu/entries/ammonius/|https://plato.stanford.edu/entries/arabic-islamic-mind/|https://plato.stanford.edu/entries/arabic-islamic-natural/	70
<http://dbpedia.org/resource/Ernest_Sosa>	Ernest Sosa	0.3096284742256365	2	3	5	0	0	0	0	0	0	0	0	0	[]	False	False	False	True	Ernest Sosa	53	378	Ernest Sosa|Sosa	Ernest Sosa|Sosa	https://plato.stanford.edu/entries/aesthetic-testimony/|https://plato.stanford.edu/entries/apriori/|https://plato.stanford.edu/entries/attention/|https://plato.stanford.edu/entries/categories/|https://plato.stanford.edu/entries/causal-explanation-science/	71
<http://dbpedia.org/resource/Chrysippus>	Chrysippus	0.4853523707516196	2	6	8	0	0	0	0	0	0	0	0	0	[]	False	False	False	True	Chrysippus	53	184	Chrysippus	Chrysippus	https://plato.stanford.edu/entries/ambiguity/|https://plato.stanford.edu/entries/ancient-political/|https://plato.stanford.edu/entries/ancient-soul/|https://plato.stanford.edu/entries/arcesilaus/|https://plato.stanford.edu/entries/aristotle-logic/	72
<http://dbpedia.org/resource/Nelson_Goodman>	Nelson Goodman	0.3390778586468935	12	8	20	0	0	0	0	0	0	0	0	0	[]	False	False	False	True	Nelson Goodman	53	141	Nelson Goodman	Nelson Goodman	https://plato.stanford.edu/entries/aesthetic-experience/|https://plato.stanford.edu/entries/art-definition/|https://plato.stanford.edu/entries/art-ontology-history/|https://plato.stanford.edu/entries/boundary/|https://plato.stanford.edu/entries/carnap/	73
<http://dbpedia.org/resource/Friedrich_Nietzsche>	Friedrich Nietzsche	1.9889228214961727	109	28	137	0	0	0	0	0	0	0	0	0	[]	False	False	False	True	Friedrich Nietzsche	52	2160	Friedrich Nietzsche|Nietzsche	Friedrich Nietzsche|Nietzsche	https://plato.stanford.edu/entries/aesthetic-experience/|https://plato.stanford.edu/entries/aesthetic-judgment/|https://plato.stanford.edu/entries/aesthetics-existentialist/|https://plato.stanford.edu/entries/art-definition/|https://plato.stanford.edu/entries/ayer/	74
<http://dbpedia.org/resource/Michel_Foucault>	Michel Foucault	1.326875648957633	70	30	100	0	0	0	0	0	0	0	0	0	[]	False	False	False	True	Michel Foucault	52	583	Michel Foucault|Foucault	Foucault|Michel Foucault	https://plato.stanford.edu/entries/africana/|https://plato.stanford.edu/entries/althusser/|https://plato.stanford.edu/entries/artifact/|https://plato.stanford.edu/entries/authenticity/|https://plato.stanford.edu/entries/bentham/	75
<http://dbpedia.org/resource/Alvin_Plantinga>	Alvin Plantinga	0.9847279395878994	14	19	33	0	0	0	0	0	0	0	0	0	[]	False	False	False	True	Alvin Plantinga	52	573	Alvin Plantinga|Plantinga	Alvin Plantinga|Plantinga	https://plato.stanford.edu/entries/basing-epistemic/|https://plato.stanford.edu/entries/christiantheology-philosophy/|https://plato.stanford.edu/entries/cosmological-argument/|https://plato.stanford.edu/entries/creationism/|https://plato.stanford.edu/entries/divine-freedom/	76
<http://dbpedia.org/resource/John_McDowell>	John McDowell	0.7433418882614056	18	18	36	0	0	0	0	0	0	0	0	0	[]	False	False	False	True	John McDowell	52	429	John McDowell|McDowell	John McDowell|McDowell	https://plato.stanford.edu/entries/anomalous-monism/|https://plato.stanford.edu/entries/assertion/|https://plato.stanford.edu/entries/attention/|https://plato.stanford.edu/entries/austin-jl/|https://plato.stanford.edu/entries/content-nonconceptual/	77
<http://dbpedia.org/resource/Jean-Jacques_Rousseau>	Jean-Jacques Rousseau	0.9654962545239356	67	23	90	0	0	0	0	0	0	0	0	0	[]	False	False	False	True	Jean-Jacques Rousseau	50	543	Jean-Jacques Rousseau|Rousseau	Jean-Jacques Rousseau|Rousseau	https://plato.stanford.edu/entries/aesthetics-18th-french/|https://plato.stanford.edu/entries/alienation/|https://plato.stanford.edu/entries/authenticity/|https://plato.stanford.edu/entries/childhood/|https://plato.stanford.edu/entries/communitarianism/	78
<http://dbpedia.org/resource/Michael_Dummett>	Michael Dummett	0.3388313182478057	17	8	25	0	0	0	0	0	0	0	0	0	[]	False	False	False	True	Michael Dummett	50	301	Michael Dummett|Dummett	Dummett|Michael Dummett	https://plato.stanford.edu/entries/analytic-synthetic/|https://plato.stanford.edu/entries/assertion/|https://plato.stanford.edu/entries/boole/|https://plato.stanford.edu/entries/boundary/|https://plato.stanford.edu/entries/categories/	79
<http://dbpedia.org/resource/Empedocles>	Empedocles	0.3526219489732664	7	3	10	0	0	0	0	0	0	0	0	0	[]	False	False	False	True	Empedocles	49	350	Empedocles	Empedocles	https://plato.stanford.edu/entries/al-farabi-metaphysics/|https://plato.stanford.edu/entries/alcmaeon/|https://plato.stanford.edu/entries/anaxagoras/|https://plato.stanford.edu/entries/ancient-soul/|https://plato.stanford.edu/entries/arabic-islamic-causation/	80
<http://dbpedia.org/resource/Philip_Kitcher>	Philip Kitcher	0.3251530396859274	5	6	11	0	0	0	0	0	0	0	0	0	[]	False	False	False	True	Philip Kitcher	48	391	Philip Kitcher|Kitcher	Kitcher|Philip Kitcher	https://plato.stanford.edu/entries/agent-modeling-philscience/|https://plato.stanford.edu/entries/apriori/|https://plato.stanford.edu/entries/artifact/|https://plato.stanford.edu/entries/biology-developmental/|https://plato.stanford.edu/entries/computational-philosophy/	81
<http://dbpedia.org/resource/Amartya_Sen>	Amartya Sen	0.5132719413482673	27	13	40	4	0	0	0	0	0	0	0	0	[Development economics, Social choice theory, Welfare economics]	False	False	False	True	Amartya Sen	48	81	Amartya Sen	Amartya Sen	https://plato.stanford.edu/entries/arrows-theorem/|https://plato.stanford.edu/entries/bioethics-latin-america/|https://plato.stanford.edu/entries/capability-approach/|https://plato.stanford.edu/entries/constructivism-political/|https://plato.stanford.edu/entries/contractarianism-contemporary/	82
<http://dbpedia.org/resource/Martin_Luther>	Martin Luther	0.6704041558415539	5	6	11	0	0	0	0	0	0	0	0	0	[]	False	False	False	True	Martin Luther	47	832	Martin Luther|Luther	Luther|Martin Luther	https://plato.stanford.edu/entries/adorno/|https://plato.stanford.edu/entries/africana-contemporary/|https://plato.stanford.edu/entries/africana/|https://plato.stanford.edu/entries/anarchism/|https://plato.stanford.edu/entries/aquinas/	83
<http://dbpedia.org/resource/Archimedes>	Archimedes	0.3291842695349042	7	1	8	0	9	0	0	0	0	0	0	0	[]	False	False	False	True	Archimedes	47	77	Archimedes	Archimedes	https://plato.stanford.edu/entries/albert-saxony/|https://plato.stanford.edu/entries/archytas/|https://plato.stanford.edu/entries/aristotle-commentators/|https://plato.stanford.edu/entries/aristotle-mathematics/|https://plato.stanford.edu/entries/bell-theorem/	84
<http://dbpedia.org/resource/Richard_Rorty>	Richard Rorty	0.7140794293575786	22	17	39	0	0	0	0	0	0	0	0	0	[]	False	False	False	True	Richard Rorty	46	540	Richard Rorty|Rorty	Richard Rorty|Rorty	https://plato.stanford.edu/entries/anderson-john/|https://plato.stanford.edu/entries/arcesilaus/|https://plato.stanford.edu/entries/authenticity/|https://plato.stanford.edu/entries/berlin/|https://plato.stanford.edu/entries/carneades/	85
<http://dbpedia.org/resource/Gilbert_Ryle>	Gilbert Ryle	0.3849843689653971	15	6	21	0	0	0	0	0	0	0	0	0	[]	False	False	False	True	Gilbert Ryle	46	470	Gilbert Ryle|Ryle	Gilbert Ryle|Ryle	https://plato.stanford.edu/entries/ambiguity/|https://plato.stanford.edu/entries/anderson-john/|https://plato.stanford.edu/entries/austin-jl/|https://plato.stanford.edu/entries/ayer/|https://plato.stanford.edu/entries/behaviorism/	86
<http://dbpedia.org/resource/Graham_Priest>	Graham Priest	0.3348381692480497	0	3	3	0	0	0	0	0	0	0	0	0	[]	False	False	False	True	Graham Priest	46	458	Graham Priest|Priest	Graham Priest|Priest	https://plato.stanford.edu/entries/aristotle-noncontradiction/|https://plato.stanford.edu/entries/boundary/|https://plato.stanford.edu/entries/buddhism-huayan/|https://plato.stanford.edu/entries/chance-randomness/|https://plato.stanford.edu/entries/change/	87
<http://dbpedia.org/resource/Hannah_Arendt>	Hannah Arendt	0.4229953698082881	18	8	26	0	0	0	0	0	0	0	0	0	[]	False	False	False	True	Hannah Arendt	46	409	Hannah Arendt|Arendt	Arendt|Hannah Arendt	https://plato.stanford.edu/entries/ancient-political/|https://plato.stanford.edu/entries/arendt/|https://plato.stanford.edu/entries/aristotle-politics/|https://plato.stanford.edu/entries/augustine/|https://plato.stanford.edu/entries/authenticity/	88
<http://dbpedia.org/resource/Lucretius>	Lucretius	0.4248350749412912	24	7	31	0	0	0	0	0	0	0	0	0	[]	False	False	False	True	Lucretius	46	403	Lucretius	Lucretius	https://plato.stanford.edu/entries/althusser/|https://plato.stanford.edu/entries/ancient-political/|https://plato.stanford.edu/entries/ancient-soul/|https://plato.stanford.edu/entries/archytas/|https://plato.stanford.edu/entries/aristotelianism-renaissance/	89
<http://dbpedia.org/resource/Herbert_Spencer>	Herbert Spencer	0.4792057596005916	44	10	54	0	0	0	0	0	0	0	0	0	[]	False	False	False	True	Herbert Spencer	46	83	Herbert Spencer	Herbert Spencer	https://plato.stanford.edu/entries/adaptationism/|https://plato.stanford.edu/entries/alain-locke/|https://plato.stanford.edu/entries/alexander/|https://plato.stanford.edu/entries/bentham/|https://plato.stanford.edu/entries/bergson/	90
<http://dbpedia.org/resource/Charles_Sanders_Peirce>	Charles Sanders Peirce	0.6510758212264912	42	16	58	0	0	0	0	0	0	0	0	0	[]	False	False	False	True	Charles Sanders Peirce	45	1678	Charles Sanders Peirce|Peirce	Charles Sanders Peirce|Peirce	https://plato.stanford.edu/entries/abduction/|https://plato.stanford.edu/entries/addams-jane/|https://plato.stanford.edu/entries/algebra-logic-tradition/|https://plato.stanford.edu/entries/art-ontology-history/|https://plato.stanford.edu/entries/assertion/	91
<http://dbpedia.org/resource/Horace>	Horace	0.3262951278284147	2	1	3	0	0	2	0	0	0	0	0	0	[]	False	False	False	True	Horace	45	68	Horace	Horace	https://plato.stanford.edu/entries/abelard/|https://plato.stanford.edu/entries/aesthetics-18th-french/|https://plato.stanford.edu/entries/alain-locke/|https://plato.stanford.edu/entries/archytas/|https://plato.stanford.edu/entries/civic-education/	92
<http://dbpedia.org/resource/Gottfried_Wilhelm_Leibniz>	Gottfried Wilhelm Leibniz	1.4327918478781243	50	21	71	0	0	0	0	0	0	0	0	0	[]	False	False	False	True	Gottfried Wilhelm Leibniz	44	2764	Gottfried Wilhelm Leibniz|Leibniz	Gottfried Wilhelm Leibniz|Leibniz	https://plato.stanford.edu/entries/18thGerman-preKant/|https://plato.stanford.edu/entries/aesthetics-18th-german/|https://plato.stanford.edu/entries/arnauld/|https://plato.stanford.edu/entries/biology-developmental/|https://plato.stanford.edu/entries/cambridge-platonists/	93
<http://dbpedia.org/resource/Franz_Brentano>	Franz Brentano	0.5198904835418088	18	6	24	0	0	0	0	0	0	0	0	0	[]	False	False	False	True	Franz Brentano	44	1269	Franz Brentano|Brentano	Brentano|Franz Brentano	https://plato.stanford.edu/entries/analytic-synthetic/|https://plato.stanford.edu/entries/aristotle-categories/|https://plato.stanford.edu/entries/bosanquet/|https://plato.stanford.edu/entries/brentano-judgement/|https://plato.stanford.edu/entries/brentano/	94
<http://dbpedia.org/resource/Derek_Parfit>	Derek Parfit	0.9525325489258488	10	15	25	0	0	0	0	0	0	0	0	0	[]	False	False	False	True	Derek Parfit	44	517	Derek Parfit|Parfit	Derek Parfit|Parfit	https://plato.stanford.edu/entries/apriori/|https://plato.stanford.edu/entries/change/|https://plato.stanford.edu/entries/chisholm/|https://plato.stanford.edu/entries/comparphil-chiwes/|https://plato.stanford.edu/entries/consequentialism-rule/	95
<http://dbpedia.org/resource/Anaxagoras>	Anaxagoras	0.2995413865148362	6	2	8	0	0	0	0	0	0	0	0	0	[]	False	False	False	True	Anaxagoras	44	310	Anaxagoras	Anaxagoras	https://plato.stanford.edu/entries/alcmaeon/|https://plato.stanford.edu/entries/anaxagoras/|https://plato.stanford.edu/entries/ancient-soul/|https://plato.stanford.edu/entries/aristotle-aesthetics/|https://plato.stanford.edu/entries/aristotle-mathematics/	96
<http://dbpedia.org/resource/Peter_Singer>	Peter Singer	0.5846383488661157	18	8	26	0	0	0	0	0	0	0	0	0	[]	False	False	False	True	Peter Singer	44	275	Peter Singer|Singer	Peter Singer|Singer	https://plato.stanford.edu/entries/actualism-possibilism-ethics/|https://plato.stanford.edu/entries/afterlife/|https://plato.stanford.edu/entries/altruism/|https://plato.stanford.edu/entries/animal-communication/|https://plato.stanford.edu/entries/cognition-animal/	97
<http://dbpedia.org/resource/George_Berkeley>	George Berkeley	0.3467489200060679	9	4	13	0	0	0	1	0	0	0	0	0	[]	False	False	False	True	George Berkeley	44	74	George Berkeley	George Berkeley	https://plato.stanford.edu/entries/action-perception/|https://plato.stanford.edu/entries/aesthetics-18th-british/|https://plato.stanford.edu/entries/berkeley/|https://plato.stanford.edu/entries/burke/|https://plato.stanford.edu/entries/collins/	98
<http://dbpedia.org/resource/Iamblichus>	Iamblichus	0.2858876972119557	7	6	13	0	0	0	0	0	0	0	0	0	[]	False	False	False	True	Iamblichus	43	611	Iamblichus	Iamblichus	https://plato.stanford.edu/entries/alcmaeon/|https://plato.stanford.edu/entries/ammonius/|https://plato.stanford.edu/entries/anaxagoras/|https://plato.stanford.edu/entries/arabic-islamic-greek/|https://plato.stanford.edu/entries/arabic-islamic-phil-math/	99
<http://dbpedia.org/resource/Al-Kindi>	Al-Kindi	0.5745087659247805	10	7	17	0	0	0	0	0	0	0	0	0	[]	False	False	False	True	Al-Kindi	43	533	Al-Kindi	Al-Kindi	https://plato.stanford.edu/entries/abu-bakr-al-razi/|https://plato.stanford.edu/entries/al-baghdadi/|https://plato.stanford.edu/entries/al-din-al-razi/|https://plato.stanford.edu/entries/al-farabi-logic/|https://plato.stanford.edu/entries/al-farabi/	100
<http://dbpedia.org/resource/Charles_Darwin>	Charles Darwin	1.9083801317862896	66	23	89	0	3	0	0	0	0	0	0	0	[]	False	False	False	True	Charles Darwin	42	1071	Charles Darwin|Darwin	Charles Darwin|Darwin	https://plato.stanford.edu/entries/adaptationism/|https://plato.stanford.edu/entries/alexander-humboldt/|https://plato.stanford.edu/entries/biology-philosophy/|https://plato.stanford.edu/entries/cognition-animal/|https://plato.stanford.edu/entries/computing-history/	101
<http://dbpedia.org/resource/John_Searle>	John Searle	0.3386552029316173	4	10	14	0	0	0	0	0	0	0	0	0	[]	False	False	False	True	John Searle	42	710	John Searle|Searle	John Searle|Searle	https://plato.stanford.edu/entries/analytic-synthetic/|https://plato.stanford.edu/entries/aristotle-psychology/|https://plato.stanford.edu/entries/artifact/|https://plato.stanford.edu/entries/artificial-intelligence/|https://plato.stanford.edu/entries/assertion/	102
<http://dbpedia.org/resource/Maurice_Merleau-Ponty>	Maurice Merleau-Ponty	0.3313605836319058	30	10	40	0	0	0	0	0	0	0	0	0	[]	False	False	False	True	Maurice Merleau-Ponty	42	500	Maurice Merleau-Ponty|Merleau-Ponty	Maurice Merleau-Ponty|Merleau-Ponty	https://plato.stanford.edu/entries/addams-jane/|https://plato.stanford.edu/entries/aesthetics-existentialist/|https://plato.stanford.edu/entries/attention/|https://plato.stanford.edu/entries/beauvoir/|https://plato.stanford.edu/entries/bergson/	103
<http://dbpedia.org/resource/Max_Black>	Max Black	0.6021842909398086	3	6	9	0	0	0	0	0	0	0	0	0	[]	False	False	False	True	Max Black	42	59	Max Black	Max Black	https://plato.stanford.edu/entries/action/|https://plato.stanford.edu/entries/aesthetic-experience/|https://plato.stanford.edu/entries/assertion/|https://plato.stanford.edu/entries/carnap/|https://plato.stanford.edu/entries/causation-backwards/	104
<http://dbpedia.org/resource/Alfred_North_Whitehead>	Alfred North Whitehead	0.5018888508413963	41	14	55	0	0	0	0	0	0	0	0	0	[]	False	False	False	True	Alfred North Whitehead	40	902	Alfred North Whitehead|Whitehead	Alfred North Whitehead|Whitehead	https://plato.stanford.edu/entries/algebra-logic-tradition/|https://plato.stanford.edu/entries/aristotelianism-renaissance/|https://plato.stanford.edu/entries/bradley/|https://plato.stanford.edu/entries/carnap/|https://plato.stanford.edu/entries/categories/	105
<http://dbpedia.org/resource/Robert_Boyle>	Robert Boyle	0.8233717096537454	2	8	10	0	2	0	0	0	0	0	0	0	[]	False	False	False	True	Robert Boyle	40	705	Robert Boyle|Boyle	Boyle|Robert Boyle	https://plato.stanford.edu/entries/atomism-ancient/|https://plato.stanford.edu/entries/atomism-modern/|https://plato.stanford.edu/entries/biology-developmental/|https://plato.stanford.edu/entries/boyle/|https://plato.stanford.edu/entries/cambridge-platonists/	106
<http://dbpedia.org/resource/Pierre_Duhem>	Pierre Duhem	0.3214431805960988	5	5	10	0	0	0	0	0	0	0	0	0	[]	False	False	False	True	Pierre Duhem	40	480	Pierre Duhem|Duhem	Duhem|Pierre Duhem	https://plato.stanford.edu/entries/analytic-synthetic/|https://plato.stanford.edu/entries/aristotelianism-renaissance/|https://plato.stanford.edu/entries/atomism-modern/|https://plato.stanford.edu/entries/biology-experiment/|https://plato.stanford.edu/entries/buridan/	107
<http://dbpedia.org/resource/Henri_Bergson>	Henri Bergson	0.4030377641763076	56	12	68	0	0	0	0	0	0	0	0	0	[]	False	False	False	True	Henri Bergson	40	442	Henri Bergson|Bergson	Bergson|Henri Bergson	https://plato.stanford.edu/entries/bergson/|https://plato.stanford.edu/entries/cassirer/|https://plato.stanford.edu/entries/chinese-epistemology/|https://plato.stanford.edu/entries/consciousness-temporal/|https://plato.stanford.edu/entries/deleuze/	108
<http://dbpedia.org/resource/Montesquieu>	Montesquieu	0.8791123947015685	25	15	40	0	0	0	0	0	0	0	0	0	[]	False	False	False	True	Montesquieu	40	190	Montesquieu	Montesquieu	https://plato.stanford.edu/entries/aesthetic-experience/|https://plato.stanford.edu/entries/aesthetics-18th-french/|https://plato.stanford.edu/entries/aesthetics-18th-german/|https://plato.stanford.edu/entries/althusser/|https://plato.stanford.edu/entries/arendt/	109
<http://dbpedia.org/resource/Albertus_Magnus>	Albertus Magnus	0.3532449303976933	3	3	6	0	0	0	0	0	0	0	0	0	[]	False	False	False	True	Albertus Magnus	40	107	Albertus Magnus|Magnus	Albertus Magnus|Magnus	https://plato.stanford.edu/entries/agrippa-nettesheim/|https://plato.stanford.edu/entries/al-farabi-logic/|https://plato.stanford.edu/entries/albert-great/|https://plato.stanford.edu/entries/arabic-islamic-influence/|https://plato.stanford.edu/entries/aristotle-biology/	110
<http://dbpedia.org/resource/Mencius>	Mencius	0.3244724609375	10	2	12	0	0	0	0	0	0	0	0	0	[]	False	False	False	True	Mencius	39	690	Mencius	Mencius	https://plato.stanford.edu/entries/chinese-epistemology/|https://plato.stanford.edu/entries/chinese-logic-language/|https://plato.stanford.edu/entries/chinese-metaphysics/|https://plato.stanford.edu/entries/chinese-mind/|https://plato.stanford.edu/entries/chinese-phil-science/	111
<http://dbpedia.org/resource/Wilfrid_Sellars>	Wilfrid Sellars	0.4843117907087001	19	9	28	0	0	0	0	0	0	0	0	0	[]	False	False	False	True	Wilfrid Sellars	39	642	Wilfrid Sellars|Sellars	Sellars|Wilfrid Sellars	https://plato.stanford.edu/entries/carnap/|https://plato.stanford.edu/entries/categories/|https://plato.stanford.edu/entries/collective-intentionality/|https://plato.stanford.edu/entries/consciousness-intentionality/|https://plato.stanford.edu/entries/content-nonconceptual/	112
<http://dbpedia.org/resource/Epictetus>	Epictetus	0.4528390920353584	4	2	6	0	0	0	0	0	0	0	0	0	[]	False	False	False	True	Epictetus	39	222	Epictetus	Epictetus	https://plato.stanford.edu/entries/afterlife/|https://plato.stanford.edu/entries/al-kindi/|https://plato.stanford.edu/entries/ancient-political/|https://plato.stanford.edu/entries/aristotelianism-renaissance/|https://plato.stanford.edu/entries/butler-moral/	113
<http://dbpedia.org/resource/Dean_Zimmerman_(philosopher)>	Dean Zimmerman (philosopher)	0.5391689153343339	0	6	6	0	0	0	0	0	0	0	0	0	[]	False	False	False	True	Dean Zimmerman	39	174	Dean Zimmerman|Zimmerman	Dean Zimmerman|Zimmerman	https://plato.stanford.edu/entries/afterlife/|https://plato.stanford.edu/entries/alternative-possibilities/|https://plato.stanford.edu/entries/animalism/|https://plato.stanford.edu/entries/bradley-regress/|https://plato.stanford.edu/entries/branching-time/	114
<http://dbpedia.org/resource/Hans_Reichenbach>	Hans Reichenbach	0.526147312366638	7	2	9	0	0	0	0	0	0	0	0	0	[]	False	False	False	True	Hans Reichenbach	38	903	Hans Reichenbach|Reichenbach	Hans Reichenbach|Reichenbach	https://plato.stanford.edu/entries/brouwer/|https://plato.stanford.edu/entries/carnap/|https://plato.stanford.edu/entries/causation-backwards/|https://plato.stanford.edu/entries/causation-physics/|https://plato.stanford.edu/entries/causation-probabilistic/	115
<http://dbpedia.org/resource/Jacques_Derrida>	Jacques Derrida	1.2668291657255462	59	32	91	0	0	0	0	0	0	0	0	0	[]	False	False	False	True	Jacques Derrida	38	455	Jacques Derrida|Derrida	Derrida|Jacques Derrida	https://plato.stanford.edu/entries/austin-jl/|https://plato.stanford.edu/entries/benjamin/|https://plato.stanford.edu/entries/bloch/|https://plato.stanford.edu/entries/critical-phil-race/|https://plato.stanford.edu/entries/critical-theory/	116
<http://dbpedia.org/resource/Moritz_Schlick>	Moritz Schlick	0.2966921444985466	10	7	17	0	0	0	0	0	0	0	0	0	[]	False	False	False	True	Moritz Schlick	37	654	Moritz Schlick|Schlick	Moritz Schlick|Schlick	https://plato.stanford.edu/entries/afterlife/|https://plato.stanford.edu/entries/analytic-synthetic/|https://plato.stanford.edu/entries/assertion/|https://plato.stanford.edu/entries/ayer/|https://plato.stanford.edu/entries/brentano-judgement/	117
<http://dbpedia.org/resource/Auguste_Comte>	Auguste Comte	0.8805227502218168	32	15	47	0	0	0	0	0	0	0	0	0	[]	False	False	False	True	Auguste Comte	37	347	Auguste Comte|Comte	Auguste Comte|Comte	https://plato.stanford.edu/entries/addams-jane/|https://plato.stanford.edu/entries/carnap/|https://plato.stanford.edu/entries/comte/|https://plato.stanford.edu/entries/dubois/|https://plato.stanford.edu/entries/francisco-sanches/	118
<http://dbpedia.org/resource/Peter_Lombard>	Peter Lombard	0.4289586576261129	3	2	5	0	0	0	0	0	0	0	0	0	[]	False	False	False	True	Peter Lombard	37	121	Peter Lombard|Lombard	Lombard|Peter Lombard	https://plato.stanford.edu/entries/aquinas-moral-political/|https://plato.stanford.edu/entries/aquinas/|https://plato.stanford.edu/entries/auriol/|https://plato.stanford.edu/entries/bonaventure/|https://plato.stanford.edu/entries/buridan/	119
<http://dbpedia.org/resource/Wilhelm_Dilthey>	Wilhelm Dilthey	0.5425988437665452	13	8	21	0	0	0	0	0	0	0	0	0	[]	False	False	False	True	Wilhelm Dilthey	36	416	Wilhelm Dilthey|Dilthey	Dilthey|Wilhelm Dilthey	https://plato.stanford.edu/entries/ayer/|https://plato.stanford.edu/entries/berlin/|https://plato.stanford.edu/entries/buber/|https://plato.stanford.edu/entries/cassirer/|https://plato.stanford.edu/entries/dilthey/	120
<http://dbpedia.org/resource/Origen>	Origen	1.683545537089556	23	18	41	0	0	0	0	0	0	0	0	0	[]	False	False	False	True	Origen	36	245	Origen	Origen	https://plato.stanford.edu/entries/anaxagoras/|https://plato.stanford.edu/entries/augustine/|https://plato.stanford.edu/entries/bentham/|https://plato.stanford.edu/entries/bruno/|https://plato.stanford.edu/entries/conscience-medieval/	121
<http://dbpedia.org/resource/J._L._Austin>	J. L. Austin	0.3835323846776694	10	9	19	0	0	0	0	0	0	0	0	0	[]	False	False	False	True	J. L. Austin	35	630	J. L. Austin|Austin	Austin|J. L. Austin	https://plato.stanford.edu/entries/alternative-possibilities/|https://plato.stanford.edu/entries/arabic-islamic-phil-math/|https://plato.stanford.edu/entries/assertion/|https://plato.stanford.edu/entries/austin-jl/|https://plato.stanford.edu/entries/ayer/	122
<http://dbpedia.org/resource/Ian_Hacking>	Ian Hacking	0.4475185037409555	2	8	10	0	0	0	0	0	0	0	0	0	[]	False	False	False	True	Ian Hacking	35	285	Ian Hacking|Hacking	Hacking|Ian Hacking	https://plato.stanford.edu/entries/arnauld/|https://plato.stanford.edu/entries/biology-experiment/|https://plato.stanford.edu/entries/chance-randomness/|https://plato.stanford.edu/entries/constructive-empiricism/|https://plato.stanford.edu/entries/epistemic-utility/	123
<http://dbpedia.org/resource/Alasdair_MacIntyre>	Alasdair MacIntyre	0.5255434891483008	8	14	22	0	0	0	0	0	0	0	0	0	[]	False	False	False	True	Alasdair MacIntyre	35	44	Alasdair MacIntyre	Alasdair MacIntyre	https://plato.stanford.edu/entries/affirmative-action/|https://plato.stanford.edu/entries/anderson-john/|https://plato.stanford.edu/entries/aquinas/|https://plato.stanford.edu/entries/aristotle-politics/|https://plato.stanford.edu/entries/bosanquet/	124
<http://dbpedia.org/resource/Noam_Chomsky>	Noam Chomsky	0.3846323106957268	14	11	25	0	0	0	0	0	0	0	0	0	[]	False	False	False	True	Noam Chomsky	34	409	Noam Chomsky|Chomsky	Chomsky|Noam Chomsky	https://plato.stanford.edu/entries/analytic-synthetic/|https://plato.stanford.edu/entries/anarchism/|https://plato.stanford.edu/entries/animal-communication/|https://plato.stanford.edu/entries/austin-jl/|https://plato.stanford.edu/entries/behaviorism/	125
<http://dbpedia.org/resource/Christian_Wolff_(philosopher)>	Christian Wolff (philosopher)	0.684285252159019	17	5	22	0	0	0	0	0	0	0	0	0	[]	False	False	False	True	Christian Wolff	34	130	Christian Wolff	Christian Wolff	https://plato.stanford.edu/entries/18thGerman-preKant/|https://plato.stanford.edu/entries/aesthetics-18th-french/|https://plato.stanford.edu/entries/aesthetics-18th-german/|https://plato.stanford.edu/entries/attention/|https://plato.stanford.edu/entries/bauer/	126
<http://dbpedia.org/resource/Galileo_Galilei>	Galileo Galilei	0.6710092831410429	4	5	9	0	4	0	0	0	0	0	0	0	[]	False	False	False	True	Galileo Galilei	34	78	Galileo Galilei|Galilei	Galilei|Galileo Galilei	https://plato.stanford.edu/entries/aristotelianism-renaissance/|https://plato.stanford.edu/entries/bruno/|https://plato.stanford.edu/entries/campanella/|https://plato.stanford.edu/entries/continuity/|https://plato.stanford.edu/entries/copernicus/	127
<http://dbpedia.org/resource/Charles_Taylor_(philosopher)>	Charles Taylor (philosopher)	1.3955421030785111	30	30	60	0	0	0	0	0	0	0	0	0	[]	False	False	False	True	Charles Taylor	34	47	Charles Taylor	Charles Taylor	https://plato.stanford.edu/entries/arabic-islamic-metaphysics/|https://plato.stanford.edu/entries/atomism-ancient/|https://plato.stanford.edu/entries/authenticity/|https://plato.stanford.edu/entries/berlin/|https://plato.stanford.edu/entries/bosanquet/	128
<http://dbpedia.org/resource/Francis_Hutcheson_(philosopher)>	Francis Hutcheson (philosopher)	0.4807842547890925	5	4	9	0	0	0	0	0	0	0	0	0	[]	False	False	False	True	Francis Hutcheson	33	561	Francis Hutcheson|Hutcheson	Francis Hutcheson|Hutcheson	https://plato.stanford.edu/entries/aesthetic-concept/|https://plato.stanford.edu/entries/aesthetics-18th-british/|https://plato.stanford.edu/entries/aesthetics-18th-french/|https://plato.stanford.edu/entries/aesthetics-18th-german/|https://plato.stanford.edu/entries/beauty/	129
<http://dbpedia.org/resource/Daniel_Dennett>	Daniel Dennett	0.3175019664921172	13	8	21	0	0	0	0	0	0	0	0	0	[]	False	False	False	True	Daniel Dennett	33	266	Daniel Dennett|Dennett	Daniel Dennett|Dennett	https://plato.stanford.edu/entries/artificial-intelligence/|https://plato.stanford.edu/entries/atheism-agnosticism/|https://plato.stanford.edu/entries/behaviorism/|https://plato.stanford.edu/entries/cellular-automata/|https://plato.stanford.edu/entries/chinese-room/	130
<http://dbpedia.org/resource/Francisco_Suárez>	Francisco Suárez	0.5182397653405265	14	6	20	0	0	0	0	0	0	0	0	0	[]	False	False	False	True	Francisco Suarez	33	84	Francisco Suarez	Francisco Suarez	https://plato.stanford.edu/entries/analogy-medieval/|https://plato.stanford.edu/entries/aquinas/|https://plato.stanford.edu/entries/arabic-islamic-influence/|https://plato.stanford.edu/entries/auriol/|https://plato.stanford.edu/entries/boundary/	131
<http://dbpedia.org/resource/John_Philoponus>	John Philoponus	0.6379518148581791	11	7	18	0	0	0	0	0	0	0	0	0	[]	False	False	False	True	John Philoponus	32	387	John Philoponus|Philoponus	John Philoponus|Philoponus	https://plato.stanford.edu/entries/al-baghdadi/|https://plato.stanford.edu/entries/al-ghazali/|https://plato.stanford.edu/entries/al-kindi/|https://plato.stanford.edu/entries/ammonius/|https://plato.stanford.edu/entries/arabic-islamic-mind/	132
<http://dbpedia.org/resource/Walter_Sinnott-Armstrong>	Walter Sinnott-Armstrong	0.3298483465081245	0	1	1	0	0	0	0	0	0	0	0	0	[]	False	False	False	True	Walter Sinnott-Armstrong	32	139	Walter Sinnott-Armstrong|Sinnott-Armstrong	Sinnott-Armstrong|Walter Sinnott-Armstrong	https://plato.stanford.edu/entries/action/|https://plato.stanford.edu/entries/arcesilaus/|https://plato.stanford.edu/entries/conscience/|https://plato.stanford.edu/entries/consequentialism-rule/|https://plato.stanford.edu/entries/consequentialism/	133
<http://dbpedia.org/resource/Judith_Butler>	Judith Butler	0.9641576296644738	11	19	30	0	0	0	0	0	0	0	0	0	[]	False	False	False	True	Judith Butler	32	71	Judith Butler	Judith Butler	https://plato.stanford.edu/entries/beauvoir/|https://plato.stanford.edu/entries/boundary/|https://plato.stanford.edu/entries/critical-theory/|https://plato.stanford.edu/entries/disability-critical/|https://plato.stanford.edu/entries/existentialism/	134
<http://dbpedia.org/resource/Barry_Smith_(ontologist)>	Barry Smith (ontologist)	0.4451250150714563	0	5	5	0	4	0	0	0	0	0	0	0	[]	False	False	False	True	Barry Smith	32	60	Barry Smith	Barry Smith	https://plato.stanford.edu/entries/ambiguity/|https://plato.stanford.edu/entries/art-ontology-history/|https://plato.stanford.edu/entries/atomism-ancient/|https://plato.stanford.edu/entries/brentano-judgement/|https://plato.stanford.edu/entries/brentano/	135
<http://dbpedia.org/resource/Nancy_Cartwright_(philosopher)>	Nancy Cartwright (philosopher)	0.4333292813818878	0	2	2	0	0	0	0	0	0	0	0	0	[]	False	False	False	True	Nancy Cartwright	31	212	Nancy Cartwright|Cartwright	Cartwright|Nancy Cartwright	https://plato.stanford.edu/entries/causation-counterfactual/|https://plato.stanford.edu/entries/causation-mani/|https://plato.stanford.edu/entries/causation-physics/|https://plato.stanford.edu/entries/causation-probabilistic/|https://plato.stanford.edu/entries/ceteris-paribus/	136
<http://dbpedia.org/resource/Sigmund_Freud>	Sigmund Freud	2.108550666211116	79	44	123	1	5	0	0	0	0	0	0	0	[]	False	False	False	True	Sigmund Freud	30	361	Sigmund Freud|Freud	Freud|Sigmund Freud	https://plato.stanford.edu/entries/aesthetics-critical-theory/|https://plato.stanford.edu/entries/anderson-john/|https://plato.stanford.edu/entries/brentano/|https://plato.stanford.edu/entries/contradiction/|https://plato.stanford.edu/entries/critical-phil-race/	137
<http://dbpedia.org/resource/Xenophanes>	Xenophanes	0.4044793560267857	8	5	13	0	0	0	0	0	0	0	0	0	[]	False	False	False	True	Xenophanes	30	212	Xenophanes	Xenophanes	https://plato.stanford.edu/entries/alcmaeon/|https://plato.stanford.edu/entries/anaxagoras/|https://plato.stanford.edu/entries/ancient-soul/|https://plato.stanford.edu/entries/aristotle-aesthetics/|https://plato.stanford.edu/entries/aristotle-text/	138
<http://dbpedia.org/resource/Hippocrates>	Hippocrates	0.4016387342736287	5	2	7	0	0	0	0	0	0	0	0	0	[]	False	False	False	True	Hippocrates	30	65	Hippocrates	Hippocrates	https://plato.stanford.edu/entries/aesthetics-18th-french/|https://plato.stanford.edu/entries/al-baghdadi/|https://plato.stanford.edu/entries/alcmaeon/|https://plato.stanford.edu/entries/arabic-islamic-greek/|https://plato.stanford.edu/entries/aristotle-biology/	139
<http://dbpedia.org/resource/Arthur_Prior>	Arthur Prior	0.4328529533860744	7	5	12	0	0	0	0	0	0	0	0	0	[]	False	False	False	True	Arthur Prior	29	844	Arthur Prior|Prior	Arthur Prior|Prior	https://plato.stanford.edu/entries/branching-time/|https://plato.stanford.edu/entries/category-mistakes/|https://plato.stanford.edu/entries/dialectical-school/|https://plato.stanford.edu/entries/diodorus-cronus/|https://plato.stanford.edu/entries/discourse-representation-theory/	140
<http://dbpedia.org/resource/Leo_Strauss>	Leo Strauss	5.1689187128513545	96	76	172	0	0	0	0	0	0	0	0	0	[]	False	False	False	True	Leo Strauss	29	399	Leo Strauss|Strauss	Leo Strauss|Strauss	https://plato.stanford.edu/entries/al-farabi-soc-rel/|https://plato.stanford.edu/entries/al-farabi/|https://plato.stanford.edu/entries/albalag/|https://plato.stanford.edu/entries/albo-joseph/|https://plato.stanford.edu/entries/arendt/	141
<http://dbpedia.org/resource/Mary_Wollstonecraft>	Mary Wollstonecraft	0.2829262964469655	4	2	6	0	0	0	0	0	0	0	0	0	[]	False	False	False	True	Mary Wollstonecraft	29	302	Mary Wollstonecraft|Wollstonecraft	Mary Wollstonecraft|Wollstonecraft	https://plato.stanford.edu/entries/astell/|https://plato.stanford.edu/entries/catharine-macaulay/|https://plato.stanford.edu/entries/conservatism/|https://plato.stanford.edu/entries/economics-early-modern/|https://plato.stanford.edu/entries/egalitarianism/	142
<http://dbpedia.org/resource/Michael_Friedman_(philosopher)>	Michael Friedman (philosopher)	0.3422576521214003	0	5	5	0	0	0	0	0	0	0	0	0	[]	False	False	False	True	Michael Friedman	29	44	Michael Friedman	Michael Friedman	https://plato.stanford.edu/entries/carnap/|https://plato.stanford.edu/entries/cassirer/|https://plato.stanford.edu/entries/cohen/|https://plato.stanford.edu/entries/convention/|https://plato.stanford.edu/entries/einstein-philscience/	143
<http://dbpedia.org/resource/Virgil>	Virgil	0.3413413690462049	3	2	5	0	0	0	0	0	0	0	0	0	[]	False	False	False	True	Virgil	29	39	Virgil	Virgil	https://plato.stanford.edu/entries/aesthetics-18th-british/|https://plato.stanford.edu/entries/aesthetics-18th-german/|https://plato.stanford.edu/entries/anna-julia-cooper/|https://plato.stanford.edu/entries/aristotelianism-renaissance/|https://plato.stanford.edu/entries/art-ontology-history/	144
<http://dbpedia.org/resource/Søren_Kierkegaard>	Søren Kierkegaard	3.3716670722087665	58	37	95	0	0	0	0	0	0	0	0	0	[]	False	False	False	True	Søren Kierkegaard	28	703	Søren Kierkegaard|Kierkegaard	Kierkegaard|Søren Kierkegaard	https://plato.stanford.edu/entries/aesthetics-existentialist/|https://plato.stanford.edu/entries/afterlife/|https://plato.stanford.edu/entries/christiantheology-philosophy/|https://plato.stanford.edu/entries/creationism/|https://plato.stanford.edu/entries/disability-critical/	145
<http://dbpedia.org/resource/Hans-Georg_Gadamer>	Hans-Georg Gadamer	0.5937228428159516	21	15	36	0	0	0	0	0	0	0	0	0	[]	False	False	False	True	Hans-Georg Gadamer	28	640	Hans-Georg Gadamer|Gadamer	Gadamer|Hans-Georg Gadamer	https://plato.stanford.edu/entries/adorno/|https://plato.stanford.edu/entries/aesthetic-experience/|https://plato.stanford.edu/entries/aristotle-rhetoric/|https://plato.stanford.edu/entries/chinese-change/|https://plato.stanford.edu/entries/critical-phil-race/	146
<http://dbpedia.org/resource/Edmund_Burke>	Edmund Burke	0.6629413770880731	12	12	24	1	0	0	0	0	1	0	0	0	[]	False	False	False	True	Edmund Burke	28	620	Edmund Burke|Burke	Burke|Edmund Burke	https://plato.stanford.edu/entries/aesthetic-experience/|https://plato.stanford.edu/entries/aesthetic-judgment/|https://plato.stanford.edu/entries/aesthetics-18th-british/|https://plato.stanford.edu/entries/aesthetics-18th-german/|https://plato.stanford.edu/entries/alexander-humboldt/	147
<http://dbpedia.org/resource/Robert_Grosseteste>	Robert Grosseteste	0.286850635070918	3	2	5	0	0	0	0	0	0	0	0	0	[]	False	False	False	True	Robert Grosseteste	28	496	Robert Grosseteste|Grosseteste	Grosseteste|Robert Grosseteste	https://plato.stanford.edu/entries/analogy-medieval/|https://plato.stanford.edu/entries/aristotelianism-renaissance/|https://plato.stanford.edu/entries/binarium/|https://plato.stanford.edu/entries/bonaventure/|https://plato.stanford.edu/entries/byzantine-philosophy/	148
<http://dbpedia.org/resource/Pierre_Bayle>	Pierre Bayle	0.4793776421321976	16	4	20	0	0	0	0	0	0	0	0	0	[]	False	False	False	True	Pierre Bayle	28	461	Pierre Bayle|Bayle	Bayle|Pierre Bayle	https://plato.stanford.edu/entries/bayle/|https://plato.stanford.edu/entries/boundary/|https://plato.stanford.edu/entries/bruno/|https://plato.stanford.edu/entries/collins/|https://plato.stanford.edu/entries/conscience/	149
<http://dbpedia.org/resource/Marsilio_Ficino>	Marsilio Ficino	1.4726442806830118	11	18	29	0	0	0	0	0	0	0	0	0	[]	False	False	False	True	Marsilio Ficino	28	385	Marsilio Ficino|Ficino	Ficino|Marsilio Ficino	https://plato.stanford.edu/entries/abrabanel/|https://plato.stanford.edu/entries/agrippa-nettesheim/|https://plato.stanford.edu/entries/arabic-islamic-influence/|https://plato.stanford.edu/entries/aristotelianism-renaissance/|https://plato.stanford.edu/entries/bessarion/	150
<http://dbpedia.org/resource/Bas_van_Fraassen>	Bas van Fraassen	0.5709809466924579	6	5	11	0	0	0	0	0	0	0	0	0	[]	False	False	False	True	Bas van Fraassen	28	307	Bas van Fraassen|Fraassen	Bas van Fraassen|Fraassen	https://plato.stanford.edu/entries/abduction/|https://plato.stanford.edu/entries/conservation-biology/|https://plato.stanford.edu/entries/constructive-empiricism/|https://plato.stanford.edu/entries/determinism-causal/|https://plato.stanford.edu/entries/epistemic-paradoxes/	151
<http://dbpedia.org/resource/Roger_Bacon>	Roger Bacon	1.1017248097969503	7	12	19	0	0	0	0	0	0	0	0	0	[]	False	False	False	True	Roger Bacon	27	680	Roger Bacon|Bacon	Bacon|Roger Bacon	https://plato.stanford.edu/entries/arabic-islamic-influence/|https://plato.stanford.edu/entries/binarium/|https://plato.stanford.edu/entries/boyle/|https://plato.stanford.edu/entries/causation-medieval/|https://plato.stanford.edu/entries/crathorn/	152
<http://dbpedia.org/resource/Isaiah_Berlin>	Isaiah Berlin	0.5634476379393993	11	16	27	0	0	0	0	0	0	0	0	0	[]	False	False	False	True	Isaiah Berlin	27	515	Isaiah Berlin|Berlin	Berlin|Isaiah Berlin	https://plato.stanford.edu/entries/aesthetics-19th-romantic/|https://plato.stanford.edu/entries/anarchism/|https://plato.stanford.edu/entries/ayer/|https://plato.stanford.edu/entries/berlin/|https://plato.stanford.edu/entries/conservatism/	153
<http://dbpedia.org/resource/Max_Scheler>	Max Scheler	0.6007877963602114	14	12	26	0	0	0	0	0	0	0	0	0	[]	False	False	False	True	Max Scheler	27	436	Max Scheler|Scheler	Max Scheler|Scheler	https://plato.stanford.edu/entries/buber/|https://plato.stanford.edu/entries/cassirer/|https://plato.stanford.edu/entries/collective-intentionality/|https://plato.stanford.edu/entries/consciousness-intentionality/|https://plato.stanford.edu/entries/dewey-aesthetics/	154
<http://dbpedia.org/resource/Pierre_Gassendi>	Pierre Gassendi	0.3927158729030095	15	8	23	0	0	0	0	0	0	0	0	0	[]	False	False	False	True	Pierre Gassendi	27	387	Pierre Gassendi|Gassendi	Gassendi|Pierre Gassendi	https://plato.stanford.edu/entries/aristotelianism-renaissance/|https://plato.stanford.edu/entries/atomism-ancient/|https://plato.stanford.edu/entries/atomism-modern/|https://plato.stanford.edu/entries/biology-developmental/|https://plato.stanford.edu/entries/descartes-ideas/	155
<http://dbpedia.org/resource/Zhu_Xi>	Zhu Xi	0.8422051016064455	15	6	21	0	0	0	0	0	0	0	0	0	[]	False	False	False	True	Zhu Xi	27	373	Zhu Xi	Zhu Xi	https://plato.stanford.edu/entries/buddhism-huayan/|https://plato.stanford.edu/entries/chinese-change/|https://plato.stanford.edu/entries/chinese-epistemology/|https://plato.stanford.edu/entries/chinese-metaphysics/|https://plato.stanford.edu/entries/chinese-mind/	156
<http://dbpedia.org/resource/Hermann_Lotze>	Hermann Lotze	0.6855004163011387	19	9	28	0	0	0	0	0	0	0	0	0	[]	False	False	False	True	Hermann Lotze	27	332	Hermann Lotze|Lotze	Hermann Lotze|Lotze	https://plato.stanford.edu/entries/action-perception/|https://plato.stanford.edu/entries/aesthetic-experience/|https://plato.stanford.edu/entries/art-ontology-history/|https://plato.stanford.edu/entries/bosanquet/|https://plato.stanford.edu/entries/bradley/	157
<http://dbpedia.org/resource/Jerrold_Levinson>	Jerrold Levinson	0.3544210738218682	0	1	1	0	0	0	0	0	0	0	0	0	[]	False	False	False	True	Jerrold Levinson	27	217	Jerrold Levinson|Levinson	Jerrold Levinson|Levinson	https://plato.stanford.edu/entries/aesthetic-concept/|https://plato.stanford.edu/entries/aesthetic-experience/|https://plato.stanford.edu/entries/aesthetic-judgment/|https://plato.stanford.edu/entries/aesthetics-cogsci/|https://plato.stanford.edu/entries/aesthetics-of-everyday/	158
<http://dbpedia.org/resource/Paul_Feyerabend>	Paul Feyerabend	0.4412469431114171	5	6	11	0	0	0	0	0	0	0	0	0	[]	False	False	False	True	Paul Feyerabend	26	815	Paul Feyerabend|Feyerabend	Feyerabend|Paul Feyerabend	https://plato.stanford.edu/entries/anarchism/|https://plato.stanford.edu/entries/computer-science/|https://plato.stanford.edu/entries/epistemic-paradoxes/|https://plato.stanford.edu/entries/feyerabend/|https://plato.stanford.edu/entries/geometry-finitism/	159
<http://dbpedia.org/resource/Arthur_Schopenhauer>	Arthur Schopenhauer	1.8891692367130684	73	24	97	0	0	0	0	0	0	0	0	0	[]	False	False	False	True	Arthur Schopenhauer	26	765	Arthur Schopenhauer|Schopenhauer	Arthur Schopenhauer|Schopenhauer	https://plato.stanford.edu/entries/aesthetic-experience/|https://plato.stanford.edu/entries/aesthetics-18th-german/|https://plato.stanford.edu/entries/altruism/|https://plato.stanford.edu/entries/art-definition/|https://plato.stanford.edu/entries/creativity/	160
<http://dbpedia.org/resource/Richard_Dawkins>	Richard Dawkins	0.8571552987120459	1	9	10	3	6	0	0	0	0	0	0	0	[]	False	False	False	True	Richard Dawkins	26	224	Richard Dawkins|Dawkins	Dawkins|Richard Dawkins	https://plato.stanford.edu/entries/animal-social-cognition/|https://plato.stanford.edu/entries/atheism-agnosticism/|https://plato.stanford.edu/entries/biology-individual/|https://plato.stanford.edu/entries/biology-philosophy/|https://plato.stanford.edu/entries/cosmology-theology/	161
<http://dbpedia.org/resource/Gideon_Rosen>	Gideon Rosen	0.4311302457922194	0	4	4	0	0	0	0	0	0	0	0	0	[]	False	False	False	True	Gideon Rosen	26	34	Gideon Rosen	Gideon Rosen	https://plato.stanford.edu/entries/abstract-objects/|https://plato.stanford.edu/entries/animalism/|https://plato.stanford.edu/entries/constructive-empiricism/|https://plato.stanford.edu/entries/contract-law/|https://plato.stanford.edu/entries/david-lewis/	162
<http://dbpedia.org/resource/Peter_Abelard>	Peter Abelard	0.3850654679561526	3	4	7	0	0	0	0	0	0	0	0	0	[]	False	False	False	True	Peter Abelard	25	701	Peter Abelard|Abelard	Abelard|Peter Abelard	https://plato.stanford.edu/entries/abelard/|https://plato.stanford.edu/entries/alberic-paris/|https://plato.stanford.edu/entries/boundary/|https://plato.stanford.edu/entries/consequence-medieval/|https://plato.stanford.edu/entries/grosseteste/	163
<http://dbpedia.org/resource/Frank_Ramsey_(mathematician)>	Frank Ramsey (mathematician)	0.2813886883894131	3	4	7	0	0	0	0	0	0	0	0	0	[]	False	False	False	True	Frank Ramsey	25	691	Frank Ramsey|Ramsey	Frank Ramsey|Ramsey	https://plato.stanford.edu/entries/ayer/|https://plato.stanford.edu/entries/carnap/|https://plato.stanford.edu/entries/conditionals/|https://plato.stanford.edu/entries/content-teleological/|https://plato.stanford.edu/entries/functionalism/	164
<http://dbpedia.org/resource/Blaise_Pascal>	Blaise Pascal	0.6029763176798875	23	8	31	0	0	0	0	0	0	0	0	0	[]	False	False	False	True	Blaise Pascal	25	420	Blaise Pascal|Pascal	Blaise Pascal|Pascal	https://plato.stanford.edu/entries/arnauld/|https://plato.stanford.edu/entries/boyle/|https://plato.stanford.edu/entries/chaos/|https://plato.stanford.edu/entries/computational-philosophy/|https://plato.stanford.edu/entries/duhem/	165
<http://dbpedia.org/resource/Meister_Eckhart>	Meister Eckhart	0.7055180121822245	33	11	44	0	0	0	0	0	0	0	0	0	[]	False	False	False	True	Meister Eckhart	25	390	Meister Eckhart|Eckhart	Eckhart|Meister Eckhart	https://plato.stanford.edu/entries/abner-burgos/|https://plato.stanford.edu/entries/albert-great/|https://plato.stanford.edu/entries/comparphil-chiwes/|https://plato.stanford.edu/entries/cusanus/|https://plato.stanford.edu/entries/dietrich-freiberg/	166
<http://dbpedia.org/resource/A._J._Ayer>	A. J. Ayer	0.4962525929681451	10	9	19	0	0	0	0	0	0	0	0	0	[]	False	False	False	True	A. J. Ayer	25	297	A. J. Ayer|Ayer	A. J. Ayer|Ayer	https://plato.stanford.edu/entries/animalism/|https://plato.stanford.edu/entries/ayer/|https://plato.stanford.edu/entries/berlin/|https://plato.stanford.edu/entries/broad/|https://plato.stanford.edu/entries/church/	167
<http://dbpedia.org/resource/Friedrich_Engels>	Friedrich Engels	0.4420866626480186	21	8	29	0	0	0	0	0	0	0	0	0	[]	False	False	False	True	Friedrich Engels	25	181	Friedrich Engels|Engels	Engels|Friedrich Engels	https://plato.stanford.edu/entries/action/|https://plato.stanford.edu/entries/addams-jane/|https://plato.stanford.edu/entries/aesthetics-critical-theory/|https://plato.stanford.edu/entries/alienation/|https://plato.stanford.edu/entries/bauer/	168
<http://dbpedia.org/resource/John_Dupré>	John Dupré	0.5320268454422113	1	1	2	0	0	0	0	0	0	0	0	0	[]	False	False	False	True	John Dupre	25	154	John Dupre|Dupre	Dupre|John Dupre	https://plato.stanford.edu/entries/biology-individual/|https://plato.stanford.edu/entries/cell-biology/|https://plato.stanford.edu/entries/determinism-causal/|https://plato.stanford.edu/entries/ecology/|https://plato.stanford.edu/entries/emotion/	169
<http://dbpedia.org/resource/Brian_Leiter>	Brian Leiter	0.575169267120887	0	3	3	0	0	0	0	0	0	0	0	0	[]	False	False	False	True	Brian Leiter	25	146	Brian Leiter|Leiter	Brian Leiter|Leiter	https://plato.stanford.edu/entries/attention/|https://plato.stanford.edu/entries/disagreement-moral/|https://plato.stanford.edu/entries/discrimination/|https://plato.stanford.edu/entries/experimental-jurisprudence/|https://plato.stanford.edu/entries/feminism-objectification/	170
<http://dbpedia.org/resource/Albert_of_Saxony_(philosopher)>	Albert of Saxony (philosopher)	0.3118102216643397	0	4	4	0	0	0	0	0	0	0	0	0	[]	False	False	False	True	Albert of Saxony	25	102	Albert of Saxony|Saxony	Albert of Saxony|Saxony	https://plato.stanford.edu/entries/albert-saxony/|https://plato.stanford.edu/entries/arabic-islamic-liar/|https://plato.stanford.edu/entries/buridan/|https://plato.stanford.edu/entries/consequence-medieval/|https://plato.stanford.edu/entries/duhem/	171
<http://dbpedia.org/resource/Cleanthes>	Cleanthes	0.5013839267523532	3	3	6	0	0	0	0	0	0	0	0	0	[]	False	False	False	True	Cleanthes	25	79	Cleanthes	Cleanthes	https://plato.stanford.edu/entries/atheism-agnosticism/|https://plato.stanford.edu/entries/clarke/|https://plato.stanford.edu/entries/divine-revelation/|https://plato.stanford.edu/entries/economics-early-modern/|https://plato.stanford.edu/entries/epictetus/	172
<http://dbpedia.org/resource/C._I._Lewis>	C. I. Lewis	0.371185026065252	8	6	14	0	0	0	0	0	0	0	0	0	[]	False	False	False	True	C. I. Lewis	25	40	C. I. Lewis	C. I. Lewis	https://plato.stanford.edu/entries/aesthetic-concept/|https://plato.stanford.edu/entries/analysis/|https://plato.stanford.edu/entries/art-ontology-history/|https://plato.stanford.edu/entries/austin-jl/|https://plato.stanford.edu/entries/chisholm/	173
<http://dbpedia.org/resource/Roderick_Chisholm>	Roderick Chisholm	0.3215644565461281	11	5	16	0	0	0	0	0	0	0	0	0	[]	False	False	False	True	Roderick Chisholm	25	38	Roderick Chisholm	Roderick Chisholm	https://plato.stanford.edu/entries/analytic-synthetic/|https://plato.stanford.edu/entries/artificial-intelligence/|https://plato.stanford.edu/entries/boundary/|https://plato.stanford.edu/entries/brentano/|https://plato.stanford.edu/entries/categories/	174
<http://dbpedia.org/resource/F._H._Bradley>	F. H. Bradley	0.3401635034686396	11	7	18	0	0	0	0	0	0	0	0	0	[]	False	False	False	True	F. H. Bradley	24	694	F. H. Bradley|Bradley	Bradley|F. H. Bradley	https://plato.stanford.edu/entries/alexander/|https://plato.stanford.edu/entries/bentham/|https://plato.stanford.edu/entries/berlin/|https://plato.stanford.edu/entries/bradley-moral/|https://plato.stanford.edu/entries/bradley/	175
<http://dbpedia.org/resource/Miranda_Fricker>	Miranda Fricker	0.3308121980010222	0	3	3	0	0	0	0	0	0	0	0	0	[]	False	False	False	True	Miranda Fricker	24	154	Miranda Fricker|Fricker	Fricker|Miranda Fricker	https://plato.stanford.edu/entries/biomedicine/|https://plato.stanford.edu/entries/blame/|https://plato.stanford.edu/entries/computational-philosophy/|https://plato.stanford.edu/entries/double-consciousness/|https://plato.stanford.edu/entries/epistemology-virtue/	176
<http://dbpedia.org/resource/Karl_Barth>	Karl Barth	0.3628103166665243	3	3	6	0	0	0	0	0	0	0	0	0	[]	False	False	False	True	Karl Barth	24	41	Karl Barth	Karl Barth	https://plato.stanford.edu/entries/bolzano/|https://plato.stanford.edu/entries/christiantheology-philosophy/|https://plato.stanford.edu/entries/divine-revelation/|https://plato.stanford.edu/entries/existentialism/|https://plato.stanford.edu/entries/fideism/	177
<http://dbpedia.org/resource/Niels_Bohr>	Niels Bohr	0.4190669441923768	6	2	8	1	0	0	0	0	0	0	0	0	[]	False	False	False	True	Niels Bohr	23	809	Niels Bohr|Bohr	Bohr|Niels Bohr	https://plato.stanford.edu/entries/belief/|https://plato.stanford.edu/entries/bell-theorem/|https://plato.stanford.edu/entries/bohr-correspondence/|https://plato.stanford.edu/entries/chaos/|https://plato.stanford.edu/entries/creativity/	178
<http://dbpedia.org/resource/P._F._Strawson>	P. F. Strawson	0.3828203024055267	11	6	17	0	0	0	0	0	0	0	0	0	[]	False	False	False	True	P. F. Strawson	23	497	P. F. Strawson|Strawson	P. F. Strawson|Strawson	https://plato.stanford.edu/entries/aesthetic-experience/|https://plato.stanford.edu/entries/alternative-possibilities/|https://plato.stanford.edu/entries/art-ontology-history/|https://plato.stanford.edu/entries/blame/|https://plato.stanford.edu/entries/categories/	179
<http://dbpedia.org/resource/Imre_Lakatos>	Imre Lakatos	0.3470739557820693	6	6	12	0	0	0	0	0	0	0	0	0	[]	False	False	False	True	Imre Lakatos	23	493	Imre Lakatos|Lakatos	Imre Lakatos|Lakatos	https://plato.stanford.edu/entries/biomedicine/|https://plato.stanford.edu/entries/carnap/|https://plato.stanford.edu/entries/computation-physicalsystems/|https://plato.stanford.edu/entries/confirmation/|https://plato.stanford.edu/entries/economics/	180
<http://dbpedia.org/resource/Nicholas_of_Cusa>	Nicholas of Cusa	0.9162562270891352	14	15	29	0	0	0	0	0	0	0	0	0	[]	False	False	False	True	Nicholas of Cusa	23	153	Nicholas of Cusa|Cusa	Cusa|Nicholas of Cusa	https://plato.stanford.edu/entries/arrows-theorem/|https://plato.stanford.edu/entries/bessarion/|https://plato.stanford.edu/entries/bruno/|https://plato.stanford.edu/entries/cusanus/|https://plato.stanford.edu/entries/dialetheism/	181
<http://dbpedia.org/resource/Robert_Brandom>	Robert Brandom	0.4674435069662717	6	12	18	0	0	0	0	0	0	0	0	0	[]	False	False	False	True	Robert Brandom	23	141	Robert Brandom|Brandom	Brandom|Robert Brandom	https://plato.stanford.edu/entries/anderson-john/|https://plato.stanford.edu/entries/carnap/|https://plato.stanford.edu/entries/chinese-translate-interpret/|https://plato.stanford.edu/entries/concepts/|https://plato.stanford.edu/entries/convention/	182
<http://dbpedia.org/resource/Giordano_Bruno__Giordano_Bruno__1>	Giordano Bruno  Giordano Bruno  1	0.353745179651022	6	4	10	0	0	0	0	0	0	0	0	0	[]	False	False	False	True	Giordano Bruno	23	82	Giordano Bruno	Giordano Bruno	https://plato.stanford.edu/entries/18thGerman-preKant/|https://plato.stanford.edu/entries/aristotelianism-renaissance/|https://plato.stanford.edu/entries/bloch/|https://plato.stanford.edu/entries/bruno/|https://plato.stanford.edu/entries/campanella/	183
<http://dbpedia.org/resource/Walter_Kaufmann_(philosopher)>	Walter Kaufmann (philosopher)	0.2782698896025553	4	5	9	0	0	0	0	0	0	0	0	0	[]	False	False	False	True	Walter Kaufmann	23	73	Walter Kaufmann|Kaufmann	Kaufmann|Walter Kaufmann	https://plato.stanford.edu/entries/aesthetic-experience/|https://plato.stanford.edu/entries/alienation/|https://plato.stanford.edu/entries/buber/|https://plato.stanford.edu/entries/creativity/|https://plato.stanford.edu/entries/dance/	184
<http://dbpedia.org/resource/Emmanuel_Levinas>	Emmanuel Levinas	0.7158563087841279	27	15	42	0	0	0	0	0	0	0	0	0	[]	False	False	False	True	Emmanuel Levinas	22	695	Emmanuel Levinas|Levinas	Emmanuel Levinas|Levinas	https://plato.stanford.edu/entries/buber/|https://plato.stanford.edu/entries/critical-phil-race/|https://plato.stanford.edu/entries/derrida/|https://plato.stanford.edu/entries/femapproach-continental/|https://plato.stanford.edu/entries/feminist-religion/	185
<http://dbpedia.org/resource/Wilhelm_Wundt>	Wilhelm Wundt	0.3318010812735738	14	5	19	0	4	0	0	0	0	0	0	0	[]	False	False	False	True	Wilhelm Wundt	22	242	Wilhelm Wundt|Wundt	Wilhelm Wundt|Wundt	https://plato.stanford.edu/entries/action-perception/|https://plato.stanford.edu/entries/buber/|https://plato.stanford.edu/entries/cognitive-science/|https://plato.stanford.edu/entries/consciousness/|https://plato.stanford.edu/entries/dewey/	186
<http://dbpedia.org/resource/Roman_Ingarden>	Roman Ingarden	0.4684897533742967	8	6	14	0	0	0	0	0	0	0	0	0	[]	False	False	False	True	Roman Ingarden	22	238	Roman Ingarden|Ingarden	Ingarden|Roman Ingarden	https://plato.stanford.edu/entries/art-ontology-history/|https://plato.stanford.edu/entries/categories/|https://plato.stanford.edu/entries/chinese-painting-calligraphy/|https://plato.stanford.edu/entries/consciousness-intentionality/|https://plato.stanford.edu/entries/dependence-ontological/	187
<http://dbpedia.org/resource/John_Hick>	John Hick	0.5689684596062499	0	9	9	0	0	0	0	0	0	0	0	0	[]	False	False	False	True	John Hick	22	161	John Hick|Hick	Hick|John Hick	https://plato.stanford.edu/entries/afterlife/|https://plato.stanford.edu/entries/concept-religion/|https://plato.stanford.edu/entries/cosmological-argument/|https://plato.stanford.edu/entries/divine-hiddenness/|https://plato.stanford.edu/entries/evil/	188
<http://dbpedia.org/resource/Walter_Benjamin>	Walter Benjamin	1.1733248605662414	27	23	50	0	0	0	0	0	0	0	0	0	[]	False	False	False	True	Walter Benjamin	22	145	Walter Benjamin	Walter Benjamin	https://plato.stanford.edu/entries/adorno/|https://plato.stanford.edu/entries/aesthetics-critical-theory/|https://plato.stanford.edu/entries/arendt/|https://plato.stanford.edu/entries/art-ontology-history/|https://plato.stanford.edu/entries/benjamin/	189
<http://dbpedia.org/resource/Paul_of_Venice>	Paul of Venice	0.5314469148699912	2	9	11	0	0	0	0	0	0	0	0	0	[]	False	False	False	True	Paul of Venice	22	141	Paul of Venice|Venice	Paul of Venice|Venice	https://plato.stanford.edu/entries/aristotelianism-renaissance/|https://plato.stanford.edu/entries/burley/|https://plato.stanford.edu/entries/consequence-medieval/|https://plato.stanford.edu/entries/gomez-pereira/|https://plato.stanford.edu/entries/gregory-rimini/	190
<http://dbpedia.org/resource/John_Greco_(philosopher)>	John Greco (philosopher)	0.2815920401915029	0	1	1	0	0	0	0	0	0	0	0	0	[]	False	False	False	True	John Greco	22	117	John Greco|Greco	Greco|John Greco	https://plato.stanford.edu/entries/contextualism-epistemology/|https://plato.stanford.edu/entries/critical-thinking/|https://plato.stanford.edu/entries/epistemology-naturalized/|https://plato.stanford.edu/entries/epistemology-virtue/|https://plato.stanford.edu/entries/epistemology/	191
<http://dbpedia.org/resource/Pseudo-Dionysius_the_Areopagite__Pseudo-Dionysius_the_Areopagite__1>	Pseudo-Dionysius the Areopagite  Pseudo-Dionysius the Areopagite  1	0.6590241588428813	2	7	9	0	0	0	0	0	0	0	0	0	[]	False	False	False	True	Pseudo-Dionysius the Areopagite	22	80	Pseudo-Dionysius the Areopagite|Areopagite	Areopagite|Pseudo-Dionysius the Areopagite	https://plato.stanford.edu/entries/albert-great/|https://plato.stanford.edu/entries/beauty/|https://plato.stanford.edu/entries/bruno/|https://plato.stanford.edu/entries/cusanus/|https://plato.stanford.edu/entries/dante/	192
<http://dbpedia.org/resource/Jason_Stanley>	Jason Stanley	0.3985065905902422	0	1	1	0	0	0	0	0	0	0	0	0	[]	False	False	False	True	Jason Stanley	22	25	Jason Stanley	Jason Stanley	https://plato.stanford.edu/entries/anaphora/|https://plato.stanford.edu/entries/assertion/|https://plato.stanford.edu/entries/compositionality/|https://plato.stanford.edu/entries/contextualism-epistemology/|https://plato.stanford.edu/entries/critical-theory/	193
<http://dbpedia.org/resource/Nicolas_Malebranche>	Nicolas Malebranche	0.2884479905346415	18	4	22	0	0	0	0	0	0	0	0	0	[]	False	False	False	True	Nicolas Malebranche	21	863	Nicolas Malebranche|Malebranche	Malebranche|Nicolas Malebranche	https://plato.stanford.edu/entries/arnauld/|https://plato.stanford.edu/entries/berlin/|https://plato.stanford.edu/entries/biology-developmental/|https://plato.stanford.edu/entries/clauberg/|https://plato.stanford.edu/entries/desgabets/	194
<http://dbpedia.org/resource/Antoine_Arnauld__Antoine_Arnauld__1>	Antoine Arnauld  Antoine Arnauld  1	0.5152925367161187	4	7	11	0	0	0	0	0	0	0	0	0	[]	False	False	False	True	Antoine Arnauld	21	597	Antoine Arnauld|Arnauld	Antoine Arnauld|Arnauld	https://plato.stanford.edu/entries/arnauld/|https://plato.stanford.edu/entries/clauberg/|https://plato.stanford.edu/entries/consciousness-17th/|https://plato.stanford.edu/entries/descartes-ideas/|https://plato.stanford.edu/entries/descartes-works/	195
<http://dbpedia.org/resource/Friedrich_Schlegel>	Friedrich Schlegel	0.2971220940985673	4	5	9	0	0	0	0	0	0	0	0	0	[]	False	False	False	True	Friedrich Schlegel	21	588	Friedrich Schlegel|Schlegel	Friedrich Schlegel|Schlegel	https://plato.stanford.edu/entries/aesthetic-experience/|https://plato.stanford.edu/entries/aesthetics-18th-german/|https://plato.stanford.edu/entries/aesthetics-19th-romantic/|https://plato.stanford.edu/entries/alexander-humboldt/|https://plato.stanford.edu/entries/august-rehberg/	196
<http://dbpedia.org/resource/Gilles_Deleuze>	Gilles Deleuze	1.9812213589160683	45	42	87	0	0	0	0	0	0	0	0	0	[]	False	False	False	True	Gilles Deleuze	21	488	Gilles Deleuze|Deleuze	Deleuze|Gilles Deleuze	https://plato.stanford.edu/entries/bergson/|https://plato.stanford.edu/entries/critical-phil-race/|https://plato.stanford.edu/entries/deleuze/|https://plato.stanford.edu/entries/derrida/|https://plato.stanford.edu/entries/disability-critical/	197
<http://dbpedia.org/resource/Josiah_Royce>	Josiah Royce	0.4383112657292376	18	5	23	0	0	0	0	0	0	0	0	0	[]	False	False	False	True	Josiah Royce	21	456	Josiah Royce|Royce	Josiah Royce|Royce	https://plato.stanford.edu/entries/addams-jane/|https://plato.stanford.edu/entries/alain-locke/|https://plato.stanford.edu/entries/boole/|https://plato.stanford.edu/entries/bosanquet/|https://plato.stanford.edu/entries/double-consciousness/	198
<http://dbpedia.org/resource/Bernard_Bosanquet_(philosopher)>	Bernard Bosanquet (philosopher)	0.2904718473136582	2	5	7	0	0	0	0	0	0	0	0	0	[]	False	False	False	True	Bernard Bosanquet	21	404	Bernard Bosanquet|Bosanquet	Bernard Bosanquet|Bosanquet	https://plato.stanford.edu/entries/aesthetic-experience/|https://plato.stanford.edu/entries/alexander/|https://plato.stanford.edu/entries/anderson-john/|https://plato.stanford.edu/entries/art-definition/|https://plato.stanford.edu/entries/bentham/	199
<http://dbpedia.org/resource/Iris_Murdoch>	Iris Murdoch	0.2848437423686006	8	6	14	0	0	0	0	0	0	0	0	0	[]	False	False	False	True	Iris Murdoch	21	361	Iris Murdoch|Murdoch	Iris Murdoch|Murdoch	https://plato.stanford.edu/entries/anscombe/|https://plato.stanford.edu/entries/attention/|https://plato.stanford.edu/entries/ayer/|https://plato.stanford.edu/entries/berlin/|https://plato.stanford.edu/entries/david-lewis/	200
<http://dbpedia.org/resource/Hugo_Grotius>	Hugo Grotius	0.3695883976509179	15	4	19	0	0	0	0	0	0	0	0	0	[]	False	False	False	True	Hugo Grotius	21	332	Hugo Grotius|Grotius	Grotius|Hugo Grotius	https://plato.stanford.edu/entries/18thGerman-preKant/|https://plato.stanford.edu/entries/aesthetics-18th-german/|https://plato.stanford.edu/entries/economics-early-modern/|https://plato.stanford.edu/entries/francois-barre/|https://plato.stanford.edu/entries/global-democracy/	201
<http://dbpedia.org/resource/William_Lane_Craig>	William Lane Craig	0.692795207801944	0	10	10	0	0	0	0	0	0	0	0	0	[]	False	False	False	True	William Lane Craig	21	265	William Lane Craig|Craig	Craig|William Lane Craig	https://plato.stanford.edu/entries/arabic-islamic-natural/|https://plato.stanford.edu/entries/arabic-islamic-religion/|https://plato.stanford.edu/entries/atonement/|https://plato.stanford.edu/entries/christiantheology-philosophy/|https://plato.stanford.edu/entries/creation-conservation/	202
<http://dbpedia.org/resource/Helen_Longino>	Helen Longino	0.3463922416613209	0	1	1	0	0	0	0	0	0	0	0	0	[]	False	False	False	True	Helen Longino	21	215	Helen Longino|Longino	Helen Longino|Longino	https://plato.stanford.edu/entries/basing-epistemic/|https://plato.stanford.edu/entries/computational-philosophy/|https://plato.stanford.edu/entries/conservation-biology/|https://plato.stanford.edu/entries/epistemology-naturalized/|https://plato.stanford.edu/entries/epistemology-social/	203
<http://dbpedia.org/resource/Martin_Buber__Martin_Buber__1>	Martin Buber  Martin Buber  1	0.8873826751286834	11	12	23	0	0	0	0	0	0	0	0	0	[]	False	False	False	True	Martin Buber	21	119	Martin Buber	Martin Buber	https://plato.stanford.edu/entries/buber/|https://plato.stanford.edu/entries/cohen/|https://plato.stanford.edu/entries/creationism/|https://plato.stanford.edu/entries/dance/|https://plato.stanford.edu/entries/existentialism/	204
<http://dbpedia.org/resource/Martin_Buber>	Martin Buber	0.3180111691820936	12	5	17	0	0	0	0	0	0	0	0	0	[]	False	False	False	True	Martin Buber	21	119	Martin Buber	Martin Buber	https://plato.stanford.edu/entries/buber/|https://plato.stanford.edu/entries/cohen/|https://plato.stanford.edu/entries/creationism/|https://plato.stanford.edu/entries/dance/|https://plato.stanford.edu/entries/existentialism/	205
<http://dbpedia.org/resource/T._H._Green>	T. H. Green	0.3507891492744774	9	4	13	0	0	0	0	0	0	0	0	0	[]	False	False	False	True	T. H. Green	21	43	T. H. Green	T. H. Green	https://plato.stanford.edu/entries/alexander/|https://plato.stanford.edu/entries/bentham/|https://plato.stanford.edu/entries/berlin/|https://plato.stanford.edu/entries/bosanquet/|https://plato.stanford.edu/entries/bradley-moral/	206
<http://dbpedia.org/resource/Alexander_the_Great>	Alexander the Great	0.6653125	0	1	1	0	0	0	0	0	0	0	0	0	[]	False	False	False	True	Alexander the Great	21	27	Alexander the Great	Alexander the Great	https://plato.stanford.edu/entries/abraham-daud/|https://plato.stanford.edu/entries/abstract-objects/|https://plato.stanford.edu/entries/ancient-political/|https://plato.stanford.edu/entries/arabic-islamic-greek/|https://plato.stanford.edu/entries/aristotle-biology/	207
<http://dbpedia.org/resource/Peter_Railton>	Peter Railton	0.4187470607965565	1	5	6	0	0	0	0	0	0	0	0	0	[]	False	False	False	True	Peter Railton	20	103	Peter Railton|Railton	Peter Railton|Railton	https://plato.stanford.edu/entries/apriori/|https://plato.stanford.edu/entries/causation-physics/|https://plato.stanford.edu/entries/constructivism-metaethics/|https://plato.stanford.edu/entries/evidence/|https://plato.stanford.edu/entries/impartiality/	208
<http://dbpedia.org/resource/Wilhelm_von_Humboldt>	Wilhelm von Humboldt	0.2795649096388675	10	4	14	0	0	0	0	0	0	0	0	0	[]	False	False	False	True	Wilhelm von Humboldt	20	100	Wilhelm von Humboldt	Wilhelm von Humboldt	https://plato.stanford.edu/entries/alexander-humboldt/|https://plato.stanford.edu/entries/dilthey/|https://plato.stanford.edu/entries/friedrich-jacobi/|https://plato.stanford.edu/entries/gasset/|https://plato.stanford.edu/entries/hermeneutics/	209
<http://dbpedia.org/resource/Eusebius>	Eusebius	0.4242181203460443	0	3	3	0	0	1	0	0	0	0	0	0	[]	False	False	False	True	Eusebius	20	83	Eusebius	Eusebius	https://plato.stanford.edu/entries/arcesilaus/|https://plato.stanford.edu/entries/bessarion/|https://plato.stanford.edu/entries/cyrenaics/|https://plato.stanford.edu/entries/heraclitus/|https://plato.stanford.edu/entries/iamblichus/	210
<http://dbpedia.org/resource/Paul_Weiss_(philosopher)>	Paul Weiss (philosopher)	0.2778406797689604	1	5	6	0	0	0	0	0	0	0	0	0	[]	False	False	False	True	Paul Weiss	20	48	Paul Weiss|Weiss	Paul Weiss|Weiss	https://plato.stanford.edu/entries/algebra-logic-tradition/|https://plato.stanford.edu/entries/art-ontology-history/|https://plato.stanford.edu/entries/assertion/|https://plato.stanford.edu/entries/epistemic-paradoxes/|https://plato.stanford.edu/entries/hartshorne/	211
<http://dbpedia.org/resource/Benjamin_Franklin>	Benjamin Franklin	0.6125101140567784	1	2	3	0	0	0	0	0	0	0	0	0	[]	False	False	False	True	Benjamin Franklin	20	25	Benjamin Franklin	Benjamin Franklin	https://plato.stanford.edu/entries/catharine-macaulay/|https://plato.stanford.edu/entries/economics-early-modern/|https://plato.stanford.edu/entries/federalism/|https://plato.stanford.edu/entries/feminism-femhist/|https://plato.stanford.edu/entries/goedel/	212
<http://dbpedia.org/resource/Jean_Buridan>	Jean Buridan	0.3476882317181567	6	6	12	0	0	0	0	0	0	0	0	0	[]	False	False	False	True	Jean Buridan	19	534	Jean Buridan|Buridan	Buridan|Jean Buridan	https://plato.stanford.edu/entries/albert-saxony/|https://plato.stanford.edu/entries/buridan/|https://plato.stanford.edu/entries/consequence-medieval/|https://plato.stanford.edu/entries/economics-early-modern/|https://plato.stanford.edu/entries/heytesbury/	213
<http://dbpedia.org/resource/Sally_Haslanger>	Sally Haslanger	0.2775	0	1	1	0	0	0	0	0	0	0	0	0	[]	False	False	False	True	Sally Haslanger	19	251	Sally Haslanger|Haslanger	Haslanger|Sally Haslanger	https://plato.stanford.edu/entries/boundary/|https://plato.stanford.edu/entries/critical-phil-race/|https://plato.stanford.edu/entries/critical-theory/|https://plato.stanford.edu/entries/disability/|https://plato.stanford.edu/entries/femapproach-analy-cont/	214
<http://dbpedia.org/resource/Giovanni_Pico_della_Mirandola>	Giovanni Pico della Mirandola	0.6608563561421817	4	8	12	0	0	0	0	0	0	0	0	0	[]	False	False	False	True	Giovanni Pico della Mirandola	19	143	Giovanni Pico della Mirandola|Mirandola	Giovanni Pico della Mirandola|Mirandola	https://plato.stanford.edu/entries/abrabanel/|https://plato.stanford.edu/entries/agrippa-nettesheim/|https://plato.stanford.edu/entries/aristotelianism-renaissance/|https://plato.stanford.edu/entries/bruno/|https://plato.stanford.edu/entries/delmedigo/	215
<http://dbpedia.org/resource/Will_Kymlicka>	Will Kymlicka	0.4139717775147089	0	5	5	0	0	0	0	0	0	0	0	0	[]	False	False	False	True	Will Kymlicka	19	131	Will Kymlicka|Kymlicka	Kymlicka|Will Kymlicka	https://plato.stanford.edu/entries/animal-communication/|https://plato.stanford.edu/entries/citizenship/|https://plato.stanford.edu/entries/cognition-animal/|https://plato.stanford.edu/entries/communitarianism/|https://plato.stanford.edu/entries/comparative-cognition/	216
<http://dbpedia.org/resource/Kendall_Walton>	Kendall Walton	0.7214861440535878	3	6	9	0	0	0	0	0	0	0	0	0	[]	False	False	False	True	Kendall Walton	19	33	Kendall Walton	Kendall Walton	https://plato.stanford.edu/entries/aesthetic-concept/|https://plato.stanford.edu/entries/aesthetic-experience/|https://plato.stanford.edu/entries/aesthetics-cogsci/|https://plato.stanford.edu/entries/aristotle-aesthetics/|https://plato.stanford.edu/entries/dance/	217
<http://dbpedia.org/resource/Clement_of_Alexandria>	Clement of Alexandria	1.176340739017603	9	13	22	0	0	0	0	0	0	0	0	0	[]	False	False	False	True	Clement of Alexandria	19	30	Clement of Alexandria	Clement of Alexandria	https://plato.stanford.edu/entries/ancient-soul/|https://plato.stanford.edu/entries/christiantheology-philosophy/|https://plato.stanford.edu/entries/cyrenaics/|https://plato.stanford.edu/entries/divine-revelation/|https://plato.stanford.edu/entries/doxography-ancient/	218
<http://dbpedia.org/resource/Ted_Honderich>	Ted Honderich	0.3395142405887899	0	5	5	0	0	0	0	0	0	0	0	0	[]	False	False	False	True	Ted Honderich	19	30	Ted Honderich|Honderich	Honderich|Ted Honderich	https://plato.stanford.edu/entries/action/|https://plato.stanford.edu/entries/coercion/|https://plato.stanford.edu/entries/color/|https://plato.stanford.edu/entries/compatibilism/|https://plato.stanford.edu/entries/constructivism-metaethics/	219
<http://dbpedia.org/resource/Thomas_Jefferson>	Thomas Jefferson	1.074941316766988	5	8	13	1	0	0	0	0	0	0	0	0	[]	False	False	False	True	Thomas Jefferson	18	382	Thomas Jefferson|Jefferson	Jefferson|Thomas Jefferson	https://plato.stanford.edu/entries/africana-contemporary/|https://plato.stanford.edu/entries/alexander-humboldt/|https://plato.stanford.edu/entries/arendt/|https://plato.stanford.edu/entries/black-reparations/|https://plato.stanford.edu/entries/civic-education/	220
<http://dbpedia.org/resource/Philodemus>	Philodemus	0.4148120654786229	2	2	4	0	0	0	0	0	0	0	0	0	[]	False	False	False	True	Philodemus	18	276	Philodemus	Philodemus	https://plato.stanford.edu/entries/arcesilaus/|https://plato.stanford.edu/entries/archytas/|https://plato.stanford.edu/entries/aristotle-aesthetics/|https://plato.stanford.edu/entries/aristotle-commentators/|https://plato.stanford.edu/entries/atomism-ancient/	221
<http://dbpedia.org/resource/Pietro_Pomponazzi>	Pietro Pomponazzi	0.3796803534991811	1	2	3	1	0	0	0	0	0	0	0	0	[]	False	False	False	True	Pietro Pomponazzi	18	230	Pietro Pomponazzi|Pomponazzi	Pietro Pomponazzi|Pomponazzi	https://plato.stanford.edu/entries/alexander-aphrodisias/|https://plato.stanford.edu/entries/arabic-islamic-influence/|https://plato.stanford.edu/entries/aristotelianism-renaissance/|https://plato.stanford.edu/entries/auriol/|https://plato.stanford.edu/entries/bessarion/	222
<http://dbpedia.org/resource/Jeff_McMahan_(philosopher)>	Jeff McMahan (philosopher)	0.7490401638228951	0	3	3	0	0	0	0	0	0	0	0	0	[]	False	False	False	True	Jeff McMahan	18	216	Jeff McMahan|McMahan	Jeff McMahan|McMahan	https://plato.stanford.edu/entries/advance-directives/|https://plato.stanford.edu/entries/animalism/|https://plato.stanford.edu/entries/cognitive-disability/|https://plato.stanford.edu/entries/cosmopolitanism/|https://plato.stanford.edu/entries/disability-well-being/	223
<http://dbpedia.org/resource/Joshua_Knobe>	Joshua Knobe	0.2885867523606549	0	5	5	0	0	0	0	0	0	0	0	0	[]	False	False	False	True	Joshua Knobe	18	205	Joshua Knobe|Knobe	Joshua Knobe|Knobe	https://plato.stanford.edu/entries/causation-metaphysics/|https://plato.stanford.edu/entries/culture-cogsci/|https://plato.stanford.edu/entries/dehumanization/|https://plato.stanford.edu/entries/doing-allowing/|https://plato.stanford.edu/entries/double-effect/	224
<http://dbpedia.org/resource/Nancy_Fraser>	Nancy Fraser	0.5644446785964237	1	6	7	0	0	0	0	0	0	0	0	0	[]	False	False	False	True	Nancy Fraser	18	168	Nancy Fraser|Fraser	Fraser|Nancy Fraser	https://plato.stanford.edu/entries/capability-approach/|https://plato.stanford.edu/entries/critical-theory/|https://plato.stanford.edu/entries/equality/|https://plato.stanford.edu/entries/femapproach-analy-cont/|https://plato.stanford.edu/entries/femapproach-prag-cont/	225
<http://dbpedia.org/resource/Dan_Sperber>	Dan Sperber	0.4901329380704631	4	7	11	2	2	0	0	0	0	0	0	0	[]	False	False	False	True	Dan Sperber	18	141	Dan Sperber|Sperber	Dan Sperber|Sperber	https://plato.stanford.edu/entries/aesthetics-cogsci/|https://plato.stanford.edu/entries/argument/|https://plato.stanford.edu/entries/artifact/|https://plato.stanford.edu/entries/culture-cogsci/|https://plato.stanford.edu/entries/evolution-cultural/	226
<http://dbpedia.org/resource/Paul_Tillich>	Paul Tillich	0.28994334615295	6	4	10	0	0	0	0	0	0	0	0	0	[]	False	False	False	True	Paul Tillich	18	50	Paul Tillich|Tillich	Paul Tillich|Tillich	https://plato.stanford.edu/entries/adorno/|https://plato.stanford.edu/entries/chinese-change/|https://plato.stanford.edu/entries/concept-religion/|https://plato.stanford.edu/entries/divine-revelation/|https://plato.stanford.edu/entries/existentialism/	227
<http://dbpedia.org/resource/Marcus_Aurelius>	Marcus Aurelius	0.3820370772494165	3	4	7	0	0	0	0	0	0	0	0	0	[]	False	False	False	True	Marcus Aurelius	18	49	Marcus Aurelius|Aurelius	Aurelius|Marcus Aurelius	https://plato.stanford.edu/entries/alexander-aphrodisias/|https://plato.stanford.edu/entries/ancient-political/|https://plato.stanford.edu/entries/aristotle-commentators/|https://plato.stanford.edu/entries/catharine-macaulay/|https://plato.stanford.edu/entries/epictetus/	228
<http://dbpedia.org/resource/George_Washington>	George Washington	0.789810227469699	1	2	3	0	0	0	0	0	0	0	0	0	[]	False	False	False	True	George Washington	18	32	George Washington|Washington	George Washington|Washington	https://plato.stanford.edu/entries/arrows-theorem/|https://plato.stanford.edu/entries/catharine-macaulay/|https://plato.stanford.edu/entries/definitions/|https://plato.stanford.edu/entries/ethics-manipulation/|https://plato.stanford.edu/entries/feminism-ethics/	229
<http://dbpedia.org/resource/Louis_XIV>	Louis XIV	0.444188269819565	0	1	1	0	0	0	0	0	0	0	0	0	[]	False	False	False	True	Louis XIV	18	32	Louis XIV	Louis XIV	https://plato.stanford.edu/entries/aesthetics-18th-french/|https://plato.stanford.edu/entries/bayle/|https://plato.stanford.edu/entries/campanella/|https://plato.stanford.edu/entries/collins/|https://plato.stanford.edu/entries/cordemoy/	230
<http://dbpedia.org/resource/Baruch_Spinoza>	Baruch Spinoza	1.0675476356109883	53	13	66	0	0	0	0	0	0	0	0	0	[]	False	False	False	True	Baruch Spinoza	17	871	Baruch Spinoza|Spinoza	Baruch Spinoza|Spinoza	https://plato.stanford.edu/entries/abrabanel/|https://plato.stanford.edu/entries/albo-joseph/|https://plato.stanford.edu/entries/conscience/|https://plato.stanford.edu/entries/enlightenment/|https://plato.stanford.edu/entries/god-ultimates/	231
<http://dbpedia.org/resource/Herbert_Marcuse>	Herbert Marcuse	0.3701985767633219	16	10	26	0	0	0	0	0	0	0	0	0	[]	False	False	False	True	Herbert Marcuse	17	430	Herbert Marcuse|Marcuse	Herbert Marcuse|Marcuse	https://plato.stanford.edu/entries/adorno/|https://plato.stanford.edu/entries/aesthetics-critical-theory/|https://plato.stanford.edu/entries/alienation/|https://plato.stanford.edu/entries/baudrillard/|https://plato.stanford.edu/entries/critical-phil-race/	232
<http://dbpedia.org/resource/Friedrich_Schleiermacher>	Friedrich Schleiermacher	0.94713616370638	20	14	34	0	0	0	0	0	0	0	0	0	[]	False	False	False	True	Friedrich Schleiermacher	17	425	Friedrich Schleiermacher|Schleiermacher	Friedrich Schleiermacher|Schleiermacher	https://plato.stanford.edu/entries/aesthetic-experience/|https://plato.stanford.edu/entries/aesthetics-19th-romantic/|https://plato.stanford.edu/entries/concept-religion/|https://plato.stanford.edu/entries/dilthey/|https://plato.stanford.edu/entries/divine-revelation/	233
<http://dbpedia.org/resource/Johannes_Kepler>	Johannes Kepler	0.5131936158479835	5	4	9	0	3	0	0	0	0	0	0	0	[]	False	False	False	True	Johannes Kepler	17	346	Johannes Kepler|Kepler	Johannes Kepler|Kepler	https://plato.stanford.edu/entries/aristotelianism-renaissance/|https://plato.stanford.edu/entries/bruno/|https://plato.stanford.edu/entries/copernicus/|https://plato.stanford.edu/entries/della-porta/|https://plato.stanford.edu/entries/descartes/	234
<http://dbpedia.org/resource/Louis_Althusser>	Louis Althusser	0.5157583486296069	22	11	33	0	0	0	0	0	0	0	0	0	[]	False	False	False	True	Louis Althusser	17	339	Louis Althusser|Althusser	Althusser|Louis Althusser	https://plato.stanford.edu/entries/althusser/|https://plato.stanford.edu/entries/baudrillard/|https://plato.stanford.edu/entries/benjamin/|https://plato.stanford.edu/entries/critical-phil-race/|https://plato.stanford.edu/entries/femapproach-prag-cont/	235
<http://dbpedia.org/resource/Émilie_du_Châtelet>	Émilie du Châtelet	0.3069146136234612	0	5	5	0	0	0	0	0	0	0	0	0	[]	False	False	False	True	Emilie du Chatelet	17	278	Emilie du Chatelet|Chatelet	Chatelet|Emilie du Chatelet	https://plato.stanford.edu/entries/18thGerman-preKant/|https://plato.stanford.edu/entries/clarke/|https://plato.stanford.edu/entries/creativity/|https://plato.stanford.edu/entries/economics-early-modern/|https://plato.stanford.edu/entries/emilie-du-chatelet/	236
<http://dbpedia.org/resource/Nuel_Belnap>	Nuel Belnap	0.6560394591765817	1	3	4	0	0	0	0	0	0	0	0	0	[]	False	False	False	True	Nuel Belnap	17	214	Nuel Belnap|Belnap	Belnap|Nuel Belnap	https://plato.stanford.edu/entries/branching-time/|https://plato.stanford.edu/entries/chance-randomness/|https://plato.stanford.edu/entries/connectives-logic/|https://plato.stanford.edu/entries/counterfactuals/|https://plato.stanford.edu/entries/curry-paradox/	237
<http://dbpedia.org/resource/Jeremy_Waldron>	Jeremy Waldron	0.3618244796846558	1	3	4	0	0	0	0	0	0	0	0	0	[]	False	False	False	True	Jeremy Waldron	17	127	Jeremy Waldron|Waldron	Jeremy Waldron|Waldron	https://plato.stanford.edu/entries/common-good/|https://plato.stanford.edu/entries/constitutionalism/|https://plato.stanford.edu/entries/cosmopolitanism/|https://plato.stanford.edu/entries/democracy/|https://plato.stanford.edu/entries/freedom-speech/	238
<http://dbpedia.org/resource/Carl_Schmitt>	Carl Schmitt	0.957693881617165	44	23	67	0	0	0	0	0	0	0	0	0	[]	False	False	False	True	Carl Schmitt	17	116	Carl Schmitt	Carl Schmitt	https://plato.stanford.edu/entries/bauer/|https://plato.stanford.edu/entries/benjamin/|https://plato.stanford.edu/entries/buber/|https://plato.stanford.edu/entries/conservatism/|https://plato.stanford.edu/entries/dirty-hands/	239
<http://dbpedia.org/resource/Michelangelo>	Michelangelo	0.46875	2	0	2	0	0	5	0	0	0	0	0	0	[Architecture, Painting, Sculpture, Poetry]	False	False	False	True	Michelangelo	17	34	Michelangelo	Michelangelo	https://plato.stanford.edu/entries/aesthetic-experience/|https://plato.stanford.edu/entries/aquinas/|https://plato.stanford.edu/entries/arabic-islamic-metaphysics/|https://plato.stanford.edu/entries/boundary/|https://plato.stanford.edu/entries/croce-aesthetics/	240
<http://dbpedia.org/resource/Paul_Bernays>	Paul Bernays	0.3291645055304592	0	3	3	1	3	0	0	0	0	0	0	0	[]	False	False	False	True	Paul Bernays	17	31	Paul Bernays	Paul Bernays	https://plato.stanford.edu/entries/church-turing/|https://plato.stanford.edu/entries/curry-paradox/|https://plato.stanford.edu/entries/epsilon-calculus/|https://plato.stanford.edu/entries/goedel-incompleteness/|https://plato.stanford.edu/entries/hempel/	241
<http://dbpedia.org/resource/Ian_Shapiro>	Ian Shapiro	0.394953068328821	0	3	3	0	0	0	0	0	0	0	0	0	[]	False	False	False	True	Ian Shapiro	17	22	Ian Shapiro	Ian Shapiro	https://plato.stanford.edu/entries/dewey-political/|https://plato.stanford.edu/entries/domination/|https://plato.stanford.edu/entries/equal-ed-opportunity/|https://plato.stanford.edu/entries/feminism-family/|https://plato.stanford.edu/entries/feminism-political/	242
<http://dbpedia.org/resource/Allen_Buchanan>	Allen Buchanan	0.2866949889966975	0	2	2	0	0	0	0	0	0	0	0	0	[]	False	False	False	True	Allen Buchanan	17	20	Allen Buchanan	Allen Buchanan	https://plato.stanford.edu/entries/autonomy-moral/|https://plato.stanford.edu/entries/contractarianism/|https://plato.stanford.edu/entries/culture-cogsci/|https://plato.stanford.edu/entries/decision-capacity/|https://plato.stanford.edu/entries/enhancement/	243
<http://dbpedia.org/resource/Franz_Rosenzweig>	Franz Rosenzweig	0.396010325919457	12	8	20	0	0	0	0	0	0	0	0	0	[]	False	False	False	True	Franz Rosenzweig	16	475	Franz Rosenzweig|Rosenzweig	Franz Rosenzweig|Rosenzweig	https://plato.stanford.edu/entries/abraham-daud/|https://plato.stanford.edu/entries/albalag/|https://plato.stanford.edu/entries/albo-joseph/|https://plato.stanford.edu/entries/benjamin/|https://plato.stanford.edu/entries/buber/	244
<http://dbpedia.org/resource/Max_Horkheimer>	Max Horkheimer	0.392247983208861	9	9	18	0	0	0	0	0	0	0	0	0	[]	False	False	False	True	Max Horkheimer	16	316	Max Horkheimer|Horkheimer	Horkheimer|Max Horkheimer	https://plato.stanford.edu/entries/adorno/|https://plato.stanford.edu/entries/aesthetics-critical-theory/|https://plato.stanford.edu/entries/critical-theory/|https://plato.stanford.edu/entries/dewey-political/|https://plato.stanford.edu/entries/disability-critical/	245
<http://dbpedia.org/resource/Pyrrho>	Pyrrho	0.4010663221006133	9	5	14	0	0	0	0	0	0	0	0	0	[]	False	False	False	True	Pyrrho	16	297	Pyrrho	Pyrrho	https://plato.stanford.edu/entries/ancient-political/|https://plato.stanford.edu/entries/arcesilaus/|https://plato.stanford.edu/entries/aristotle-noncontradiction/|https://plato.stanford.edu/entries/bayle/|https://plato.stanford.edu/entries/camus/	246
<http://dbpedia.org/resource/Jc_Beall>	Jc Beall	0.3613372164035441	0	3	3	0	0	0	0	0	0	0	0	0	[]	False	False	False	True	Jc Beall	16	189	Jc Beall|Beall	Beall|Jc Beall	https://plato.stanford.edu/entries/christiantheology-philosophy/|https://plato.stanford.edu/entries/curry-paradox/|https://plato.stanford.edu/entries/dialetheism/|https://plato.stanford.edu/entries/impossible-worlds/|https://plato.stanford.edu/entries/liar-paradox/	247
<http://dbpedia.org/resource/Marsilius_of_Inghen>	Marsilius of Inghen	0.3185258621247947	0	5	5	0	0	0	0	0	0	0	0	0	[]	False	False	False	True	Marsilius of Inghen	16	71	Marsilius of Inghen|Inghen	Inghen|Marsilius of Inghen	https://plato.stanford.edu/entries/albert-saxony/|https://plato.stanford.edu/entries/autrecourt/|https://plato.stanford.edu/entries/causation-medieval/|https://plato.stanford.edu/entries/consequence-medieval/|https://plato.stanford.edu/entries/gregory-rimini/	248
<http://dbpedia.org/resource/Barry_Loewer>	Barry Loewer	0.3089856337447733	0	2	2	0	0	0	0	0	0	0	0	0	[]	False	False	False	True	Barry Loewer	16	55	Barry Loewer|Loewer	Barry Loewer|Loewer	https://plato.stanford.edu/entries/causation-physics/|https://plato.stanford.edu/entries/content-externalism/|https://plato.stanford.edu/entries/content-narrow/|https://plato.stanford.edu/entries/david-lewis/|https://plato.stanford.edu/entries/meaning/	249
<http://dbpedia.org/resource/Roger_Penrose>	Roger Penrose	0.3471373686787969	4	3	7	2	32	0	0	0	0	0	0	0	[]	False	False	False	True	Roger Penrose	16	27	Roger Penrose	Roger Penrose	https://plato.stanford.edu/entries/artificial-intelligence/|https://plato.stanford.edu/entries/chinese-room/|https://plato.stanford.edu/entries/computational-mind/|https://plato.stanford.edu/entries/consciousness-higher/|https://plato.stanford.edu/entries/consciousness/	250
<http://dbpedia.org/resource/John_M._Cooper_(philosopher)>	John M. Cooper (philosopher)	0.2824605160153999	0	2	2	0	0	0	0	0	0	0	0	0	[]	False	False	False	True	John M. Cooper	16	16	John M. Cooper	John M. Cooper	https://plato.stanford.edu/entries/agrippa-nettesheim/|https://plato.stanford.edu/entries/aristotle-noncontradiction/|https://plato.stanford.edu/entries/art-definition/|https://plato.stanford.edu/entries/constructivism-metaethics/|https://plato.stanford.edu/entries/cyrenaics/	251
<http://dbpedia.org/resource/Willard_Van_Orman_Quine>	Willard Van Orman Quine	0.4694548007701044	25	8	33	0	0	0	0	0	0	0	0	0	[]	False	False	False	True	Willard Van Orman Quine	15	405	Willard Van Orman Quine|Quine	Quine|Willard Van Orman Quine	https://plato.stanford.edu/entries/afterlife/|https://plato.stanford.edu/entries/feminist-science/|https://plato.stanford.edu/entries/hempel/|https://plato.stanford.edu/entries/intentionality/|https://plato.stanford.edu/entries/latin-american-analytic/	252
<http://dbpedia.org/resource/Ludwig_Feuerbach>	Ludwig Feuerbach	0.7747997378251882	10	15	25	0	0	0	0	0	0	0	0	0	[]	False	False	False	True	Ludwig Feuerbach	15	375	Ludwig Feuerbach|Feuerbach	Feuerbach|Ludwig Feuerbach	https://plato.stanford.edu/entries/alienation/|https://plato.stanford.edu/entries/bauer/|https://plato.stanford.edu/entries/buber/|https://plato.stanford.edu/entries/friedrich-lange/|https://plato.stanford.edu/entries/george-eliot/	253
<http://dbpedia.org/resource/Albert_Camus>	Albert Camus	0.9700258913233072	6	16	22	0	0	0	0	0	0	0	0	0	[]	False	False	False	True	Albert Camus	15	350	Albert Camus|Camus	Albert Camus|Camus	https://plato.stanford.edu/entries/aesthetic-experience/|https://plato.stanford.edu/entries/aesthetics-existentialist/|https://plato.stanford.edu/entries/alienation/|https://plato.stanford.edu/entries/beauvoir/|https://plato.stanford.edu/entries/camus/	254
<http://dbpedia.org/resource/Marin_Mersenne>	Marin Mersenne	0.9131808783628312	1	11	12	0	4	0	0	0	0	0	0	0	[]	False	False	False	True	Marin Mersenne	15	301	Marin Mersenne|Mersenne	Marin Mersenne|Mersenne	https://plato.stanford.edu/entries/aristotelianism-renaissance/|https://plato.stanford.edu/entries/bruno/|https://plato.stanford.edu/entries/descartes-ideas/|https://plato.stanford.edu/entries/descartes-ontological/|https://plato.stanford.edu/entries/descartes-works/	255
<http://dbpedia.org/resource/Arcesilaus>	Arcesilaus	0.6515640278882087	6	8	14	0	0	0	0	0	0	0	0	0	[]	False	False	False	True	Arcesilaus	15	249	Arcesilaus	Arcesilaus	https://plato.stanford.edu/entries/ancient-political/|https://plato.stanford.edu/entries/antiochus-ascalon/|https://plato.stanford.edu/entries/arcesilaus/|https://plato.stanford.edu/entries/carneades/|https://plato.stanford.edu/entries/diodorus-cronus/	256
<http://dbpedia.org/resource/Nicole_Oresme>	Nicole Oresme	0.2828838372764427	3	3	6	0	0	0	0	0	0	0	0	0	[]	False	False	False	True	Nicole Oresme	15	247	Nicole Oresme|Oresme	Nicole Oresme|Oresme	https://plato.stanford.edu/entries/albert-saxony/|https://plato.stanford.edu/entries/buridan/|https://plato.stanford.edu/entries/causation-medieval/|https://plato.stanford.edu/entries/consequence-medieval/|https://plato.stanford.edu/entries/duhem/	257
<http://dbpedia.org/resource/Roger_Scruton>	Roger Scruton	0.4905273281041731	0	6	6	1	1	0	0	0	0	0	0	0	[]	False	False	False	True	Roger Scruton	15	116	Roger Scruton|Scruton	Roger Scruton|Scruton	https://plato.stanford.edu/entries/aesthetic-experience/|https://plato.stanford.edu/entries/aesthetic-judgment/|https://plato.stanford.edu/entries/aesthetics-cogsci/|https://plato.stanford.edu/entries/art-ontology-history/|https://plato.stanford.edu/entries/beauty/	258
<http://dbpedia.org/resource/Luis_de_Molina>	Luis de Molina	0.5087518081746778	4	5	9	0	0	0	0	0	0	0	0	0	[]	False	False	False	True	Luis de Molina	15	107	Luis de Molina|Molina	Luis de Molina|Molina	https://plato.stanford.edu/entries/arnauld/|https://plato.stanford.edu/entries/ceteris-paribus/|https://plato.stanford.edu/entries/economics-early-modern/|https://plato.stanford.edu/entries/fatalism/|https://plato.stanford.edu/entries/free-will-foreknowledge/	259
<http://dbpedia.org/resource/Mario_Bunge>	Mario Bunge	0.88833903555329	2	10	12	0	0	0	0	0	0	0	0	0	[]	False	False	False	True	Mario Bunge	15	91	Mario Bunge|Bunge	Bunge|Mario Bunge	https://plato.stanford.edu/entries/ernst-mach/|https://plato.stanford.edu/entries/it-moral-values/|https://plato.stanford.edu/entries/latin-american-analytic/|https://plato.stanford.edu/entries/latin-american-metaphilosophy/|https://plato.stanford.edu/entries/latin-american-philosophy/	260
<http://dbpedia.org/resource/Seyla_Benhabib>	Seyla Benhabib	0.3066760067857895	0	4	4	0	0	0	0	0	0	0	0	0	[]	False	False	False	True	Seyla Benhabib	15	78	Seyla Benhabib|Benhabib	Benhabib|Seyla Benhabib	https://plato.stanford.edu/entries/common-good/|https://plato.stanford.edu/entries/critical-theory/|https://plato.stanford.edu/entries/culture/|https://plato.stanford.edu/entries/democracy/|https://plato.stanford.edu/entries/femapproach-analy-cont/	261
<http://dbpedia.org/resource/Stanley_Cavell>	Stanley Cavell	1.5387188992512917	34	18	52	0	0	0	0	0	0	0	0	0	[]	False	False	False	True	Stanley Cavell	15	77	Stanley Cavell|Cavell	Cavell|Stanley Cavell	https://plato.stanford.edu/entries/africana/|https://plato.stanford.edu/entries/emerson/|https://plato.stanford.edu/entries/feminist-religion/|https://plato.stanford.edu/entries/film/|https://plato.stanford.edu/entries/japanese-aesthetics/	262
<http://dbpedia.org/resource/Karl_Ameriks>	Karl Ameriks	0.3049767245678788	0	2	2	0	0	0	0	0	0	0	0	0	[]	False	False	False	True	Karl Ameriks	15	50	Karl Ameriks|Ameriks	Ameriks|Karl Ameriks	https://plato.stanford.edu/entries/18thGerman-preKant/|https://plato.stanford.edu/entries/bradley-moral/|https://plato.stanford.edu/entries/consciousness-intentionality/|https://plato.stanford.edu/entries/hamann/|https://plato.stanford.edu/entries/husserl/	263
<http://dbpedia.org/resource/Posidonius>	Posidonius	0.6360654618720459	7	5	12	0	0	0	0	0	0	0	0	0	[]	False	False	False	True	Posidonius	15	32	Posidonius	Posidonius	https://plato.stanford.edu/entries/ancient-political/|https://plato.stanford.edu/entries/ancient-soul/|https://plato.stanford.edu/entries/atomism-ancient/|https://plato.stanford.edu/entries/cyrenaics/|https://plato.stanford.edu/entries/epictetus/	264
<http://dbpedia.org/resource/Zeno_of_Citium__Zeno_of_Citium__1>	Zeno of Citium  Zeno of Citium  1	1.0939689932323635	7	9	16	0	0	0	0	0	0	0	0	0	[]	False	False	False	True	Zeno of Citium	15	22	Zeno of Citium	Zeno of Citium	https://plato.stanford.edu/entries/antiochus-ascalon/|https://plato.stanford.edu/entries/arcesilaus/|https://plato.stanford.edu/entries/cicero/|https://plato.stanford.edu/entries/cyrenaics/|https://plato.stanford.edu/entries/dialectical-school/	265
<http://dbpedia.org/resource/Zeno_of_Citium>	Zeno of Citium	0.3501987088574493	4	3	7	0	0	0	0	0	0	0	0	0	[]	False	False	False	True	Zeno of Citium	15	22	Zeno of Citium	Zeno of Citium	https://plato.stanford.edu/entries/antiochus-ascalon/|https://plato.stanford.edu/entries/arcesilaus/|https://plato.stanford.edu/entries/cicero/|https://plato.stanford.edu/entries/cyrenaics/|https://plato.stanford.edu/entries/dialectical-school/	266
<http://dbpedia.org/resource/Georg_Wilhelm_Friedrich_Hegel>	Georg Wilhelm Friedrich Hegel	0.3454810312927927	87	5	92	0	0	0	0	0	0	0	0	0	[]	False	False	False	True	Georg Wilhelm Friedrich Hegel	14	1284	Georg Wilhelm Friedrich Hegel|Hegel	Georg Wilhelm Friedrich Hegel|Hegel	https://plato.stanford.edu/entries/aesthetic-experience/|https://plato.stanford.edu/entries/critical-theory/|https://plato.stanford.edu/entries/femapproach-prag-cont/|https://plato.stanford.edu/entries/hegel-dialectics/|https://plato.stanford.edu/entries/hegel-social-political/	267
<http://dbpedia.org/resource/R._G._Collingwood>	R. G. Collingwood	0.5059752227624402	7	9	16	0	0	0	0	0	0	0	0	0	[]	False	False	False	True	R. G. Collingwood	14	458	R. G. Collingwood|Collingwood	Collingwood|R. G. Collingwood	https://plato.stanford.edu/entries/alexander/|https://plato.stanford.edu/entries/analysis/|https://plato.stanford.edu/entries/berlin/|https://plato.stanford.edu/entries/bosanquet/|https://plato.stanford.edu/entries/categories/	268
<http://dbpedia.org/resource/Denis_Diderot>	Denis Diderot	0.8994595342379558	11	20	31	0	0	0	0	0	0	0	0	0	[]	False	False	False	True	Denis Diderot	14	390	Denis Diderot|Diderot	Denis Diderot|Diderot	https://plato.stanford.edu/entries/continuity/|https://plato.stanford.edu/entries/cudworth/|https://plato.stanford.edu/entries/diderot/|https://plato.stanford.edu/entries/dignity/|https://plato.stanford.edu/entries/economics-early-modern/	269
<http://dbpedia.org/resource/Karl_Jaspers>	Karl Jaspers	0.6228465280221117	12	14	26	0	0	0	0	0	0	0	0	0	[]	False	False	False	True	Karl Jaspers	14	225	Karl Jaspers|Jaspers	Jaspers|Karl Jaspers	https://plato.stanford.edu/entries/arendt/|https://plato.stanford.edu/entries/collective-responsibility/|https://plato.stanford.edu/entries/evil-kinds-origins/|https://plato.stanford.edu/entries/existentialism/|https://plato.stanford.edu/entries/gadamer/	270
<http://dbpedia.org/resource/Michel_de_Montaigne>	Michel de Montaigne	1.3350925570166965	39	17	56	0	0	0	0	0	0	0	0	0	[]	False	False	False	True	Michel de Montaigne	14	222	Michel de Montaigne|Montaigne	Michel de Montaigne|Montaigne	https://plato.stanford.edu/entries/aristotelianism-renaissance/|https://plato.stanford.edu/entries/emerson/|https://plato.stanford.edu/entries/existentialism/|https://plato.stanford.edu/entries/francisco-sanches/|https://plato.stanford.edu/entries/ibn-bajja/	271
<http://dbpedia.org/resource/Axel_Honneth>	Axel Honneth	0.5536897321235738	4	11	15	0	0	0	0	0	0	0	0	0	[]	False	False	False	True	Axel Honneth	14	159	Axel Honneth|Honneth	Axel Honneth|Honneth	https://plato.stanford.edu/entries/aesthetics-critical-theory/|https://plato.stanford.edu/entries/alienation/|https://plato.stanford.edu/entries/critical-theory/|https://plato.stanford.edu/entries/dewey-political/|https://plato.stanford.edu/entries/femapproach-analy-cont/	272
<http://dbpedia.org/resource/Jonathan_Haidt>	Jonathan Haidt	0.6596375262563522	0	3	3	0	6	0	0	0	0	0	0	0	[]	False	False	False	True	Jonathan Haidt	14	123	Jonathan Haidt|Haidt	Haidt|Jonathan Haidt	https://plato.stanford.edu/entries/aesthetics-cogsci/|https://plato.stanford.edu/entries/conscience/|https://plato.stanford.edu/entries/culture-cogsci/|https://plato.stanford.edu/entries/embodied-cognition/|https://plato.stanford.edu/entries/emotion/	273
<http://dbpedia.org/resource/Giuseppe_Peano>	Giuseppe Peano	0.5429571013703249	2	4	6	1	10	0	0	0	0	0	0	0	[]	False	False	False	True	Giuseppe Peano	14	85	Giuseppe Peano|Peano	Giuseppe Peano|Peano	https://plato.stanford.edu/entries/algebra-logic-tradition/|https://plato.stanford.edu/entries/dedekind-foundations/|https://plato.stanford.edu/entries/disjunction/|https://plato.stanford.edu/entries/epistemology-geometry/|https://plato.stanford.edu/entries/logic-firstorder-emergence/	274
<http://dbpedia.org/resource/John_Maynard_Keynes>	John Maynard Keynes	0.6514185312254472	72	19	91	1	0	0	0	0	0	0	0	0	[]	False	False	False	True	John Maynard Keynes	14	83	John Maynard Keynes|Keynes	John Maynard Keynes|Keynes	https://plato.stanford.edu/entries/economics-early-modern/|https://plato.stanford.edu/entries/economics/|https://plato.stanford.edu/entries/emily-elizabeth-constance-jones/|https://plato.stanford.edu/entries/fine-tuning/|https://plato.stanford.edu/entries/formal-belief/	275
<http://dbpedia.org/resource/Ernst_Bloch>	Ernst Bloch	0.5757758505904471	9	6	15	0	0	0	0	0	0	0	0	0	[]	False	False	False	True	Ernst Bloch	14	72	Ernst Bloch	Ernst Bloch	https://plato.stanford.edu/entries/adorno/|https://plato.stanford.edu/entries/aesthetics-critical-theory/|https://plato.stanford.edu/entries/benjamin/|https://plato.stanford.edu/entries/bloch/|https://plato.stanford.edu/entries/dignity/	276
<http://dbpedia.org/resource/Aenesidemus>	Aenesidemus	0.4788660435762102	4	4	8	0	0	0	0	0	0	0	0	0	[]	False	False	False	True	Aenesidemus	14	51	Aenesidemus	Aenesidemus	https://plato.stanford.edu/entries/ancient-political/|https://plato.stanford.edu/entries/antiochus-ascalon/|https://plato.stanford.edu/entries/heraclitus/|https://plato.stanford.edu/entries/johann-fichte/|https://plato.stanford.edu/entries/karl-reinhold/	277
<http://dbpedia.org/resource/Ernst_Haeckel>	Ernst Haeckel	0.439043010223043	7	6	13	3	1	0	0	0	0	0	0	0	[]	False	False	False	True	Ernst Haeckel	14	49	Ernst Haeckel|Haeckel	Ernst Haeckel|Haeckel	https://plato.stanford.edu/entries/adaptationism/|https://plato.stanford.edu/entries/alexander-humboldt/|https://plato.stanford.edu/entries/ecology/|https://plato.stanford.edu/entries/ernst-mach/|https://plato.stanford.edu/entries/evolution-development/	278
<http://dbpedia.org/resource/Petrarch>	Petrarch	0.3483875173806894	3	2	5	2	0	2	0	0	0	0	0	0	[]	False	False	False	True	Petrarch	14	44	Petrarch	Petrarch	https://plato.stanford.edu/entries/abrabanel/|https://plato.stanford.edu/entries/arabic-islamic-influence/|https://plato.stanford.edu/entries/aristotelianism-renaissance/|https://plato.stanford.edu/entries/dante/|https://plato.stanford.edu/entries/humanism-civic/	279
<http://dbpedia.org/resource/Brian_Davies_(philosopher)>	Brian Davies (philosopher)	0.3147326954893523	0	4	4	0	0	0	0	0	0	0	0	0	[]	False	False	False	True	Brian Davies	14	37	Brian Davies|Davies	Brian Davies|Davies	https://plato.stanford.edu/entries/aquinas/|https://plato.stanford.edu/entries/atonement/|https://plato.stanford.edu/entries/christiantheology-philosophy/|https://plato.stanford.edu/entries/conscience-medieval/|https://plato.stanford.edu/entries/divine-revelation/	280
<http://dbpedia.org/resource/Alexandre_Koyré>	Alexandre Koyré	0.9954992502832524	6	9	15	0	0	0	0	0	0	0	0	0	[]	False	False	False	True	Alexandre Koyre	14	35	Alexandre Koyre|Koyre	Alexandre Koyre|Koyre	https://plato.stanford.edu/entries/cassirer/|https://plato.stanford.edu/entries/cohen/|https://plato.stanford.edu/entries/duhem/|https://plato.stanford.edu/entries/husserl/|https://plato.stanford.edu/entries/ibn-bajja/	281
<http://dbpedia.org/resource/Louise_Antony>	Louise Antony	0.326516774780754	0	5	5	0	0	0	0	0	0	0	0	0	[]	False	False	False	True	Louise Antony	14	26	Louise Antony	Louise Antony	https://plato.stanford.edu/entries/contractarianism/|https://plato.stanford.edu/entries/epistemology-naturalized/|https://plato.stanford.edu/entries/epistemology-social/|https://plato.stanford.edu/entries/femapproach-analytic/|https://plato.stanford.edu/entries/feminism-argumentation/	282
<http://dbpedia.org/resource/Abraham_Lincoln>	Abraham Lincoln	1.6766209172312896	0	2	2	0	0	0	0	0	1	0	0	0	[]	False	False	False	True	Abraham Lincoln	14	20	Abraham Lincoln	Abraham Lincoln	https://plato.stanford.edu/entries/africana/|https://plato.stanford.edu/entries/arrows-theorem/|https://plato.stanford.edu/entries/black-reparations/|https://plato.stanford.edu/entries/creationism/|https://plato.stanford.edu/entries/emerson/	283
<http://dbpedia.org/resource/Johann_Gottfried_Herder>	Johann Gottfried Herder	0.3163034382898348	20	4	24	0	0	0	0	0	0	0	0	0	[]	False	False	False	True	Johann Gottfried Herder	13	698	Johann Gottfried Herder|Herder	Herder|Johann Gottfried Herder	https://plato.stanford.edu/entries/aesthetics-18th-german/|https://plato.stanford.edu/entries/culture-cogsci/|https://plato.stanford.edu/entries/evolution-before-darwin/|https://plato.stanford.edu/entries/herder/|https://plato.stanford.edu/entries/hermeneutics/	284
<http://dbpedia.org/resource/Jacques_Lacan>	Jacques Lacan	0.7120911380636228	38	17	55	0	0	0	0	0	0	0	0	0	[]	False	False	False	True	Jacques Lacan	13	376	Jacques Lacan|Lacan	Jacques Lacan|Lacan	https://plato.stanford.edu/entries/descartes/|https://plato.stanford.edu/entries/femapproach-prag-cont/|https://plato.stanford.edu/entries/feminism-aesthetics/|https://plato.stanford.edu/entries/feminism-psychoanalysis/|https://plato.stanford.edu/entries/foucault/	285
<http://dbpedia.org/resource/Gabriel_Marcel>	Gabriel Marcel	0.5715958564566964	10	11	21	0	0	0	0	0	0	0	0	0	[]	False	False	False	True	Gabriel Marcel	13	323	Gabriel Marcel|Marcel	Gabriel Marcel|Marcel	https://plato.stanford.edu/entries/aesthetics-existentialist/|https://plato.stanford.edu/entries/buber/|https://plato.stanford.edu/entries/existentialism-mexican/|https://plato.stanford.edu/entries/existentialism/|https://plato.stanford.edu/entries/hope/	286
<http://dbpedia.org/resource/Xenocrates>	Xenocrates	0.347885945382887	4	3	7	0	0	0	0	0	0	0	0	0	[]	False	False	False	True	Xenocrates	13	185	Xenocrates	Xenocrates	https://plato.stanford.edu/entries/alcmaeon/|https://plato.stanford.edu/entries/atomism-ancient/|https://plato.stanford.edu/entries/definitions/|https://plato.stanford.edu/entries/epicurus/|https://plato.stanford.edu/entries/numenius/	287
<http://dbpedia.org/resource/Julia_Kristeva>	Julia Kristeva	0.988266636008842	1	9	10	0	0	0	0	0	0	0	0	0	[]	False	False	False	True	Julia Kristeva	13	134	Julia Kristeva|Kristeva	Julia Kristeva|Kristeva	https://plato.stanford.edu/entries/disability-critical/|https://plato.stanford.edu/entries/femapproach-analy-cont/|https://plato.stanford.edu/entries/femapproach-continental/|https://plato.stanford.edu/entries/femapproach-prag-cont/|https://plato.stanford.edu/entries/feminism-aesthetics/	288
<http://dbpedia.org/resource/Claudia_Card>	Claudia Card	0.6930998438518726	2	9	11	0	0	0	0	0	0	0	0	0	[]	False	False	False	True	Claudia Card	13	100	Claudia Card|Card	Card|Claudia Card	https://plato.stanford.edu/entries/beauvoir/|https://plato.stanford.edu/entries/bergson/|https://plato.stanford.edu/entries/concept-evil/|https://plato.stanford.edu/entries/femapproach-analytic/|https://plato.stanford.edu/entries/feminism-ethics/	289
<http://dbpedia.org/resource/Arthur_Eddington>	Arthur Eddington	0.7520351895755166	1	3	4	2	10	0	0	0	0	0	0	0	[]	False	False	False	True	Arthur Eddington	13	99	Arthur Eddington|Eddington	Arthur Eddington|Eddington	https://plato.stanford.edu/entries/ayer/|https://plato.stanford.edu/entries/consciousness-temporal/|https://plato.stanford.edu/entries/cosmology-30s/|https://plato.stanford.edu/entries/logic-inductive/|https://plato.stanford.edu/entries/operationalism/	290
<http://dbpedia.org/resource/Edith_Stein>	Edith Stein	1.0107559910384891	13	14	27	0	0	0	0	0	0	0	0	0	[]	False	False	False	True	Edith Stein	13	92	Edith Stein	Edith Stein	https://plato.stanford.edu/entries/collective-intentionality/|https://plato.stanford.edu/entries/consciousness-intentionality/|https://plato.stanford.edu/entries/feminism-femhist/|https://plato.stanford.edu/entries/feminism-self/|https://plato.stanford.edu/entries/husserl/	291
<http://dbpedia.org/resource/Colin_McGinn>	Colin McGinn	0.3087260186553937	0	5	5	0	0	0	0	0	0	0	0	0	[]	False	False	False	True	Colin McGinn	13	81	Colin McGinn|McGinn	Colin McGinn|McGinn	https://plato.stanford.edu/entries/concept-evil/|https://plato.stanford.edu/entries/consciousness-temporal/|https://plato.stanford.edu/entries/consciousness/|https://plato.stanford.edu/entries/indexicals/|https://plato.stanford.edu/entries/intentionality/	292
<http://dbpedia.org/resource/Jennifer_Hornsby>	Jennifer Hornsby	0.3111246172045187	2	3	5	0	0	0	0	0	0	0	0	0	[]	False	False	False	True	Jennifer Hornsby	13	79	Jennifer Hornsby|Hornsby	Hornsby|Jennifer Hornsby	https://plato.stanford.edu/entries/action/|https://plato.stanford.edu/entries/anomalous-monism/|https://plato.stanford.edu/entries/anscombe/|https://plato.stanford.edu/entries/bodily-awareness/|https://plato.stanford.edu/entries/femapproach-analy-cont/	293
<http://dbpedia.org/resource/David_Papineau>	David Papineau	0.3401953386073632	1	1	2	0	0	0	0	0	0	0	0	0	[]	False	False	False	True	David Papineau	13	75	David Papineau|Papineau	David Papineau|Papineau	https://plato.stanford.edu/entries/comparative-cognition/|https://plato.stanford.edu/entries/consciousness-neuroscience/|https://plato.stanford.edu/entries/content-teleological/|https://plato.stanford.edu/entries/decision-causal/|https://plato.stanford.edu/entries/dualism/	294
<http://dbpedia.org/resource/Ibn_al-Haytham>	Ibn al-Haytham	0.7507713892674526	9	7	16	0	1	0	0	0	0	0	0	0	[]	False	False	False	True	Ibn al-Haytham	13	68	Ibn al-Haytham|al-Haytham	Ibn al-Haytham|al-Haytham	https://plato.stanford.edu/entries/al-baghdadi/|https://plato.stanford.edu/entries/al-kindi/|https://plato.stanford.edu/entries/arabic-islamic-natural/|https://plato.stanford.edu/entries/arabic-islamic-phil-math/|https://plato.stanford.edu/entries/copernicus/	295
<http://dbpedia.org/resource/Michael_Sandel>	Michael Sandel	0.2906885273643794	4	7	11	0	0	0	0	0	0	0	0	0	[]	False	False	False	True	Michael Sandel	13	55	Michael Sandel|Sandel	Michael Sandel|Sandel	https://plato.stanford.edu/entries/affirmative-action/|https://plato.stanford.edu/entries/aristotle-politics/|https://plato.stanford.edu/entries/civic-education/|https://plato.stanford.edu/entries/common-good/|https://plato.stanford.edu/entries/communitarianism/	296
<http://dbpedia.org/resource/Émile_Durkheim>	Émile Durkheim	0.8188164645364898	37	15	52	4	6	0	0	0	0	0	0	0	[]	False	False	False	True	Emile Durkheim	13	53	Emile Durkheim|Durkheim	Durkheim|Emile Durkheim	https://plato.stanford.edu/entries/bergson/|https://plato.stanford.edu/entries/bosanquet/|https://plato.stanford.edu/entries/collective-intentionality/|https://plato.stanford.edu/entries/concept-religion/|https://plato.stanford.edu/entries/dubois/	297
<http://dbpedia.org/resource/John_Calvin>	John Calvin	0.435119889108534	5	4	9	0	0	0	0	0	0	0	0	0	[]	False	False	False	True	John Calvin	13	50	John Calvin|Calvin	Calvin|John Calvin	https://plato.stanford.edu/entries/bodin/|https://plato.stanford.edu/entries/christiantheology-philosophy/|https://plato.stanford.edu/entries/faith/|https://plato.stanford.edu/entries/heaven-hell/|https://plato.stanford.edu/entries/luther-influence/	298
<http://dbpedia.org/resource/Héloïse>	Héloïse	0.6310860525404853	4	7	11	0	0	0	0	0	0	0	0	0	[]	False	False	False	True	Heloise	13	33	Heloise	Heloise	https://plato.stanford.edu/entries/abelard/|https://plato.stanford.edu/entries/authenticity/|https://plato.stanford.edu/entries/consciousness-neuroscience/|https://plato.stanford.edu/entries/emotions-17th18th/|https://plato.stanford.edu/entries/holbach/	299
<http://dbpedia.org/resource/Sewall_Wright>	Sewall Wright	0.6389159118070371	5	1	6	3	12	0	0	0	0	0	0	0	[]	False	False	False	True	Sewall Wright	13	31	Sewall Wright	Sewall Wright	https://plato.stanford.edu/entries/adaptationism/|https://plato.stanford.edu/entries/agent-modeling-philscience/|https://plato.stanford.edu/entries/causal-models/|https://plato.stanford.edu/entries/creationism/|https://plato.stanford.edu/entries/darwinism/	300
<http://dbpedia.org/resource/Augustus_De_Morgan>	Augustus De Morgan	0.5737816662173729	3	3	6	2	5	0	0	0	0	0	0	0	[]	False	False	False	True	Augustus De Morgan	13	16	Augustus De Morgan	Augustus De Morgan	https://plato.stanford.edu/entries/algebra-logic-tradition/|https://plato.stanford.edu/entries/boole/|https://plato.stanford.edu/entries/dynamic-epistemic/|https://plato.stanford.edu/entries/epistemic-game/|https://plato.stanford.edu/entries/leibniz-logic-influence/	301
<http://dbpedia.org/resource/Johann_Gottlieb_Fichte>	Johann Gottlieb Fichte	0.6210024282491161	32	7	39	0	0	0	0	0	0	0	0	0	[]	False	False	False	True	Johann Gottlieb Fichte	12	517	Johann Gottlieb Fichte|Fichte	Fichte|Johann Gottlieb Fichte	https://plato.stanford.edu/entries/aesthetics-18th-german/|https://plato.stanford.edu/entries/friedrich-jacobi/|https://plato.stanford.edu/entries/hegel-dialectics/|https://plato.stanford.edu/entries/hermann-helmholtz/|https://plato.stanford.edu/entries/idealism/	302
<http://dbpedia.org/resource/Niccolò_Machiavelli>	Niccolò Machiavelli	0.7491869841219637	33	11	44	0	0	0	0	0	0	0	0	0	[]	False	False	False	True	Niccolo Machiavelli	12	288	Niccolo Machiavelli|Machiavelli	Machiavelli|Niccolo Machiavelli	https://plato.stanford.edu/entries/aristotelianism-renaissance/|https://plato.stanford.edu/entries/economics-early-modern/|https://plato.stanford.edu/entries/ethics-manipulation/|https://plato.stanford.edu/entries/gramsci/|https://plato.stanford.edu/entries/humanism-civic/	303
<http://dbpedia.org/resource/Damascius>	Damascius	0.5435625705064449	0	5	5	0	0	0	0	0	0	0	0	0	[]	False	False	False	True	Damascius	12	120	Damascius	Damascius	https://plato.stanford.edu/entries/ammonius/|https://plato.stanford.edu/entries/arabic-islamic-natural/|https://plato.stanford.edu/entries/iamblichus/|https://plato.stanford.edu/entries/ibn-gabirol/|https://plato.stanford.edu/entries/neoplatonism/	304
<http://dbpedia.org/resource/Hans_Kamp>	Hans Kamp	0.3984200985707625	2	3	5	0	0	0	0	0	0	0	0	0	[]	False	False	False	True	Hans Kamp	12	115	Hans Kamp|Kamp	Hans Kamp|Kamp	https://plato.stanford.edu/entries/anaphora/|https://plato.stanford.edu/entries/computational-linguistics/|https://plato.stanford.edu/entries/descriptions/|https://plato.stanford.edu/entries/discourse-representation-theory/|https://plato.stanford.edu/entries/dynamic-semantics/	305
<http://dbpedia.org/resource/Maria_Lugones>	Maria Lugones	0.7048053980329189	0	7	7	0	0	0	0	0	0	0	0	0	[]	False	False	False	True	Maria Lugones	12	106	Maria Lugones|Lugones	Lugones|Maria Lugones	https://plato.stanford.edu/entries/femapproach-analytic/|https://plato.stanford.edu/entries/femapproach-continental/|https://plato.stanford.edu/entries/femapproach-pragmatism/|https://plato.stanford.edu/entries/feminism-argumentation/|https://plato.stanford.edu/entries/feminism-latin-america/	306
<http://dbpedia.org/resource/John_of_Salisbury>	John of Salisbury	0.3581312526422012	0	2	2	0	0	0	0	0	0	0	0	0	[]	False	False	False	True	John of Salisbury	12	100	John of Salisbury|Salisbury	John of Salisbury|Salisbury	https://plato.stanford.edu/entries/alberic-paris/|https://plato.stanford.edu/entries/demonstration-medieval/|https://plato.stanford.edu/entries/humanism-civic/|https://plato.stanford.edu/entries/john-salisbury/|https://plato.stanford.edu/entries/marsilius-padua/	307
<http://dbpedia.org/resource/Nathan_Salmon>	Nathan Salmon	0.3354914209412476	0	5	5	0	0	0	0	0	0	0	0	0	[]	False	False	False	True	Nathan Salmon	12	92	Nathan Salmon|Salmon	Nathan Salmon|Salmon	https://plato.stanford.edu/entries/church/|https://plato.stanford.edu/entries/existence/|https://plato.stanford.edu/entries/fictional-entities/|https://plato.stanford.edu/entries/hyperintensionality/|https://plato.stanford.edu/entries/identity-time/	308
<http://dbpedia.org/resource/Mark_Twain>	Mark Twain	0.4758818407209016	1	3	4	0	0	0	0	0	0	0	0	0	[]	False	False	False	True	Mark Twain	12	80	Mark Twain|Twain	Mark Twain|Twain	https://plato.stanford.edu/entries/adorno/|https://plato.stanford.edu/entries/analytic-synthetic/|https://plato.stanford.edu/entries/conscience/|https://plato.stanford.edu/entries/frege/|https://plato.stanford.edu/entries/grounding/	309
<http://dbpedia.org/resource/Robert_Sugden_(economist)>	Robert Sugden (economist)	0.2867343827171251	2	5	7	1	0	0	0	0	0	0	0	0	[Microeconomics]	False	False	False	True	Robert Sugden	12	73	Robert Sugden|Sugden	Robert Sugden|Sugden	https://plato.stanford.edu/entries/bounded-rationality/|https://plato.stanford.edu/entries/collective-intentionality/|https://plato.stanford.edu/entries/common-ground-pragmatics/|https://plato.stanford.edu/entries/contractarianism-contemporary/|https://plato.stanford.edu/entries/convention/	310
<http://dbpedia.org/resource/Cornel_West>	Cornel West	1.7560499506277325	1	21	22	0	0	0	0	0	0	0	0	0	[]	False	False	False	True	Cornel West	12	72	Cornel West|West	Cornel West|West	https://plato.stanford.edu/entries/africana-contemporary/|https://plato.stanford.edu/entries/africana/|https://plato.stanford.edu/entries/critical-phil-race/|https://plato.stanford.edu/entries/critical-theory/|https://plato.stanford.edu/entries/double-consciousness/	311
<http://dbpedia.org/resource/Enrique_Dussel>	Enrique Dussel	0.4386212861433702	1	6	7	0	0	0	0	0	0	0	0	0	[]	False	False	False	True	Enrique Dussel	12	71	Enrique Dussel|Dussel	Dussel|Enrique Dussel	https://plato.stanford.edu/entries/critical-phil-race/|https://plato.stanford.edu/entries/critical-theory/|https://plato.stanford.edu/entries/femapproach-continental/|https://plato.stanford.edu/entries/feminism-latin-america/|https://plato.stanford.edu/entries/latin-american-philosophy/	312
<http://dbpedia.org/resource/Cheryl_Misak>	Cheryl Misak	0.2890717642660516	0	2	2	0	0	0	0	0	0	0	0	0	[]	False	False	False	True	Cheryl Misak	12	61	Cheryl Misak|Misak	Cheryl Misak|Misak	https://plato.stanford.edu/entries/dewey-political/|https://plato.stanford.edu/entries/emerson/|https://plato.stanford.edu/entries/james/|https://plato.stanford.edu/entries/lewis-ci/|https://plato.stanford.edu/entries/peirce-semiotics/	313
<http://dbpedia.org/resource/Ron_Mallon>	Ron Mallon	0.3261828762107331	0	2	2	0	0	0	0	0	0	0	0	0	[]	False	False	False	True	Ron Mallon	12	61	Ron Mallon|Mallon	Mallon|Ron Mallon	https://plato.stanford.edu/entries/culture-cogsci/|https://plato.stanford.edu/entries/doing-allowing/|https://plato.stanford.edu/entries/evolutionary-psychology/|https://plato.stanford.edu/entries/experimental-philosophy/|https://plato.stanford.edu/entries/innate-acquired/	314
<http://dbpedia.org/resource/Gregory_of_Nyssa>	Gregory of Nyssa	0.3661517576029944	2	2	4	0	0	0	0	0	0	0	0	0	[]	False	False	False	True	Gregory of Nyssa	12	52	Gregory of Nyssa|Nyssa	Gregory of Nyssa|Nyssa	https://plato.stanford.edu/entries/ancient-soul/|https://plato.stanford.edu/entries/atonement/|https://plato.stanford.edu/entries/byzantine-philosophy/|https://plato.stanford.edu/entries/medieval-philosophy/|https://plato.stanford.edu/entries/mereology-medieval/	315
<http://dbpedia.org/resource/Norman_Malcolm>	Norman Malcolm	0.5432475083820725	4	5	9	0	0	0	0	0	0	0	0	0	[]	False	False	False	True	Norman Malcolm	12	49	Norman Malcolm|Malcolm	Malcolm|Norman Malcolm	https://plato.stanford.edu/entries/cognition-animal/|https://plato.stanford.edu/entries/consciousness-higher/|https://plato.stanford.edu/entries/dreams-dreaming/|https://plato.stanford.edu/entries/evil/|https://plato.stanford.edu/entries/fideism/	316
<http://dbpedia.org/resource/Étienne_Gilson>	Étienne Gilson	0.3999280361703831	12	9	21	0	0	0	0	0	0	0	0	0	[]	False	False	False	True	Etienne Gilson	12	46	Etienne Gilson|Gilson	Etienne Gilson|Gilson	https://plato.stanford.edu/entries/aesthetics-existentialist/|https://plato.stanford.edu/entries/aquinas/|https://plato.stanford.edu/entries/art-ontology-history/|https://plato.stanford.edu/entries/bergson/|https://plato.stanford.edu/entries/binarium/	317
<http://dbpedia.org/resource/Tania_Lombrozo>	Tania Lombrozo	0.3505719083171713	0	1	1	2	0	0	0	0	0	0	0	0	[]	False	False	False	True	Tania Lombrozo	12	44	Tania Lombrozo|Lombrozo	Lombrozo|Tania Lombrozo	https://plato.stanford.edu/entries/abduction/|https://plato.stanford.edu/entries/doxastic-voluntarism/|https://plato.stanford.edu/entries/experimental-aesthetics/|https://plato.stanford.edu/entries/experimental-jurisprudence/|https://plato.stanford.edu/entries/experimental-philosophy/	318
<http://dbpedia.org/resource/James_Joyce>	James Joyce	0.4924601322263489	3	4	7	0	0	0	0	0	0	0	0	0	[]	False	False	False	True	James Joyce	12	43	James Joyce|Joyce	James Joyce|Joyce	https://plato.stanford.edu/entries/altruism/|https://plato.stanford.edu/entries/anderson-john/|https://plato.stanford.edu/entries/bayes-theorem/|https://plato.stanford.edu/entries/davidson/|https://plato.stanford.edu/entries/decision-causal/	319
<http://dbpedia.org/resource/Milton_Friedman>	Milton Friedman	0.6868201835272734	43	14	57	3	0	0	0	0	0	0	0	0	[]	False	False	False	True	Milton Friedman	12	23	Milton Friedman	Milton Friedman	https://plato.stanford.edu/entries/bounded-rationality/|https://plato.stanford.edu/entries/conservatism/|https://plato.stanford.edu/entries/cosmopolitanism/|https://plato.stanford.edu/entries/economics-early-modern/|https://plato.stanford.edu/entries/egalitarianism/	320
<http://dbpedia.org/resource/Theodor_W._Adorno>	Theodor W. Adorno	1.200147334037184	19	21	40	0	0	0	0	0	0	0	0	0	[]	False	False	False	True	Theodor W. Adorno	11	704	Theodor W. Adorno|Adorno	Adorno|Theodor W. Adorno	https://plato.stanford.edu/entries/adorno/|https://plato.stanford.edu/entries/aesthetics-critical-theory/|https://plato.stanford.edu/entries/benjamin/|https://plato.stanford.edu/entries/buber/|https://plato.stanford.edu/entries/critical-theory/	321
<http://dbpedia.org/resource/W._E._B._Du_Bois>	W. E. B. Du Bois	0.6770550771877538	7	2	9	0	3	0	0	0	0	0	0	0	[]	False	False	False	True	W. E. B. Du Bois	11	536	W. E. B. Du Bois|Bois	Bois|W. E. B. Du Bois	https://plato.stanford.edu/entries/africana/|https://plato.stanford.edu/entries/alain-locke/|https://plato.stanford.edu/entries/alexander-crummell/|https://plato.stanford.edu/entries/anna-julia-cooper/|https://plato.stanford.edu/entries/boundary/	322
<http://dbpedia.org/resource/Ernst_Mally__Ernst_Mally__1>	Ernst Mally  Ernst Mally  1	0.3764167532187846	1	3	4	0	0	0	0	0	0	0	0	0	[]	False	False	False	True	Ernst Mally	11	507	Ernst Mally|Mally	Ernst Mally|Mally	https://plato.stanford.edu/entries/existence/|https://plato.stanford.edu/entries/fictional-entities/|https://plato.stanford.edu/entries/findlay/|https://plato.stanford.edu/entries/intentionality/|https://plato.stanford.edu/entries/lukasiewicz/	323
<http://dbpedia.org/resource/Bessarion>	Bessarion	0.3293029415774664	0	2	2	0	0	0	1	0	0	0	0	0	[]	False	False	False	True	Bessarion	11	137	Bessarion	Bessarion	https://plato.stanford.edu/entries/aristotelianism-renaissance/|https://plato.stanford.edu/entries/aristotle-text/|https://plato.stanford.edu/entries/bessarion/|https://plato.stanford.edu/entries/byzantine-philosophy/|https://plato.stanford.edu/entries/ibn-rushd-natural/	324
<http://dbpedia.org/resource/Luciano_Floridi>	Luciano Floridi	0.8178029186596009	0	8	8	0	0	0	0	0	0	0	0	0	[]	False	False	False	True	Luciano Floridi	11	131	Luciano Floridi|Floridi	Floridi|Luciano Floridi	https://plato.stanford.edu/entries/computer-science/|https://plato.stanford.edu/entries/ethics-ai/|https://plato.stanford.edu/entries/ethics-search/|https://plato.stanford.edu/entries/ethics-social-networking/|https://plato.stanford.edu/entries/games-abstraction/	325
<http://dbpedia.org/resource/Rae_Langton>	Rae Langton	0.4869598718783049	1	5	6	0	0	0	0	0	0	0	0	0	[]	False	False	False	True	Rae Langton	11	110	Rae Langton|Langton	Langton|Rae Langton	https://plato.stanford.edu/entries/assertion/|https://plato.stanford.edu/entries/david-lewis/|https://plato.stanford.edu/entries/femapproach-analy-cont/|https://plato.stanford.edu/entries/feminism-language/|https://plato.stanford.edu/entries/feminism-objectification/	326
<http://dbpedia.org/resource/Christiaan_Huygens>	Christiaan Huygens	0.6204636649269537	4	3	7	0	26	0	0	0	0	0	0	0	[]	False	False	False	True	Christiaan Huygens	11	100	Christiaan Huygens|Huygens	Christiaan Huygens|Huygens	https://plato.stanford.edu/entries/brouwer/|https://plato.stanford.edu/entries/confirmation/|https://plato.stanford.edu/entries/economics-early-modern/|https://plato.stanford.edu/entries/gassendi/|https://plato.stanford.edu/entries/information/	327
<http://dbpedia.org/resource/Thomas_More>	Thomas More	0.3723177256105408	4	2	6	0	0	0	0	0	0	0	0	0	[]	False	False	False	True	Thomas More	11	92	Thomas More	Thomas More	https://plato.stanford.edu/entries/ancient-political/|https://plato.stanford.edu/entries/bloch/|https://plato.stanford.edu/entries/critical-phil-race/|https://plato.stanford.edu/entries/erasmus/|https://plato.stanford.edu/entries/euthanasia-voluntary/	328
<http://dbpedia.org/resource/James_Mill>	James Mill	0.436258429008414	5	4	9	0	0	0	0	0	0	0	0	0	[]	False	False	False	True	James Mill	11	91	James Mill	James Mill	https://plato.stanford.edu/entries/austin-john/|https://plato.stanford.edu/entries/bentham/|https://plato.stanford.edu/entries/consciousness/|https://plato.stanford.edu/entries/conservatism/|https://plato.stanford.edu/entries/hartley/	329
<http://dbpedia.org/resource/George_Herbert_Mead>	George Herbert Mead	0.3898270211472204	9	4	13	0	0	0	0	0	0	0	0	0	[]	False	False	False	True	George Herbert Mead	11	70	George Herbert Mead	George Herbert Mead	https://plato.stanford.edu/entries/addams-jane/|https://plato.stanford.edu/entries/dewey/|https://plato.stanford.edu/entries/femapproach-prag-cont/|https://plato.stanford.edu/entries/femapproach-pragmatism/|https://plato.stanford.edu/entries/habermas/	330
<http://dbpedia.org/resource/Ralph_Waldo_Emerson>	Ralph Waldo Emerson	0.7929927182219854	27	13	40	0	0	0	0	0	0	0	0	0	[]	False	False	False	True	Ralph Waldo Emerson	11	48	Ralph Waldo Emerson	Ralph Waldo Emerson	https://plato.stanford.edu/entries/anna-julia-cooper/|https://plato.stanford.edu/entries/double-consciousness/|https://plato.stanford.edu/entries/emerson/|https://plato.stanford.edu/entries/frederick-douglass/|https://plato.stanford.edu/entries/fuller-margaret/	331
<http://dbpedia.org/resource/Jean-Luc_Marion>	Jean-Luc Marion	0.7428385718366237	2	13	15	0	0	0	0	0	0	0	0	0	[]	False	False	False	True	Jean-Luc Marion	11	42	Jean-Luc Marion|Marion	Jean-Luc Marion|Marion	https://plato.stanford.edu/entries/arnauld/|https://plato.stanford.edu/entries/augustine/|https://plato.stanford.edu/entries/cusanus/|https://plato.stanford.edu/entries/hermeneutics/|https://plato.stanford.edu/entries/levinas/	332
<http://dbpedia.org/resource/Robert_Hooke>	Robert Hooke	0.417473165618918	1	1	2	1	3	0	0	0	0	0	0	0	[]	False	False	False	True	Robert Hooke	11	40	Robert Hooke|Hooke	Hooke|Robert Hooke	https://plato.stanford.edu/entries/boyle/|https://plato.stanford.edu/entries/henry-more/|https://plato.stanford.edu/entries/johann-sturm/|https://plato.stanford.edu/entries/locke/|https://plato.stanford.edu/entries/microbiology/	333
<http://dbpedia.org/resource/David_Schmidtz>	David Schmidtz	0.3610578064308112	1	3	4	0	0	0	0	0	0	0	0	0	[]	False	False	False	True	David Schmidtz	11	39	David Schmidtz|Schmidtz	David Schmidtz|Schmidtz	https://plato.stanford.edu/entries/collective-responsibility/|https://plato.stanford.edu/entries/environmental-aesthetics/|https://plato.stanford.edu/entries/ethics-virtue/|https://plato.stanford.edu/entries/feminism-liberal/|https://plato.stanford.edu/entries/friedrich-hayek/	334
<http://dbpedia.org/resource/Gaston_Bachelard>	Gaston Bachelard	0.8708805484157957	25	8	33	0	0	0	0	0	0	0	0	0	[]	False	False	False	True	Gaston Bachelard	11	33	Gaston Bachelard|Bachelard	Bachelard|Gaston Bachelard	https://plato.stanford.edu/entries/althusser/|https://plato.stanford.edu/entries/consciousness-temporal/|https://plato.stanford.edu/entries/fleck/|https://plato.stanford.edu/entries/foucault/|https://plato.stanford.edu/entries/phil-bio-latin-america/	335
<http://dbpedia.org/resource/John_Martin_Fischer>	John Martin Fischer	0.3170614394556992	0	3	3	0	0	0	0	0	0	0	0	0	[]	False	False	False	True	John Martin Fischer	11	29	John Martin Fischer	John Martin Fischer	https://plato.stanford.edu/entries/abilities/|https://plato.stanford.edu/entries/blame/|https://plato.stanford.edu/entries/compatibilism/|https://plato.stanford.edu/entries/feminism-moralpsych/|https://plato.stanford.edu/entries/free-will-foreknowledge/	336
<http://dbpedia.org/resource/Richard_Wagner>	Richard Wagner	0.6203551258741414	1	2	3	0	0	0	0	0	0	0	0	0	[]	False	False	False	True	Richard Wagner	11	24	Richard Wagner	Richard Wagner	https://plato.stanford.edu/entries/aesthetic-judgment/|https://plato.stanford.edu/entries/ehrenfels/|https://plato.stanford.edu/entries/hegel-aesthetics/|https://plato.stanford.edu/entries/hist-westphilmusic-since-1800/|https://plato.stanford.edu/entries/ludwig-feuerbach/	337
<http://dbpedia.org/resource/Isaac_Levi>	Isaac Levi	0.3516472362863049	3	5	8	0	0	0	0	0	0	0	0	0	[]	False	False	False	True	Isaac Levi	11	18	Isaac Levi	Isaac Levi	https://plato.stanford.edu/entries/decision-causal/|https://plato.stanford.edu/entries/decision-theory/|https://plato.stanford.edu/entries/economics/|https://plato.stanford.edu/entries/epistemology-latin-america/|https://plato.stanford.edu/entries/fictional-entities/	338
<http://dbpedia.org/resource/Michael_Tye_(philosopher)>	Michael Tye (philosopher)	0.4364432906773602	0	4	4	0	0	0	0	0	0	0	0	0	[]	False	False	False	True	Michael Tye	11	18	Michael Tye	Michael Tye	https://plato.stanford.edu/entries/boundary/|https://plato.stanford.edu/entries/cognition-animal/|https://plato.stanford.edu/entries/consciousness-intentionality/|https://plato.stanford.edu/entries/consciousness-temporal/|https://plato.stanford.edu/entries/intentionality/	339
<http://dbpedia.org/resource/Georg_Henrik_von_Wright>	Georg Henrik von Wright	0.4136838927984922	2	7	9	0	0	0	0	0	0	0	0	0	[]	False	False	False	True	Georg Henrik von Wright	11	13	Georg Henrik von Wright	Georg Henrik von Wright	https://plato.stanford.edu/entries/bolzano/|https://plato.stanford.edu/entries/church-turing/|https://plato.stanford.edu/entries/feyerabend/|https://plato.stanford.edu/entries/hist-westphilmusic-since-1800/|https://plato.stanford.edu/entries/incommensurability/	340
<http://dbpedia.org/resource/John_Gardner_(legal_philosopher)>	John Gardner (legal philosopher)	0.4114456108842535	0	4	4	0	0	0	0	0	0	0	0	0	[]	False	False	False	True	John Gardner	11	13	John Gardner	John Gardner	https://plato.stanford.edu/entries/causation-law/|https://plato.stanford.edu/entries/discrimination/|https://plato.stanford.edu/entries/freedom-speech/|https://plato.stanford.edu/entries/hate-speech/|https://plato.stanford.edu/entries/lawphil-theory/	341
<http://dbpedia.org/resource/Ferdinand_de_Saussure>	Ferdinand de Saussure	0.5897473604980403	21	5	26	0	0	0	0	0	0	0	0	0	[]	False	False	False	True	Ferdinand de Saussure	11	12	Ferdinand de Saussure	Ferdinand de Saussure	https://plato.stanford.edu/entries/dharmakiirti/|https://plato.stanford.edu/entries/feminism-psychoanalysis/|https://plato.stanford.edu/entries/foucault/|https://plato.stanford.edu/entries/lacan/|https://plato.stanford.edu/entries/linguistics/	342
<http://dbpedia.org/resource/Allan_Bloom__Allan_Bloom__1>	Allan Bloom  Allan Bloom  1	0.6810877273224338	6	15	21	0	0	0	0	0	0	0	0	0	[]	False	False	False	True	Allan Bloom	11	11	Allan Bloom	Allan Bloom	https://plato.stanford.edu/entries/authenticity/|https://plato.stanford.edu/entries/civic-education/|https://plato.stanford.edu/entries/common-good/|https://plato.stanford.edu/entries/egalitarianism/|https://plato.stanford.edu/entries/hegel/	343
<http://dbpedia.org/resource/Nicolai_Hartmann>	Nicolai Hartmann	0.395471209404805	6	7	13	0	0	0	0	0	0	0	0	0	[]	False	False	False	True	Nicolai Hartmann	10	271	Nicolai Hartmann|Hartmann	Hartmann|Nicolai Hartmann	https://plato.stanford.edu/entries/art-ontology-history/|https://plato.stanford.edu/entries/gadamer/|https://plato.stanford.edu/entries/gasset/|https://plato.stanford.edu/entries/latin-american-philosophy/|https://plato.stanford.edu/entries/mally/	344
<http://dbpedia.org/resource/Arend_Heyting>	Arend Heyting	0.297103199128247	1	0	1	1	6	0	0	0	0	0	0	0	[]	False	False	False	True	Arend Heyting	10	242	Arend Heyting|Heyting	Arend Heyting|Heyting	https://plato.stanford.edu/entries/brouwer/|https://plato.stanford.edu/entries/church-turing/|https://plato.stanford.edu/entries/continuity/|https://plato.stanford.edu/entries/intuitionism/|https://plato.stanford.edu/entries/intuitionistic-logic-development/	345
<http://dbpedia.org/resource/Friedrich_Hayek>	Friedrich Hayek	2.203015888606888	54	31	85	0	0	0	0	0	0	0	0	0	[Political science, Psychology, Jurisprudence]	False	False	False	True	Friedrich Hayek	10	222	Friedrich Hayek|Hayek	Friedrich Hayek|Hayek	https://plato.stanford.edu/entries/economics-early-modern/|https://plato.stanford.edu/entries/feminism-law/|https://plato.stanford.edu/entries/friedrich-hayek/|https://plato.stanford.edu/entries/holism-social/|https://plato.stanford.edu/entries/legal-obligation/	346
<http://dbpedia.org/resource/Thomas_Paine>	Thomas Paine	2.8394699553060665	20	10	30	0	0	0	0	0	0	0	0	0	[]	False	False	False	True	Thomas Paine	10	214	Thomas Paine|Paine	Paine|Thomas Paine	https://plato.stanford.edu/entries/ayn-rand/|https://plato.stanford.edu/entries/civil-rights/|https://plato.stanford.edu/entries/conservatism/|https://plato.stanford.edu/entries/constitutionalism/|https://plato.stanford.edu/entries/economics-early-modern/	347
<http://dbpedia.org/resource/Ramon_Llull>	Ramon Llull	0.5178149355249309	5	2	7	0	0	0	0	0	0	0	0	0	[]	False	False	False	True	Ramon Llull	10	213	Ramon Llull|Llull	Llull|Ramon Llull	https://plato.stanford.edu/entries/abner-burgos/|https://plato.stanford.edu/entries/arabic-islamic-influence/|https://plato.stanford.edu/entries/bioethics-latin-america/|https://plato.stanford.edu/entries/cusanus/|https://plato.stanford.edu/entries/della-porta/	348
<http://dbpedia.org/resource/Michael_Oakeshott>	Michael Oakeshott	0.6169268192454239	11	15	26	0	0	0	0	0	0	0	0	0	[]	False	False	False	True	Michael Oakeshott	10	209	Michael Oakeshott|Oakeshott	Michael Oakeshott|Oakeshott	https://plato.stanford.edu/entries/berlin/|https://plato.stanford.edu/entries/bosanquet/|https://plato.stanford.edu/entries/collingwood/|https://plato.stanford.edu/entries/conservatism/|https://plato.stanford.edu/entries/education-philosophy/	349
<http://dbpedia.org/resource/Gershom_Scholem>	Gershom Scholem	0.854128542581033	16	10	26	0	0	0	0	0	0	0	0	0	[]	False	False	False	True	Gershom Scholem	10	160	Gershom Scholem|Scholem	Gershom Scholem|Scholem	https://plato.stanford.edu/entries/adorno/|https://plato.stanford.edu/entries/arendt/|https://plato.stanford.edu/entries/benjamin/|https://plato.stanford.edu/entries/buber/|https://plato.stanford.edu/entries/concept-evil/	350
<http://dbpedia.org/resource/James_Clerk_Maxwell>	James Clerk Maxwell	0.5306259800584724	3	3	6	0	0	0	0	0	0	0	0	0	[]	False	False	False	True	James Clerk Maxwell	10	160	James Clerk Maxwell|Maxwell	James Clerk Maxwell|Maxwell	https://plato.stanford.edu/entries/atomism-modern/|https://plato.stanford.edu/entries/chaos/|https://plato.stanford.edu/entries/duhem/|https://plato.stanford.edu/entries/einstein-philscience/|https://plato.stanford.edu/entries/equivME/	351
<http://dbpedia.org/resource/Stephen_Yablo>	Stephen Yablo	0.6267078036008744	0	2	2	0	0	0	0	0	0	0	0	0	[]	False	False	False	True	Stephen Yablo	10	95	Stephen Yablo|Yablo	Stephen Yablo|Yablo	https://plato.stanford.edu/entries/connectives-logic/|https://plato.stanford.edu/entries/fictionalism-modal/|https://plato.stanford.edu/entries/fictionalism/|https://plato.stanford.edu/entries/imaginative-resistance/|https://plato.stanford.edu/entries/intrinsic-extrinsic/	352
<http://dbpedia.org/resource/Francisco_de_Vitoria>	Francisco de Vitoria	0.363837443226821	6	3	9	0	0	0	0	0	0	0	0	0	[]	False	False	False	True	Francisco de Vitoria	10	92	Francisco de Vitoria|Vitoria	Francisco de Vitoria|Vitoria	https://plato.stanford.edu/entries/bodin/|https://plato.stanford.edu/entries/fitzralph/|https://plato.stanford.edu/entries/international-law/|https://plato.stanford.edu/entries/latin-american-philosophy/|https://plato.stanford.edu/entries/marsilius-inghen/	353
<http://dbpedia.org/resource/Stephen_Schiffer>	Stephen Schiffer	0.335071364862106	0	2	2	0	0	0	0	0	0	0	0	0	[]	False	False	False	True	Stephen Schiffer	10	89	Stephen Schiffer|Schiffer	Schiffer|Stephen Schiffer	https://plato.stanford.edu/entries/assertion/|https://plato.stanford.edu/entries/common-knowledge/|https://plato.stanford.edu/entries/contextualism-epistemology/|https://plato.stanford.edu/entries/convention/|https://plato.stanford.edu/entries/formal-belief/	354
<http://dbpedia.org/resource/Jason_Brennan>	Jason Brennan	0.6287391371980644	0	3	3	0	0	0	0	0	0	0	0	0	[]	False	False	False	True	Jason Brennan	10	75	Jason Brennan|Brennan	Brennan|Jason Brennan	https://plato.stanford.edu/entries/democracy/|https://plato.stanford.edu/entries/ethics-business/|https://plato.stanford.edu/entries/international-justice/|https://plato.stanford.edu/entries/law-limits/|https://plato.stanford.edu/entries/legitimacy/	355
<http://dbpedia.org/resource/Alexander_Bain_(philosopher)>	Alexander Bain (philosopher)	0.6523307057705049	6	6	12	0	1	0	0	0	0	0	0	0	[]	False	False	False	True	Alexander Bain	10	73	Alexander Bain|Bain	Alexander Bain|Bain	https://plato.stanford.edu/entries/associationist-thought/|https://plato.stanford.edu/entries/attention/|https://plato.stanford.edu/entries/bosanquet/|https://plato.stanford.edu/entries/brentano-judgement/|https://plato.stanford.edu/entries/emotion-Christian-tradition/	356
<http://dbpedia.org/resource/Philip_Goff_(philosopher)>	Philip Goff (philosopher)	0.8674423582247591	0	8	8	0	0	0	0	0	0	0	0	0	[]	False	False	False	True	Philip Goff	10	70	Philip Goff|Goff	Goff|Philip Goff	https://plato.stanford.edu/entries/dualism/|https://plato.stanford.edu/entries/metaphysics-massexpress/|https://plato.stanford.edu/entries/monism/|https://plato.stanford.edu/entries/object/|https://plato.stanford.edu/entries/panpsychism/	357
<http://dbpedia.org/resource/Jean_Piaget>	Jean Piaget	0.6348187285279894	28	8	36	2	6	0	0	0	0	0	0	0	[]	False	False	False	True	Jean Piaget	10	63	Jean Piaget|Piaget	Jean Piaget|Piaget	https://plato.stanford.edu/entries/childhood/|https://plato.stanford.edu/entries/children/|https://plato.stanford.edu/entries/critical-theory/|https://plato.stanford.edu/entries/embodied-cognition/|https://plato.stanford.edu/entries/habermas/	358
<http://dbpedia.org/resource/Rahel_Jaeggi>	Rahel Jaeggi	0.4068285627291556	0	7	7	0	0	0	0	0	0	0	0	0	[]	False	False	False	True	Rahel Jaeggi	10	58	Rahel Jaeggi|Jaeggi	Jaeggi|Rahel Jaeggi	https://plato.stanford.edu/entries/alienation/|https://plato.stanford.edu/entries/critical-theory/|https://plato.stanford.edu/entries/dewey-political/|https://plato.stanford.edu/entries/feminism-ethics/|https://plato.stanford.edu/entries/feminism-metaphysics/	359
<http://dbpedia.org/resource/William_Frankena>	William Frankena	0.3446541918381682	0	5	5	0	0	0	0	0	0	0	0	0	[]	False	False	False	True	William Frankena	10	45	William Frankena|Frankena	Frankena|William Frankena	https://plato.stanford.edu/entries/actualism-possibilism-ethics/|https://plato.stanford.edu/entries/hutcheson/|https://plato.stanford.edu/entries/moral-conventional/|https://plato.stanford.edu/entries/moral-motivation/|https://plato.stanford.edu/entries/naturalism-moral/	360
<http://dbpedia.org/resource/Richard_Feynman>	Richard Feynman	0.4204638016465132	12	3	15	2	40	0	0	0	0	0	0	0	[]	False	False	False	True	Richard Feynman	10	43	Richard Feynman|Feynman	Feynman|Richard Feynman	https://plato.stanford.edu/entries/belief/|https://plato.stanford.edu/entries/causation-backwards/|https://plato.stanford.edu/entries/causation-physics/|https://plato.stanford.edu/entries/cellular-automata/|https://plato.stanford.edu/entries/creativity/	361
<http://dbpedia.org/resource/Julia_Driver>	Julia Driver	0.3383948103354667	0	1	1	0	0	0	0	0	0	0	0	0	[]	False	False	False	True	Julia Driver	10	41	Julia Driver|Driver	Driver|Julia Driver	https://plato.stanford.edu/entries/anscombe/|https://plato.stanford.edu/entries/concept-evil/|https://plato.stanford.edu/entries/constructivism-metaethics/|https://plato.stanford.edu/entries/gratitude/|https://plato.stanford.edu/entries/imaginative-resistance/	362
<http://dbpedia.org/resource/Philo_of_Larissa>	Philo of Larissa	0.4065883240344916	2	4	6	0	0	0	0	0	0	0	0	0	[]	False	False	False	True	Philo of Larissa	10	40	Philo of Larissa|Larissa	Larissa|Philo of Larissa	https://plato.stanford.edu/entries/antiochus-ascalon/|https://plato.stanford.edu/entries/arcesilaus/|https://plato.stanford.edu/entries/aristotle-commentators/|https://plato.stanford.edu/entries/carneades/|https://plato.stanford.edu/entries/cicero/	363
<http://dbpedia.org/resource/Alexander_von_Humboldt>	Alexander von Humboldt	0.8368062586495048	14	3	17	4	6	0	0	0	0	0	0	0	[]	False	False	False	True	Alexander von Humboldt	10	39	Alexander von Humboldt	Alexander von Humboldt	https://plato.stanford.edu/entries/alexander-humboldt/|https://plato.stanford.edu/entries/ethics-ai/|https://plato.stanford.edu/entries/galen/|https://plato.stanford.edu/entries/hermann-helmholtz/|https://plato.stanford.edu/entries/measurement-science/	364
<http://dbpedia.org/resource/Hans_Jonas>	Hans Jonas	0.4880146661600265	12	5	17	0	0	0	0	0	0	0	0	0	[]	False	False	False	True	Hans Jonas	10	38	Hans Jonas|Jonas	Hans Jonas|Jonas	https://plato.stanford.edu/entries/clinical-research/|https://plato.stanford.edu/entries/ethics-search/|https://plato.stanford.edu/entries/evolution-development/|https://plato.stanford.edu/entries/heidegger/|https://plato.stanford.edu/entries/marcuse/	365
<http://dbpedia.org/resource/Cheng_Yi_(philosopher)>	Cheng Yi (philosopher)	0.2881758624837239	1	3	4	0	0	0	0	0	0	0	0	0	[]	False	False	False	True	Cheng Yi	10	37	Cheng Yi	Cheng Yi	https://plato.stanford.edu/entries/chinese-change/|https://plato.stanford.edu/entries/chinese-epistemology/|https://plato.stanford.edu/entries/chinese-metaphysics/|https://plato.stanford.edu/entries/chinese-social-political/|https://plato.stanford.edu/entries/japanese-confucian/	366
<http://dbpedia.org/resource/Antiochus_of_Ascalon>	Antiochus of Ascalon	0.2901263836724773	2	3	5	0	0	0	0	0	0	0	0	0	[]	False	False	False	True	Antiochus of Ascalon	10	25	Antiochus of Ascalon|Ascalon	Antiochus of Ascalon|Ascalon	https://plato.stanford.edu/entries/antiochus-ascalon/|https://plato.stanford.edu/entries/aristotle-commentators/|https://plato.stanford.edu/entries/episteme-techne/|https://plato.stanford.edu/entries/numenius/|https://plato.stanford.edu/entries/patrizi/	367
<http://dbpedia.org/resource/Paul_Churchland>	Paul Churchland	0.8753742140716585	2	7	9	0	0	0	0	0	0	0	0	0	[]	False	False	False	True	Paul Churchland	10	24	Paul Churchland	Paul Churchland	https://plato.stanford.edu/entries/afterlife/|https://plato.stanford.edu/entries/behaviorism/|https://plato.stanford.edu/entries/computational-mind/|https://plato.stanford.edu/entries/constructive-empiricism/|https://plato.stanford.edu/entries/materialism-eliminative/	368
<http://dbpedia.org/resource/Amy_Allen_(philosopher)>	Amy Allen (philosopher)	0.7403678649632955	0	4	4	0	0	0	0	0	0	0	0	0	[]	False	False	False	True	Amy Allen	10	18	Amy Allen	Amy Allen	https://plato.stanford.edu/entries/aesthetics-critical-theory/|https://plato.stanford.edu/entries/critical-theory/|https://plato.stanford.edu/entries/femapproach-analy-cont/|https://plato.stanford.edu/entries/feminism-political/|https://plato.stanford.edu/entries/feminist-philosophy/	369
<http://dbpedia.org/resource/Leonardo_da_Vinci>	Leonardo da Vinci	0.3170606793932407	1	1	2	0	0	0	0	0	0	0	0	0	[]	False	False	False	True	Leonardo da Vinci	10	16	Leonardo da Vinci|Vinci	Leonardo da Vinci|Vinci	https://plato.stanford.edu/entries/boundary/|https://plato.stanford.edu/entries/epistemic-paradoxes/|https://plato.stanford.edu/entries/hegel-aesthetics/|https://plato.stanford.edu/entries/kepler/|https://plato.stanford.edu/entries/marsilius-inghen/	370
<http://dbpedia.org/resource/Frederick_the_Great>	Frederick the Great	0.302966930007763	0	1	1	0	0	0	0	0	0	0	0	0	[]	False	False	False	True	Frederick the Great	10	15	Frederick the Great	Frederick the Great	https://plato.stanford.edu/entries/aesthetics-18th-german/|https://plato.stanford.edu/entries/august-rehberg/|https://plato.stanford.edu/entries/enlightenment/|https://plato.stanford.edu/entries/fuller-margaret/|https://plato.stanford.edu/entries/hamann/	371
<http://dbpedia.org/resource/Richard_McKeon>	Richard McKeon	0.4528212960924098	6	6	12	0	0	0	0	0	0	0	0	0	[]	False	False	False	True	Richard McKeon	10	15	Richard McKeon|McKeon	McKeon|Richard McKeon	https://plato.stanford.edu/entries/abelard/|https://plato.stanford.edu/entries/albalag/|https://plato.stanford.edu/entries/aristotle-noncontradiction/|https://plato.stanford.edu/entries/collective-responsibility/|https://plato.stanford.edu/entries/francisco-sanches/	372
<http://dbpedia.org/resource/Walt_Whitman>	Walt Whitman	0.3013126870509475	1	3	4	0	0	0	0	0	0	0	0	0	[]	False	False	False	True	Walt Whitman	10	15	Walt Whitman|Whitman	Walt Whitman|Whitman	https://plato.stanford.edu/entries/buddhism-tiantai/|https://plato.stanford.edu/entries/contradiction/|https://plato.stanford.edu/entries/dewey-aesthetics/|https://plato.stanford.edu/entries/james/|https://plato.stanford.edu/entries/pantheism/	373
<http://dbpedia.org/resource/John_Henry_Newman>	John Henry Newman	0.3505165003935398	6	7	13	1	0	0	2	0	0	0	0	0	[]	False	False	False	True	John Henry Newman	10	12	John Henry Newman	John Henry Newman	https://plato.stanford.edu/entries/bosanquet/|https://plato.stanford.edu/entries/conscience/|https://plato.stanford.edu/entries/creationism/|https://plato.stanford.edu/entries/moral-arguments-god/|https://plato.stanford.edu/entries/origin-descent/	374
<http://dbpedia.org/resource/Alexander_Gottlieb_Baumgarten>	Alexander Gottlieb Baumgarten	0.3507799485524103	4	3	7	0	0	0	0	0	0	0	0	0	[]	False	False	False	True	Alexander Gottlieb Baumgarten	9	188	Alexander Gottlieb Baumgarten|Baumgarten	Alexander Gottlieb Baumgarten|Baumgarten	https://plato.stanford.edu/entries/18thGerman-preKant/|https://plato.stanford.edu/entries/aesthetic-experience/|https://plato.stanford.edu/entries/aesthetics-18th-german/|https://plato.stanford.edu/entries/aesthetics-cogsci/|https://plato.stanford.edu/entries/du-bos/	375
<http://dbpedia.org/resource/Pierre_Hadot>	Pierre Hadot	0.4857960301776278	3	7	10	0	0	0	0	0	0	0	0	0	[]	False	False	False	True	Pierre Hadot	9	91	Pierre Hadot|Hadot	Hadot|Pierre Hadot	https://plato.stanford.edu/entries/christiantheology-philosophy/|https://plato.stanford.edu/entries/marcel/|https://plato.stanford.edu/entries/medieval-literary/|https://plato.stanford.edu/entries/mulla-sadra/|https://plato.stanford.edu/entries/plotinus/	376
<http://dbpedia.org/resource/José_Ortega_y_Gasset>	José Ortega y Gasset	0.7269928945433841	17	14	31	0	0	0	0	0	0	0	0	0	[]	False	False	False	True	Jose Ortega y Gasset	9	89	Jose Ortega y Gasset|Gasset	Gasset|Jose Ortega y Gasset	https://plato.stanford.edu/entries/existentialism-mexican/|https://plato.stanford.edu/entries/existentialism/|https://plato.stanford.edu/entries/gasset/|https://plato.stanford.edu/entries/latin-american-philosophy/|https://plato.stanford.edu/entries/latinx/	377
<http://dbpedia.org/resource/Wolfgang_Pauli>	Wolfgang Pauli	0.2872211026295872	6	4	10	1	15	0	0	0	0	0	0	0	[]	False	False	False	True	Wolfgang Pauli	9	79	Wolfgang Pauli|Pauli	Pauli|Wolfgang Pauli	https://plato.stanford.edu/entries/bohr-correspondence/|https://plato.stanford.edu/entries/einstein-philscience/|https://plato.stanford.edu/entries/feigl/|https://plato.stanford.edu/entries/qm-bohm/|https://plato.stanford.edu/entries/qm-copenhagen/	378
<http://dbpedia.org/resource/Tim_Maudlin>	Tim Maudlin	0.3132100670830968	0	1	1	0	0	0	0	0	0	0	0	0	[]	False	False	False	True	Tim Maudlin	9	58	Tim Maudlin|Maudlin	Maudlin|Tim Maudlin	https://plato.stanford.edu/entries/chinese-room/|https://plato.stanford.edu/entries/gauge-theories/|https://plato.stanford.edu/entries/qm-collapse/|https://plato.stanford.edu/entries/qm-retrocausality/|https://plato.stanford.edu/entries/quantum-gravity/	379
<http://dbpedia.org/resource/Bernard_Gert>	Bernard Gert	0.4231727399856978	2	6	8	0	0	0	0	0	0	0	0	0	[]	False	False	False	True	Bernard Gert	9	56	Bernard Gert|Gert	Bernard Gert|Gert	https://plato.stanford.edu/entries/decision-capacity/|https://plato.stanford.edu/entries/ethics-search/|https://plato.stanford.edu/entries/hobbes-science/|https://plato.stanford.edu/entries/impartiality/|https://plato.stanford.edu/entries/morality-definition/	380
<http://dbpedia.org/resource/Michael_Huemer>	Michael Huemer	0.3840540991144732	1	5	6	0	0	0	0	0	0	0	0	0	[]	False	False	False	True	Michael Huemer	9	56	Michael Huemer|Huemer	Huemer|Michael Huemer	https://plato.stanford.edu/entries/intuitionism-ethics/|https://plato.stanford.edu/entries/justep-coherence/|https://plato.stanford.edu/entries/justep-foundational/|https://plato.stanford.edu/entries/moral-epistemology-a-priori/|https://plato.stanford.edu/entries/moral-sentimentalism/	381
<http://dbpedia.org/resource/Leo_Tolstoy>	Leo Tolstoy	0.786505277804059	9	8	17	0	0	0	0	0	0	0	0	0	[]	False	False	False	True	Leo Tolstoy	9	48	Leo Tolstoy|Tolstoy	Leo Tolstoy|Tolstoy	https://plato.stanford.edu/entries/addams-jane/|https://plato.stanford.edu/entries/aesthetic-experience/|https://plato.stanford.edu/entries/creativity/|https://plato.stanford.edu/entries/existentialism/|https://plato.stanford.edu/entries/james/	382
<http://dbpedia.org/resource/Charles_Babbage>	Charles Babbage	0.3494143465909092	4	3	7	1	1	0	0	0	0	0	0	0	[]	False	False	False	True	Charles Babbage	9	41	Charles Babbage|Babbage	Babbage|Charles Babbage	https://plato.stanford.edu/entries/computing-history/|https://plato.stanford.edu/entries/creativity/|https://plato.stanford.edu/entries/darwinism/|https://plato.stanford.edu/entries/information/|https://plato.stanford.edu/entries/mary-shepherd/	383
<http://dbpedia.org/resource/Friedrich_Hölderlin>	Friedrich Hölderlin	0.3088545802692493	7	1	8	0	0	1	0	0	0	0	0	0	[]	False	False	False	True	Friedrich Holderlin	9	36	Friedrich Holderlin|Holderlin	Friedrich Holderlin|Holderlin	https://plato.stanford.edu/entries/aesthetic-experience/|https://plato.stanford.edu/entries/empedocles/|https://plato.stanford.edu/entries/hegel/|https://plato.stanford.edu/entries/heidegger-aesthetics/|https://plato.stanford.edu/entries/heidegger/	384
<http://dbpedia.org/resource/Poliziano>	Poliziano	0.391294720034469	0	2	2	0	0	0	0	0	0	0	0	0	[]	False	False	False	True	Poliziano	9	25	Poliziano	Poliziano	https://plato.stanford.edu/entries/aristotelianism-renaissance/|https://plato.stanford.edu/entries/epictetus/|https://plato.stanford.edu/entries/ficino/|https://plato.stanford.edu/entries/gianfrancesco-pico/|https://plato.stanford.edu/entries/lefevre-etaples/	385
<http://dbpedia.org/resource/Dante_Alighieri>	Dante Alighieri	0.4480317312158363	4	2	6	0	0	1	0	0	0	0	0	0	[]	False	False	False	True	Dante Alighieri	9	24	Dante Alighieri|Alighieri	Alighieri|Dante Alighieri	https://plato.stanford.edu/entries/aristotelianism-renaissance/|https://plato.stanford.edu/entries/cosmopolitanism/|https://plato.stanford.edu/entries/dante/|https://plato.stanford.edu/entries/marsilius-padua/|https://plato.stanford.edu/entries/medieval-philosophy/	386
<http://dbpedia.org/resource/John_Etchemendy>	John Etchemendy	0.3850442949738001	0	2	2	0	0	0	0	0	0	0	0	0	[]	False	False	False	True	John Etchemendy	9	24	John Etchemendy|Etchemendy	Etchemendy|John Etchemendy	https://plato.stanford.edu/entries/arabic-islamic-liar/|https://plato.stanford.edu/entries/austin-jl/|https://plato.stanford.edu/entries/liar-paradox/|https://plato.stanford.edu/entries/logic-games/|https://plato.stanford.edu/entries/logic-informal/	387
<http://dbpedia.org/resource/Christof_Koch>	Christof Koch	0.303	0	0	0	2	1	0	0	0	0	0	0	0	[]	False	False	False	True	Christof Koch	9	18	Christof Koch	Christof Koch	https://plato.stanford.edu/entries/attention/|https://plato.stanford.edu/entries/cognition-animal/|https://plato.stanford.edu/entries/consciousness-higher/|https://plato.stanford.edu/entries/consciousness-neuroscience/|https://plato.stanford.edu/entries/consciousness/	388
<http://dbpedia.org/resource/Martin_Luther_King_Jr.>	Martin Luther King Jr.	1.1070915542234985	3	2	5	0	0	0	0	0	0	0	0	0	[]	False	False	False	True	Martin Luther King Jr.	9	15	Martin Luther King Jr.	Martin Luther King Jr.	https://plato.stanford.edu/entries/buber/|https://plato.stanford.edu/entries/concept-evil/|https://plato.stanford.edu/entries/dignity/|https://plato.stanford.edu/entries/egalitarianism/|https://plato.stanford.edu/entries/existentialism/	389
<http://dbpedia.org/resource/John_Gray_(philosopher)>	John Gray (philosopher)	0.5710779907166906	0	6	6	0	0	0	0	0	0	0	0	0	[]	False	False	False	True	John Gray	9	14	John Gray	John Gray	https://plato.stanford.edu/entries/berlin/|https://plato.stanford.edu/entries/common-good/|https://plato.stanford.edu/entries/conservatism/|https://plato.stanford.edu/entries/free-rider/|https://plato.stanford.edu/entries/friedrich-hayek/	390
<http://dbpedia.org/resource/Henry_James>	Henry James	0.34125	0	0	0	1	0	11	0	0	0	0	0	0	[]	False	False	False	True	Henry James	9	13	Henry James	Henry James	https://plato.stanford.edu/entries/fiction/|https://plato.stanford.edu/entries/george-eliot/|https://plato.stanford.edu/entries/james/|https://plato.stanford.edu/entries/peirce/|https://plato.stanford.edu/entries/santayana/	391
<http://dbpedia.org/resource/Alexander_Hamilton>	Alexander Hamilton	0.3290613138315078	1	3	4	1	0	0	0	0	0	0	0	0	[]	False	False	False	True	Alexander Hamilton	9	10	Alexander Hamilton	Alexander Hamilton	https://plato.stanford.edu/entries/civic-education/|https://plato.stanford.edu/entries/conservatism/|https://plato.stanford.edu/entries/contractarianism-contemporary/|https://plato.stanford.edu/entries/democracy/|https://plato.stanford.edu/entries/dignity/	392
<http://dbpedia.org/resource/Scott_J._Shapiro>	Scott J. Shapiro	0.2847839540111275	0	2	2	0	0	0	0	0	0	0	0	0	[]	False	False	False	True	Scott J. Shapiro	9	9	Scott J. Shapiro	Scott J. Shapiro	https://plato.stanford.edu/entries/causation-law/|https://plato.stanford.edu/entries/experimental-jurisprudence/|https://plato.stanford.edu/entries/legal-positivism/|https://plato.stanford.edu/entries/logic-conditionals/|https://plato.stanford.edu/entries/normativity-metaethics/	393
<http://dbpedia.org/resource/Friedrich_Heinrich_Jacobi>	Friedrich Heinrich Jacobi	0.398928920155967	10	9	19	0	0	0	0	0	0	0	0	0	[]	False	False	False	True	Friedrich Heinrich Jacobi	8	416	Friedrich Heinrich Jacobi|Jacobi	Friedrich Heinrich Jacobi|Jacobi	https://plato.stanford.edu/entries/aesthetics-18th-german/|https://plato.stanford.edu/entries/alexander-humboldt/|https://plato.stanford.edu/entries/august-rehberg/|https://plato.stanford.edu/entries/friedrich-jacobi/|https://plato.stanford.edu/entries/idealism/	394
<http://dbpedia.org/resource/Jacques_Maritain>	Jacques Maritain	0.5494322288150298	14	9	23	0	0	0	0	0	0	0	0	0	[]	False	False	False	True	Jacques Maritain	8	396	Jacques Maritain|Maritain	Jacques Maritain|Maritain	https://plato.stanford.edu/entries/africana/|https://plato.stanford.edu/entries/aquinas/|https://plato.stanford.edu/entries/common-good/|https://plato.stanford.edu/entries/maritain/|https://plato.stanford.edu/entries/personalism/	395
<http://dbpedia.org/resource/Kazimierz_Twardowski>	Kazimierz Twardowski	0.6265988129110965	11	8	19	0	0	0	0	0	0	0	0	0	[]	False	False	False	True	Kazimierz Twardowski	8	294	Kazimierz Twardowski|Twardowski	Kazimierz Twardowski|Twardowski	https://plato.stanford.edu/entries/brentano/|https://plato.stanford.edu/entries/ingarden/|https://plato.stanford.edu/entries/lesniewski/|https://plato.stanford.edu/entries/lukasiewicz/|https://plato.stanford.edu/entries/lvov-warsaw/	396
<http://dbpedia.org/resource/Simone_Weil>	Simone Weil	0.7492973636318909	4	16	20	0	0	0	0	0	0	0	0	0	[]	False	False	False	True	Simone Weil	8	288	Simone Weil|Weil	Simone Weil|Weil	https://plato.stanford.edu/entries/attention/|https://plato.stanford.edu/entries/dignity/|https://plato.stanford.edu/entries/marx/|https://plato.stanford.edu/entries/murdoch/|https://plato.stanford.edu/entries/philosophy-religion/	397
<http://dbpedia.org/resource/William_Godwin>	William Godwin	0.6209659915687376	12	12	24	0	0	0	0	0	0	0	0	0	[]	False	False	False	True	William Godwin	8	234	William Godwin|Godwin	Godwin|William Godwin	https://plato.stanford.edu/entries/anarchism/|https://plato.stanford.edu/entries/economics-early-modern/|https://plato.stanford.edu/entries/godwin/|https://plato.stanford.edu/entries/impartiality/|https://plato.stanford.edu/entries/legal-obligation/	398
<http://dbpedia.org/resource/Giambattista_Vico>	Giambattista Vico	1.0374755503730626	29	20	49	0	0	0	0	0	0	0	0	0	[]	False	False	False	True	Giambattista Vico	8	203	Giambattista Vico|Vico	Giambattista Vico|Vico	https://plato.stanford.edu/entries/berlin/|https://plato.stanford.edu/entries/collingwood/|https://plato.stanford.edu/entries/croce-aesthetics/|https://plato.stanford.edu/entries/grotius/|https://plato.stanford.edu/entries/history/	399
<http://dbpedia.org/resource/Hans_Vaihinger>	Hans Vaihinger	0.5664849013799718	5	8	13	0	0	0	0	0	0	0	0	0	[]	False	False	False	True	Hans Vaihinger	8	187	Hans Vaihinger|Vaihinger	Hans Vaihinger|Vaihinger	https://plato.stanford.edu/entries/carnap/|https://plato.stanford.edu/entries/fictionalism/|https://plato.stanford.edu/entries/friedrich-lange/|https://plato.stanford.edu/entries/kant-transcendental-idealism/|https://plato.stanford.edu/entries/large-cardinals-determinacy/	400
<http://dbpedia.org/resource/Per_Martin-Löf>	Per Martin-Löf	0.2834893692885956	1	0	1	1	7	0	0	0	0	0	0	0	[]	False	False	False	True	Per Martin-Lof	8	119	Per Martin-Lof|Martin-Lof	Martin-Lof|Per Martin-Lof	https://plato.stanford.edu/entries/formalism-mathematics/|https://plato.stanford.edu/entries/mathematics-constructive/|https://plato.stanford.edu/entries/paradoxes-contemporary-logic/|https://plato.stanford.edu/entries/proof-theory/|https://plato.stanford.edu/entries/set-theory-constructive/	401
<http://dbpedia.org/resource/Han_Fei>	Han Fei	0.66	10	4	14	0	0	0	0	0	0	0	0	0	[]	False	False	False	True	Han Fei	8	74	Han Fei	Han Fei	https://plato.stanford.edu/entries/chinese-epistemology/|https://plato.stanford.edu/entries/chinese-legalism/|https://plato.stanford.edu/entries/chinese-phil-science/|https://plato.stanford.edu/entries/chinese-social-political/|https://plato.stanford.edu/entries/chinese-translate-interpret/	402
<http://dbpedia.org/resource/Rainer_Forst>	Rainer Forst	1.1495360849373488	0	14	14	0	0	0	0	0	0	0	0	0	[]	False	False	False	True	Rainer Forst	8	66	Rainer Forst|Forst	Forst|Rainer Forst	https://plato.stanford.edu/entries/critical-theory/|https://plato.stanford.edu/entries/domination/|https://plato.stanford.edu/entries/habermas/|https://plato.stanford.edu/entries/recognition/|https://plato.stanford.edu/entries/rights/	403
<http://dbpedia.org/resource/Peter_Ludlow>	Peter Ludlow	0.2923607905007351	1	2	3	0	0	0	0	0	0	0	0	0	[]	False	False	False	True	Peter Ludlow	8	48	Peter Ludlow|Ludlow	Ludlow|Peter Ludlow	https://plato.stanford.edu/entries/compositionality/|https://plato.stanford.edu/entries/contextualism-epistemology/|https://plato.stanford.edu/entries/descriptions/|https://plato.stanford.edu/entries/it-moral-values/|https://plato.stanford.edu/entries/knowledge-acquaindescrip/	404
<http://dbpedia.org/resource/Bruno_Latour>	Bruno Latour	0.6594745803190755	3	10	13	0	0	0	0	0	0	0	0	0	[]	False	False	False	True	Bruno Latour	8	42	Bruno Latour|Latour	Bruno Latour|Latour	https://plato.stanford.edu/entries/artifact/|https://plato.stanford.edu/entries/ethics-it-phenomenology/|https://plato.stanford.edu/entries/fleck/|https://plato.stanford.edu/entries/heidegger/|https://plato.stanford.edu/entries/rationality-historicist/	405
<http://dbpedia.org/resource/John_M._Darley>	John M. Darley	0.2971590321103151	0	0	0	2	1	0	0	0	0	0	0	0	[]	False	False	False	True	John M. Darley	8	39	John M. Darley|Darley	Darley|John M. Darley	https://plato.stanford.edu/entries/experimental-aesthetics/|https://plato.stanford.edu/entries/experimental-jurisprudence/|https://plato.stanford.edu/entries/experimental-philosophy/|https://plato.stanford.edu/entries/feminist-science/|https://plato.stanford.edu/entries/intuition/	406
<http://dbpedia.org/resource/John_Haugeland>	John Haugeland	0.3142562604382413	0	2	2	0	0	0	0	0	0	0	0	0	[]	False	False	False	True	John Haugeland	8	35	John Haugeland|Haugeland	Haugeland|John Haugeland	https://plato.stanford.edu/entries/artificial-intelligence/|https://plato.stanford.edu/entries/chinese-room/|https://plato.stanford.edu/entries/creativity/|https://plato.stanford.edu/entries/digital-art/|https://plato.stanford.edu/entries/heidegger/	407
<http://dbpedia.org/resource/Susan_Haack>	Susan Haack	0.3499891724553069	1	5	6	0	0	0	0	0	0	0	0	0	[]	False	False	False	True	Susan Haack	8	35	Susan Haack|Haack	Haack|Susan Haack	https://plato.stanford.edu/entries/feminist-science/|https://plato.stanford.edu/entries/free-will-foreknowledge/|https://plato.stanford.edu/entries/integrity/|https://plato.stanford.edu/entries/justep-coherence/|https://plato.stanford.edu/entries/pragmatism/	408
<http://dbpedia.org/resource/William_Galston>	William Galston	0.5048265717704783	0	4	4	2	0	0	0	0	0	0	0	0	[]	False	False	False	True	William Galston	8	35	William Galston|Galston	Galston|William Galston	https://plato.stanford.edu/entries/aristotle-politics/|https://plato.stanford.edu/entries/berlin/|https://plato.stanford.edu/entries/citizenship/|https://plato.stanford.edu/entries/civic-education/|https://plato.stanford.edu/entries/communitarianism/	409
<http://dbpedia.org/resource/Erich_Fromm>	Erich Fromm	0.5149050392814126	6	10	16	0	0	0	0	0	0	0	0	0	[]	False	False	False	True	Erich Fromm	8	31	Erich Fromm|Fromm	Erich Fromm|Fromm	https://plato.stanford.edu/entries/adorno/|https://plato.stanford.edu/entries/buber/|https://plato.stanford.edu/entries/critical-theory/|https://plato.stanford.edu/entries/feminism-class/|https://plato.stanford.edu/entries/horkheimer/	410
<http://dbpedia.org/resource/Georges_Canguilhem>	Georges Canguilhem	0.3139266494885317	11	6	17	0	0	0	0	0	0	0	0	0	[]	False	False	False	True	Georges Canguilhem	8	27	Georges Canguilhem|Canguilhem	Canguilhem|Georges Canguilhem	https://plato.stanford.edu/entries/deleuze/|https://plato.stanford.edu/entries/foucault/|https://plato.stanford.edu/entries/hermann-lotze/|https://plato.stanford.edu/entries/medicine/|https://plato.stanford.edu/entries/phil-bio-latin-america/	411
<http://dbpedia.org/resource/Slavoj_Žižek>	Slavoj Žižek	1.6999510281529742	21	28	49	0	0	0	0	0	0	0	0	0	[]	False	False	False	True	Slavoj Zizek	8	26	Slavoj Zizek|Zizek	Slavoj Zizek|Zizek	https://plato.stanford.edu/entries/bloch/|https://plato.stanford.edu/entries/feminism-political/|https://plato.stanford.edu/entries/feminism-psychoanalysis/|https://plato.stanford.edu/entries/ideology/|https://plato.stanford.edu/entries/lacan/	412
<http://dbpedia.org/resource/Marcel_Proust>	Marcel Proust	0.5437572245064456	5	5	10	0	0	0	0	0	0	0	0	0	[]	False	False	False	True	Marcel Proust	8	22	Marcel Proust|Proust	Marcel Proust|Proust	https://plato.stanford.edu/entries/aesthetic-experience/|https://plato.stanford.edu/entries/art-ontology-history/|https://plato.stanford.edu/entries/mental-imagery/|https://plato.stanford.edu/entries/merleau-ponty/|https://plato.stanford.edu/entries/phenomenology/	413
<http://dbpedia.org/resource/William_Wollaston>	William Wollaston	0.4530752621184082	3	6	9	0	0	0	0	0	0	0	0	0	[]	False	False	False	True	William Wollaston	8	22	William Wollaston|Wollaston	William Wollaston|Wollaston	https://plato.stanford.edu/entries/butler-moral/|https://plato.stanford.edu/entries/clarke/|https://plato.stanford.edu/entries/collins/|https://plato.stanford.edu/entries/hutcheson/|https://plato.stanford.edu/entries/reid-ethics/	414
<http://dbpedia.org/resource/Raymond_Geuss>	Raymond Geuss	0.3809267642581681	0	9	9	0	0	0	0	0	0	0	0	0	[]	False	False	False	True	Raymond Geuss	8	21	Raymond Geuss|Geuss	Geuss|Raymond Geuss	https://plato.stanford.edu/entries/common-good/|https://plato.stanford.edu/entries/hist-westphilmusic-since-1800/|https://plato.stanford.edu/entries/law-ideology/|https://plato.stanford.edu/entries/privacy/|https://plato.stanford.edu/entries/pufendorf-moral/	415
<http://dbpedia.org/resource/Karl_Kautsky>	Karl Kautsky	0.4204700238560617	9	7	16	0	0	0	0	0	0	0	0	0	[]	False	False	False	True	Karl Kautsky	8	20	Karl Kautsky|Kautsky	Karl Kautsky|Kautsky	https://plato.stanford.edu/entries/bauer/|https://plato.stanford.edu/entries/colonialism/|https://plato.stanford.edu/entries/conservatism/|https://plato.stanford.edu/entries/friedrich-lange/|https://plato.stanford.edu/entries/luxemburg/	416
<http://dbpedia.org/resource/Patricia_Churchland>	Patricia Churchland	0.5575015792540663	1	4	5	0	0	0	0	0	0	0	0	0	[]	False	False	False	True	Patricia Churchland	8	20	Patricia Churchland	Patricia Churchland	https://plato.stanford.edu/entries/chinese-room/|https://plato.stanford.edu/entries/computational-mind/|https://plato.stanford.edu/entries/consciousness-neuroscience/|https://plato.stanford.edu/entries/feyerabend/|https://plato.stanford.edu/entries/materialism-eliminative/	417
<http://dbpedia.org/resource/Philip_Melanchthon>	Philip Melanchthon	0.4369483027410356	1	1	2	0	0	0	0	0	0	0	0	0	[]	False	False	False	True	Philip Melanchthon	8	20	Philip Melanchthon|Melanchthon	Melanchthon|Philip Melanchthon	https://plato.stanford.edu/entries/copernicus/|https://plato.stanford.edu/entries/johann-sturm/|https://plato.stanford.edu/entries/lefevre-etaples/|https://plato.stanford.edu/entries/luther-influence/|https://plato.stanford.edu/entries/luther/	418
<http://dbpedia.org/resource/Cesare_Beccaria>	Cesare Beccaria	0.6589430266805097	7	6	13	0	0	0	0	0	0	0	0	0	[]	False	False	False	True	Cesare Beccaria	8	18	Cesare Beccaria|Beccaria	Beccaria|Cesare Beccaria	https://plato.stanford.edu/entries/bentham/|https://plato.stanford.edu/entries/economics-early-modern/|https://plato.stanford.edu/entries/holbach/|https://plato.stanford.edu/entries/kant-social-political/|https://plato.stanford.edu/entries/montesquieu/	419
<http://dbpedia.org/resource/Ernest_Renan>	Ernest Renan	0.5006492961839193	2	7	9	0	0	0	0	0	0	0	0	0	[]	False	False	False	True	Ernest Renan	8	18	Ernest Renan|Renan	Ernest Renan|Renan	https://plato.stanford.edu/entries/gasset/|https://plato.stanford.edu/entries/justice-transitional/|https://plato.stanford.edu/entries/maritain/|https://plato.stanford.edu/entries/nietzsche-life-works/|https://plato.stanford.edu/entries/pomponazzi/	420
<http://dbpedia.org/resource/Stephen_Mumford>	Stephen Mumford	0.4995671193323321	0	2	2	0	0	0	0	0	0	0	0	0	[]	False	False	False	True	Stephen Mumford	8	18	Stephen Mumford|Mumford	Mumford|Stephen Mumford	https://plato.stanford.edu/entries/anderson-john/|https://plato.stanford.edu/entries/monism/|https://plato.stanford.edu/entries/natural-properties/|https://plato.stanford.edu/entries/nothingness/|https://plato.stanford.edu/entries/russell-moral/	421
<http://dbpedia.org/resource/Strabo>	Strabo	0.3607917767524763	2	3	5	0	0	0	0	0	0	0	0	0	[]	False	False	False	True	Strabo	8	18	Strabo	Strabo	https://plato.stanford.edu/entries/archytas/|https://plato.stanford.edu/entries/aristotle-commentators/|https://plato.stanford.edu/entries/aristotle-text/|https://plato.stanford.edu/entries/atomism-ancient/|https://plato.stanford.edu/entries/cyrenaics/	422
<http://dbpedia.org/resource/Victor_Cousin>	Victor Cousin	0.3802758150582402	16	10	26	0	0	0	0	0	0	0	0	0	[]	False	False	False	True	Victor Cousin	8	18	Victor Cousin|Cousin	Cousin|Victor Cousin	https://plato.stanford.edu/entries/abelard/|https://plato.stanford.edu/entries/antonio-rosmini/|https://plato.stanford.edu/entries/descartes/|https://plato.stanford.edu/entries/desgabets/|https://plato.stanford.edu/entries/madeleine-scudery/	423
<http://dbpedia.org/resource/Walter_Scott>	Walter Scott	0.2775	2	0	2	1	0	0	0	0	0	0	0	0	[]	False	False	False	True	Walter Scott	8	17	Walter Scott	Walter Scott	https://plato.stanford.edu/entries/church/|https://plato.stanford.edu/entries/conservatism/|https://plato.stanford.edu/entries/einstein-philscience/|https://plato.stanford.edu/entries/james-mill/|https://plato.stanford.edu/entries/reichenbach/	424
<http://dbpedia.org/resource/Apuleius>	Apuleius	0.4980620933259913	12	7	19	0	0	0	0	0	0	0	0	0	[]	False	False	False	True	Apuleius	8	16	Apuleius	Apuleius	https://plato.stanford.edu/entries/bessarion/|https://plato.stanford.edu/entries/della-porta/|https://plato.stanford.edu/entries/illumination/|https://plato.stanford.edu/entries/john-salisbury/|https://plato.stanford.edu/entries/justus-lipsius/	425
<http://dbpedia.org/resource/Panaetius>	Panaetius	0.4740890920353584	3	3	6	0	0	0	0	0	0	0	0	0	[]	False	False	False	True	Panaetius	8	16	Panaetius	Panaetius	https://plato.stanford.edu/entries/ancient-political/|https://plato.stanford.edu/entries/cicero/|https://plato.stanford.edu/entries/doxography-ancient/|https://plato.stanford.edu/entries/epictetus/|https://plato.stanford.edu/entries/justus-lipsius/	426
<http://dbpedia.org/resource/Nancy_Bauer_(philosopher)>	Nancy Bauer (philosopher)	0.7956373303503614	0	6	6	0	0	0	0	0	0	0	0	0	[]	False	False	False	True	Nancy Bauer	8	14	Nancy Bauer	Nancy Bauer	https://plato.stanford.edu/entries/beauvoir/|https://plato.stanford.edu/entries/femapproach-continental/|https://plato.stanford.edu/entries/feminism-language/|https://plato.stanford.edu/entries/feminism-objectification/|https://plato.stanford.edu/entries/feminist-body/	427
<http://dbpedia.org/resource/Gustav_Bergmann>	Gustav Bergmann	0.4479309266552282	4	4	8	0	0	0	0	0	0	0	0	0	[]	False	False	False	True	Gustav Bergmann	8	10	Gustav Bergmann	Gustav Bergmann	https://plato.stanford.edu/entries/bradley-regress/|https://plato.stanford.edu/entries/logical-empiricism/|https://plato.stanford.edu/entries/neurath/|https://plato.stanford.edu/entries/operationalism/|https://plato.stanford.edu/entries/philosophy-religion/	428
<http://dbpedia.org/resource/Pope_John_Paul_II>	Pope John Paul II	0.4091994599960425	1	2	3	0	0	0	1	0	0	0	0	0	[]	False	False	False	True	Pope John Paul II	8	10	Pope John Paul II	Pope John Paul II	https://plato.stanford.edu/entries/galileo/|https://plato.stanford.edu/entries/ingarden/|https://plato.stanford.edu/entries/maritain/|https://plato.stanford.edu/entries/pacifism/|https://plato.stanford.edu/entries/religion-morality/	429
<http://dbpedia.org/resource/Leonard_Nelson__Leonard_Nelson__1>	Leonard Nelson  Leonard Nelson  1	0.4386428205401999	3	6	9	0	0	0	0	0	0	0	0	0	[]	False	False	False	True	Leonard Nelson	8	8	Leonard Nelson	Leonard Nelson	https://plato.stanford.edu/entries/curry-paradox/|https://plato.stanford.edu/entries/hilbert-program/|https://plato.stanford.edu/entries/logical-empiricism/|https://plato.stanford.edu/entries/neurath/|https://plato.stanford.edu/entries/paradoxes-contemporary-logic/	430
<http://dbpedia.org/resource/Jean_Bodin>	Jean Bodin	0.5225591960390753	3	4	7	0	0	0	0	0	0	0	0	0	[]	False	False	False	True	Jean Bodin	7	513	Jean Bodin|Bodin	Bodin|Jean Bodin	https://plato.stanford.edu/entries/bodin/|https://plato.stanford.edu/entries/della-porta/|https://plato.stanford.edu/entries/economics-early-modern/|https://plato.stanford.edu/entries/justus-lipsius/|https://plato.stanford.edu/entries/natphil-ren/	431
<http://dbpedia.org/resource/Henry_David_Thoreau>	Henry David Thoreau	1.04448727068268	26	11	37	0	0	0	0	0	0	0	0	0	[]	False	False	False	True	Henry David Thoreau	7	225	Henry David Thoreau|Thoreau	Henry David Thoreau|Thoreau	https://plato.stanford.edu/entries/alexander-humboldt/|https://plato.stanford.edu/entries/civil-disobedience/|https://plato.stanford.edu/entries/emerson/|https://plato.stanford.edu/entries/fuller-margaret/|https://plato.stanford.edu/entries/thoreau/	432
<http://dbpedia.org/resource/Johann_Georg_Hamann>	Johann Georg Hamann	0.4061146228101359	11	4	15	0	0	0	0	0	0	0	0	0	[]	False	False	False	True	Johann Georg Hamann	7	219	Johann Georg Hamann|Hamann	Hamann|Johann Georg Hamann	https://plato.stanford.edu/entries/buber/|https://plato.stanford.edu/entries/friedrich-jacobi/|https://plato.stanford.edu/entries/hamann/|https://plato.stanford.edu/entries/jaspers/|https://plato.stanford.edu/entries/karl-reinhold/	433
<http://dbpedia.org/resource/Leonhard_Euler>	Leonhard Euler	0.2778316647409148	4	2	6	1	0	0	0	0	0	0	0	0	[]	False	False	False	True	Leonhard Euler	7	90	Leonhard Euler|Euler	Euler|Leonhard Euler	https://plato.stanford.edu/entries/boundary/|https://plato.stanford.edu/entries/continuity/|https://plato.stanford.edu/entries/diagrams/|https://plato.stanford.edu/entries/economics-early-modern/|https://plato.stanford.edu/entries/emilie-du-chatelet/	434
<http://dbpedia.org/resource/B._F._Skinner>	B. F. Skinner	0.32119500659373	8	9	17	2	4	0	0	0	0	0	0	0	[]	False	False	False	True	B. F. Skinner	7	83	B. F. Skinner|Skinner	B. F. Skinner|Skinner	https://plato.stanford.edu/entries/aristotle/|https://plato.stanford.edu/entries/attention/|https://plato.stanford.edu/entries/behaviorism/|https://plato.stanford.edu/entries/consciousness-animal/|https://plato.stanford.edu/entries/epistemology-evolutionary/	435
<http://dbpedia.org/resource/Cecilia_Heyes>	Cecilia Heyes	0.3195097392539414	0	3	3	1	0	0	0	0	0	0	0	0	[]	False	False	False	True	Cecilia Heyes	7	79	Cecilia Heyes|Heyes	Cecilia Heyes|Heyes	https://plato.stanford.edu/entries/animal-social-cognition/|https://plato.stanford.edu/entries/comparative-cognition/|https://plato.stanford.edu/entries/culture-cogsci/|https://plato.stanford.edu/entries/epistemology-evolutionary/|https://plato.stanford.edu/entries/evolutionary-psychology/	436
<http://dbpedia.org/resource/Kwame_Anthony_Appiah>	Kwame Anthony Appiah	0.2991456740798356	0	5	5	0	0	0	0	0	0	0	0	0	[]	False	False	False	True	Kwame Anthony Appiah	7	74	Kwame Anthony Appiah|Appiah	Appiah|Kwame Anthony Appiah	https://plato.stanford.edu/entries/africana-contemporary/|https://plato.stanford.edu/entries/double-consciousness/|https://plato.stanford.edu/entries/dubois/|https://plato.stanford.edu/entries/feminism-language/|https://plato.stanford.edu/entries/gametes-donation-sale/	437
<http://dbpedia.org/resource/Stathis_Psillos>	Stathis Psillos	0.4889425744536484	0	3	3	0	0	0	0	0	0	0	0	0	[]	False	False	False	True	Stathis Psillos	7	67	Stathis Psillos|Psillos	Psillos|Stathis Psillos	https://plato.stanford.edu/entries/abduction/|https://plato.stanford.edu/entries/carnap/|https://plato.stanford.edu/entries/molecular-biology/|https://plato.stanford.edu/entries/realism-theory-change/|https://plato.stanford.edu/entries/scientific-objectivity/	438
<http://dbpedia.org/resource/Steve_Awodey>	Steve Awodey	0.2843910007825107	0	0	0	2	2	0	0	0	0	0	0	0	[]	False	False	False	True	Steve Awodey	7	57	Steve Awodey|Awodey	Awodey|Steve Awodey	https://plato.stanford.edu/entries/carnap/|https://plato.stanford.edu/entries/church/|https://plato.stanford.edu/entries/frege-logic/|https://plato.stanford.edu/entries/hempel/|https://plato.stanford.edu/entries/medieval-categories/	439
<http://dbpedia.org/resource/John_Herschel>	John Herschel	0.283875	3	1	4	1	0	0	0	0	0	0	0	0	[]	False	False	False	True	John Herschel	7	51	John Herschel|Herschel	Herschel|John Herschel	https://plato.stanford.edu/entries/darwinism/|https://plato.stanford.edu/entries/mill/|https://plato.stanford.edu/entries/origin-descent/|https://plato.stanford.edu/entries/prediction-accommodation/|https://plato.stanford.edu/entries/scientific-discovery/	440
<http://dbpedia.org/resource/Don_Ihde>	Don Ihde	0.3081765664393873	1	4	5	0	0	0	0	0	0	0	0	0	[]	False	False	False	True	Don Ihde	7	36	Don Ihde|Ihde	Don Ihde|Ihde	https://plato.stanford.edu/entries/environmental-aesthetics/|https://plato.stanford.edu/entries/ethics-it-phenomenology/|https://plato.stanford.edu/entries/findlay/|https://plato.stanford.edu/entries/hermeneutics/|https://plato.stanford.edu/entries/levinas/	441
<http://dbpedia.org/resource/Jan_Narveson>	Jan Narveson	0.3723904284407821	0	4	4	0	0	0	0	0	0	0	0	0	[]	False	False	False	True	Jan Narveson	7	33	Jan Narveson|Narveson	Jan Narveson|Narveson	https://plato.stanford.edu/entries/childhood/|https://plato.stanford.edu/entries/collective-responsibility/|https://plato.stanford.edu/entries/contractarianism-contemporary/|https://plato.stanford.edu/entries/liberalism/|https://plato.stanford.edu/entries/nonidentity-problem/	442
<http://dbpedia.org/resource/Mahatma_Gandhi>	Mahatma Gandhi	0.9112268301569622	6	2	8	0	0	0	0	0	0	0	0	0	[]	False	False	False	True	Mahatma Gandhi	7	32	Mahatma Gandhi|Gandhi	Gandhi|Mahatma Gandhi	https://plato.stanford.edu/entries/africana/|https://plato.stanford.edu/entries/civil-disobedience/|https://plato.stanford.edu/entries/colonialism/|https://plato.stanford.edu/entries/concept-evil/|https://plato.stanford.edu/entries/critical-theory/	443
<http://dbpedia.org/resource/Noëlle_McAfee>	Noëlle McAfee	1.223154230176863	0	6	6	0	0	0	0	0	0	0	0	0	[]	False	False	False	True	Noelle McAfee	7	32	Noelle McAfee|McAfee	McAfee|Noelle McAfee	https://plato.stanford.edu/entries/critical-theory/|https://plato.stanford.edu/entries/femapproach-analy-cont/|https://plato.stanford.edu/entries/femapproach-continental/|https://plato.stanford.edu/entries/femapproach-prag-cont/|https://plato.stanford.edu/entries/feminism-ethics/	444
<http://dbpedia.org/resource/John_Ruskin>	John Ruskin	2.360221737650483	36	21	57	0	0	0	0	0	0	0	0	0	[]	False	False	False	True	John Ruskin	7	31	John Ruskin|Ruskin	John Ruskin|Ruskin	https://plato.stanford.edu/entries/addams-jane/|https://plato.stanford.edu/entries/aesthetic-experience/|https://plato.stanford.edu/entries/bosanquet/|https://plato.stanford.edu/entries/collingwood/|https://plato.stanford.edu/entries/conservatism/	445
<http://dbpedia.org/resource/Henry_of_Harclay>	Henry of Harclay	0.3317029755747511	1	1	2	0	0	0	0	0	0	0	0	0	[]	False	False	False	True	Henry of Harclay	7	29	Henry of Harclay|Harclay	Harclay|Henry of Harclay	https://plato.stanford.edu/entries/analogy-medieval/|https://plato.stanford.edu/entries/continuity/|https://plato.stanford.edu/entries/crathorn/|https://plato.stanford.edu/entries/medieval-haecceity/|https://plato.stanford.edu/entries/relations-medieval/	446
<http://dbpedia.org/resource/Franz_Kafka>	Franz Kafka	0.4203293621608527	8	2	10	1	0	0	0	0	0	0	0	0	[]	False	False	False	True	Franz Kafka	7	25	Franz Kafka|Kafka	Franz Kafka|Kafka	https://plato.stanford.edu/entries/buber/|https://plato.stanford.edu/entries/ehrenfels/|https://plato.stanford.edu/entries/existentialism/|https://plato.stanford.edu/entries/hegel-aesthetics/|https://plato.stanford.edu/entries/kierkegaard/	447
<http://dbpedia.org/resource/William_of_Champeaux>	William of Champeaux	0.4534066807644245	2	3	5	0	0	0	0	0	0	0	0	0	[]	False	False	False	True	William of Champeaux	7	25	William of Champeaux|Champeaux	Champeaux|William of Champeaux	https://plato.stanford.edu/entries/abelard/|https://plato.stanford.edu/entries/alberic-paris/|https://plato.stanford.edu/entries/medieval-emotions/|https://plato.stanford.edu/entries/medieval-futcont/|https://plato.stanford.edu/entries/trinity/	448
<http://dbpedia.org/resource/Joseph_Schumpeter>	Joseph Schumpeter	0.4226048876478376	35	9	44	1	0	0	0	0	0	0	0	0	[]	False	False	False	True	Joseph Schumpeter	7	22	Joseph Schumpeter|Schumpeter	Joseph Schumpeter|Schumpeter	https://plato.stanford.edu/entries/economics-early-modern/|https://plato.stanford.edu/entries/james-mill/|https://plato.stanford.edu/entries/markets/|https://plato.stanford.edu/entries/methodological-individualism/|https://plato.stanford.edu/entries/neurath/	449
<http://dbpedia.org/resource/Karl-Otto_Apel>	Karl-Otto Apel	0.3922413126023898	3	5	8	0	0	0	0	0	0	0	0	0	[]	False	False	False	True	Karl-Otto Apel	7	22	Karl-Otto Apel|Apel	Apel|Karl-Otto Apel	https://plato.stanford.edu/entries/buber/|https://plato.stanford.edu/entries/habermas/|https://plato.stanford.edu/entries/hermeneutics/|https://plato.stanford.edu/entries/liberation/|https://plato.stanford.edu/entries/meaning-normativity/	450
<http://dbpedia.org/resource/Wolfgang_Stegmüller>	Wolfgang Stegmüller	0.422016697276164	2	3	5	0	0	0	0	0	0	0	0	0	[]	False	False	False	True	Wolfgang Stegmuller	7	22	Wolfgang Stegmuller|Stegmuller	Stegmuller|Wolfgang Stegmuller	https://plato.stanford.edu/entries/bolzano/|https://plato.stanford.edu/entries/carnap/|https://plato.stanford.edu/entries/epistemic-game/|https://plato.stanford.edu/entries/feigl/|https://plato.stanford.edu/entries/phil-bio-latin-america/	451
<http://dbpedia.org/resource/Bernard_of_Clairvaux>	Bernard of Clairvaux	0.3986433241798565	7	2	9	0	0	0	0	0	0	0	0	0	[]	False	False	False	True	Bernard of Clairvaux	7	20	Bernard of Clairvaux|Clairvaux	Bernard of Clairvaux|Clairvaux	https://plato.stanford.edu/entries/abelard/|https://plato.stanford.edu/entries/grosseteste/|https://plato.stanford.edu/entries/medieval-emotions/|https://plato.stanford.edu/entries/meister-eckhart/|https://plato.stanford.edu/entries/mysticism/	452
<http://dbpedia.org/resource/Dietrich_von_Hildebrand>	Dietrich von Hildebrand	0.8630627653591687	4	10	14	0	0	0	0	0	0	0	0	0	[]	False	False	False	True	Dietrich von Hildebrand	7	19	Dietrich von Hildebrand	Dietrich von Hildebrand	https://plato.stanford.edu/entries/moral-phenomenology/|https://plato.stanford.edu/entries/personalism/|https://plato.stanford.edu/entries/phenomenology-mg/|https://plato.stanford.edu/entries/phenomenology-religion/|https://plato.stanford.edu/entries/reinach/	453
<http://dbpedia.org/resource/Eric_Voegelin>	Eric Voegelin	1.24720111633445	15	24	39	0	0	0	0	0	0	0	0	0	[]	False	False	False	True	Eric Voegelin	7	17	Eric Voegelin|Voegelin	Eric Voegelin|Voegelin	https://plato.stanford.edu/entries/aristotle-politics/|https://plato.stanford.edu/entries/francis-bacon/|https://plato.stanford.edu/entries/luther/|https://plato.stanford.edu/entries/plato-laws/|https://plato.stanford.edu/entries/rosenstock-huessy/	454
<http://dbpedia.org/resource/Constantine_Sandis>	Constantine Sandis	0.8760684088488349	0	4	4	0	0	0	0	0	0	0	0	0	[]	False	False	False	True	Constantine Sandis	7	16	Constantine Sandis|Sandis	Constantine Sandis|Sandis	https://plato.stanford.edu/entries/action/|https://plato.stanford.edu/entries/chisholm/|https://plato.stanford.edu/entries/freewill/|https://plato.stanford.edu/entries/moral-particularism-generalism/|https://plato.stanford.edu/entries/reasons-just-vs-expl/	455
<http://dbpedia.org/resource/Dieter_Henrich>	Dieter Henrich	0.4060337157073863	5	5	10	0	0	0	0	0	0	0	0	0	[]	False	False	False	True	Dieter Henrich	7	16	Dieter Henrich|Henrich	Dieter Henrich|Henrich	https://plato.stanford.edu/entries/fictional-entities/|https://plato.stanford.edu/entries/habermas/|https://plato.stanford.edu/entries/hegel/|https://plato.stanford.edu/entries/kant-transcendental/|https://plato.stanford.edu/entries/karl-reinhold/	456
<http://dbpedia.org/resource/Polybius>	Polybius	0.2957142857142857	16	2	18	0	0	0	0	0	0	0	0	0	[]	False	False	False	True	Polybius	7	14	Polybius	Polybius	https://plato.stanford.edu/entries/ancient-political/|https://plato.stanford.edu/entries/cicero/|https://plato.stanford.edu/entries/humanism-civic/|https://plato.stanford.edu/entries/patrizi/|https://plato.stanford.edu/entries/philo/	457
<http://dbpedia.org/resource/E._O._Wilson>	E. O. Wilson	0.3196053254987613	4	3	7	0	5	0	0	0	0	0	0	0	[]	False	False	False	True	E. O. Wilson	7	13	E. O. Wilson	E. O. Wilson	https://plato.stanford.edu/entries/adaptationism/|https://plato.stanford.edu/entries/aesthetics-cogsci/|https://plato.stanford.edu/entries/conservation-biology/|https://plato.stanford.edu/entries/evolution-development/|https://plato.stanford.edu/entries/feminist-philosophy-biology/	458
<http://dbpedia.org/resource/Pierre_Charron>	Pierre Charron	0.4750828617678189	0	4	4	0	0	0	0	0	0	0	0	0	[]	False	False	False	True	Pierre Charron	7	13	Pierre Charron|Charron	Charron|Pierre Charron	https://plato.stanford.edu/entries/fideism/|https://plato.stanford.edu/entries/francisco-sanches/|https://plato.stanford.edu/entries/gassendi/|https://plato.stanford.edu/entries/justus-lipsius/|https://plato.stanford.edu/entries/madeleine-scudery/	459
<http://dbpedia.org/resource/C._S._Lewis>	C. S. Lewis	0.3098223740761811	5	2	7	1	0	8	0	0	0	0	0	0	[]	False	False	False	True	C. S. Lewis	7	11	C. S. Lewis	C. S. Lewis	https://plato.stanford.edu/entries/anscombe/|https://plato.stanford.edu/entries/conscience-medieval/|https://plato.stanford.edu/entries/evil/|https://plato.stanford.edu/entries/heaven-hell/|https://plato.stanford.edu/entries/lying-definition/	460
<http://dbpedia.org/resource/Thomas_Hunt_Morgan>	Thomas Hunt Morgan	0.32690625	3	1	4	0	0	0	0	0	0	0	0	0	[]	False	False	False	True	Thomas Hunt Morgan	7	11	Thomas Hunt Morgan	Thomas Hunt Morgan	https://plato.stanford.edu/entries/biology-experiment/|https://plato.stanford.edu/entries/gene/|https://plato.stanford.edu/entries/genetics/|https://plato.stanford.edu/entries/molecular-biology/|https://plato.stanford.edu/entries/molecular-genetics/	461
<http://dbpedia.org/resource/Paracelsus>	Paracelsus	0.7905441174229186	12	6	18	0	0	0	0	0	0	0	0	0	[]	False	False	False	True	Paracelsus	7	10	Paracelsus	Paracelsus	https://plato.stanford.edu/entries/atomism-modern/|https://plato.stanford.edu/entries/campanella/|https://plato.stanford.edu/entries/henry-more/|https://plato.stanford.edu/entries/johann-sturm/|https://plato.stanford.edu/entries/locke-on-medicine/	462
<http://dbpedia.org/resource/Herbert_A._Simon>	Herbert A. Simon	1.069480528101543	24	11	35	0	5	0	0	0	0	0	0	0	[]	False	False	False	True	Herbert A. Simon	7	9	Herbert A. Simon	Herbert A. Simon	https://plato.stanford.edu/entries/bounded-rationality/|https://plato.stanford.edu/entries/computer-science/|https://plato.stanford.edu/entries/creativity/|https://plato.stanford.edu/entries/embodied-cognition/|https://plato.stanford.edu/entries/introspection/	463
<http://dbpedia.org/resource/Manfred_Frank>	Manfred Frank	0.2813938175858642	1	3	4	0	0	0	0	0	0	0	0	0	[]	False	False	False	True	Manfred Frank	7	9	Manfred Frank	Manfred Frank	https://plato.stanford.edu/entries/herder/|https://plato.stanford.edu/entries/maimon/|https://plato.stanford.edu/entries/novalis/|https://plato.stanford.edu/entries/schelling/|https://plato.stanford.edu/entries/schleiermacher/	464
<http://dbpedia.org/resource/Joachim_Ritter>	Joachim Ritter	0.320286813122886	5	5	10	0	0	0	0	0	0	0	0	0	[]	False	False	False	True	Joachim Ritter	7	8	Joachim Ritter|Ritter	Joachim Ritter|Ritter	https://plato.stanford.edu/entries/facts/|https://plato.stanford.edu/entries/information/|https://plato.stanford.edu/entries/leibniz-modal/|https://plato.stanford.edu/entries/leibniz/|https://plato.stanford.edu/entries/patriotism/	465
<http://dbpedia.org/resource/Thomas_Mann>	Thomas Mann	0.4331146973701764	3	3	6	0	0	5	0	0	0	0	0	0	[]	False	False	False	True	Thomas Mann	7	8	Thomas Mann	Thomas Mann	https://plato.stanford.edu/entries/adorno/|https://plato.stanford.edu/entries/gasset/|https://plato.stanford.edu/entries/lukacs/|https://plato.stanford.edu/entries/nietzsche-life-works/|https://plato.stanford.edu/entries/reichenbach/	466
<http://dbpedia.org/resource/Edward_Said>	Edward Said	0.5369776853654984	10	14	24	0	0	0	0	0	0	0	0	0	[]	False	False	False	True	Edward Said	7	7	Edward Said	Edward Said	https://plato.stanford.edu/entries/beauty/|https://plato.stanford.edu/entries/colonialism/|https://plato.stanford.edu/entries/critical-phil-race/|https://plato.stanford.edu/entries/feminist-power/|https://plato.stanford.edu/entries/frantz-fanon/	467
<http://dbpedia.org/resource/H._H._Price>	H. H. Price	0.3204009331991896	0	2	2	0	0	0	0	0	0	0	0	0	[]	False	False	False	True	H. H. Price	6	375	H. H. Price|Price	H. H. Price|Price	https://plato.stanford.edu/entries/boundary/|https://plato.stanford.edu/entries/epiphenomenalism/|https://plato.stanford.edu/entries/price/|https://plato.stanford.edu/entries/sellars/|https://plato.stanford.edu/entries/sense-data/	468
<http://dbpedia.org/resource/Karl_Leonhard_Reinhold>	Karl Leonhard Reinhold	0.6056983108534563	6	4	10	0	0	0	0	0	0	0	0	0	[]	False	False	False	True	Karl Leonhard Reinhold	6	291	Karl Leonhard Reinhold|Reinhold	Karl Leonhard Reinhold|Reinhold	https://plato.stanford.edu/entries/august-rehberg/|https://plato.stanford.edu/entries/friedrich-jacobi/|https://plato.stanford.edu/entries/karl-reinhold/|https://plato.stanford.edu/entries/leibniz-logic-influence/|https://plato.stanford.edu/entries/novalis/	469
<http://dbpedia.org/resource/Ibn_Arabi>	Ibn Arabi	0.5392392192760943	13	2	15	0	0	0	0	0	0	0	0	0	[]	False	False	False	True	Ibn Arabi	6	199	Ibn Arabi|Arabi	Arabi|Ibn Arabi	https://plato.stanford.edu/entries/arabic-islamic-mysticism/|https://plato.stanford.edu/entries/god-ultimates/|https://plato.stanford.edu/entries/ibn-arabi/|https://plato.stanford.edu/entries/infinity/|https://plato.stanford.edu/entries/kukai/	470
<http://dbpedia.org/resource/Antonio_Gramsci>	Antonio Gramsci	0.9767904441340688	24	16	40	0	0	0	0	0	0	0	0	0	[]	False	False	False	True	Antonio Gramsci	6	197	Antonio Gramsci|Gramsci	Antonio Gramsci|Gramsci	https://plato.stanford.edu/entries/critical-phil-race/|https://plato.stanford.edu/entries/egalitarianism/|https://plato.stanford.edu/entries/feminism-political/|https://plato.stanford.edu/entries/gramsci/|https://plato.stanford.edu/entries/ideology/	471
<http://dbpedia.org/resource/Justus_Lipsius>	Justus Lipsius	0.7132218051421032	10	6	16	0	0	0	0	0	0	0	0	0	[]	False	False	False	True	Justus Lipsius	6	155	Justus Lipsius|Lipsius	Justus Lipsius|Lipsius	https://plato.stanford.edu/entries/aristotelianism-renaissance/|https://plato.stanford.edu/entries/emotions-17th18th/|https://plato.stanford.edu/entries/epictetus/|https://plato.stanford.edu/entries/justus-lipsius/|https://plato.stanford.edu/entries/ramus/	472
<http://dbpedia.org/resource/Nicolaus_Copernicus>	Nicolaus Copernicus	0.3589899576709757	5	2	7	0	0	0	0	0	0	0	0	0	[]	False	False	False	True	Nicolaus Copernicus	6	146	Nicolaus Copernicus|Copernicus	Copernicus|Nicolaus Copernicus	https://plato.stanford.edu/entries/abner-burgos/|https://plato.stanford.edu/entries/aristotelianism-renaissance/|https://plato.stanford.edu/entries/copernicus/|https://plato.stanford.edu/entries/johann-sturm/|https://plato.stanford.edu/entries/natphil-ren/	473
<http://dbpedia.org/resource/Jean-Baptiste_Lamarck__Jean-Baptiste_Lamarck__1>	Jean-Baptiste Lamarck  Jean-Baptiste Lamarck  1	0.305772970703125	4	2	6	0	3	0	0	0	0	0	0	0	[]	False	False	False	True	Jean-Baptiste Lamarck	6	68	Jean-Baptiste Lamarck|Lamarck	Jean-Baptiste Lamarck|Lamarck	https://plato.stanford.edu/entries/darwinism/|https://plato.stanford.edu/entries/evolution-before-darwin/|https://plato.stanford.edu/entries/marx/|https://plato.stanford.edu/entries/origin-descent/|https://plato.stanford.edu/entries/religion-science/	474
<http://dbpedia.org/resource/Thomas_Hurka>	Thomas Hurka	0.3543887002070939	0	4	4	0	0	0	0	0	0	0	0	0	[]	False	False	False	True	Thomas Hurka	6	58	Thomas Hurka|Hurka	Hurka|Thomas Hurka	https://plato.stanford.edu/entries/moore-moral/|https://plato.stanford.edu/entries/moral-demands-permissions/|https://plato.stanford.edu/entries/thick-ethical-concepts/|https://plato.stanford.edu/entries/value-pluralism/|https://plato.stanford.edu/entries/well-being/	475
<http://dbpedia.org/resource/Sabina_Leonelli>	Sabina Leonelli	0.5537500000000001	0	4	4	0	0	0	0	0	0	0	0	0	[]	False	False	False	True	Sabina Leonelli	6	55	Sabina Leonelli|Leonelli	Leonelli|Sabina Leonelli	https://plato.stanford.edu/entries/genomics/|https://plato.stanford.edu/entries/models-science/|https://plato.stanford.edu/entries/science-big-data/|https://plato.stanford.edu/entries/scientific-progress/|https://plato.stanford.edu/entries/structuralism-mathematics/	476
<http://dbpedia.org/resource/Bruno_Bauer>	Bruno Bauer	0.3622667711867228	7	7	14	0	0	0	0	0	0	0	0	0	[]	False	False	False	True	Bruno Bauer	6	52	Bruno Bauer	Bruno Bauer	https://plato.stanford.edu/entries/bauer/|https://plato.stanford.edu/entries/idealism/|https://plato.stanford.edu/entries/ideology/|https://plato.stanford.edu/entries/marx/|https://plato.stanford.edu/entries/max-stirner/	477
<http://dbpedia.org/resource/Charles_Lyell>	Charles Lyell	0.3117706845238095	8	5	13	1	1	0	0	0	0	0	0	0	[]	False	False	False	True	Charles Lyell	6	49	Charles Lyell|Lyell	Charles Lyell|Lyell	https://plato.stanford.edu/entries/darwinism/|https://plato.stanford.edu/entries/evolution-before-darwin/|https://plato.stanford.edu/entries/evolution-development/|https://plato.stanford.edu/entries/innate-acquired/|https://plato.stanford.edu/entries/origin-descent/	478
<http://dbpedia.org/resource/A._C._Ewing>	A. C. Ewing	0.414894349948096	0	1	1	0	0	0	0	0	0	0	0	0	[]	False	False	False	True	A. C. Ewing	6	40	A. C. Ewing|Ewing	A. C. Ewing|Ewing	https://plato.stanford.edu/entries/consequentializing/|https://plato.stanford.edu/entries/egoism/|https://plato.stanford.edu/entries/intuitionism-ethics/|https://plato.stanford.edu/entries/justep-coherence/|https://plato.stanford.edu/entries/prichard/	479
<http://dbpedia.org/resource/Boris_Podolsky>	Boris Podolsky	0.2936139428963724	0	1	1	2	1	0	0	0	0	0	0	0	[]	False	False	False	True	Boris Podolsky	6	37	Boris Podolsky|Podolsky	Boris Podolsky|Podolsky	https://plato.stanford.edu/entries/einstein-philscience/|https://plato.stanford.edu/entries/qm-bohm/|https://plato.stanford.edu/entries/qm-retrocausality/|https://plato.stanford.edu/entries/qt-epr/|https://plato.stanford.edu/entries/qt-issues/	480
<http://dbpedia.org/resource/Brand_Blanshard>	Brand Blanshard	0.6232808810590683	2	7	9	0	0	0	0	0	0	0	0	0	[]	False	False	False	True	Brand Blanshard	6	33	Brand Blanshard|Blanshard	Blanshard|Brand Blanshard	https://plato.stanford.edu/entries/idealism/|https://plato.stanford.edu/entries/justep-coherence/|https://plato.stanford.edu/entries/lewis-ci/|https://plato.stanford.edu/entries/psychologism/|https://plato.stanford.edu/entries/sidney-hook/	481
<http://dbpedia.org/resource/Clitomachus_(philosopher)>	Clitomachus (philosopher)	0.2799456008030041	2	2	4	0	0	0	0	0	0	0	0	0	[]	False	False	False	True	Clitomachus	6	33	Clitomachus	Clitomachus	https://plato.stanford.edu/entries/antiochus-ascalon/|https://plato.stanford.edu/entries/aristotle-commentators/|https://plato.stanford.edu/entries/carneades/|https://plato.stanford.edu/entries/cicero/|https://plato.stanford.edu/entries/philo-larissa/	482
<http://dbpedia.org/resource/Johann_Wolfgang_von_Goethe>	Johann Wolfgang von Goethe	0.603462478878365	18	7	25	0	0	8	0	0	0	0	0	0	[]	False	False	False	True	Johann Wolfgang von Goethe	6	33	Johann Wolfgang von Goethe|Goethe	Goethe|Johann Wolfgang von Goethe	https://plato.stanford.edu/entries/aesthetics-18th-german/|https://plato.stanford.edu/entries/fuller-margaret/|https://plato.stanford.edu/entries/schopenhauer/|https://plato.stanford.edu/entries/vico/|https://plato.stanford.edu/entries/wilhelm-humboldt/	483
<http://dbpedia.org/resource/Richard_Moran_(philosopher)>	Richard Moran (philosopher)	0.3057212890031703	0	4	4	0	0	0	0	0	0	0	0	0	[]	False	False	False	True	Richard Moran	6	32	Richard Moran|Moran	Moran|Richard Moran	https://plato.stanford.edu/entries/aesthetic-experience/|https://plato.stanford.edu/entries/imagination/|https://plato.stanford.edu/entries/imaginative-resistance/|https://plato.stanford.edu/entries/metaphor/|https://plato.stanford.edu/entries/personal-autonomy/	484
<http://dbpedia.org/resource/Renée_Baillargeon>	Renée Baillargeon	0.34125	0	0	0	1	2	0	0	0	0	0	0	0	[]	False	False	False	True	Renee Baillargeon	6	25	Renee Baillargeon|Baillargeon	Baillargeon|Renee Baillargeon	https://plato.stanford.edu/entries/animal-social-cognition/|https://plato.stanford.edu/entries/belief/|https://plato.stanford.edu/entries/folkpsych-simulation/|https://plato.stanford.edu/entries/folkpsych-theory/|https://plato.stanford.edu/entries/meritocracy/	485
<http://dbpedia.org/resource/Georges_Bataille>	Georges Bataille	0.5947223532108206	15	12	27	0	0	0	0	0	0	0	0	0	[]	False	False	False	True	Georges Bataille	6	23	Georges Bataille|Bataille	Bataille|Georges Bataille	https://plato.stanford.edu/entries/baudrillard/|https://plato.stanford.edu/entries/benjamin/|https://plato.stanford.edu/entries/erotic-art/|https://plato.stanford.edu/entries/foucault/|https://plato.stanford.edu/entries/nietzsche-life-works/	486
<http://dbpedia.org/resource/Reinhard_Selten>	Reinhard Selten	0.3458198094243236	3	0	3	1	1	0	0	0	0	0	0	0	[]	False	False	False	True	Reinhard Selten	6	22	Reinhard Selten|Selten	Reinhard Selten|Selten	https://plato.stanford.edu/entries/contractarianism-contemporary/|https://plato.stanford.edu/entries/convention/|https://plato.stanford.edu/entries/critical-thinking/|https://plato.stanford.edu/entries/game-ethics/|https://plato.stanford.edu/entries/game-theory/	487
<http://dbpedia.org/resource/William_Whiston>	William Whiston	0.3564583546455011	0	2	2	0	4	0	0	0	0	0	0	0	[]	False	False	False	True	William Whiston	6	22	William Whiston|Whiston	Whiston|William Whiston	https://plato.stanford.edu/entries/clarke/|https://plato.stanford.edu/entries/collins/|https://plato.stanford.edu/entries/evolution-before-darwin/|https://plato.stanford.edu/entries/newton-philosophy/|https://plato.stanford.edu/entries/philo/	488
<http://dbpedia.org/resource/Christine_de_Pizan>	Christine de Pizan	0.2775	1	0	1	0	0	0	0	0	0	0	0	0	[]	False	False	False	True	Christine de Pizan	6	21	Christine de Pizan|Pizan	Christine de Pizan|Pizan	https://plato.stanford.edu/entries/feminism-femhist/|https://plato.stanford.edu/entries/francois-barre/|https://plato.stanford.edu/entries/lucrezia-marinella/|https://plato.stanford.edu/entries/medieval-philosophy/|https://plato.stanford.edu/entries/medieval-political/	489
<http://dbpedia.org/resource/Keith_Frankish>	Keith Frankish	0.5745711678513127	0	3	3	0	0	0	0	0	0	0	0	0	[]	False	False	False	True	Keith Frankish	6	21	Keith Frankish|Frankish	Frankish|Keith Frankish	https://plato.stanford.edu/entries/consciousness-neuroscience/|https://plato.stanford.edu/entries/ethics-ai/|https://plato.stanford.edu/entries/experimental-philosophy/|https://plato.stanford.edu/entries/inner-speech/|https://plato.stanford.edu/entries/materialism-eliminative/	490
<http://dbpedia.org/resource/David_O._Brink>	David O. Brink	0.4542155927046328	0	3	3	0	0	0	0	0	0	0	0	0	[]	False	False	False	True	David O. Brink	6	18	David O. Brink|Brink	Brink|David O. Brink	https://plato.stanford.edu/entries/alternative-possibilities/|https://plato.stanford.edu/entries/altruism/|https://plato.stanford.edu/entries/green/|https://plato.stanford.edu/entries/plato-laws/|https://plato.stanford.edu/entries/richard-price/	491
<http://dbpedia.org/resource/Richard_Rufus_of_Cornwall>	Richard Rufus of Cornwall	0.2968567039599901	0	1	1	0	0	0	0	0	0	0	0	0	[]	False	False	False	True	Richard Rufus of Cornwall	6	18	Richard Rufus of Cornwall|Cornwall	Cornwall|Richard Rufus of Cornwall	https://plato.stanford.edu/entries/causation-medieval/|https://plato.stanford.edu/entries/grosseteste/|https://plato.stanford.edu/entries/richard-sophister/|https://plato.stanford.edu/entries/robert-kilwardby/|https://plato.stanford.edu/entries/roger-bacon/	492
<http://dbpedia.org/resource/Norbert_Schwarz>	Norbert Schwarz	0.9612404689154856	0	0	0	0	1	0	0	0	0	0	0	0	[]	False	False	False	True	Norbert Schwarz	6	17	Norbert Schwarz|Schwarz	Norbert Schwarz|Schwarz	https://plato.stanford.edu/entries/aesthetics-cogsci/|https://plato.stanford.edu/entries/belief/|https://plato.stanford.edu/entries/decision-capacity/|https://plato.stanford.edu/entries/experimental-aesthetics/|https://plato.stanford.edu/entries/introspection/	493
<http://dbpedia.org/resource/George_Yancy>	George Yancy	0.4550531197154153	0	1	1	0	0	0	0	0	0	0	0	0	[]	False	False	False	True	George Yancy	6	16	George Yancy|Yancy	George Yancy|Yancy	https://plato.stanford.edu/entries/africana-contemporary/|https://plato.stanford.edu/entries/critical-phil-race/|https://plato.stanford.edu/entries/femapproach-analytic/|https://plato.stanford.edu/entries/femapproach-continental/|https://plato.stanford.edu/entries/feminism-aesthetics/	494
<http://dbpedia.org/resource/John_Milton>	John Milton	0.2997682987317186	3	2	5	1	0	0	0	0	0	0	0	0	[]	False	False	False	True	John Milton	6	16	John Milton|Milton	John Milton|Milton	https://plato.stanford.edu/entries/astell/|https://plato.stanford.edu/entries/descartes-works/|https://plato.stanford.edu/entries/freedom-speech/|https://plato.stanford.edu/entries/hume-aesthetics/|https://plato.stanford.edu/entries/republicanism/	495
<http://dbpedia.org/resource/Raymond_Aron>	Raymond Aron	0.6230898269504693	15	13	28	0	0	0	0	0	0	0	0	0	[]	False	False	False	True	Raymond Aron	6	15	Raymond Aron|Aron	Aron|Raymond Aron	https://plato.stanford.edu/entries/berlin/|https://plato.stanford.edu/entries/marxism-analytical/|https://plato.stanford.edu/entries/pacifism/|https://plato.stanford.edu/entries/realism-intl-relations/|https://plato.stanford.edu/entries/sartre/	496
<http://dbpedia.org/resource/Theodosius_Dobzhansky>	Theodosius Dobzhansky	0.5511303865615732	2	4	6	1	1	0	0	0	0	0	0	0	[]	False	False	False	True	Theodosius Dobzhansky	6	15	Theodosius Dobzhansky|Dobzhansky	Dobzhansky|Theodosius Dobzhansky	https://plato.stanford.edu/entries/evolution/|https://plato.stanford.edu/entries/genetic-drift/|https://plato.stanford.edu/entries/immunology/|https://plato.stanford.edu/entries/levels-org-biology/|https://plato.stanford.edu/entries/macroevolution/	497
<http://dbpedia.org/resource/Timon_of_Phlius>	Timon of Phlius	0.2933291795785486	3	3	6	0	0	0	0	0	0	0	0	0	[]	False	False	False	True	Timon of Phlius	6	15	Timon of Phlius|Phlius	Phlius|Timon of Phlius	https://plato.stanford.edu/entries/arcesilaus/|https://plato.stanford.edu/entries/empedocles/|https://plato.stanford.edu/entries/numenius/|https://plato.stanford.edu/entries/pyrrho/|https://plato.stanford.edu/entries/skepticism-ancient/	498
<http://dbpedia.org/resource/Adolf_Hitler>	Adolf Hitler	2.4000578450114705	0	1	1	0	0	0	0	0	0	0	0	0	[]	False	False	False	True	Adolf Hitler	6	14	Adolf Hitler|Hitler	Adolf Hitler|Hitler	https://plato.stanford.edu/entries/ehrenfels/|https://plato.stanford.edu/entries/feyerabend/|https://plato.stanford.edu/entries/heidegger/|https://plato.stanford.edu/entries/nietzsche-life-works/|https://plato.stanford.edu/entries/race/	499
<http://dbpedia.org/resource/Alice_Crary>	Alice Crary	0.5611118623910791	1	5	6	0	0	0	0	0	0	0	0	0	[]	False	False	False	True	Alice Crary	6	13	Alice Crary|Crary	Alice Crary|Crary	https://plato.stanford.edu/entries/animal-communication/|https://plato.stanford.edu/entries/femapproach-analytic/|https://plato.stanford.edu/entries/fideism/|https://plato.stanford.edu/entries/langer/|https://plato.stanford.edu/entries/moral-animal/	500
<http://dbpedia.org/resource/Charles_Fourier>	Charles Fourier	0.281928092830729	23	2	25	0	0	0	0	0	0	0	0	0	[]	False	False	False	True	Charles Fourier	6	13	Charles Fourier|Fourier	Charles Fourier|Fourier	https://plato.stanford.edu/entries/benjamin/|https://plato.stanford.edu/entries/egalitarianism/|https://plato.stanford.edu/entries/latin-american-philosophy/|https://plato.stanford.edu/entries/marx/|https://plato.stanford.edu/entries/smith-moral-political/	501
<http://dbpedia.org/resource/Claude_Lévi-Strauss>	Claude Lévi-Strauss	0.4523711524855058	21	9	30	0	0	0	0	0	0	0	0	0	[]	False	False	False	True	Claude Levi-Strauss	6	12	Claude Levi-Strauss|Levi-Strauss	Claude Levi-Strauss|Levi-Strauss	https://plato.stanford.edu/entries/beauvoir/|https://plato.stanford.edu/entries/feminism-psychoanalysis/|https://plato.stanford.edu/entries/lacan/|https://plato.stanford.edu/entries/lyotard/|https://plato.stanford.edu/entries/montaigne/	502
<http://dbpedia.org/resource/Alexander_of_Hales__Alexander_of_Hales__1>	Alexander of Hales  Alexander of Hales  1	0.5183177786823179	3	7	10	0	0	0	0	0	0	0	0	0	[]	False	False	False	True	Alexander of Hales	6	11	Alexander of Hales|Hales	Alexander of Hales	https://plato.stanford.edu/entries/analogy-medieval/|https://plato.stanford.edu/entries/bonaventure/|https://plato.stanford.edu/entries/conscience-medieval/|https://plato.stanford.edu/entries/grosseteste/|https://plato.stanford.edu/entries/philip-chancellor/	503
<http://dbpedia.org/resource/Kabir>	Kabir	1.2697284262154016	2	3	5	0	0	0	0	0	0	0	0	0	[]	False	False	False	True	Kabir	6	11	Kabir	Kabir	https://plato.stanford.edu/entries/al-din-al-razi/|https://plato.stanford.edu/entries/al-farabi-logic/|https://plato.stanford.edu/entries/al-farabi/|https://plato.stanford.edu/entries/mulla-sadra/|https://plato.stanford.edu/entries/sikh-philosophy/	504
<http://dbpedia.org/resource/Brian_Massumi>	Brian Massumi	0.5815910173472829	0	7	7	0	0	0	0	0	0	0	0	0	[]	False	False	False	True	Brian Massumi	6	10	Brian Massumi|Massumi	Brian Massumi|Massumi	https://plato.stanford.edu/entries/deleuze/|https://plato.stanford.edu/entries/disability-critical/|https://plato.stanford.edu/entries/femapproach-prag-cont/|https://plato.stanford.edu/entries/lyotard/|https://plato.stanford.edu/entries/postmodernism/	505
<http://dbpedia.org/resource/Favorinus>	Favorinus	0.4006995560304278	5	4	9	0	0	0	0	0	0	0	0	0	[]	False	False	False	True	Favorinus	6	10	Favorinus	Favorinus	https://plato.stanford.edu/entries/alcmaeon/|https://plato.stanford.edu/entries/galen/|https://plato.stanford.edu/entries/numenius/|https://plato.stanford.edu/entries/philo-larissa/|https://plato.stanford.edu/entries/philo/	506
<http://dbpedia.org/resource/Eudorus_of_Alexandria>	Eudorus of Alexandria	0.4078360137611381	0	1	1	0	0	0	0	0	0	0	0	0	[]	False	False	False	True	Eudorus of Alexandria	6	9	Eudorus of Alexandria	Eudorus of Alexandria	https://plato.stanford.edu/entries/antiochus-ascalon/|https://plato.stanford.edu/entries/archytas/|https://plato.stanford.edu/entries/aristotle-commentators/|https://plato.stanford.edu/entries/aristotle-text/|https://plato.stanford.edu/entries/iamblichus/	507
<http://dbpedia.org/resource/Samuel_Johnson>	Samuel Johnson	0.4058713015018961	1	1	2	0	0	0	0	0	0	0	0	0	[]	False	False	False	True	Samuel Johnson	6	9	Samuel Johnson	Samuel Johnson	https://plato.stanford.edu/entries/collins/|https://plato.stanford.edu/entries/dignity/|https://plato.stanford.edu/entries/feminism-femhist/|https://plato.stanford.edu/entries/fiction/|https://plato.stanford.edu/entries/fuller-margaret/	508
<http://dbpedia.org/resource/Heinrich_Heine>	Heinrich Heine	0.3088545802692493	2	1	3	3	0	1	0	0	0	0	0	0	[]	False	False	False	True	Heinrich Heine	6	8	Heinrich Heine	Heinrich Heine	https://plato.stanford.edu/entries/buber/|https://plato.stanford.edu/entries/globalization/|https://plato.stanford.edu/entries/ludwig-feuerbach/|https://plato.stanford.edu/entries/luther-influence/|https://plato.stanford.edu/entries/novalis/	509
<http://dbpedia.org/resource/Justin_Martyr>	Justin Martyr	0.2941276268843526	2	1	3	0	0	0	0	0	0	0	0	0	[]	False	False	False	True	Justin Martyr	6	8	Justin Martyr|Martyr	Justin Martyr	https://plato.stanford.edu/entries/alexander-aphrodisias/|https://plato.stanford.edu/entries/atonement/|https://plato.stanford.edu/entries/byzantine-philosophy/|https://plato.stanford.edu/entries/christiantheology-philosophy/|https://plato.stanford.edu/entries/gianfrancesco-pico/	510
<http://dbpedia.org/resource/Margaret_Urban_Walker>	Margaret Urban Walker	0.8122707371450343	0	7	7	0	0	0	0	0	0	0	0	0	[]	False	False	False	True	Margaret Urban Walker	6	7	Margaret Urban Walker	Margaret Urban Walker	https://plato.stanford.edu/entries/ethics-chinese/|https://plato.stanford.edu/entries/ethics-search/|https://plato.stanford.edu/entries/feminism-moralpsych/|https://plato.stanford.edu/entries/impartiality/|https://plato.stanford.edu/entries/moral-luck/	511
<http://dbpedia.org/resource/Nathan_Rosen>	Nathan Rosen	0.3002508602710963	0	0	0	1	6	0	0	0	0	0	0	0	[]	False	False	False	True	Nathan Rosen	6	7	Nathan Rosen	Nathan Rosen	https://plato.stanford.edu/entries/einstein-philscience/|https://plato.stanford.edu/entries/qm-bohm/|https://plato.stanford.edu/entries/qm-retrocausality/|https://plato.stanford.edu/entries/qt-epr/|https://plato.stanford.edu/entries/qt-issues/	512
<http://dbpedia.org/resource/Ronald_Fisher>	Ronald Fisher	0.405	9	0	9	1	43	0	0	0	0	0	0	0	[]	False	False	False	True	Ronald Fisher	6	7	Ronald Fisher	Ronald Fisher	https://plato.stanford.edu/entries/adaptationism/|https://plato.stanford.edu/entries/carnap/|https://plato.stanford.edu/entries/darwinism/|https://plato.stanford.edu/entries/genotype-phenotype/|https://plato.stanford.edu/entries/medicine/	513
<http://dbpedia.org/resource/William_Thompson_(philosopher)>	William Thompson (philosopher)	0.6950004793047512	1	9	10	0	0	0	0	0	0	0	0	0	[]	False	False	False	True	William Thompson	6	7	William Thompson	William Thompson	https://plato.stanford.edu/entries/bentham/|https://plato.stanford.edu/entries/dignity/|https://plato.stanford.edu/entries/godwin/|https://plato.stanford.edu/entries/james-mill/|https://plato.stanford.edu/entries/origin-descent/	514
<http://dbpedia.org/resource/C._Wright_Mills>	C. Wright Mills	0.4309450848482589	4	5	9	0	0	0	0	0	0	0	0	0	[]	False	False	False	True	C. Wright Mills	6	6	C. Wright Mills|Mills	C. Wright Mills	https://plato.stanford.edu/entries/authority/|https://plato.stanford.edu/entries/berlin/|https://plato.stanford.edu/entries/coercion/|https://plato.stanford.edu/entries/dirty-hands/|https://plato.stanford.edu/entries/legitimacy/	515
<http://dbpedia.org/resource/Henry_George>	Henry George	0.5947938728187177	34	6	40	0	0	0	0	0	0	0	0	0	[]	False	False	False	True	Henry George	6	6	Henry George	Henry George	https://plato.stanford.edu/entries/al-farabi-logic/|https://plato.stanford.edu/entries/justice-distributive/|https://plato.stanford.edu/entries/libertarianism/|https://plato.stanford.edu/entries/meritocracy/|https://plato.stanford.edu/entries/pleasure/	516
<http://dbpedia.org/resource/Ayn_Rand>	Ayn Rand	0.3085530312196758	20	2	22	1	0	0	0	0	0	0	0	0	[]	False	False	False	True	Ayn Rand	5	337	Ayn Rand|Rand	Ayn Rand|Rand	https://plato.stanford.edu/entries/anarchism/|https://plato.stanford.edu/entries/ayn-rand/|https://plato.stanford.edu/entries/economics/|https://plato.stanford.edu/entries/feminism-liberal/|https://plato.stanford.edu/entries/smith-moral-political/	517
<http://dbpedia.org/resource/Omar_Khayyam>	Omar Khayyam	0.2775655569755789	2	1	3	0	0	0	0	0	0	0	0	0	[]	False	False	False	True	Omar Khayyam	5	265	Omar Khayyam|Khayyam	Khayyam|Omar Khayyam	https://plato.stanford.edu/entries/arabic-islamic-mysticism/|https://plato.stanford.edu/entries/epistemic-paradoxes/|https://plato.stanford.edu/entries/logic-deontic/|https://plato.stanford.edu/entries/religion-science/|https://plato.stanford.edu/entries/umar-khayyam/	518
<http://dbpedia.org/resource/Max_Stirner>	Max Stirner	0.5789357199245868	40	13	53	0	0	0	0	0	0	0	0	0	[]	False	False	False	True	Max Stirner	5	221	Max Stirner|Stirner	Max Stirner|Stirner	https://plato.stanford.edu/entries/bauer/|https://plato.stanford.edu/entries/ideology/|https://plato.stanford.edu/entries/max-stirner/|https://plato.stanford.edu/entries/philosophy-mexico/|https://plato.stanford.edu/entries/sidney-hook/	519
<http://dbpedia.org/resource/Heinrich_Scholz>	Heinrich Scholz	0.4032233444750087	0	5	5	0	1	0	0	0	0	0	0	0	[]	False	False	False	True	Heinrich Scholz	5	117	Heinrich Scholz|Scholz	Heinrich Scholz|Scholz	https://plato.stanford.edu/entries/bolzano-logic/|https://plato.stanford.edu/entries/langer/|https://plato.stanford.edu/entries/leibniz-logic-influence/|https://plato.stanford.edu/entries/lukasiewicz/|https://plato.stanford.edu/entries/scholz/	520
<http://dbpedia.org/resource/Félix_Guattari>	Félix Guattari	0.3119043058733235	15	9	24	0	0	0	0	0	0	0	0	0	[]	False	False	False	True	Felix Guattari	5	87	Felix Guattari|Guattari	Felix Guattari|Guattari	https://plato.stanford.edu/entries/deleuze/|https://plato.stanford.edu/entries/disability-critical/|https://plato.stanford.edu/entries/lyotard/|https://plato.stanford.edu/entries/postmodernism/|https://plato.stanford.edu/entries/trans/	521
<http://dbpedia.org/resource/Niles_Eldredge>	Niles Eldredge	0.3373014196846384	0	2	2	1	0	0	0	0	0	0	0	0	[]	False	False	False	True	Niles Eldredge	5	67	Niles Eldredge|Eldredge	Eldredge|Niles Eldredge	https://plato.stanford.edu/entries/levels-org-biology/|https://plato.stanford.edu/entries/macroevolution/|https://plato.stanford.edu/entries/phylogenetic-inference/|https://plato.stanford.edu/entries/scientific-revolutions/|https://plato.stanford.edu/entries/selection-units/	522
<http://dbpedia.org/resource/Gianni_Vattimo>	Gianni Vattimo	0.4801348578568458	9	9	18	0	0	0	0	0	0	0	0	0	[]	False	False	False	True	Gianni Vattimo	5	47	Gianni Vattimo|Vattimo	Gianni Vattimo|Vattimo	https://plato.stanford.edu/entries/derrida/|https://plato.stanford.edu/entries/feminist-religion/|https://plato.stanford.edu/entries/gadamer/|https://plato.stanford.edu/entries/hermeneutics/|https://plato.stanford.edu/entries/postmodernism/	523
<http://dbpedia.org/resource/Murray_Rothbard>	Murray Rothbard	1.660923379328599	17	31	48	1	0	0	0	0	0	0	0	0	[Economic history, History of economic thought, Legal philosophy, Praxeology]	False	False	False	True	Murray Rothbard	5	39	Murray Rothbard|Rothbard	Murray Rothbard|Rothbard	https://plato.stanford.edu/entries/anarchism/|https://plato.stanford.edu/entries/ayn-rand/|https://plato.stanford.edu/entries/libertarianism/|https://plato.stanford.edu/entries/neoliberalism/|https://plato.stanford.edu/entries/nozick-political/	524
<http://dbpedia.org/resource/John_Anderson_(philosopher)>	John Anderson (philosopher)	0.5918761554496736	7	6	13	0	0	0	0	0	0	0	0	0	[]	False	False	False	True	John Anderson	5	37	John Anderson	John Anderson	https://plato.stanford.edu/entries/alexander/|https://plato.stanford.edu/entries/anderson-john/|https://plato.stanford.edu/entries/possibilism-actualism/|https://plato.stanford.edu/entries/prior/|https://plato.stanford.edu/entries/sylvan-routley/	525
<http://dbpedia.org/resource/William_Shakespeare>	William Shakespeare	1.050348167475298	5	1	6	0	0	0	0	0	0	0	0	0	[]	False	False	False	True	William Shakespeare	5	35	William Shakespeare|Shakespeare	Shakespeare|William Shakespeare	https://plato.stanford.edu/entries/benjamin/|https://plato.stanford.edu/entries/fiction/|https://plato.stanford.edu/entries/hume-aesthetics/|https://plato.stanford.edu/entries/metaphor/|https://plato.stanford.edu/entries/schlegel-aw/	526
<http://dbpedia.org/resource/Elizabeth_Grosz>	Elizabeth Grosz	0.4696895963276618	0	6	6	0	0	0	0	0	0	0	0	0	[]	False	False	False	True	Elizabeth Grosz	5	34	Elizabeth Grosz|Grosz	Elizabeth Grosz|Grosz	https://plato.stanford.edu/entries/femapproach-continental/|https://plato.stanford.edu/entries/femapproach-prag-cont/|https://plato.stanford.edu/entries/feminism-political/|https://plato.stanford.edu/entries/feminism-psychoanalysis/|https://plato.stanford.edu/entries/feminist-body/	527
<http://dbpedia.org/resource/Matthew_Stuart_(philosopher)>	Matthew Stuart (philosopher)	0.3146875333723077	0	3	3	2	0	0	0	0	0	0	0	0	[]	False	False	False	True	Matthew Stuart	5	31	Matthew Stuart|Stuart	Matthew Stuart|Stuart	https://plato.stanford.edu/entries/consciousness-temporal/|https://plato.stanford.edu/entries/locke-freedom/|https://plato.stanford.edu/entries/locke-political/|https://plato.stanford.edu/entries/qualities-prim-sec/|https://plato.stanford.edu/entries/real-essence/	528
<http://dbpedia.org/resource/Alexis_de_Tocqueville>	Alexis de Tocqueville	0.2959763385714585	8	3	11	1	0	0	0	0	0	0	0	0	[]	False	False	False	True	Alexis de Tocqueville	5	30	Alexis de Tocqueville|Tocqueville	Alexis de Tocqueville|Tocqueville	https://plato.stanford.edu/entries/colonialism/|https://plato.stanford.edu/entries/marxism-analytical/|https://plato.stanford.edu/entries/publicity/|https://plato.stanford.edu/entries/rights-group/|https://plato.stanford.edu/entries/social-minimum/	529
<http://dbpedia.org/resource/Linus_Pauling>	Linus Pauling	0.4207724192172769	2	2	4	0	0	0	0	0	0	0	0	0	[]	False	False	False	True	Linus Pauling	5	30	Linus Pauling|Pauling	Linus Pauling|Pauling	https://plato.stanford.edu/entries/chemistry/|https://plato.stanford.edu/entries/creativity/|https://plato.stanford.edu/entries/gene/|https://plato.stanford.edu/entries/molecular-biology/|https://plato.stanford.edu/entries/phylogenetic-inference/	530
<http://dbpedia.org/resource/Elisabeth_Camp>	Elisabeth Camp	0.2852207072173434	0	3	3	0	0	0	0	0	0	0	0	0	[]	False	False	False	True	Elisabeth Camp	5	29	Elisabeth Camp|Camp	Camp|Elisabeth Camp	https://plato.stanford.edu/entries/cognition-animal/|https://plato.stanford.edu/entries/computational-mind/|https://plato.stanford.edu/entries/hate-speech/|https://plato.stanford.edu/entries/imagination/|https://plato.stanford.edu/entries/metaphor/	531
<http://dbpedia.org/resource/Percy_Bysshe_Shelley>	Percy Bysshe Shelley	0.620056286920208	1	2	3	1	0	0	0	0	0	0	0	0	[]	False	False	False	True	Percy Bysshe Shelley	5	28	Percy Bysshe Shelley|Shelley	Percy Bysshe Shelley|Shelley	https://plato.stanford.edu/entries/aesthetic-experience/|https://plato.stanford.edu/entries/aesthetics-19th-romantic/|https://plato.stanford.edu/entries/anarchism/|https://plato.stanford.edu/entries/godwin/|https://plato.stanford.edu/entries/plato-aesthetics/	532
<http://dbpedia.org/resource/Brie_Gertler>	Brie Gertler	0.2815920401915029	0	1	1	0	0	0	0	0	0	0	0	0	[]	False	False	False	True	Brie Gertler	5	24	Brie Gertler|Gertler	Brie Gertler|Gertler	https://plato.stanford.edu/entries/consciousness-intentionality/|https://plato.stanford.edu/entries/culture-cogsci/|https://plato.stanford.edu/entries/inner-speech/|https://plato.stanford.edu/entries/self-consciousness/|https://plato.stanford.edu/entries/self-knowledge/	533
<http://dbpedia.org/resource/Chantal_Mouffe>	Chantal Mouffe	0.3495321325763678	0	8	8	0	0	0	0	0	0	0	0	0	[]	False	False	False	True	Chantal Mouffe	5	23	Chantal Mouffe|Mouffe	Chantal Mouffe|Mouffe	https://plato.stanford.edu/entries/argument/|https://plato.stanford.edu/entries/feminism-political/|https://plato.stanford.edu/entries/global-democracy/|https://plato.stanford.edu/entries/gramsci/|https://plato.stanford.edu/entries/pufendorf-moral/	534
<http://dbpedia.org/resource/Leopold_Kronecker>	Leopold Kronecker	0.3535177764947388	0	0	0	1	6	0	0	0	0	0	0	0	[]	False	False	False	True	Leopold Kronecker	5	23	Leopold Kronecker|Kronecker	Kronecker|Leopold Kronecker	https://plato.stanford.edu/entries/dedekind-foundations/|https://plato.stanford.edu/entries/husserl/|https://plato.stanford.edu/entries/infinity/|https://plato.stanford.edu/entries/settheory-early/|https://plato.stanford.edu/entries/weyl/	535
<http://dbpedia.org/resource/Robert_Keohane>	Robert Keohane	0.2792168784199231	1	2	3	0	2	0	0	0	0	0	0	0	[]	False	False	False	True	Robert Keohane	5	22	Robert Keohane|Keohane	Keohane|Robert Keohane	https://plato.stanford.edu/entries/authority/|https://plato.stanford.edu/entries/global-democracy/|https://plato.stanford.edu/entries/justice-global/|https://plato.stanford.edu/entries/political-representation/|https://plato.stanford.edu/entries/realism-intl-relations/	536
<http://dbpedia.org/resource/Frans_de_Waal>	Frans de Waal	0.2896125	0	2	2	0	0	0	0	0	0	0	0	0	[]	False	False	False	True	Frans de Waal	5	18	Frans de Waal|Waal	Frans de Waal|Waal	https://plato.stanford.edu/entries/cognition-animal/|https://plato.stanford.edu/entries/human-nature/|https://plato.stanford.edu/entries/moral-sentimentalism/|https://plato.stanford.edu/entries/morality-biology/|https://plato.stanford.edu/entries/morality-definition/	537
<http://dbpedia.org/resource/John_Brown_(abolitionist)>	John Brown (abolitionist)	0.38375	0	0	0	0	2	0	0	0	0	0	0	0	[]	False	False	False	True	John Brown	5	18	John Brown	John Brown	https://plato.stanford.edu/entries/dubois/|https://plato.stanford.edu/entries/emerson/|https://plato.stanford.edu/entries/frederick-douglass/|https://plato.stanford.edu/entries/thoreau/|https://plato.stanford.edu/entries/transcendentalism/	538
<http://dbpedia.org/resource/Lee_Smolin>	Lee Smolin	0.3691363752829021	0	1	1	2	0	0	0	0	0	0	0	0	[]	False	False	False	True	Lee Smolin	5	18	Lee Smolin|Smolin	Lee Smolin|Smolin	https://plato.stanford.edu/entries/cosmology/|https://plato.stanford.edu/entries/physics-interrelate/|https://plato.stanford.edu/entries/quantum-gravity/|https://plato.stanford.edu/entries/religion-evolutionary/|https://plato.stanford.edu/entries/teleological-arguments/	539
<http://dbpedia.org/resource/Leonard_Lawlor>	Leonard Lawlor	0.3185239312821074	0	2	2	0	0	0	0	0	0	0	0	0	[]	False	False	False	True	Leonard Lawlor	5	17	Leonard Lawlor|Lawlor	Lawlor|Leonard Lawlor	https://plato.stanford.edu/entries/aesthetics-existentialist/|https://plato.stanford.edu/entries/bergson/|https://plato.stanford.edu/entries/derrida/|https://plato.stanford.edu/entries/femapproach-continental/|https://plato.stanford.edu/entries/merleau-ponty/	540
<http://dbpedia.org/resource/Gordon_Tullock>	Gordon Tullock	0.2953951894970815	2	3	5	1	0	0	0	0	0	0	0	0	[Law and economics, Public choice theory]	False	False	False	True	Gordon Tullock	5	16	Gordon Tullock|Tullock	Gordon Tullock|Tullock	https://plato.stanford.edu/entries/contractarianism-contemporary/|https://plato.stanford.edu/entries/democracy/|https://plato.stanford.edu/entries/friedrich-hayek/|https://plato.stanford.edu/entries/liberalism/|https://plato.stanford.edu/entries/neoliberalism/	541
<http://dbpedia.org/resource/Marcel_Duchamp>	Marcel Duchamp	0.2775	1	0	1	0	0	5	0	0	0	0	0	0	[]	False	False	False	True	Marcel Duchamp	5	16	Marcel Duchamp|Duchamp	Duchamp|Marcel Duchamp	https://plato.stanford.edu/entries/art-definition/|https://plato.stanford.edu/entries/conceptual-art/|https://plato.stanford.edu/entries/existentialism/|https://plato.stanford.edu/entries/heidegger-aesthetics/|https://plato.stanford.edu/entries/mental-imagery/	542
<http://dbpedia.org/resource/Pope_Francis>	Pope Francis	0.3209313105767684	0	1	1	0	0	0	0	0	0	0	0	0	[]	False	False	False	True	Pope Francis	5	15	Pope Francis|Francis	Francis|Pope Francis	https://plato.stanford.edu/entries/common-good/|https://plato.stanford.edu/entries/consciousness-animal/|https://plato.stanford.edu/entries/liberation/|https://plato.stanford.edu/entries/pacifism/|https://plato.stanford.edu/entries/solidarity/	543
<http://dbpedia.org/resource/Stanley_Hauerwas>	Stanley Hauerwas	0.3215299360520345	0	4	4	0	0	0	0	0	0	0	0	0	[]	False	False	False	True	Stanley Hauerwas	5	15	Stanley Hauerwas|Hauerwas	Hauerwas|Stanley Hauerwas	https://plato.stanford.edu/entries/murdoch/|https://plato.stanford.edu/entries/natural-theology/|https://plato.stanford.edu/entries/pacifism/|https://plato.stanford.edu/entries/religion-politics/|https://plato.stanford.edu/entries/theory-bioethics/	544
<http://dbpedia.org/resource/Kurt_Grelling>	Kurt Grelling	0.2925263173195139	1	3	4	0	0	0	0	0	0	0	0	0	[]	False	False	False	True	Kurt Grelling	5	14	Kurt Grelling|Grelling	Grelling|Kurt Grelling	https://plato.stanford.edu/entries/epistemic-paradoxes/|https://plato.stanford.edu/entries/goedel-incompleteness/|https://plato.stanford.edu/entries/logical-empiricism/|https://plato.stanford.edu/entries/reichenbach/|https://plato.stanford.edu/entries/vienna-circle/	545
<http://dbpedia.org/resource/Henry_VIII>	Henry VIII	0.307619889108534	0	4	4	0	0	0	0	0	0	0	0	0	[]	False	False	False	True	Henry VIII	5	13	Henry VIII|VIII	Henry VIII	https://plato.stanford.edu/entries/causation-law/|https://plato.stanford.edu/entries/collingwood/|https://plato.stanford.edu/entries/scientific-representation/|https://plato.stanford.edu/entries/thomas-more/|https://plato.stanford.edu/entries/vives/	546
<http://dbpedia.org/resource/Jean_Wahl>	Jean Wahl	0.3075982803325305	3	6	9	0	0	0	0	0	0	0	0	0	[]	False	False	False	True	Jean Wahl	5	13	Jean Wahl|Wahl	Jean Wahl|Wahl	https://plato.stanford.edu/entries/bergson/|https://plato.stanford.edu/entries/levinas/|https://plato.stanford.edu/entries/marcel/|https://plato.stanford.edu/entries/merleau-ponty/|https://plato.stanford.edu/entries/michel-henry/	547
<http://dbpedia.org/resource/Jean-Pierre_Changeux>	Jean-Pierre Changeux	0.2934375	0	0	0	2	2	0	0	0	0	0	0	0	[]	False	False	False	True	Jean-Pierre Changeux	5	13	Jean-Pierre Changeux|Changeux	Changeux|Jean-Pierre Changeux	https://plato.stanford.edu/entries/attention/|https://plato.stanford.edu/entries/consciousness-neuroscience/|https://plato.stanford.edu/entries/introspection/|https://plato.stanford.edu/entries/properties-emergent/|https://plato.stanford.edu/entries/ricoeur/	548
<http://dbpedia.org/resource/Miguel_de_Unamuno>	Miguel de Unamuno	0.5194548838133765	4	7	11	0	0	0	0	0	0	0	0	0	[]	False	False	False	True	Miguel de Unamuno	5	13	Miguel de Unamuno|Unamuno	Miguel de Unamuno|Unamuno	https://plato.stanford.edu/entries/existentialism/|https://plato.stanford.edu/entries/gasset/|https://plato.stanford.edu/entries/kierkegaard/|https://plato.stanford.edu/entries/latin-american-philosophy/|https://plato.stanford.edu/entries/philosophy-mexico/	549
<http://dbpedia.org/resource/Alphonso_Lingis>	Alphonso Lingis	0.4421451658674417	2	8	10	0	0	0	0	0	0	0	0	0	[]	False	False	False	True	Alphonso Lingis	5	11	Alphonso Lingis|Lingis	Alphonso Lingis|Lingis	https://plato.stanford.edu/entries/aesthetics-existentialist/|https://plato.stanford.edu/entries/levinas/|https://plato.stanford.edu/entries/merleau-ponty/|https://plato.stanford.edu/entries/moral-phenomenology/|https://plato.stanford.edu/entries/religion-morality/	550
<http://dbpedia.org/resource/Jacques_Rancière>	Jacques Rancière	0.3545626272914515	11	8	19	0	0	0	0	0	0	0	0	0	[]	False	False	False	True	Jacques Ranciere	5	11	Jacques Ranciere|Ranciere	Jacques Ranciere|Ranciere	https://plato.stanford.edu/entries/aesthetics-of-everyday/|https://plato.stanford.edu/entries/althusser/|https://plato.stanford.edu/entries/race/|https://plato.stanford.edu/entries/schiller/|https://plato.stanford.edu/entries/social-ontology/	551
<http://dbpedia.org/resource/Michael_Bergmann_(philosopher)>	Michael Bergmann (philosopher)	0.2848622292806305	0	3	3	0	0	0	0	0	0	0	0	0	[]	False	False	False	True	Michael Bergmann	5	10	Michael Bergmann	Michael Bergmann	https://plato.stanford.edu/entries/disagreement/|https://plato.stanford.edu/entries/justep-foundational/|https://plato.stanford.edu/entries/philosophy-religion/|https://plato.stanford.edu/entries/religious-commitment-reason/|https://plato.stanford.edu/entries/skeptical-theism/	552
<http://dbpedia.org/resource/Roman_Jakobson>	Roman Jakobson	0.4823319551247076	15	5	20	0	0	0	0	0	0	0	0	0	[]	False	False	False	True	Roman Jakobson	5	10	Roman Jakobson|Jakobson	Jakobson|Roman Jakobson	https://plato.stanford.edu/entries/depiction/|https://plato.stanford.edu/entries/feminism-psychoanalysis/|https://plato.stanford.edu/entries/lacan/|https://plato.stanford.edu/entries/ricoeur/|https://plato.stanford.edu/entries/structuralism-mathematics/	553
<http://dbpedia.org/resource/Alfred_Marshall>	Alfred Marshall	0.3438669757195088	7	5	12	0	0	0	0	0	0	0	0	0	[]	False	False	False	True	Alfred Marshall	5	9	Alfred Marshall	Alfred Marshall	https://plato.stanford.edu/entries/ceteris-paribus/|https://plato.stanford.edu/entries/economics-early-modern/|https://plato.stanford.edu/entries/economics/|https://plato.stanford.edu/entries/exploitation/|https://plato.stanford.edu/entries/sidgwick/	554
<http://dbpedia.org/resource/John_Lachs>	John Lachs	0.3280345735039033	0	3	3	0	0	0	0	0	0	0	0	0	[]	False	False	False	True	John Lachs	5	8	John Lachs|Lachs	John Lachs|Lachs	https://plato.stanford.edu/entries/hegel-dialectics/|https://plato.stanford.edu/entries/idealism/|https://plato.stanford.edu/entries/johann-fichte/|https://plato.stanford.edu/entries/santayana/|https://plato.stanford.edu/entries/self-consciousness/	555
<http://dbpedia.org/resource/Ernst_Troeltsch>	Ernst Troeltsch	0.3647423675692406	2	3	5	0	0	0	0	0	0	0	0	0	[]	False	False	False	True	Ernst Troeltsch	5	7	Ernst Troeltsch|Troeltsch	Ernst Troeltsch|Troeltsch	https://plato.stanford.edu/entries/friedrich-jacobi/|https://plato.stanford.edu/entries/miracles/|https://plato.stanford.edu/entries/scheler/|https://plato.stanford.edu/entries/scholem/|https://plato.stanford.edu/entries/weber/	556
<http://dbpedia.org/resource/James_Franklin_(philosopher)>	James Franklin (philosopher)	0.3037966815008454	0	1	1	0	0	0	0	0	0	0	0	0	[]	False	False	False	True	James Franklin	5	7	James Franklin	James Franklin	https://plato.stanford.edu/entries/induction-problem/|https://plato.stanford.edu/entries/mathematics-nondeductive/|https://plato.stanford.edu/entries/modality-epistemology/|https://plato.stanford.edu/entries/process-theism/|https://plato.stanford.edu/entries/williams-dc/	557
<http://dbpedia.org/resource/Paul_Rabinow>	Paul Rabinow	0.2914321102799859	0	2	2	1	0	0	0	0	0	0	0	0	[]	False	False	False	True	Paul Rabinow	5	7	Paul Rabinow|Rabinow	Paul Rabinow	https://plato.stanford.edu/entries/astell/|https://plato.stanford.edu/entries/authenticity/|https://plato.stanford.edu/entries/feminist-power/|https://plato.stanford.edu/entries/foucault/|https://plato.stanford.edu/entries/thoreau/	558
<http://dbpedia.org/resource/Samuel_Beckett>	Samuel Beckett	0.5140271383854444	1	5	6	1	0	0	0	0	0	0	0	0	[]	False	False	False	True	Samuel Beckett	5	7	Samuel Beckett|Beckett	Beckett|Samuel Beckett	https://plato.stanford.edu/entries/adorno/|https://plato.stanford.edu/entries/contradiction/|https://plato.stanford.edu/entries/kant-aesthetics/|https://plato.stanford.edu/entries/schopenhauer/|https://plato.stanford.edu/entries/theater/	559
<http://dbpedia.org/resource/Seyyed_Hossein_Nasr>	Seyyed Hossein Nasr	1.5383730373478812	39	17	56	0	0	0	0	0	0	0	0	0	[]	False	False	False	True	Seyyed Hossein Nasr	5	7	Seyyed Hossein Nasr	Seyyed Hossein Nasr	https://plato.stanford.edu/entries/arabic-islamic-liar/|https://plato.stanford.edu/entries/arabic-islamic-religion/|https://plato.stanford.edu/entries/ikhwan-al-safa/|https://plato.stanford.edu/entries/mulla-sadra/|https://plato.stanford.edu/entries/suhrawardi/	560
<http://dbpedia.org/resource/David_Deutsch>	David Deutsch	0.3458593154296422	0	3	3	2	13	0	0	0	0	0	0	0	[]	False	False	False	True	David Deutsch	5	6	David Deutsch	David Deutsch	https://plato.stanford.edu/entries/qm-action-distance/|https://plato.stanford.edu/entries/qm-bohm/|https://plato.stanford.edu/entries/qm-everett/|https://plato.stanford.edu/entries/qt-entangle/|https://plato.stanford.edu/entries/qt-quantcomp/	561
<http://dbpedia.org/resource/Stuart_Hall_(cultural_theorist)>	Stuart Hall (cultural theorist)	0.2866730562235109	2	2	4	0	0	0	0	0	0	0	0	0	[]	False	False	False	True	Stuart Hall	5	6	Stuart Hall	Stuart Hall	https://plato.stanford.edu/entries/critical-phil-race/|https://plato.stanford.edu/entries/critical-theory/|https://plato.stanford.edu/entries/feminism-political/|https://plato.stanford.edu/entries/gramsci/|https://plato.stanford.edu/entries/ideology/	562
<http://dbpedia.org/resource/Arnold_Davidson>	Arnold Davidson	0.3809599832261423	1	4	5	0	0	0	0	0	0	0	0	0	[]	False	False	False	True	Arnold Davidson	5	5	Arnold Davidson	Arnold Davidson	https://plato.stanford.edu/entries/foucault/|https://plato.stanford.edu/entries/god-ultimates/|https://plato.stanford.edu/entries/medieval-emotions/|https://plato.stanford.edu/entries/rationality-historicist/|https://plato.stanford.edu/entries/seneca/	563
<http://dbpedia.org/resource/Graham_Harman>	Graham Harman	0.4747990632073701	3	9	12	0	0	0	0	0	0	0	0	0	[]	False	False	False	True	Graham Harman	5	5	Graham Harman	Graham Harman	https://plato.stanford.edu/entries/dialetheism/|https://plato.stanford.edu/entries/ethics-it-phenomenology/|https://plato.stanford.edu/entries/heidegger/|https://plato.stanford.edu/entries/hermeneutics/|https://plato.stanford.edu/entries/sellars/	564
<http://dbpedia.org/resource/Max_Müller_(Catholic_intellectual)>	Max Müller (Catholic intellectual)	0.4159295509706464	0	5	5	0	0	0	0	0	0	0	0	0	[]	False	False	False	True	Max Muller	5	5	Max Muller	Max Muller	https://plato.stanford.edu/entries/evolution-cultural/|https://plato.stanford.edu/entries/findlay/|https://plato.stanford.edu/entries/hermann-helmholtz/|https://plato.stanford.edu/entries/japanese-pure-land/|https://plato.stanford.edu/entries/religion-comparative/	565
<http://dbpedia.org/resource/Zoltán_Szabó_(mathematician)>	Zoltán Szabó (mathematician)	0.3561250000000001	0	0	0	2	1	0	0	0	0	0	0	0	[]	False	False	False	True	Zoltan Szabo	5	5	Zoltan Szabo	Zoltan Szabo	https://plato.stanford.edu/entries/contradiction/|https://plato.stanford.edu/entries/counterfactuals/|https://plato.stanford.edu/entries/indexicals/|https://plato.stanford.edu/entries/metaphor/|https://plato.stanford.edu/entries/presupposition/	566
<http://dbpedia.org/resource/Friedrich_Wilhelm_Joseph_Schelling>	Friedrich Wilhelm Joseph Schelling	0.4378893031431342	43	11	54	0	0	0	0	0	0	0	0	0	[]	False	False	False	True	Friedrich Wilhelm Joseph Schelling	4	325	Friedrich Wilhelm Joseph Schelling|Schelling	Friedrich Wilhelm Joseph Schelling|Schelling	https://plato.stanford.edu/entries/aesthetics-18th-german/|https://plato.stanford.edu/entries/idealism/|https://plato.stanford.edu/entries/panentheism/|https://plato.stanford.edu/entries/schelling/	567
<http://dbpedia.org/resource/Jakob_Thomasius>	Jakob Thomasius	0.3418617227011429	0	1	1	1	0	0	0	0	0	0	0	0	[]	False	False	False	True	Jakob Thomasius	4	93	Jakob Thomasius|Thomasius	Jakob Thomasius|Thomasius	https://plato.stanford.edu/entries/18thGerman-preKant/|https://plato.stanford.edu/entries/johann-sturm/|https://plato.stanford.edu/entries/leibniz-physics/|https://plato.stanford.edu/entries/spinoza-political/	568
<http://dbpedia.org/resource/Carl_Friedrich_Gauss>	Carl Friedrich Gauss	0.3530222391666926	3	3	6	3	1	0	0	0	0	0	0	0	[]	False	False	False	True	Carl Friedrich Gauss	4	66	Carl Friedrich Gauss|Gauss	Carl Friedrich Gauss|Gauss	https://plato.stanford.edu/entries/dedekind-foundations/|https://plato.stanford.edu/entries/epistemology-geometry/|https://plato.stanford.edu/entries/geometry-19th/|https://plato.stanford.edu/entries/hermann-helmholtz/	569
<http://dbpedia.org/resource/Georg_Friedrich_Meier>	Georg Friedrich Meier	0.3843541773250454	1	3	4	0	0	0	0	0	0	0	0	0	[]	False	False	False	True	Georg Friedrich Meier	4	54	Georg Friedrich Meier|Meier	Georg Friedrich Meier|Meier	https://plato.stanford.edu/entries/18thGerman-preKant/|https://plato.stanford.edu/entries/aesthetic-experience/|https://plato.stanford.edu/entries/aesthetics-18th-german/|https://plato.stanford.edu/entries/kant/	570
<http://dbpedia.org/resource/Friedrich_Adolf_Trendelenburg>	Friedrich Adolf Trendelenburg	0.2886433756016351	10	5	15	0	0	0	0	0	0	0	0	0	[]	False	False	False	True	Friedrich Adolf Trendelenburg	4	46	Friedrich Adolf Trendelenburg|Trendelenburg	Friedrich Adolf Trendelenburg|Trendelenburg	https://plato.stanford.edu/entries/dilthey/|https://plato.stanford.edu/entries/friedrich-lange/|https://plato.stanford.edu/entries/idealism/|https://plato.stanford.edu/entries/leibniz-logic-influence/	571
<http://dbpedia.org/resource/Arne_Næss>	Arne Næss	0.3543773386405607	1	5	6	0	0	0	0	0	0	0	0	0	[]	False	False	False	True	Arne Næss	4	40	Arne Næss|Næss	Arne Næss|Næss	https://plato.stanford.edu/entries/ethics-environmental/|https://plato.stanford.edu/entries/experimental-philosophy/|https://plato.stanford.edu/entries/pantheism/|https://plato.stanford.edu/entries/truth-primitivist/	572
<http://dbpedia.org/resource/Douglas_Kellner>	Douglas Kellner	0.5108800301868268	1	10	11	0	0	0	0	0	0	0	0	0	[]	False	False	False	True	Douglas Kellner	4	39	Douglas Kellner|Kellner	Douglas Kellner|Kellner	https://plato.stanford.edu/entries/baudrillard/|https://plato.stanford.edu/entries/critical-theory/|https://plato.stanford.edu/entries/dewey-political/|https://plato.stanford.edu/entries/marcuse/	573
<http://dbpedia.org/resource/Juan_Bautista_Alberdi>	Juan Bautista Alberdi	3.49815677635484	19	41	60	0	0	0	0	0	0	0	0	0	[]	False	False	False	True	Juan Bautista Alberdi	4	37	Juan Bautista Alberdi|Alberdi	Alberdi|Juan Bautista Alberdi	https://plato.stanford.edu/entries/latin-american-metaphilosophy/|https://plato.stanford.edu/entries/latin-american-philosophy/|https://plato.stanford.edu/entries/liberalism-latin-america/|https://plato.stanford.edu/entries/philosophy-chile/	574
<http://dbpedia.org/resource/Vilfredo_Pareto>	Vilfredo Pareto	0.8184330700675714	14	13	27	1	0	0	0	0	0	0	0	0	[Microeconomics, Socioeconomics]	False	False	False	True	Vilfredo Pareto	4	36	Vilfredo Pareto|Pareto	Pareto|Vilfredo Pareto	https://plato.stanford.edu/entries/economics-early-modern/|https://plato.stanford.edu/entries/free-rider/|https://plato.stanford.edu/entries/preferences/|https://plato.stanford.edu/entries/social-choice/	575
<http://dbpedia.org/resource/Gila_Sher>	Gila Sher	0.3334462255208759	2	3	5	0	0	0	0	0	0	0	0	0	[]	False	False	False	True	Gila Sher	4	32	Gila Sher|Sher	Gila Sher|Sher	https://plato.stanford.edu/entries/kant-spacetime/|https://plato.stanford.edu/entries/logic-normative/|https://plato.stanford.edu/entries/logical-constants/|https://plato.stanford.edu/entries/truth-pluralist/	576
<http://dbpedia.org/resource/Sandrine_Bergès>	Sandrine Bergès	1.102728974858929	0	9	9	0	0	0	0	0	0	0	0	0	[]	False	False	False	True	Sandrine Berges	4	29	Sandrine Berges|Berges	Berges|Sandrine Berges	https://plato.stanford.edu/entries/catharine-macaulay/|https://plato.stanford.edu/entries/francois-barre/|https://plato.stanford.edu/entries/sophie-de-grouchy/|https://plato.stanford.edu/entries/wollstonecraft/	577
<http://dbpedia.org/resource/Eduardo_Fermé>	Eduardo Fermé	0.2775	0	0	0	2	1	0	0	0	0	0	0	0	[]	False	False	False	True	Eduardo Ferme	4	28	Eduardo Ferme|Ferme	Eduardo Ferme|Ferme	https://plato.stanford.edu/entries/epistemology-latin-america/|https://plato.stanford.edu/entries/latin-american-analytic/|https://plato.stanford.edu/entries/logic-belief-revision/|https://plato.stanford.edu/entries/reasoning-defeasible/	578
<http://dbpedia.org/resource/Gemistos_Plethon>	Gemistos Plethon	0.5394870376896647	7	2	9	0	0	0	0	0	0	0	0	0	[]	False	False	False	True	Gemistos Plethon	4	27	Gemistos Plethon|Plethon	Gemistos Plethon|Plethon	https://plato.stanford.edu/entries/bessarion/|https://plato.stanford.edu/entries/byzantine-philosophy/|https://plato.stanford.edu/entries/john-italos/|https://plato.stanford.edu/entries/medieval-philosophy/	579
<http://dbpedia.org/resource/Xu_Fuguan>	Xu Fuguan	0.3101339285714286	0	2	2	0	0	0	0	0	0	0	0	0	[]	False	False	False	True	Xu Fuguan	4	22	Xu Fuguan|Fuguan	Fuguan|Xu Fuguan	https://plato.stanford.edu/entries/buddhism-huayan/|https://plato.stanford.edu/entries/chinese-epistemology/|https://plato.stanford.edu/entries/confucianism-modern/|https://plato.stanford.edu/entries/han-dynasty/	580
<http://dbpedia.org/resource/William_MacAskill>	William MacAskill	0.8006231408118646	0	4	4	0	0	0	0	0	0	0	0	0	[]	False	False	False	True	William MacAskill	4	21	William MacAskill|MacAskill	MacAskill|William MacAskill	https://plato.stanford.edu/entries/bentham/|https://plato.stanford.edu/entries/consequentialism/|https://plato.stanford.edu/entries/moral-decision-uncertainty/|https://plato.stanford.edu/entries/philanthropy/	581
<http://dbpedia.org/resource/Karl_Rahner>	Karl Rahner	0.6674405395077313	10	11	21	0	0	0	0	0	0	0	0	0	[]	False	False	False	True	Karl Rahner	4	20	Karl Rahner|Rahner	Karl Rahner|Rahner	https://plato.stanford.edu/entries/divine-revelation/|https://plato.stanford.edu/entries/liberation/|https://plato.stanford.edu/entries/religious-pluralism/|https://plato.stanford.edu/entries/trinity/	582
<http://dbpedia.org/resource/John_Myhill>	John Myhill	0.2952030512047	0	0	0	1	6	0	0	0	0	0	0	0	[]	False	False	False	True	John Myhill	4	19	John Myhill|Myhill	John Myhill|Myhill	https://plato.stanford.edu/entries/carnap/|https://plato.stanford.edu/entries/church/|https://plato.stanford.edu/entries/principia-mathematica/|https://plato.stanford.edu/entries/reverse-mathematics/	583
<http://dbpedia.org/resource/Benito_Mussolini>	Benito Mussolini	0.2775	1	0	1	0	0	0	0	0	0	0	0	0	[]	False	False	False	True	Benito Mussolini	4	18	Benito Mussolini|Mussolini	Benito Mussolini|Mussolini	https://plato.stanford.edu/entries/common-ground-pragmatics/|https://plato.stanford.edu/entries/gramsci/|https://plato.stanford.edu/entries/montessori-maria/|https://plato.stanford.edu/entries/nietzsche-life-works/	584
<http://dbpedia.org/resource/Jasbir_Puar>	Jasbir Puar	0.2957127841351521	0	4	4	0	0	0	0	0	0	0	0	0	[]	False	False	False	True	Jasbir Puar	4	18	Jasbir Puar|Puar	Jasbir Puar|Puar	https://plato.stanford.edu/entries/femapproach-continental/|https://plato.stanford.edu/entries/feminism-political/|https://plato.stanford.edu/entries/feminist-power/|https://plato.stanford.edu/entries/trans/	585
<http://dbpedia.org/resource/Marguerite_Porete>	Marguerite Porete	0.6512058799365394	3	7	10	0	0	0	0	0	0	0	0	0	[]	False	False	False	True	Marguerite Porete	4	18	Marguerite Porete|Porete	Marguerite Porete|Porete	https://plato.stanford.edu/entries/feminism-femhist/|https://plato.stanford.edu/entries/feminist-religion/|https://plato.stanford.edu/entries/medieval-philosophy/|https://plato.stanford.edu/entries/meister-eckhart/	586
<http://dbpedia.org/resource/Martin_Knutzen>	Martin Knutzen	0.3231211378356058	3	3	6	0	0	0	0	0	0	0	0	0	[]	False	False	False	True	Martin Knutzen	4	18	Martin Knutzen|Knutzen	Knutzen|Martin Knutzen	https://plato.stanford.edu/entries/kant-development/|https://plato.stanford.edu/entries/kant-religion/|https://plato.stanford.edu/entries/kant-science/|https://plato.stanford.edu/entries/kant/	587
<http://dbpedia.org/resource/Nancy_Chodorow>	Nancy Chodorow	0.5917305995527415	1	4	5	4	0	0	0	0	0	0	0	0	[]	False	False	False	True	Nancy Chodorow	4	17	Nancy Chodorow|Chodorow	Chodorow|Nancy Chodorow	https://plato.stanford.edu/entries/feminism-family/|https://plato.stanford.edu/entries/feminism-gender/|https://plato.stanford.edu/entries/feminism-psychoanalysis/|https://plato.stanford.edu/entries/marcuse/	588
<http://dbpedia.org/resource/Joseph_Margolis>	Joseph Margolis	0.3955258852449795	0	8	8	0	0	0	0	0	0	0	0	0	[]	False	False	False	True	Joseph Margolis	4	16	Joseph Margolis|Margolis	Joseph Margolis|Margolis	https://plato.stanford.edu/entries/art-ontology-history/|https://plato.stanford.edu/entries/beardsley-aesthetics/|https://plato.stanford.edu/entries/dewey-aesthetics/|https://plato.stanford.edu/entries/ingarden/	589
<http://dbpedia.org/resource/Al-Biruni>	Al-Biruni	0.449625	1	2	3	0	0	0	1	0	0	0	0	0	[]	False	False	False	True	Al-Biruni	4	15	Al-Biruni	Al-Biruni	https://plato.stanford.edu/entries/abu-bakr-al-razi/|https://plato.stanford.edu/entries/arabic-islamic-greek/|https://plato.stanford.edu/entries/arabic-islamic-phil-math/|https://plato.stanford.edu/entries/ibn-sina/	590
<http://dbpedia.org/resource/Arrian>	Arrian	0.2933409775712264	0	3	3	0	0	0	0	0	0	0	0	0	[]	False	False	False	True	Arrian	4	13	Arrian	Arrian	https://plato.stanford.edu/entries/epictetus/|https://plato.stanford.edu/entries/happiness/|https://plato.stanford.edu/entries/marcus-aurelius/|https://plato.stanford.edu/entries/stoicism/	591
<http://dbpedia.org/resource/Maurice_Blanchot>	Maurice Blanchot	0.6059625387164739	15	11	26	0	0	0	0	0	0	0	0	0	[]	False	False	False	True	Maurice Blanchot	4	13	Maurice Blanchot|Blanchot	Blanchot|Maurice Blanchot	https://plato.stanford.edu/entries/foucault/|https://plato.stanford.edu/entries/levinas/|https://plato.stanford.edu/entries/novalis/|https://plato.stanford.edu/entries/simone-weil/	592
<http://dbpedia.org/resource/Oswald_Spengler>	Oswald Spengler	0.6050448308526842	25	13	38	0	0	0	0	0	0	0	0	0	[]	False	False	False	True	Oswald Spengler	4	13	Oswald Spengler|Spengler	Oswald Spengler|Spengler	https://plato.stanford.edu/entries/mathematical-style/|https://plato.stanford.edu/entries/nietzsche-life-works/|https://plato.stanford.edu/entries/relativism/|https://plato.stanford.edu/entries/scheler/	593
<http://dbpedia.org/resource/Sheldon_Wolin>	Sheldon Wolin	0.6793081969173275	6	11	17	0	0	0	0	0	0	0	0	0	[]	False	False	False	True	Sheldon Wolin	4	13	Sheldon Wolin|Wolin	Sheldon Wolin|Wolin	https://plato.stanford.edu/entries/arendt/|https://plato.stanford.edu/entries/civic-education/|https://plato.stanford.edu/entries/dewey-political/|https://plato.stanford.edu/entries/weber/	594
<http://dbpedia.org/resource/Francis_Fukuyama>	Francis Fukuyama	0.8400144434174059	0	13	13	0	0	0	0	0	0	0	0	0	[]	False	False	False	True	Francis Fukuyama	4	12	Francis Fukuyama|Fukuyama	Francis Fukuyama|Fukuyama	https://plato.stanford.edu/entries/communitarianism/|https://plato.stanford.edu/entries/enhancement/|https://plato.stanford.edu/entries/identity-politics/|https://plato.stanford.edu/entries/pacifism/	595
<http://dbpedia.org/resource/Georges_Sorel>	Georges Sorel	1.402486443830744	18	19	37	0	0	0	0	0	0	0	0	0	[]	False	False	False	True	Georges Sorel	4	12	Georges Sorel|Sorel	Georges Sorel|Sorel	https://plato.stanford.edu/entries/anderson-john/|https://plato.stanford.edu/entries/benjamin/|https://plato.stanford.edu/entries/gramsci/|https://plato.stanford.edu/entries/prior/	596
<http://dbpedia.org/resource/Lionel_Robbins>	Lionel Robbins	0.356019232875554	3	4	7	2	0	0	0	0	0	0	0	0	[]	False	False	False	True	Lionel Robbins	4	12	Lionel Robbins|Robbins	Lionel Robbins|Robbins	https://plato.stanford.edu/entries/ceteris-paribus/|https://plato.stanford.edu/entries/economics-early-modern/|https://plato.stanford.edu/entries/economics/|https://plato.stanford.edu/entries/social-choice/	597
<http://dbpedia.org/resource/Pierre_de_Fermat>	Pierre de Fermat	0.2784508943823049	1	3	4	0	10	0	0	0	0	0	0	0	[]	False	False	False	True	Pierre de Fermat	4	12	Pierre de Fermat|Fermat	Fermat|Pierre de Fermat	https://plato.stanford.edu/entries/continuity/|https://plato.stanford.edu/entries/descartes-mathematics/|https://plato.stanford.edu/entries/economics-early-modern/|https://plato.stanford.edu/entries/formal-epistemology/	598
<http://dbpedia.org/resource/Georges_Lemaître>	Georges Lemaître	0.3505255814830414	0	0	0	3	6	0	0	0	0	0	0	0	[]	False	False	False	True	Georges Lemaitre	4	11	Georges Lemaitre|Lemaitre	Georges Lemaitre|Lemaitre	https://plato.stanford.edu/entries/cosmology-30s/|https://plato.stanford.edu/entries/fundamentality/|https://plato.stanford.edu/entries/religion-science/|https://plato.stanford.edu/entries/teleological-arguments/	599
<http://dbpedia.org/resource/Marcel_Mauss>	Marcel Mauss	0.2923083804557702	7	2	9	0	1	0	0	0	0	0	0	0	[]	False	False	False	True	Marcel Mauss	4	11	Marcel Mauss|Mauss	Marcel Mauss|Mauss	https://plato.stanford.edu/entries/aesthetics-critical-theory/|https://plato.stanford.edu/entries/baudrillard/|https://plato.stanford.edu/entries/philanthropy/|https://plato.stanford.edu/entries/solidarity/	600
<http://dbpedia.org/resource/Adam_Ferguson>	Adam Ferguson	0.4348898185761425	4	3	7	0	0	0	0	0	0	0	0	0	[]	False	False	False	True	Adam Ferguson	4	10	Adam Ferguson	Adam Ferguson	https://plato.stanford.edu/entries/economics-early-modern/|https://plato.stanford.edu/entries/james-mill/|https://plato.stanford.edu/entries/scottish-18th/|https://plato.stanford.edu/entries/scottish-19th/	601
<http://dbpedia.org/resource/Jabir_ibn_Hayyan>	Jabir ibn Hayyan	0.6091195912621328	5	8	13	0	0	0	0	0	0	0	0	0	[]	False	False	False	True	Jabir ibn Hayyan	4	10	Jabir ibn Hayyan|Hayyan	Hayyan|Jabir ibn Hayyan	https://plato.stanford.edu/entries/abu-bakr-al-razi/|https://plato.stanford.edu/entries/al-baghdadi/|https://plato.stanford.edu/entries/arabic-islamic-mysticism/|https://plato.stanford.edu/entries/ikhwan-al-safa/	602
<http://dbpedia.org/resource/Pierre_Bourdieu>	Pierre Bourdieu	0.3223374924918391	11	8	19	0	0	0	0	0	0	0	0	0	[]	False	False	False	True	Pierre Bourdieu	4	10	Pierre Bourdieu|Bourdieu	Bourdieu|Pierre Bourdieu	https://plato.stanford.edu/entries/althusser/|https://plato.stanford.edu/entries/femapproach-prag-cont/|https://plato.stanford.edu/entries/kumaarila/|https://plato.stanford.edu/entries/schutz/	603
<http://dbpedia.org/resource/Ronald_Reagan>	Ronald Reagan	0.3640374390586444	1	1	2	0	0	0	0	0	0	0	0	0	[]	False	False	False	True	Ronald Reagan	4	10	Ronald Reagan|Reagan	Reagan|Ronald Reagan	https://plato.stanford.edu/entries/affirmative-action/|https://plato.stanford.edu/entries/evil-kinds-origins/|https://plato.stanford.edu/entries/fiction/|https://plato.stanford.edu/entries/propositions-structured/	604
<http://dbpedia.org/resource/Alexandre_Kojève>	Alexandre Kojève	0.5041486617417194	17	10	27	0	0	0	0	0	0	0	0	0	[]	False	False	False	True	Alexandre Kojeve	4	9	Alexandre Kojeve|Kojeve	Alexandre Kojeve|Kojeve	https://plato.stanford.edu/entries/hegel/|https://plato.stanford.edu/entries/lacan/|https://plato.stanford.edu/entries/merleau-ponty/|https://plato.stanford.edu/entries/strauss-leo/	605
<http://dbpedia.org/resource/Mary_Midgley>	Mary Midgley	0.2852638305040336	0	5	5	0	0	0	0	0	0	0	0	0	[]	False	False	False	True	Mary Midgley	4	9	Mary Midgley|Midgley	Mary Midgley|Midgley	https://plato.stanford.edu/entries/anscombe/|https://plato.stanford.edu/entries/it-moral-values/|https://plato.stanford.edu/entries/murdoch/|https://plato.stanford.edu/entries/philippa-foot/	606
<http://dbpedia.org/resource/Andy_Warhol>	Andy Warhol	0.2775	1	0	1	0	0	4	0	0	0	0	0	0	[Printmaking]	False	False	False	True	Andy Warhol	4	8	Andy Warhol|Warhol	Andy Warhol|Warhol	https://plato.stanford.edu/entries/aesthetic-experience/|https://plato.stanford.edu/entries/conceptual-art/|https://plato.stanford.edu/entries/heidegger-aesthetics/|https://plato.stanford.edu/entries/paradox-of-tragedy/	607
<http://dbpedia.org/resource/Anselm_of_Laon__Anselm_of_Laon__1>	Anselm of Laon  Anselm of Laon  1	0.4232142857142858	4	3	7	0	0	0	0	0	0	0	0	0	[]	False	False	False	True	Anselm of Laon	4	8	Anselm of Laon|Laon	Anselm of Laon	https://plato.stanford.edu/entries/abelard/|https://plato.stanford.edu/entries/medieval-emotions/|https://plato.stanford.edu/entries/medieval-literary/|https://plato.stanford.edu/entries/william-champeaux/	608
<http://dbpedia.org/resource/Colin_Maclaurin>	Colin Maclaurin	0.3366560049087744	0	2	2	1	7	0	0	0	0	0	0	0	[]	False	False	False	True	Colin Maclaurin	4	8	Colin Maclaurin|Maclaurin	Colin Maclaurin|Maclaurin	https://plato.stanford.edu/entries/hume-newton/|https://plato.stanford.edu/entries/hume-religion/|https://plato.stanford.edu/entries/newton-philosophy/|https://plato.stanford.edu/entries/scientific-method/	609
<http://dbpedia.org/resource/Duncan_Black>	Duncan Black	0.3205336246919926	1	3	4	1	0	0	0	0	0	0	0	0	[Social economics]	False	False	False	True	Duncan Black	4	8	Duncan Black	Duncan Black	https://plato.stanford.edu/entries/arabic-islamic-language/|https://plato.stanford.edu/entries/arrows-theorem/|https://plato.stanford.edu/entries/jury-theorems/|https://plato.stanford.edu/entries/social-choice/	610
<http://dbpedia.org/resource/Kurt_Lewin>	Kurt Lewin	0.4190632799263739	14	4	18	1	4	0	0	0	0	0	0	0	[]	False	False	False	True	Kurt Lewin	4	8	Kurt Lewin	Kurt Lewin	https://plato.stanford.edu/entries/logical-empiricism/|https://plato.stanford.edu/entries/reichenbach/|https://plato.stanford.edu/entries/stumpf/|https://plato.stanford.edu/entries/vienna-circle/	611
<http://dbpedia.org/resource/Margaret_Thatcher>	Margaret Thatcher	0.868770650075806	1	6	7	1	0	0	0	0	0	0	0	0	[]	False	False	False	True	Margaret Thatcher	4	8	Margaret Thatcher|Thatcher	Margaret Thatcher|Thatcher	https://plato.stanford.edu/entries/akan-person/|https://plato.stanford.edu/entries/conservatism/|https://plato.stanford.edu/entries/metaphor/|https://plato.stanford.edu/entries/qualia-inverted/	612
<http://dbpedia.org/resource/Alain_Badiou>	Alain Badiou	0.3374456482096257	13	8	21	0	0	0	0	0	0	0	0	0	[]	False	False	False	True	Alain Badiou	4	7	Alain Badiou|Badiou	Alain Badiou|Badiou	https://plato.stanford.edu/entries/althusser/|https://plato.stanford.edu/entries/fideism/|https://plato.stanford.edu/entries/process-philosophy/|https://plato.stanford.edu/entries/scientific-pluralism/	613
<http://dbpedia.org/resource/James_T._Cushing>	James T. Cushing	0.3642115785828928	0	1	1	3	0	0	0	0	0	0	0	0	[]	False	False	False	True	James T. Cushing	4	7	James T. Cushing|Cushing	Cushing|James T. Cushing	https://plato.stanford.edu/entries/einstein-philscience/|https://plato.stanford.edu/entries/monism/|https://plato.stanford.edu/entries/qm-collapse/|https://plato.stanford.edu/entries/structural-realism/	614
<http://dbpedia.org/resource/Claude_Lefort>	Claude Lefort	0.3596106623932021	5	8	13	0	0	0	0	0	0	0	0	0	[]	False	False	False	True	Claude Lefort	4	6	Claude Lefort|Lefort	Claude Lefort	https://plato.stanford.edu/entries/levinas/|https://plato.stanford.edu/entries/lyotard/|https://plato.stanford.edu/entries/merleau-ponty/|https://plato.stanford.edu/entries/sartre/	615
<http://dbpedia.org/resource/G._B._Halsted>	G. B. Halsted	0.2855089090728644	1	0	1	2	1	0	0	0	0	0	0	0	[]	False	False	False	True	G. B. Halsted	4	6	G. B. Halsted|Halsted	G. B. Halsted	https://plato.stanford.edu/entries/boundary/|https://plato.stanford.edu/entries/geometry-19th/|https://plato.stanford.edu/entries/theoretical-terms-science/|https://plato.stanford.edu/entries/zermelo-set-theory/	616
<http://dbpedia.org/resource/Johann_Bernoulli>	Johann Bernoulli	0.6823840067363344	0	0	0	0	5	0	0	0	0	0	0	0	[]	False	False	False	True	Johann Bernoulli	4	6	Johann Bernoulli	Johann Bernoulli	https://plato.stanford.edu/entries/continuity/|https://plato.stanford.edu/entries/leibniz/|https://plato.stanford.edu/entries/newton-principia/|https://plato.stanford.edu/entries/newton/	617
<http://dbpedia.org/resource/Michael_Lewis_(philosopher)>	Michael Lewis (philosopher)	0.3688529201605452	0	4	4	0	0	0	0	0	0	0	0	0	[]	False	False	False	True	Michael Lewis	4	6	Michael Lewis	Michael Lewis	https://plato.stanford.edu/entries/emotion/|https://plato.stanford.edu/entries/fiction-emotion-response/|https://plato.stanford.edu/entries/folkpsych-simulation/|https://plato.stanford.edu/entries/pleasure/	618
<http://dbpedia.org/resource/Simplicius_of_Cilicia>	Simplicius of Cilicia	0.3543472113697563	1	3	4	0	0	0	0	0	0	0	0	0	[]	False	False	False	True	Simplicius of Cilicia	4	6	Simplicius of Cilicia|Cilicia	Cilicia|Simplicius of Cilicia	https://plato.stanford.edu/entries/confirmation/|https://plato.stanford.edu/entries/johann-sturm/|https://plato.stanford.edu/entries/pico-della-mirandola/|https://plato.stanford.edu/entries/simplicius/	619
<http://dbpedia.org/resource/David_Williams_(mathematician)>	David Williams (mathematician)	0.4231384699916686	0	0	0	1	1	0	0	0	0	0	0	0	[]	False	False	False	True	David Williams	4	5	David Williams	David Williams	https://plato.stanford.edu/entries/emilie-du-chatelet/|https://plato.stanford.edu/entries/histfem-condorcet/|https://plato.stanford.edu/entries/phylogenetic-inference/|https://plato.stanford.edu/entries/voltaire/	620
<http://dbpedia.org/resource/Sissela_Bok>	Sissela Bok	0.3387193620414626	1	3	4	0	0	0	0	0	0	0	0	0	[]	False	False	False	True	Sissela Bok	4	5	Sissela Bok	Sissela Bok	https://plato.stanford.edu/entries/lying-definition/|https://plato.stanford.edu/entries/moral-relativism/|https://plato.stanford.edu/entries/privacy-medicine/|https://plato.stanford.edu/entries/privacy/	621
<http://dbpedia.org/resource/Umberto_Eco>	Umberto Eco	0.3602767966794534	3	3	6	0	0	0	0	0	0	0	0	0	[]	False	False	False	True	Umberto Eco	4	5	Umberto Eco	Umberto Eco	https://plato.stanford.edu/entries/beauty/|https://plato.stanford.edu/entries/femapproach-prag-cont/|https://plato.stanford.edu/entries/lambert-auxerre/|https://plato.stanford.edu/entries/roger-bacon/	622
<http://dbpedia.org/resource/Gary_Becker>	Gary Becker	0.2867617048193707	9	5	14	1	0	0	0	0	0	0	0	0	[Economics]	False	False	False	True	Gary Becker	4	4	Gary Becker	Gary Becker	https://plato.stanford.edu/entries/civil-rights/|https://plato.stanford.edu/entries/economics/|https://plato.stanford.edu/entries/foucault/|https://plato.stanford.edu/entries/markets/	623
<http://dbpedia.org/resource/Henry_of_Langenstein>	Henry of Langenstein	0.5007284420459482	0	5	5	0	1	0	0	0	0	0	0	0	[]	False	False	False	True	Henry of Langenstein	4	4	Henry of Langenstein|Langenstein	Henry of Langenstein	https://plato.stanford.edu/entries/fitzralph/|https://plato.stanford.edu/entries/gregory-rimini/|https://plato.stanford.edu/entries/nicole-oresme/|https://plato.stanford.edu/entries/wodeham/	624
<http://dbpedia.org/resource/Jacques_Bouveresse>	Jacques Bouveresse	0.538337877997788	0	3	3	0	0	0	0	0	0	0	0	0	[]	False	False	False	True	Jacques Bouveresse	4	4	Jacques Bouveresse|Bouveresse	Jacques Bouveresse	https://plato.stanford.edu/entries/language-thought/|https://plato.stanford.edu/entries/meaning/|https://plato.stanford.edu/entries/platonism/|https://plato.stanford.edu/entries/self-consciousness/	625
<http://dbpedia.org/resource/John_Marshall_(archaeologist)>	John Marshall (archaeologist)	0.7025000000000001	2	5	7	1	7	0	0	0	0	0	0	0	[]	False	False	False	True	John Marshall	4	4	John Marshall	John Marshall	https://plato.stanford.edu/entries/locke/|https://plato.stanford.edu/entries/prisoner-dilemma/|https://plato.stanford.edu/entries/race/|https://plato.stanford.edu/entries/transcendentalism/	626
<http://dbpedia.org/resource/José_Carlos_Mariátegui>	José Carlos Mariátegui	0.5342406861360133	4	8	12	0	0	0	0	0	0	0	0	1	[]	False	False	False	True	Jose Carlos Mariategui	4	4	Jose Carlos Mariategui	Jose Carlos Mariategui	https://plato.stanford.edu/entries/critical-phil-race/|https://plato.stanford.edu/entries/latin-american-philosophy/|https://plato.stanford.edu/entries/liberation/|https://plato.stanford.edu/entries/philosophy-mexico/	627
<http://dbpedia.org/resource/Joseph_Campbell>	Joseph Campbell	0.2790135380288095	1	5	6	0	0	0	0	0	0	0	0	0	[]	False	False	False	True	Joseph Campbell	4	4	Joseph Campbell	Joseph Campbell	https://plato.stanford.edu/entries/causal-models/|https://plato.stanford.edu/entries/divine-freedom/|https://plato.stanford.edu/entries/implicature/|https://plato.stanford.edu/entries/skepticism-moral-responsibility/	628
<http://dbpedia.org/resource/Oscar_Wilde>	Oscar Wilde	0.3035537721138899	3	3	6	2	0	2	0	0	0	0	0	0	[]	False	False	False	True	Oscar Wilde	4	4	Oscar Wilde|Wilde	Oscar Wilde	https://plato.stanford.edu/entries/concept-evil/|https://plato.stanford.edu/entries/depiction/|https://plato.stanford.edu/entries/humor/|https://plato.stanford.edu/entries/pragmatism/	629
<http://dbpedia.org/resource/Tibor_Machan>	Tibor Machan	0.6817108289888644	0	13	13	0	0	0	0	0	0	0	0	0	[]	False	False	False	True	Tibor Machan	4	4	Tibor Machan|Machan	Tibor Machan	https://plato.stanford.edu/entries/dignity/|https://plato.stanford.edu/entries/neoliberalism/|https://plato.stanford.edu/entries/property/|https://plato.stanford.edu/entries/spencer/	630
<http://dbpedia.org/resource/W._D._Hamilton>	W. D. Hamilton	0.3469875	3	1	4	3	2	0	0	0	0	0	0	0	[]	False	False	False	True	W. D. Hamilton	4	4	W. D. Hamilton	W. D. Hamilton	https://plato.stanford.edu/entries/computational-philosophy/|https://plato.stanford.edu/entries/genetics/|https://plato.stanford.edu/entries/population-genetics/|https://plato.stanford.edu/entries/sociobiology/	631
<http://dbpedia.org/resource/William_Blackstone>	William Blackstone	0.2932134095238479	1	3	4	2	0	0	0	0	0	0	0	0	[]	False	False	False	True	William Blackstone	4	4	William Blackstone	William Blackstone	https://plato.stanford.edu/entries/austin-john/|https://plato.stanford.edu/entries/bentham/|https://plato.stanford.edu/entries/civil-rights/|https://plato.stanford.edu/entries/promises/	632
<http://dbpedia.org/resource/Kitaro_Nishida>	Kitaro Nishida	0.3744258792680611	8	15	23	0	0	0	0	0	0	0	0	0	[]	False	False	False	True	Kitaro Nishida	3	715	Kitaro Nishida|Nishida	Kitaro Nishida|Nishida	https://plato.stanford.edu/entries/kierkegaard/|https://plato.stanford.edu/entries/kyoto-school/|https://plato.stanford.edu/entries/nishida-kitaro/	633
<http://dbpedia.org/resource/Jean_Baudrillard>	Jean Baudrillard	0.4207382745288023	13	6	19	0	0	0	0	0	0	0	0	0	[]	False	False	False	True	Jean Baudrillard	3	264	Jean Baudrillard|Baudrillard	Baudrillard|Jean Baudrillard	https://plato.stanford.edu/entries/baudrillard/|https://plato.stanford.edu/entries/ethics-it-phenomenology/|https://plato.stanford.edu/entries/postmodernism/	634
<http://dbpedia.org/resource/Robert_Aumann>	Robert Aumann	0.2999910666764867	2	0	2	3	0	0	0	0	0	0	0	0	[]	False	False	False	True	Robert Aumann	3	99	Robert Aumann|Aumann	Aumann|Robert Aumann	https://plato.stanford.edu/entries/common-knowledge/|https://plato.stanford.edu/entries/convention/|https://plato.stanford.edu/entries/epistemic-game/	635
<http://dbpedia.org/resource/David_Malet_Armstrong>	David Malet Armstrong	0.3973596900639434	1	2	3	0	0	0	0	0	0	0	0	0	[]	False	False	False	True	David Malet Armstrong	3	88	David Malet Armstrong|Armstrong	Armstrong|David Malet Armstrong	https://plato.stanford.edu/entries/anderson-john/|https://plato.stanford.edu/entries/properties/|https://plato.stanford.edu/entries/tropes/	636
<http://dbpedia.org/resource/Michel_Henry>	Michel Henry	0.5266019073407374	3	7	10	0	0	0	0	0	0	0	0	0	[]	False	False	False	True	Michel Henry	3	58	Michel Henry	Michel Henry	https://plato.stanford.edu/entries/merleau-ponty/|https://plato.stanford.edu/entries/michel-henry/|https://plato.stanford.edu/entries/self-consciousness-phenomenological/	637
<http://dbpedia.org/resource/Damaris_Cudworth_Masham>	Damaris Cudworth Masham	0.4050658690272256	3	6	9	0	0	0	0	0	0	0	0	0	[]	False	False	False	True	Damaris Cudworth Masham	3	56	Damaris Cudworth Masham|Masham	Damaris Cudworth Masham|Masham	https://plato.stanford.edu/entries/cockburn/|https://plato.stanford.edu/entries/feminism-ethics/|https://plato.stanford.edu/entries/lady-masham/	638
<http://dbpedia.org/resource/Motoori_Norinaga>	Motoori Norinaga	0.5325000000000001	1	4	5	0	0	0	0	0	0	0	0	0	[]	False	False	False	True	Motoori Norinaga	3	55	Motoori Norinaga|Norinaga	Motoori Norinaga|Norinaga	https://plato.stanford.edu/entries/japanese-aesthetics/|https://plato.stanford.edu/entries/japanese-philosophy/|https://plato.stanford.edu/entries/kokugaku-school/	639
<http://dbpedia.org/resource/Mohammed_Rustom>	Mohammed Rustom	0.4952573631189536	0	2	2	0	0	0	0	0	0	0	0	0	[]	False	False	False	True	Mohammed Rustom	3	39	Mohammed Rustom|Rustom	Mohammed Rustom|Rustom	https://plato.stanford.edu/entries/al-qudat/|https://plato.stanford.edu/entries/ibn-arabi/|https://plato.stanford.edu/entries/mulla-sadra/	640
<http://dbpedia.org/resource/Keith_Donnellan>	Keith Donnellan	0.3620118602850639	0	3	3	0	0	0	0	0	0	0	0	0	[]	False	False	False	True	Keith Donnellan	3	37	Keith Donnellan|Donnellan	Donnellan|Keith Donnellan	https://plato.stanford.edu/entries/names/|https://plato.stanford.edu/entries/pragmatics/|https://plato.stanford.edu/entries/reference/	641
<http://dbpedia.org/resource/Joachim_Lambek>	Joachim Lambek	0.2874394460634913	0	0	0	1	4	0	0	0	0	0	0	0	[]	False	False	False	True	Joachim Lambek	3	35	Joachim Lambek|Lambek	Joachim Lambek|Lambek	https://plato.stanford.edu/entries/information-semantic/|https://plato.stanford.edu/entries/logic-substructural/|https://plato.stanford.edu/entries/propositional-function/	642
<http://dbpedia.org/resource/Antoine_Lavoisier>	Antoine Lavoisier	0.2957142857142857	3	2	5	2	12	0	0	0	0	0	0	0	[]	False	False	False	True	Antoine Lavoisier	3	33	Antoine Lavoisier|Lavoisier	Antoine Lavoisier|Lavoisier	https://plato.stanford.edu/entries/atomism-modern/|https://plato.stanford.edu/entries/chemistry/|https://plato.stanford.edu/entries/economics-early-modern/	643
<http://dbpedia.org/resource/Chris_Bobonich>	Chris Bobonich	0.3316875	0	1	1	0	0	0	0	0	0	0	0	0	[]	False	False	False	True	Chris Bobonich	3	31	Chris Bobonich|Bobonich	Bobonich|Chris Bobonich	https://plato.stanford.edu/entries/plato-ethics-politics/|https://plato.stanford.edu/entries/plato-ethics/|https://plato.stanford.edu/entries/plato-laws/	644
<http://dbpedia.org/resource/Emma_Goldman>	Emma Goldman	0.762342277277486	7	13	20	0	0	0	0	0	0	0	0	0	[]	False	False	False	True	Emma Goldman	3	31	Emma Goldman|Goldman	Emma Goldman|Goldman	https://plato.stanford.edu/entries/anarchism/|https://plato.stanford.edu/entries/feminism-class/|https://plato.stanford.edu/entries/feminism-ethics/	645
<http://dbpedia.org/resource/Stephen_Neale>	Stephen Neale	0.719470146501316	0	5	5	0	0	0	0	0	0	0	0	0	[]	False	False	False	True	Stephen Neale	3	27	Stephen Neale|Neale	Neale|Stephen Neale	https://plato.stanford.edu/entries/descriptions/|https://plato.stanford.edu/entries/logical-form/|https://plato.stanford.edu/entries/truth-values/	646
<http://dbpedia.org/resource/Georges_Cuvier>	Georges Cuvier	0.3595227270089286	9	4	13	0	7	0	0	0	0	0	0	0	[]	False	False	False	True	Georges Cuvier	3	25	Georges Cuvier|Cuvier	Cuvier|Georges Cuvier	https://plato.stanford.edu/entries/aristotle-biology/|https://plato.stanford.edu/entries/evolution-before-darwin/|https://plato.stanford.edu/entries/phil-bio-latin-america/	647
<http://dbpedia.org/resource/György_Lukács>	György Lukács	0.3488103309652147	25	8	33	0	0	0	0	0	0	0	0	0	[]	False	False	False	True	Gyorgy Lukacs	3	25	Gyorgy Lukacs|Lukacs	Gyorgy Lukacs|Lukacs	https://plato.stanford.edu/entries/benjamin/|https://plato.stanford.edu/entries/lakatos/|https://plato.stanford.edu/entries/weber/	648
<http://dbpedia.org/resource/Emmanuel_Mounier>	Emmanuel Mounier	0.4963718289260798	5	6	11	0	0	0	0	0	0	0	0	0	[]	False	False	False	True	Emmanuel Mounier	3	24	Emmanuel Mounier|Mounier	Emmanuel Mounier|Mounier	https://plato.stanford.edu/entries/bergson/|https://plato.stanford.edu/entries/maritain/|https://plato.stanford.edu/entries/personalism/	649
<http://dbpedia.org/resource/Henri_de_Saint-Simon>	Henri de Saint-Simon	1.1861387727563453	12	18	30	0	0	0	0	0	0	0	0	0	[]	False	False	False	True	Henri de Saint-Simon	3	23	Henri de Saint-Simon|Saint-Simon	Henri de Saint-Simon|Saint-Simon	https://plato.stanford.edu/entries/comte/|https://plato.stanford.edu/entries/latin-american-philosophy/|https://plato.stanford.edu/entries/solidarity/	650
<http://dbpedia.org/resource/Quentin_Meillassoux>	Quentin Meillassoux	0.3152849279759883	2	8	10	0	0	0	0	0	0	0	0	0	[]	False	False	False	True	Quentin Meillassoux	3	22	Quentin Meillassoux|Meillassoux	Meillassoux|Quentin Meillassoux	https://plato.stanford.edu/entries/dialetheism/|https://plato.stanford.edu/entries/fideism/|https://plato.stanford.edu/entries/hermeneutics/	651
<http://dbpedia.org/resource/Giorgio_Agamben>	Giorgio Agamben	0.621301036973293	4	13	17	0	0	0	0	0	0	0	0	0	[]	False	False	False	True	Giorgio Agamben	3	21	Giorgio Agamben|Agamben	Agamben|Giorgio Agamben	https://plato.stanford.edu/entries/benjamin/|https://plato.stanford.edu/entries/critical-theory/|https://plato.stanford.edu/entries/simone-weil/	652
<http://dbpedia.org/resource/Simon_Critchley>	Simon Critchley	0.8900413588114012	0	18	18	0	0	0	0	0	0	0	0	0	[]	False	False	False	True	Simon Critchley	3	21	Simon Critchley|Critchley	Critchley|Simon Critchley	https://plato.stanford.edu/entries/humor/|https://plato.stanford.edu/entries/levinas/|https://plato.stanford.edu/entries/vagueness/	653
<http://dbpedia.org/resource/Carl_Jung>	Carl Jung	1.1506647521672928	34	23	57	2	9	0	0	0	0	0	0	0	[]	False	False	False	True	Carl Jung	3	18	Carl Jung|Jung	Carl Jung|Jung	https://plato.stanford.edu/entries/buber/|https://plato.stanford.edu/entries/nietzsche-life-works/|https://plato.stanford.edu/entries/pragmatics/	654
<http://dbpedia.org/resource/Richard_Lower_(physician)>	Richard Lower (physician)	0.332473165618918	0	1	1	1	2	0	0	0	0	0	0	0	[]	False	False	False	True	Richard Lower	3	18	Richard Lower|Lower	Lower|Richard Lower	https://plato.stanford.edu/entries/desgabets/|https://plato.stanford.edu/entries/locke-on-medicine/|https://plato.stanford.edu/entries/locke/	655
<http://dbpedia.org/resource/John_Muir>	John Muir	0.3650626870509475	1	3	4	1	0	0	0	0	0	0	0	0	[]	False	False	False	True	John Muir	3	17	John Muir|Muir	John Muir|Muir	https://plato.stanford.edu/entries/alexander-humboldt/|https://plato.stanford.edu/entries/environmental-aesthetics/|https://plato.stanford.edu/entries/ethics-environmental/	656
<http://dbpedia.org/resource/Nel_Noddings>	Nel Noddings	0.3547625209084357	0	5	5	0	0	0	0	0	0	0	0	0	[]	False	False	False	True	Nel Noddings	3	17	Nel Noddings|Noddings	Nel Noddings|Noddings	https://plato.stanford.edu/entries/concept-evil/|https://plato.stanford.edu/entries/feminism-ethics/|https://plato.stanford.edu/entries/pacifism/	657
<http://dbpedia.org/resource/Stilpo>	Stilpo	0.658264023796609	6	5	11	0	0	0	0	0	0	0	0	0	[]	False	False	False	True	Stilpo	3	17	Stilpo	Stilpo	https://plato.stanford.edu/entries/cyrenaics/|https://plato.stanford.edu/entries/dialectical-school/|https://plato.stanford.edu/entries/timon-phlius/	658
<http://dbpedia.org/resource/Gilbert_Simondon>	Gilbert Simondon	0.3331616265016988	6	7	13	0	0	0	0	0	0	0	0	0	[]	False	False	False	True	Gilbert Simondon	3	16	Gilbert Simondon|Simondon	Gilbert Simondon|Simondon	https://plato.stanford.edu/entries/deleuze/|https://plato.stanford.edu/entries/phil-science-latin-america/|https://plato.stanford.edu/entries/technology/	659
<http://dbpedia.org/resource/Ivan_Pavlov>	Ivan Pavlov	0.3635278692343489	4	3	7	1	0	0	0	0	0	0	0	0	[]	False	False	False	True	Ivan Pavlov	3	16	Ivan Pavlov|Pavlov	Ivan Pavlov|Pavlov	https://plato.stanford.edu/entries/associationist-thought/|https://plato.stanford.edu/entries/behaviorism/|https://plato.stanford.edu/entries/comparative-cognition/	660
<http://dbpedia.org/resource/Susan_Brison>	Susan Brison	0.3859658350376519	0	3	3	0	0	0	0	0	0	0	0	0	[]	False	False	False	True	Susan Brison	3	16	Susan Brison|Brison	Brison|Susan Brison	https://plato.stanford.edu/entries/feminism-autonomy/|https://plato.stanford.edu/entries/feminist-sex-markets/|https://plato.stanford.edu/entries/hate-speech/	661
<http://dbpedia.org/resource/C._E._M._Joad>	C. E. M. Joad	0.3129459898630557	0	2	2	0	0	0	0	0	0	0	0	0	[]	False	False	False	True	C. E. M. Joad	3	15	C. E. M. Joad|Joad	C. E. M. Joad|Joad	https://plato.stanford.edu/entries/art-ontology-history/|https://plato.stanford.edu/entries/ayer/|https://plato.stanford.edu/entries/stebbing/	662
<http://dbpedia.org/resource/Jean_Bricmont>	Jean Bricmont	0.471604076376323	0	1	1	0	0	0	0	0	0	0	0	0	[]	False	False	False	True	Jean Bricmont	3	15	Jean Bricmont|Bricmont	Bricmont|Jean Bricmont	https://plato.stanford.edu/entries/cosmological-argument/|https://plato.stanford.edu/entries/deleuze/|https://plato.stanford.edu/entries/qm-bohm/	663
<http://dbpedia.org/resource/Robert_C._Solomon>	Robert C. Solomon	0.387109487450968	0	5	5	0	0	0	0	0	0	0	0	0	[]	False	False	False	True	Robert C. Solomon	3	14	Robert C. Solomon|Solomon	Robert C. Solomon|Solomon	https://plato.stanford.edu/entries/hegel-dialectics/|https://plato.stanford.edu/entries/japanese-aesthetics/|https://plato.stanford.edu/entries/trust/	664
<http://dbpedia.org/resource/Johannes_Althusius>	Johannes Althusius	0.2781117227011428	0	1	1	0	0	0	0	0	0	0	0	0	[]	False	False	False	True	Johannes Althusius	3	13	Johannes Althusius|Althusius	Althusius|Johannes Althusius	https://plato.stanford.edu/entries/federalism/|https://plato.stanford.edu/entries/justus-lipsius/|https://plato.stanford.edu/entries/marsilius-padua/	665
<http://dbpedia.org/resource/Karl_Christian_Friedrich_Krause>	Karl Christian Friedrich Krause	0.308815085347844	1	4	5	0	0	0	0	0	0	0	0	0	[]	False	False	False	True	Karl Christian Friedrich Krause	3	13	Karl Christian Friedrich Krause|Krause	Karl Christian Friedrich Krause|Krause	https://plato.stanford.edu/entries/gasset/|https://plato.stanford.edu/entries/panentheism/|https://plato.stanford.edu/entries/schopenhauer/	666
<http://dbpedia.org/resource/Ludwig_von_Bertalanffy>	Ludwig von Bertalanffy	0.3657318310947244	8	8	16	1	2	0	0	0	0	0	0	0	[]	False	False	False	True	Ludwig von Bertalanffy	3	13	Ludwig von Bertalanffy|Bertalanffy	Bertalanffy|Ludwig von Bertalanffy	https://plato.stanford.edu/entries/levels-org-biology/|https://plato.stanford.edu/entries/reduction-biology/|https://plato.stanford.edu/entries/systems-synthetic-biology/	667
<http://dbpedia.org/resource/August_Kekulé>	August Kekulé	0.6062108368757697	1	6	7	1	2	0	0	0	0	0	0	0	[]	False	False	False	True	August Kekule	3	11	August Kekule|Kekule	August Kekule|Kekule	https://plato.stanford.edu/entries/chemistry/|https://plato.stanford.edu/entries/creativity/|https://plato.stanford.edu/entries/natural-kinds/	668
<http://dbpedia.org/resource/Hamid_al-Din_al-Kirmani>	Hamid al-Din al-Kirmani	0.3267962766026774	0	2	2	0	0	0	0	0	0	0	0	0	[]	False	False	False	True	Hamid al-Din al-Kirmani	3	11	Hamid al-Din al-Kirmani|al-Kirmani	Hamid al-Din al-Kirmani|al-Kirmani	https://plato.stanford.edu/entries/abu-bakr-al-razi/|https://plato.stanford.edu/entries/arabic-islamic-mysticism/|https://plato.stanford.edu/entries/ikhwan-al-safa/	669
<http://dbpedia.org/resource/Regiomontanus>	Regiomontanus	0.289665625	0	0	0	0	2	0	0	0	0	0	0	0	[]	False	False	False	True	Regiomontanus	3	11	Regiomontanus	Regiomontanus	https://plato.stanford.edu/entries/bessarion/|https://plato.stanford.edu/entries/copernicus/|https://plato.stanford.edu/entries/natphil-ren/	670
<http://dbpedia.org/resource/Susan_Goldin-Meadow>	Susan Goldin-Meadow	0.34125	0	0	0	2	1	0	0	0	0	0	0	0	[]	False	False	False	True	Susan Goldin-Meadow	3	10	Susan Goldin-Meadow|Goldin-Meadow	Goldin-Meadow|Susan Goldin-Meadow	https://plato.stanford.edu/entries/linguistics/|https://plato.stanford.edu/entries/sign-language-semantics/|https://plato.stanford.edu/entries/theater/	671
<http://dbpedia.org/resource/Fabian_Freyenhagen>	Fabian Freyenhagen	0.2881540352342185	0	3	3	0	0	0	0	0	0	0	0	0	[]	False	False	False	True	Fabian Freyenhagen	3	9	Fabian Freyenhagen|Freyenhagen	Fabian Freyenhagen|Freyenhagen	https://plato.stanford.edu/entries/decision-capacity/|https://plato.stanford.edu/entries/habermas/|https://plato.stanford.edu/entries/luther-influence/	672
<http://dbpedia.org/resource/John_Selden>	John Selden	0.4259433417842507	18	3	21	0	0	0	0	0	0	0	0	0	[]	False	False	False	True	John Selden	3	9	John Selden|Selden	John Selden|Selden	https://plato.stanford.edu/entries/grotius/|https://plato.stanford.edu/entries/pufendorf-moral/|https://plato.stanford.edu/entries/territorial-rights/	673
<http://dbpedia.org/resource/Paul_Ricœur>	Paul Ricœur	0.6419902871622158	5	9	14	0	0	0	0	0	0	0	0	0	[]	False	False	False	True	Paul Ricœur	3	9	Paul Ricœur|Ricœur	Paul Ricœur|Ricœur	https://plato.stanford.edu/entries/augustine/|https://plato.stanford.edu/entries/history/|https://plato.stanford.edu/entries/levinas/	674
<http://dbpedia.org/resource/Diogenes_of_Apollonia>	Diogenes of Apollonia	0.3794509672562685	3	2	5	0	0	0	0	0	0	0	0	0	[]	False	False	False	True	Diogenes of Apollonia	3	8	Diogenes of Apollonia|Apollonia	Diogenes of Apollonia	https://plato.stanford.edu/entries/anaxagoras/|https://plato.stanford.edu/entries/presocratics/|https://plato.stanford.edu/entries/theophrastus/	675
<http://dbpedia.org/resource/Gary_Peller>	Gary Peller	1.83389234876834	0	3	3	0	0	0	0	0	0	0	0	0	[]	False	False	False	True	Gary Peller	3	8	Gary Peller|Peller	Gary Peller|Peller	https://plato.stanford.edu/entries/civil-rights/|https://plato.stanford.edu/entries/critical-theory/|https://plato.stanford.edu/entries/feminist-philosophy/	676
<http://dbpedia.org/resource/H._G._Wells>	H. G. Wells	0.296554311664826	3	1	4	1	0	13	0	0	0	0	0	0	[]	False	False	False	True	H. G. Wells	3	8	H. G. Wells|Wells	H. G. Wells|Wells	https://plato.stanford.edu/entries/time-machine/|https://plato.stanford.edu/entries/vagueness/|https://plato.stanford.edu/entries/world-government/	677
<http://dbpedia.org/resource/Masao_Abe>	Masao Abe	0.9180741454273864	0	9	9	0	0	0	0	0	0	0	0	0	[]	False	False	False	True	Masao Abe	3	8	Masao Abe	Masao Abe	https://plato.stanford.edu/entries/kyoto-school/|https://plato.stanford.edu/entries/nishida-kitaro/|https://plato.stanford.edu/entries/religion-comparative/	678
<http://dbpedia.org/resource/Pierre-Joseph_Proudhon>	Pierre-Joseph Proudhon	0.3459766272894655	18	8	26	0	0	0	0	0	0	0	0	0	[]	False	False	False	True	Pierre-Joseph Proudhon	3	8	Pierre-Joseph Proudhon|Proudhon	Pierre-Joseph Proudhon|Proudhon	https://plato.stanford.edu/entries/anderson-john/|https://plato.stanford.edu/entries/federalism/|https://plato.stanford.edu/entries/oakeshott/	679
<http://dbpedia.org/resource/Theodore_George>	Theodore George	0.3072385410799273	1	3	4	0	0	0	0	0	0	0	0	0	[]	False	False	False	True	Theodore George	3	8	Theodore George	Theodore George	https://plato.stanford.edu/entries/femapproach-analy-cont/|https://plato.stanford.edu/entries/gadamer-aesthetics/|https://plato.stanford.edu/entries/hermeneutics/	680
<http://dbpedia.org/resource/Hippolytus_of_Rome>	Hippolytus of Rome	0.2941276268843526	1	1	2	0	0	0	0	0	0	0	0	0	[]	False	False	False	True	Hippolytus of Rome	3	7	Hippolytus of Rome|Rome	Hippolytus of Rome|Rome	https://plato.stanford.edu/entries/byzantine-philosophy/|https://plato.stanford.edu/entries/doxography-ancient/|https://plato.stanford.edu/entries/presocratics/	681
<http://dbpedia.org/resource/Immanuel_Wallerstein>	Immanuel Wallerstein	0.2985068563864106	3	6	9	0	0	0	0	0	0	0	0	0	[]	False	False	False	True	Immanuel Wallerstein	3	7	Immanuel Wallerstein|Wallerstein	Immanuel Wallerstein|Wallerstein	https://plato.stanford.edu/entries/colonialism/|https://plato.stanford.edu/entries/critical-theory/|https://plato.stanford.edu/entries/world-government/	682
<http://dbpedia.org/resource/Jean_Genet>	Jean Genet	0.2775	1	0	1	0	0	4	0	0	0	0	0	0	[]	False	False	False	True	Jean Genet	3	7	Jean Genet|Genet	Genet|Jean Genet	https://plato.stanford.edu/entries/derrida/|https://plato.stanford.edu/entries/existentialism/|https://plato.stanford.edu/entries/sartre/	683
<http://dbpedia.org/resource/Maurice_Natanson>	Maurice Natanson	0.3737766771920288	0	5	5	0	0	0	0	0	0	0	0	0	[]	False	False	False	True	Maurice Natanson	3	7	Maurice Natanson|Natanson	Maurice Natanson|Natanson	https://plato.stanford.edu/entries/gasset/|https://plato.stanford.edu/entries/mead/|https://plato.stanford.edu/entries/schutz/	684
<http://dbpedia.org/resource/Peyton_Young>	Peyton Young	0.285	0	0	0	3	3	0	0	0	0	0	0	0	[]	False	False	False	True	Peyton Young	3	7	Peyton Young	Peyton Young	https://plato.stanford.edu/entries/agent-modeling-philscience/|https://plato.stanford.edu/entries/convention/|https://plato.stanford.edu/entries/social-norms/	685
<http://dbpedia.org/resource/Cesare_Lombroso>	Cesare Lombroso	0.4563105305638594	3	7	10	0	1	0	0	0	0	0	0	0	[]	False	False	False	True	Cesare Lombroso	3	6	Cesare Lombroso|Lombroso	Cesare Lombroso|Lombroso	https://plato.stanford.edu/entries/della-porta/|https://plato.stanford.edu/entries/montessori-maria/|https://plato.stanford.edu/entries/plato-aesthetics/	686
<http://dbpedia.org/resource/Dirk_Helbing>	Dirk Helbing	0.3243716507913832	0	0	0	1	6	0	0	0	0	0	0	0	[]	False	False	False	True	Dirk Helbing	3	6	Dirk Helbing|Helbing	Dirk Helbing|Helbing	https://plato.stanford.edu/entries/agent-modeling-philscience/|https://plato.stanford.edu/entries/ethics-ai/|https://plato.stanford.edu/entries/prisoner-dilemma/	687
<http://dbpedia.org/resource/Hans_Albert>	Hans Albert	0.2843633767250783	0	3	3	0	0	0	0	0	0	0	0	0	[]	False	False	False	True	Hans Albert	3	6	Hans Albert|Albert	Albert|Hans Albert	https://plato.stanford.edu/entries/critical-theory/|https://plato.stanford.edu/entries/lakatos/|https://plato.stanford.edu/entries/scientific-pluralism/	688
<http://dbpedia.org/resource/Isabelle_Stengers>	Isabelle Stengers	0.3882200216496322	1	6	7	0	0	0	0	0	0	0	0	0	[]	False	False	False	True	Isabelle Stengers	3	6	Isabelle Stengers|Stengers	Isabelle Stengers|Stengers	https://plato.stanford.edu/entries/diderot/|https://plato.stanford.edu/entries/selection-units/|https://plato.stanford.edu/entries/whitehead/	689
<http://dbpedia.org/resource/Peter_Hacker>	Peter Hacker	1.3483303385667869	3	12	15	0	0	0	0	0	0	0	0	0	[]	False	False	False	True	Peter Hacker	3	6	Peter Hacker|Hacker	Hacker|Peter Hacker	https://plato.stanford.edu/entries/hermann-helmholtz/|https://plato.stanford.edu/entries/latin-american-analytic/|https://plato.stanford.edu/entries/prichard/	690
<http://dbpedia.org/resource/Richard_Kearney>	Richard Kearney	0.3989804283791483	0	5	5	0	0	0	0	0	0	0	0	0	[]	False	False	False	True	Richard Kearney	3	6	Richard Kearney|Kearney	Kearney|Richard Kearney	https://plato.stanford.edu/entries/hermeneutics/|https://plato.stanford.edu/entries/levinas/|https://plato.stanford.edu/entries/marcel/	691
<http://dbpedia.org/resource/Tobias_Nipkow>	Tobias Nipkow	0.3142645183475379	0	0	0	0	1	0	0	0	0	0	0	0	[]	False	False	False	True	Tobias Nipkow	3	6	Tobias Nipkow|Nipkow	Nipkow|Tobias Nipkow	https://plato.stanford.edu/entries/lambda-calculus/|https://plato.stanford.edu/entries/mathematical-practice/|https://plato.stanford.edu/entries/type-theory-church/	692
<http://dbpedia.org/resource/Victor_Hugo>	Victor Hugo	0.4274439866542435	4	2	6	0	0	3	0	0	0	0	0	0	[]	False	False	False	True	Victor Hugo	3	6	Victor Hugo|Hugo	Hugo|Victor Hugo	https://plato.stanford.edu/entries/ayn-rand/|https://plato.stanford.edu/entries/nothingness/|https://plato.stanford.edu/entries/phil-science-latin-america/	693
<http://dbpedia.org/resource/Amia_Srinivasan>	Amia Srinivasan	0.6269450673598989	0	1	1	0	0	0	0	0	0	0	0	0	[]	False	False	False	True	Amia Srinivasan	3	5	Amia Srinivasan|Srinivasan	Amia Srinivasan	https://plato.stanford.edu/entries/disagreement/|https://plato.stanford.edu/entries/feminism-ethics/|https://plato.stanford.edu/entries/feminism-metaphysics/	694
<http://dbpedia.org/resource/Catherine_the_Great>	Catherine the Great	0.2937645084507307	0	1	1	0	0	0	0	0	0	0	0	0	[]	False	False	False	True	Catherine the Great	3	5	Catherine the Great	Catherine the Great	https://plato.stanford.edu/entries/computational-linguistics/|https://plato.stanford.edu/entries/diderot/|https://plato.stanford.edu/entries/wolff-christian/	695
<http://dbpedia.org/resource/Darcia_Narvaez>	Darcia Narvaez	0.2775	0	0	0	0	1	0	0	0	0	0	0	0	[]	False	False	False	True	Darcia Narvaez	3	5	Darcia Narvaez|Narvaez	Darcia Narvaez	https://plato.stanford.edu/entries/education-philosophy/|https://plato.stanford.edu/entries/ethics-virtue/|https://plato.stanford.edu/entries/moral-psych-emp/	696
<http://dbpedia.org/resource/Étienne_Geoffroy_Saint-Hilaire>	Étienne Geoffroy Saint-Hilaire	0.4447500936282602	3	5	8	0	0	0	0	0	0	0	0	0	[]	False	False	False	True	Etienne Geoffroy Saint-Hilaire	3	5	Etienne Geoffroy Saint-Hilaire|Saint-Hilaire	Etienne Geoffroy Saint-Hilaire	https://plato.stanford.edu/entries/evolution-before-darwin/|https://plato.stanford.edu/entries/phil-bio-latin-america/|https://plato.stanford.edu/entries/reduction-biology/	697
<http://dbpedia.org/resource/James_C._Kaufman>	James C. Kaufman	0.309375	0	2	2	2	0	0	0	0	0	0	0	0	[]	False	False	False	True	James C. Kaufman	3	5	James C. Kaufman	James C. Kaufman	https://plato.stanford.edu/entries/creativity/|https://plato.stanford.edu/entries/pseudo-science/|https://plato.stanford.edu/entries/skepticism-moral-responsibility/	698
<http://dbpedia.org/resource/John_Dawson_(surgeon)>	John Dawson (surgeon)	0.309375	0	1	1	1	1	0	0	0	0	0	0	0	[]	False	False	False	True	John Dawson	3	5	John Dawson	John Dawson	https://plato.stanford.edu/entries/convention/|https://plato.stanford.edu/entries/goedel/|https://plato.stanford.edu/entries/mental-disorder/	699
<http://dbpedia.org/resource/Léon_Walras>	Léon Walras	0.6546050869764785	15	6	21	1	0	0	0	0	0	0	0	0	[Economics, Microeconomics]	False	False	False	True	Leon Walras	3	5	Leon Walras|Walras	Leon Walras|Walras	https://plato.stanford.edu/entries/economics-early-modern/|https://plato.stanford.edu/entries/economics/|https://plato.stanford.edu/entries/sidgwick/	700
<http://dbpedia.org/resource/Thomas_Henry_Huxley>	Thomas Henry Huxley	0.358669476770773	11	3	14	0	3	0	0	0	0	0	0	0	[]	False	False	False	True	Thomas Henry Huxley	3	5	Thomas Henry Huxley	Thomas Henry Huxley	https://plato.stanford.edu/entries/confucianism-modern/|https://plato.stanford.edu/entries/creationism/|https://plato.stanford.edu/entries/origin-descent/	701
<http://dbpedia.org/resource/Toby_Ord>	Toby Ord	0.5135731820316296	1	4	5	0	0	0	0	0	0	0	0	0	[]	False	False	False	True	Toby Ord	3	5	Toby Ord	Toby Ord	https://plato.stanford.edu/entries/eugenics/|https://plato.stanford.edu/entries/moral-decision-uncertainty/|https://plato.stanford.edu/entries/philanthropy/	702
<http://dbpedia.org/resource/Andreas_Vesalius>	Andreas Vesalius	0.9106294411152648	0	3	3	0	1	0	0	0	0	0	0	0	[]	False	False	False	True	Andreas Vesalius	3	4	Andreas Vesalius|Vesalius	Andreas Vesalius|Vesalius	https://plato.stanford.edu/entries/della-porta/|https://plato.stanford.edu/entries/pineal-gland/|https://plato.stanford.edu/entries/scientific-method/	703
<http://dbpedia.org/resource/Anna-Teresa_Tymieniecka>	Anna-Teresa Tymieniecka	0.7398746962202495	1	8	9	0	0	0	0	0	0	0	0	0	[]	False	False	False	True	Anna-Teresa Tymieniecka	3	4	Anna-Teresa Tymieniecka|Tymieniecka	Anna-Teresa Tymieniecka	https://plato.stanford.edu/entries/arabic-islamic-phil-math/|https://plato.stanford.edu/entries/maritain/|https://plato.stanford.edu/entries/proof-theory/	704
<http://dbpedia.org/resource/Christopher_Hitchens>	Christopher Hitchens	2.8022462894974653	5	26	31	0	0	0	0	0	0	0	0	0	[]	False	False	False	True	Christopher Hitchens	3	4	Christopher Hitchens|Hitchens	Christopher Hitchens|Hitchens	https://plato.stanford.edu/entries/atheism-agnosticism/|https://plato.stanford.edu/entries/ayer/|https://plato.stanford.edu/entries/religion-science/	705
<http://dbpedia.org/resource/Danah_boyd>	Danah boyd	0.32	0	0	0	0	1	0	0	0	0	0	0	0	[]	False	False	False	True	Danah boyd	3	4	Danah boyd	Danah boyd	https://plato.stanford.edu/entries/argument/|https://plato.stanford.edu/entries/ethics-ai/|https://plato.stanford.edu/entries/ethics-internet-research/	706
<http://dbpedia.org/resource/Elvis_Presley>	Elvis Presley	0.7237500000000001	1	0	1	0	0	0	0	0	0	0	0	0	[]	False	False	False	True	Elvis Presley	3	4	Elvis Presley|Presley	Elvis Presley	https://plato.stanford.edu/entries/hyperintensionality/|https://plato.stanford.edu/entries/imagination/|https://plato.stanford.edu/entries/time-travel-phys/	707
<http://dbpedia.org/resource/Fiona_Jenkins>	Fiona Jenkins	0.3195708603087766	0	5	5	0	0	0	0	0	0	0	0	0	[]	False	False	False	True	Fiona Jenkins	3	4	Fiona Jenkins	Fiona Jenkins	https://plato.stanford.edu/entries/femapproach-analytic/|https://plato.stanford.edu/entries/feminism-moralpsych/|https://plato.stanford.edu/entries/francois-barre/	708
<http://dbpedia.org/resource/Johann_Reuchlin>	Johann Reuchlin	0.6751728373310211	2	6	8	0	0	0	0	0	0	0	0	0	[]	False	False	False	True	Johann Reuchlin	3	4	Johann Reuchlin|Reuchlin	Johann Reuchlin|Reuchlin	https://plato.stanford.edu/entries/gianfrancesco-pico/|https://plato.stanford.edu/entries/lefevre-etaples/|https://plato.stanford.edu/entries/pico-della-mirandola/	709
<http://dbpedia.org/resource/John_Colet>	John Colet	1.3563259640685894	1	12	13	0	0	0	0	0	0	0	0	0	[]	False	False	False	True	John Colet	3	4	John Colet|Colet	Colet|John Colet	https://plato.stanford.edu/entries/agrippa-nettesheim/|https://plato.stanford.edu/entries/erasmus/|https://plato.stanford.edu/entries/thomas-more/	710
<http://dbpedia.org/resource/John_Watson_(philosopher)>	John Watson (philosopher)	0.3723686822535614	1	3	4	0	0	0	0	0	0	0	0	0	[]	False	False	False	True	John Watson	3	4	John Watson	John Watson	https://plato.stanford.edu/entries/behaviorism/|https://plato.stanford.edu/entries/bosanquet/|https://plato.stanford.edu/entries/cognition-animal/	711
<http://dbpedia.org/resource/Lenn_E._Goodman>	Lenn E. Goodman	0.4738480726802203	0	7	7	0	0	0	0	0	0	0	0	0	[]	False	False	False	True	Lenn E. Goodman	3	4	Lenn E. Goodman	Lenn E. Goodman	https://plato.stanford.edu/entries/abu-bakr-al-razi/|https://plato.stanford.edu/entries/arabic-islamic-religion/|https://plato.stanford.edu/entries/medieval-literary/	712
<http://dbpedia.org/resource/Robert_K._Merton>	Robert K. Merton	0.3239918229576283	6	3	9	2	9	0	0	0	0	0	0	0	[]	False	False	False	True	Robert K. Merton	3	4	Robert K. Merton	Robert K. Merton	https://plato.stanford.edu/entries/fleck/|https://plato.stanford.edu/entries/pseudo-science/|https://plato.stanford.edu/entries/scientific-reproducibility/	713
<http://dbpedia.org/resource/Terrell_Ward_Bynum>	Terrell Ward Bynum	0.5865054813786079	0	7	7	0	0	0	0	0	0	0	0	0	[]	False	False	False	True	Terrell Ward Bynum	3	4	Terrell Ward Bynum|Bynum	Bynum|Terrell Ward Bynum	https://plato.stanford.edu/entries/frege-logic/|https://plato.stanford.edu/entries/logic-propositional/|https://plato.stanford.edu/entries/peirce-logic/	714
<http://dbpedia.org/resource/Al-Tabari>	Al-Tabari	0.405	1	0	1	0	0	0	1	0	0	0	0	0	[]	False	False	False	True	Al-Tabari	3	3	Al-Tabari	Al-Tabari	https://plato.stanford.edu/entries/arabic-islamic-greek/|https://plato.stanford.edu/entries/arabic-islamic-metaphysics/|https://plato.stanford.edu/entries/israeli/	715
<http://dbpedia.org/resource/Alan_White_(American_philosopher)>	Alan White (American philosopher)	0.4403697095426969	0	1	1	0	0	0	0	0	0	0	0	0	[]	False	False	False	True	Alan White	3	3	Alan White	Alan White	https://plato.stanford.edu/entries/attention/|https://plato.stanford.edu/entries/divine-freedom/|https://plato.stanford.edu/entries/levinas/	716
<http://dbpedia.org/resource/Aldous_Huxley>	Aldous Huxley	0.8191028369695209	2	7	9	0	0	0	0	0	0	0	0	0	[]	False	False	False	True	Aldous Huxley	3	3	Aldous Huxley	Aldous Huxley	https://plato.stanford.edu/entries/beardsley-aesthetics/|https://plato.stanford.edu/entries/religion-comparative/|https://plato.stanford.edu/entries/russell/	717
<http://dbpedia.org/resource/Alfred_Adler>	Alfred Adler	0.280541556858054	6	2	8	1	7	0	0	0	0	0	0	0	[]	False	False	False	True	Alfred Adler	3	3	Alfred Adler	Alfred Adler	https://plato.stanford.edu/entries/frantz-fanon/|https://plato.stanford.edu/entries/nietzsche-life-works/|https://plato.stanford.edu/entries/scientific-revolutions/	718
<http://dbpedia.org/resource/Carl_Wagner>	Carl Wagner	0.2775	0	0	0	0	2	0	0	0	0	0	0	0	[]	False	False	False	True	Carl Wagner	3	3	Carl Wagner	Carl Wagner	https://plato.stanford.edu/entries/agent-modeling-philscience/|https://plato.stanford.edu/entries/computational-philosophy/|https://plato.stanford.edu/entries/epistemology-social/	719
<http://dbpedia.org/resource/Jacob_Bernoulli>	Jacob Bernoulli	0.5895924737969165	0	2	2	0	16	0	0	0	0	0	0	0	[]	False	False	False	True	Jacob Bernoulli	3	3	Jacob Bernoulli	Jacob Bernoulli	https://plato.stanford.edu/entries/algebra-logic-tradition/|https://plato.stanford.edu/entries/probability-medieval-renaissance/|https://plato.stanford.edu/entries/williams-dc/	720
<http://dbpedia.org/resource/Jan_Hus__Jan_Hus__1>	Jan Hus  Jan Hus  1	0.3327038343881449	7	2	9	0	0	0	0	0	0	0	0	0	[]	False	False	False	True	Jan Hus	3	3	Jan Hus	Jan Hus	https://plato.stanford.edu/entries/luther/|https://plato.stanford.edu/entries/pomponazzi/|https://plato.stanford.edu/entries/wyclif/	721
<http://dbpedia.org/resource/John_Ray>	John Ray	0.30459375	4	1	5	2	0	0	0	0	0	0	0	0	[]	False	False	False	True	John Ray	3	3	John Ray	John Ray	https://plato.stanford.edu/entries/cudworth/|https://plato.stanford.edu/entries/evolution-before-darwin/|https://plato.stanford.edu/entries/species/	722
<http://dbpedia.org/resource/Louis_Pasteur>	Louis Pasteur	0.3825677329214939	5	3	8	0	5	0	0	0	0	0	0	0	[]	False	False	False	True	Louis Pasteur	3	3	Louis Pasteur|Pasteur	Louis Pasteur	https://plato.stanford.edu/entries/duhem/|https://plato.stanford.edu/entries/life/|https://plato.stanford.edu/entries/wilson/	723
<http://dbpedia.org/resource/Melanie_Klein>	Melanie Klein	0.355193456303331	9	2	11	0	3	0	0	0	0	0	0	0	[]	False	False	False	True	Melanie Klein	3	3	Melanie Klein	Melanie Klein	https://plato.stanford.edu/entries/deleuze/|https://plato.stanford.edu/entries/feminism-psychoanalysis/|https://plato.stanford.edu/entries/feminist-philosophy/	724
<http://dbpedia.org/resource/Paulo_Freire>	Paulo Freire	0.3239122172274575	4	2	6	0	0	0	0	0	0	0	0	0	[]	False	False	False	True	Paulo Freire	3	3	Paulo Freire	Paulo Freire	https://plato.stanford.edu/entries/civic-education/|https://plato.stanford.edu/entries/critical-thinking/|https://plato.stanford.edu/entries/liberation/	725
<http://dbpedia.org/resource/Paulo_Freire_(astronomer)>	Paulo Freire (astronomer)	0.2775	0	0	0	1	2	0	0	0	0	0	0	0	[]	False	False	False	True	Paulo Freire	3	3	Paulo Freire	Paulo Freire	https://plato.stanford.edu/entries/civic-education/|https://plato.stanford.edu/entries/critical-thinking/|https://plato.stanford.edu/entries/liberation/	726
<http://dbpedia.org/resource/R._Lanier_Anderson_(philosopher)>	R. Lanier Anderson (philosopher)	0.4392330571851483	0	3	3	0	0	0	0	0	0	0	0	0	[]	False	False	False	True	R. Lanier Anderson	3	3	R. Lanier Anderson	R. Lanier Anderson	https://plato.stanford.edu/entries/kant-reason/|https://plato.stanford.edu/entries/kant-religion/|https://plato.stanford.edu/entries/nietzsche/	727
<http://dbpedia.org/resource/Richard_Velkley>	Richard Velkley	0.3965107292146048	0	6	6	0	0	0	0	0	0	0	0	0	[]	False	False	False	True	Richard Velkley	3	3	Richard Velkley|Velkley	Richard Velkley	https://plato.stanford.edu/entries/18thGerman-preKant/|https://plato.stanford.edu/entries/aquinas/|https://plato.stanford.edu/entries/kant-development/	728
<http://dbpedia.org/resource/Samuel_von_Pufendorf>	Samuel von Pufendorf	0.3548171690047113	7	5	12	0	0	0	0	0	0	0	0	0	[]	False	False	False	True	Samuel von Pufendorf	2	452	Samuel von Pufendorf|Pufendorf	Pufendorf|Samuel von Pufendorf	https://plato.stanford.edu/entries/pufendorf-moral/|https://plato.stanford.edu/entries/social-choice/	729
<http://dbpedia.org/resource/Gerolamo_Cardano>	Gerolamo Cardano	0.4610964532936232	9	3	12	1	2	0	0	0	0	0	0	0	[]	False	False	False	True	Gerolamo Cardano	2	210	Gerolamo Cardano|Cardano	Cardano|Gerolamo Cardano	https://plato.stanford.edu/entries/cardano/|https://plato.stanford.edu/entries/umar-khayyam/	730
<http://dbpedia.org/resource/Heinrich_Cornelius_Agrippa>	Heinrich Cornelius Agrippa	0.4763104606788163	0	2	2	1	0	0	0	0	0	0	0	0	[]	False	False	False	True	Heinrich Cornelius Agrippa	2	161	Heinrich Cornelius Agrippa|Agrippa	Agrippa|Heinrich Cornelius Agrippa	https://plato.stanford.edu/entries/agrippa-nettesheim/|https://plato.stanford.edu/entries/della-porta/	731
<http://dbpedia.org/resource/Nicolaus_Taurellus>	Nicolaus Taurellus	0.3837121883359712	0	1	1	0	0	0	0	0	0	0	0	0	[]	False	False	False	True	Nicolaus Taurellus	2	120	Nicolaus Taurellus|Taurellus	Nicolaus Taurellus|Taurellus	https://plato.stanford.edu/entries/aristotelianism-renaissance/|https://plato.stanford.edu/entries/taurellus/	732
<http://dbpedia.org/resource/Stephen_Wolfram>	Stephen Wolfram	0.3331454158080635	0	1	1	2	4	0	0	0	0	0	0	0	[]	False	False	False	True	Stephen Wolfram	2	79	Stephen Wolfram|Wolfram	Stephen Wolfram|Wolfram	https://plato.stanford.edu/entries/cellular-automata/|https://plato.stanford.edu/entries/computational-linguistics/	733
<http://dbpedia.org/resource/John_Dalton>	John Dalton	0.2775	1	1	2	0	0	0	0	0	0	0	0	0	[]	False	False	False	True	John Dalton	2	51	John Dalton|Dalton	Dalton|John Dalton	https://plato.stanford.edu/entries/atomism-modern/|https://plato.stanford.edu/entries/chemistry/	734
<http://dbpedia.org/resource/Johann_Joachim_Winckelmann>	Johann Joachim Winckelmann	0.4795407164847268	11	3	14	1	1	0	0	0	0	0	0	0	[]	False	False	False	True	Johann Joachim Winckelmann	2	48	Johann Joachim Winckelmann|Winckelmann	Johann Joachim Winckelmann|Winckelmann	https://plato.stanford.edu/entries/aesthetics-18th-german/|https://plato.stanford.edu/entries/ludwig-feuerbach/	735
<http://dbpedia.org/resource/Hirata_Atsutane>	Hirata Atsutane	1.342836164985805	1	10	11	0	0	0	0	0	0	0	0	0	[]	False	False	False	True	Hirata Atsutane	2	47	Hirata Atsutane|Atsutane	Atsutane|Hirata Atsutane	https://plato.stanford.edu/entries/japanese-philosophy/|https://plato.stanford.edu/entries/kokugaku-school/	736
<http://dbpedia.org/resource/Christopher_Clavius>	Christopher Clavius	0.38214666192341	0	3	3	1	2	0	0	0	0	0	0	0	[]	False	False	False	True	Christopher Clavius	2	30	Christopher Clavius|Clavius	Christopher Clavius|Clavius	https://plato.stanford.edu/entries/francisco-sanches/|https://plato.stanford.edu/entries/natphil-ren/	737
<http://dbpedia.org/resource/Ken_Gemes>	Ken Gemes	0.3203374204524956	1	2	3	0	0	0	0	0	0	0	0	0	[]	False	False	False	True	Ken Gemes	2	29	Ken Gemes|Gemes	Gemes|Ken Gemes	https://plato.stanford.edu/entries/nietzsche/|https://plato.stanford.edu/entries/practical-reason-action/	738
<http://dbpedia.org/resource/Companions_of_the_Prophet>	Companions of the Prophet	2.667320075757576	0	0	0	0	0	0	1	0	0	0	0	0	[]	False	False	False	True	Companions of the Prophet	2	27	Companions of the Prophet|Prophet	Companions of the Prophet|Prophet	https://plato.stanford.edu/entries/al-baghdadi/|https://plato.stanford.edu/entries/arabic-islamic-religion/	739
<http://dbpedia.org/resource/Leon_van_der_Torre>	Leon van der Torre	0.2775	0	0	0	1	2	0	0	0	0	0	0	0	[]	False	False	False	True	Leon van der Torre	2	23	Leon van der Torre|Torre	Leon van der Torre|Torre	https://plato.stanford.edu/entries/logic-deontic/|https://plato.stanford.edu/entries/logic-preference/	740
<http://dbpedia.org/resource/Eileen_Hunt_Botting>	Eileen Hunt Botting	0.3234092461814867	0	5	5	0	0	0	0	0	0	0	0	0	[]	False	False	False	True	Eileen Hunt Botting	2	20	Eileen Hunt Botting|Botting	Botting|Eileen Hunt Botting	https://plato.stanford.edu/entries/catharine-macaulay/|https://plato.stanford.edu/entries/wollstonecraft/	741
<http://dbpedia.org/resource/Vannevar_Bush>	Vannevar Bush	0.2946677631578947	2	1	3	0	0	0	0	0	0	0	0	0	[]	False	False	False	True	Vannevar Bush	2	19	Vannevar Bush|Bush	Bush|Vannevar Bush	https://plato.stanford.edu/entries/computing-history/|https://plato.stanford.edu/entries/ethics-search/	742
<http://dbpedia.org/resource/Jacques_Ellul>	Jacques Ellul	2.60707770187626	47	33	80	0	0	0	0	0	0	0	0	0	[]	False	False	False	True	Jacques Ellul	2	18	Jacques Ellul|Ellul	Ellul|Jacques Ellul	https://plato.stanford.edu/entries/anarchism/|https://plato.stanford.edu/entries/technology/	743
<http://dbpedia.org/resource/Benjamin_Lee_Whorf>	Benjamin Lee Whorf	0.6479383794576903	6	7	13	1	5	0	0	0	0	0	0	0	[]	False	False	False	True	Benjamin Lee Whorf	2	16	Benjamin Lee Whorf|Whorf	Benjamin Lee Whorf|Whorf	https://plato.stanford.edu/entries/chinese-translate-interpret/|https://plato.stanford.edu/entries/concepts/	744
<http://dbpedia.org/resource/George_Lakoff>	George Lakoff	0.3233956253466393	0	1	1	2	2	0	0	0	0	0	0	0	[]	False	False	False	True	George Lakoff	2	16	George Lakoff|Lakoff	George Lakoff|Lakoff	https://plato.stanford.edu/entries/feminism-argumentation/|https://plato.stanford.edu/entries/metaphor/	745
<http://dbpedia.org/resource/Karen_Barad>	Karen Barad	0.3520030862027044	1	2	3	0	0	0	0	0	0	0	0	0	[]	False	False	False	True	Karen Barad	2	16	Karen Barad|Barad	Barad|Karen Barad	https://plato.stanford.edu/entries/feminist-science/|https://plato.stanford.edu/entries/process-philosophy/	746
<http://dbpedia.org/resource/Benjamin_Tucker>	Benjamin Tucker	0.526933863444121	9	9	18	0	0	0	0	0	0	0	0	0	[]	False	False	False	True	Benjamin Tucker	2	15	Benjamin Tucker|Tucker	Benjamin Tucker|Tucker	https://plato.stanford.edu/entries/anarchism/|https://plato.stanford.edu/entries/libertarianism/	747
<http://dbpedia.org/resource/Leon_Trotsky>	Leon Trotsky	0.4072527168742532	5	3	8	0	0	0	0	0	0	0	0	0	[]	False	False	False	True	Leon Trotsky	2	15	Leon Trotsky|Trotsky	Leon Trotsky|Trotsky	https://plato.stanford.edu/entries/dewey-political/|https://plato.stanford.edu/entries/sidney-hook/	748
<http://dbpedia.org/resource/Martin_Nowak>	Martin Nowak	0.313033399569406	0	0	0	1	5	0	0	0	0	0	0	0	[]	False	False	False	True	Martin Nowak	2	15	Martin Nowak|Nowak	Martin Nowak|Nowak	https://plato.stanford.edu/entries/computational-philosophy/|https://plato.stanford.edu/entries/religion-evolutionary/	749
<http://dbpedia.org/resource/Thomas_A._McCarthy>	Thomas A. McCarthy	0.3088137744303908	2	2	4	0	0	0	0	0	0	0	0	0	[]	False	False	False	True	Thomas A. McCarthy	2	15	Thomas A. McCarthy|McCarthy	McCarthy|Thomas A. McCarthy	https://plato.stanford.edu/entries/critical-theory/|https://plato.stanford.edu/entries/dubois/	750
<http://dbpedia.org/resource/Isaac_Barrow>	Isaac Barrow	0.4057272273697754	1	2	3	0	2	0	0	0	0	0	0	0	[]	False	False	False	True	Isaac Barrow	2	14	Isaac Barrow|Barrow	Barrow|Isaac Barrow	https://plato.stanford.edu/entries/continuity/|https://plato.stanford.edu/entries/newton/	751
<http://dbpedia.org/resource/Lucas_Introna>	Lucas Introna	0.411950015201772	0	1	1	0	0	0	0	0	0	0	0	0	[]	False	False	False	True	Lucas Introna	2	14	Lucas Introna|Introna	Introna|Lucas Introna	https://plato.stanford.edu/entries/ethics-it-phenomenology/|https://plato.stanford.edu/entries/intellectual-property/	752
<http://dbpedia.org/resource/Niklas_Luhmann>	Niklas Luhmann	0.642760808191082	10	8	18	2	3	0	0	0	0	0	0	0	[]	False	False	False	True	Niklas Luhmann	2	14	Niklas Luhmann|Luhmann	Luhmann|Niklas Luhmann	https://plato.stanford.edu/entries/habermas/|https://plato.stanford.edu/entries/solidarity/	753
<http://dbpedia.org/resource/Yamazaki_Ansai>	Yamazaki Ansai	0.3613499557576986	5	2	7	0	0	0	0	0	0	0	0	0	[]	False	False	False	True	Yamazaki Ansai	2	14	Yamazaki Ansai|Ansai	Ansai|Yamazaki Ansai	https://plato.stanford.edu/entries/japanese-confucian/|https://plato.stanford.edu/entries/korean-confucianism/	754
<http://dbpedia.org/resource/Paul_Steinhardt>	Paul Steinhardt	0.5177724530751364	0	0	0	3	8	0	0	0	0	0	0	0	[]	False	False	False	True	Paul Steinhardt	2	13	Paul Steinhardt|Steinhardt	Paul Steinhardt|Steinhardt	https://plato.stanford.edu/entries/cosmological-argument/|https://plato.stanford.edu/entries/cosmology-theology/	755
<http://dbpedia.org/resource/Martine_Nida-Rümelin>	Martine Nida-Rümelin	0.3293570728952895	0	1	1	0	0	0	0	0	0	0	0	0	[]	False	False	False	True	Martine Nida-Rumelin	2	12	Martine Nida-Rumelin|Nida-Rumelin	Martine Nida-Rumelin|Nida-Rumelin	https://plato.stanford.edu/entries/dualism/|https://plato.stanford.edu/entries/qualia-knowledge/	756
<http://dbpedia.org/resource/Ehrenfried_Walther_von_Tschirnhaus>	Ehrenfried Walther von Tschirnhaus	0.3803165040535007	1	0	1	0	0	0	0	0	0	0	0	0	[]	False	False	False	True	Ehrenfried Walther von Tschirnhaus	2	11	Ehrenfried Walther von Tschirnhaus|Tschirnhaus	Ehrenfried Walther von Tschirnhaus|Tschirnhaus	https://plato.stanford.edu/entries/18thGerman-preKant/|https://plato.stanford.edu/entries/wolff-christian/	757
<http://dbpedia.org/resource/Giovanni_Botero>	Giovanni Botero	0.7364343344148929	3	7	10	0	0	0	0	0	0	0	0	0	[]	False	False	False	True	Giovanni Botero	2	11	Giovanni Botero|Botero	Botero|Giovanni Botero	https://plato.stanford.edu/entries/bodin/|https://plato.stanford.edu/entries/francis-bacon/	758
<http://dbpedia.org/resource/Johannes_Trithemius>	Johannes Trithemius	0.4605201385516549	1	4	5	1	1	0	0	0	0	0	0	0	[]	False	False	False	True	Johannes Trithemius	2	11	Johannes Trithemius|Trithemius	Johannes Trithemius|Trithemius	https://plato.stanford.edu/entries/agrippa-nettesheim/|https://plato.stanford.edu/entries/della-porta/	759
<http://dbpedia.org/resource/Josiah_Willard_Gibbs>	Josiah Willard Gibbs	0.3383299904601431	3	3	6	1	38	0	0	0	0	0	0	0	[]	False	False	False	True	Josiah Willard Gibbs	2	11	Josiah Willard Gibbs|Gibbs	Gibbs|Josiah Willard Gibbs	https://plato.stanford.edu/entries/duhem/|https://plato.stanford.edu/entries/platonism/	760
<http://dbpedia.org/resource/Thomas_Piketty>	Thomas Piketty	0.3825225787980421	1	6	7	3	0	0	0	0	0	0	0	0	[Economic history, Public economics]	False	False	False	True	Thomas Piketty	2	11	Thomas Piketty|Piketty	Piketty|Thomas Piketty	https://plato.stanford.edu/entries/neoliberalism/|https://plato.stanford.edu/entries/socialism/	761
<http://dbpedia.org/resource/Georg_Forster>	Georg Forster	0.315335470703125	1	2	3	0	0	0	0	0	0	0	0	0	[]	False	False	False	True	Georg Forster	2	10	Georg Forster|Forster	Forster|Georg Forster	https://plato.stanford.edu/entries/alexander-humboldt/|https://plato.stanford.edu/entries/schlegel/	762
<http://dbpedia.org/resource/Marc_Jeannerod>	Marc Jeannerod	0.2775	0	0	0	1	1	0	0	0	0	0	0	0	[]	False	False	False	True	Marc Jeannerod	2	10	Marc Jeannerod|Jeannerod	Jeannerod|Marc Jeannerod	https://plato.stanford.edu/entries/consciousness-higher/|https://plato.stanford.edu/entries/mental-imagery/	763
<http://dbpedia.org/resource/Nancy_Frankenberry>	Nancy Frankenberry	0.3063155374700642	0	1	1	0	0	0	0	0	0	0	0	0	[]	False	False	False	True	Nancy Frankenberry	2	10	Nancy Frankenberry|Frankenberry	Frankenberry|Nancy Frankenberry	https://plato.stanford.edu/entries/feminist-religion/|https://plato.stanford.edu/entries/panentheism/	764
<http://dbpedia.org/resource/Alejandro_Vallega>	Alejandro Vallega	0.6786187013002335	0	4	4	0	0	0	0	0	0	0	0	0	[]	False	False	False	True	Alejandro Vallega	2	9	Alejandro Vallega|Vallega	Alejandro Vallega|Vallega	https://plato.stanford.edu/entries/heidegger/|https://plato.stanford.edu/entries/liberation/	765
<http://dbpedia.org/resource/Lynne_Tirrell>	Lynne Tirrell	0.92931172043961	0	5	5	0	0	0	0	0	0	0	0	0	[]	False	False	False	True	Lynne Tirrell	2	9	Lynne Tirrell|Tirrell	Lynne Tirrell|Tirrell	https://plato.stanford.edu/entries/feminism-language/|https://plato.stanford.edu/entries/hate-speech/	766
<http://dbpedia.org/resource/H._Frederik_Nijhout>	H. Frederik Nijhout	0.3561250000000001	1	0	1	0	1	0	0	0	0	0	0	0	[]	False	False	False	True	H. Frederik Nijhout	2	8	H. Frederik Nijhout|Nijhout	H. Frederik Nijhout|Nijhout	https://plato.stanford.edu/entries/evolution-development/|https://plato.stanford.edu/entries/selection-units/	767
<http://dbpedia.org/resource/Louis_Agassiz>	Louis Agassiz	0.4499107030844841	9	1	10	0	2	0	0	0	0	0	0	0	[]	False	False	False	True	Louis Agassiz	2	8	Louis Agassiz|Agassiz	Agassiz|Louis Agassiz	https://plato.stanford.edu/entries/james/|https://plato.stanford.edu/entries/race/	768
<http://dbpedia.org/resource/Michael_Gazzaniga>	Michael Gazzaniga	0.3032390625	0	0	0	2	3	0	0	0	0	0	0	0	[]	False	False	False	True	Michael Gazzaniga	2	8	Michael Gazzaniga|Gazzaniga	Gazzaniga|Michael Gazzaniga	https://plato.stanford.edu/entries/consciousness/|https://plato.stanford.edu/entries/neuroethics/	769
<http://dbpedia.org/resource/Zhuang_Zhou>	Zhuang Zhou	0.4991071428571429	13	5	18	0	0	0	0	0	0	0	0	0	[]	False	False	False	True	Zhuang Zhou	2	8	Zhuang Zhou|Zhou	Zhou|Zhuang Zhou	https://plato.stanford.edu/entries/chinese-phil-science/|https://plato.stanford.edu/entries/daoism-religion/	770
<http://dbpedia.org/resource/Adam_Sedgwick>	Adam Sedgwick	0.3054971251100797	0	0	0	1	3	0	0	0	0	0	0	0	[]	False	False	False	True	Adam Sedgwick	2	7	Adam Sedgwick|Sedgwick	Adam Sedgwick|Sedgwick	https://plato.stanford.edu/entries/darwinism/|https://plato.stanford.edu/entries/origin-descent/	771
<http://dbpedia.org/resource/Andrew_Arato>	Andrew Arato	0.3551629009865822	0	4	4	0	0	0	0	0	0	0	0	0	[]	False	False	False	True	Andrew Arato	2	7	Andrew Arato|Arato	Andrew Arato|Arato	https://plato.stanford.edu/entries/critical-theory/|https://plato.stanford.edu/entries/habermas/	772
<http://dbpedia.org/resource/David_Harvey>	David Harvey	0.5501446902354679	9	11	20	1	8	0	0	0	0	0	0	0	[]	False	False	False	True	David Harvey	2	7	David Harvey|Harvey	David Harvey|Harvey	https://plato.stanford.edu/entries/globalization/|https://plato.stanford.edu/entries/neoliberalism/	773
<http://dbpedia.org/resource/Debiprasad_Chattopadhyaya>	Debiprasad Chattopadhyaya	0.4122074234019952	2	3	5	0	0	0	0	0	0	0	0	0	[]	False	False	False	True	Debiprasad Chattopadhyaya	2	7	Debiprasad Chattopadhyaya|Chattopadhyaya	Chattopadhyaya|Debiprasad Chattopadhyaya	https://plato.stanford.edu/entries/atomism-ancient/|https://plato.stanford.edu/entries/jayaraasi/	774
<http://dbpedia.org/resource/Georgi_Plekhanov>	Georgi Plekhanov	0.4889905453517181	1	7	8	0	0	0	0	0	0	0	0	0	[]	False	False	False	True	Georgi Plekhanov	2	7	Georgi Plekhanov|Plekhanov	Georgi Plekhanov|Plekhanov	https://plato.stanford.edu/entries/spinoza-political/|https://plato.stanford.edu/entries/vagueness/	775
<http://dbpedia.org/resource/John_Milbank>	John Milbank	0.5146362147138622	0	3	3	0	0	0	0	0	0	0	0	0	[]	False	False	False	True	John Milbank	2	7	John Milbank|Milbank	John Milbank|Milbank	https://plato.stanford.edu/entries/augustine/|https://plato.stanford.edu/entries/religion-politics/	776
<http://dbpedia.org/resource/Joseph_de_Maistre>	Joseph de Maistre	4.383953901183031	41	49	90	0	0	0	0	0	0	0	0	0	[]	False	False	False	True	Joseph de Maistre	2	7	Joseph de Maistre|Maistre	Joseph de Maistre|Maistre	https://plato.stanford.edu/entries/conservatism/|https://plato.stanford.edu/entries/oakeshott/	777
<http://dbpedia.org/resource/Martha_Chase>	Martha Chase	0.405	0	0	0	2	1	0	0	0	0	0	0	0	[]	False	False	False	True	Martha Chase	2	7	Martha Chase|Chase	Chase|Martha Chase	https://plato.stanford.edu/entries/genetics/|https://plato.stanford.edu/entries/molecular-biology/	778
<http://dbpedia.org/resource/Peter_Boettke>	Peter Boettke	0.6169425857387254	3	14	17	1	0	0	0	0	0	0	0	0	[Political economy]	False	False	False	True	Peter Boettke	2	7	Peter Boettke|Boettke	Boettke|Peter Boettke	https://plato.stanford.edu/entries/friedrich-hayek/|https://plato.stanford.edu/entries/meritocracy/	779
<http://dbpedia.org/resource/Abraham_Joshua_Heschel>	Abraham Joshua Heschel	0.385875	0	1	1	0	0	0	0	0	0	0	0	0	[]	False	False	False	True	Abraham Joshua Heschel	2	6	Abraham Joshua Heschel|Heschel	Abraham Joshua Heschel|Heschel	https://plato.stanford.edu/entries/buber/|https://plato.stanford.edu/entries/process-theism/	780
<http://dbpedia.org/resource/Carl_Linnaeus>	Carl Linnaeus	0.7567094140624999	9	5	14	3	2	0	0	0	0	0	0	0	[]	False	False	False	True	Carl Linnaeus	2	6	Carl Linnaeus|Linnaeus	Carl Linnaeus|Linnaeus	https://plato.stanford.edu/entries/economics-early-modern/|https://plato.stanford.edu/entries/jefferson/	781
<http://dbpedia.org/resource/Dirk_Baltzly>	Dirk Baltzly	0.3538763836724773	0	4	4	0	0	0	0	0	0	0	0	0	[]	False	False	False	True	Dirk Baltzly	2	6	Dirk Baltzly|Baltzly	Baltzly|Dirk Baltzly	https://plato.stanford.edu/entries/speusippus/|https://plato.stanford.edu/entries/stoicism/	782
<http://dbpedia.org/resource/Douglas_Hofstadter>	Douglas Hofstadter	0.3499386433994126	2	4	6	0	4	0	0	0	0	0	0	0	[]	False	False	False	True	Douglas Hofstadter	2	6	Douglas Hofstadter|Hofstadter	Douglas Hofstadter|Hofstadter	https://plato.stanford.edu/entries/chinese-room/|https://plato.stanford.edu/entries/computational-philosophy/	783
<http://dbpedia.org/resource/Nader_El-Bizri>	Nader El-Bizri	0.3306787601264018	0	3	3	0	0	0	0	0	0	0	0	0	[]	False	False	False	True	Nader El-Bizri	2	6	Nader El-Bizri|El-Bizri	El-Bizri|Nader El-Bizri	https://plato.stanford.edu/entries/arabic-islamic-phil-math/|https://plato.stanford.edu/entries/ibn-taymiyya/	784
<http://dbpedia.org/resource/Rosi_Braidotti>	Rosi Braidotti	0.3928218303408566	0	5	5	0	0	0	0	0	0	0	0	0	[]	False	False	False	True	Rosi Braidotti	2	6	Rosi Braidotti|Braidotti	Braidotti|Rosi Braidotti	https://plato.stanford.edu/entries/critical-theory/|https://plato.stanford.edu/entries/disability-critical/	785
<http://dbpedia.org/resource/Xavier_Zubiri>	Xavier Zubiri	0.2844909498098772	5	10	15	0	0	0	0	0	0	0	0	0	[]	False	False	False	True	Xavier Zubiri	2	6	Xavier Zubiri|Zubiri	Xavier Zubiri|Zubiri	https://plato.stanford.edu/entries/gasset/|https://plato.stanford.edu/entries/liberation/	786
<http://dbpedia.org/resource/Alf_Ross>	Alf Ross	0.3090285212571765	1	2	3	2	1	0	0	0	0	0	0	0	[]	False	False	False	True	Alf Ross	2	5	Alf Ross	Alf Ross	https://plato.stanford.edu/entries/hare/|https://plato.stanford.edu/entries/lawphil-naturalism/	787
<http://dbpedia.org/resource/Algernon_Sidney__Algernon_Sidney__1>	Algernon Sidney  Algernon Sidney  1	0.3304536550240628	46	6	52	0	0	0	0	0	0	0	0	0	[]	False	False	False	True	Algernon Sidney	2	5	Algernon Sidney|Sidney	Algernon Sidney|Sidney	https://plato.stanford.edu/entries/catharine-macaulay/|https://plato.stanford.edu/entries/republicanism/	788
<http://dbpedia.org/resource/Antonie_van_Leeuwenhoek>	Antonie van Leeuwenhoek	0.2882407595306785	5	2	7	0	3	0	0	0	0	0	0	0	[]	False	False	False	True	Antonie van Leeuwenhoek	2	5	Antonie van Leeuwenhoek|Leeuwenhoek	Antonie van Leeuwenhoek|Leeuwenhoek	https://plato.stanford.edu/entries/evolution-before-darwin/|https://plato.stanford.edu/entries/microbiology/	789
<http://dbpedia.org/resource/Artur_Ekert>	Artur Ekert	0.3277487685288625	0	0	0	2	1	0	0	0	0	0	0	0	[]	False	False	False	True	Artur Ekert	2	5	Artur Ekert|Ekert	Artur Ekert|Ekert	https://plato.stanford.edu/entries/connectives-logic/|https://plato.stanford.edu/entries/qt-entangle/	790
<http://dbpedia.org/resource/Catherine_Malabou>	Catherine Malabou	0.678326979312553	0	7	7	0	0	0	0	0	0	0	0	0	[]	False	False	False	True	Catherine Malabou	2	5	Catherine Malabou|Malabou	Catherine Malabou|Malabou	https://plato.stanford.edu/entries/feminism-self/|https://plato.stanford.edu/entries/lacan/	791
<http://dbpedia.org/resource/Donald_Cary_Williams>	Donald Cary Williams	0.4185652969124462	8	6	14	0	0	0	0	0	0	0	0	0	[]	False	False	False	True	Donald Cary Williams	2	5	Donald Cary Williams	Donald Cary Williams	https://plato.stanford.edu/entries/tropes/|https://plato.stanford.edu/entries/williams-dc/	792
<http://dbpedia.org/resource/E._Roy_Weintraub>	E. Roy Weintraub	0.3538029910068265	0	3	3	1	0	0	0	0	0	0	0	0	[]	False	False	False	True	E. Roy Weintraub	2	5	E. Roy Weintraub|Weintraub	E. Roy Weintraub|Weintraub	https://plato.stanford.edu/entries/economics/|https://plato.stanford.edu/entries/prisoner-dilemma/	793
<http://dbpedia.org/resource/François_Laruelle>	François Laruelle	0.7547328959838085	5	12	17	0	0	0	0	0	0	0	0	0	[]	False	False	False	True	Francois Laruelle	2	5	Francois Laruelle|Laruelle	Francois Laruelle|Laruelle	https://plato.stanford.edu/entries/levinas/|https://plato.stanford.edu/entries/theater/	794
<http://dbpedia.org/resource/J._A._Hobson>	J. A. Hobson	0.4118473013914176	0	4	4	1	0	0	0	0	0	0	0	0	[Imperialism studies, Poverty studies]	False	False	False	True	J. A. Hobson	2	5	J. A. Hobson|Hobson	Hobson|J. A. Hobson	https://plato.stanford.edu/entries/bentham/|https://plato.stanford.edu/entries/liberalism/	795
<http://dbpedia.org/resource/Kathryn_Norlock>	Kathryn Norlock	0.4445673878856474	0	1	1	0	0	0	0	0	0	0	0	0	[]	False	False	False	True	Kathryn Norlock	2	5	Kathryn Norlock|Norlock	Kathryn Norlock|Norlock	https://plato.stanford.edu/entries/feminism-ethics/|https://plato.stanford.edu/entries/feminist-philosophy/	796
<http://dbpedia.org/resource/Lauren_Swayne_Barthold>	Lauren Swayne Barthold	0.3741182754097499	0	7	7	0	0	0	0	0	0	0	0	0	[]	False	False	False	True	Lauren Swayne Barthold	2	5	Lauren Swayne Barthold|Barthold	Barthold|Lauren Swayne Barthold	https://plato.stanford.edu/entries/gadamer/|https://plato.stanford.edu/entries/hermeneutics/	797
<http://dbpedia.org/resource/Lucien_Goldmann>	Lucien Goldmann	0.3971795117698656	1	5	6	0	0	0	0	0	0	0	0	0	[]	False	False	False	True	Lucien Goldmann	2	5	Lucien Goldmann|Goldmann	Goldmann|Lucien Goldmann	https://plato.stanford.edu/entries/adorno/|https://plato.stanford.edu/entries/lukacs/	798
<http://dbpedia.org/resource/Oscar_Horta>	Oscar Horta	0.5880764205351213	1	1	2	0	0	0	0	0	0	0	0	0	[]	False	False	False	True	Oscar Horta	2	5	Oscar Horta|Horta	Horta|Oscar Horta	https://plato.stanford.edu/entries/moral-animal/|https://plato.stanford.edu/entries/vegetarianism/	799
<http://dbpedia.org/resource/Randy_Thornhill>	Randy Thornhill	0.3680626704545455	0	3	3	2	1	0	0	0	0	0	0	0	[]	False	False	False	True	Randy Thornhill	2	5	Randy Thornhill|Thornhill	Randy Thornhill|Thornhill	https://plato.stanford.edu/entries/aesthetics-cogsci/|https://plato.stanford.edu/entries/evolutionary-psychology/	800
<http://dbpedia.org/resource/Renaud_Barbaras>	Renaud Barbaras	0.2897736239391075	0	6	6	0	0	0	0	0	0	0	0	0	[]	False	False	False	True	Renaud Barbaras	2	5	Renaud Barbaras|Barbaras	Barbaras|Renaud Barbaras	https://plato.stanford.edu/entries/bergson/|https://plato.stanford.edu/entries/merleau-ponty/	801
<http://dbpedia.org/resource/Rudolf_Virchow>	Rudolf Virchow	0.3233017039956884	6	0	6	0	4	0	0	0	0	0	0	0	[]	False	False	False	True	Rudolf Virchow	2	5	Rudolf Virchow|Virchow	Rudolf Virchow|Virchow	https://plato.stanford.edu/entries/cell-biology/|https://plato.stanford.edu/entries/hermann-helmholtz/	802
<http://dbpedia.org/resource/Souleymane_Bachir_Diagne>	Souleymane Bachir Diagne	0.3156779489427805	0	3	3	0	0	0	0	0	0	0	0	0	[]	False	False	False	True	Souleymane Bachir Diagne	2	5	Souleymane Bachir Diagne|Diagne	Diagne|Souleymane Bachir Diagne	https://plato.stanford.edu/entries/africana-contemporary/|https://plato.stanford.edu/entries/negritude/	803
<http://dbpedia.org/resource/Arethas_of_Caesarea>	Arethas of Caesarea	0.6382480655598342	1	4	5	0	0	0	0	0	0	0	0	0	[]	False	False	False	True	Arethas of Caesarea	2	4	Arethas of Caesarea|Caesarea	Arethas of Caesarea|Caesarea	https://plato.stanford.edu/entries/aristotle-text/|https://plato.stanford.edu/entries/byzantine-philosophy/	804
<http://dbpedia.org/resource/Carl_Rogers>	Carl Rogers	0.3318197128650624	5	6	11	2	3	0	0	0	0	0	0	0	[]	False	False	False	True	Carl Rogers	2	4	Carl Rogers	Carl Rogers	https://plato.stanford.edu/entries/buber/|https://plato.stanford.edu/entries/kierkegaard/	805
<http://dbpedia.org/resource/Che_Guevara>	Che Guevara	0.4136565043923997	3	3	6	1	0	0	0	0	0	0	0	0	[]	False	False	False	True	Che Guevara	2	4	Che Guevara|Guevara	Che Guevara|Guevara	https://plato.stanford.edu/entries/liberation/|https://plato.stanford.edu/entries/socialism/	806
<http://dbpedia.org/resource/David_Seyfort_Ruegg>	David Seyfort Ruegg	0.5962500000000002	0	4	4	0	0	0	0	0	0	0	0	0	[]	False	False	False	True	David Seyfort Ruegg	2	4	David Seyfort Ruegg|Ruegg	David Seyfort Ruegg|Ruegg	https://plato.stanford.edu/entries/sakya-pandita/|https://plato.stanford.edu/entries/srigupta/	807
<http://dbpedia.org/resource/Erich_Przywara>	Erich Przywara	0.5827870772013094	6	14	20	0	0	0	0	0	0	0	0	0	[]	False	False	False	True	Erich Przywara	2	4	Erich Przywara|Przywara	Erich Przywara|Przywara	https://plato.stanford.edu/entries/landmann-kalischer/|https://plato.stanford.edu/entries/panentheism/	808
<http://dbpedia.org/resource/Erving_Goffman>	Erving Goffman	1.140892325136804	5	13	18	0	6	0	0	0	0	0	0	0	[]	False	False	False	True	Erving Goffman	2	4	Erving Goffman|Goffman	Erving Goffman|Goffman	https://plato.stanford.edu/entries/social-institutions/|https://plato.stanford.edu/entries/theater/	809
<http://dbpedia.org/resource/Friedrich_Bachmann>	Friedrich Bachmann	0.2929271686851757	0	3	3	0	1	0	0	0	0	0	0	0	[]	False	False	False	True	Friedrich Bachmann	2	4	Friedrich Bachmann|Bachmann	Bachmann|Friedrich Bachmann	https://plato.stanford.edu/entries/langer/|https://plato.stanford.edu/entries/scholz/	810
<http://dbpedia.org/resource/Gene_Sharp>	Gene Sharp	0.5293359503486846	0	5	5	3	0	0	0	0	0	0	0	0	[]	False	False	False	True	Gene Sharp	2	4	Gene Sharp|Sharp	Gene Sharp|Sharp	https://plato.stanford.edu/entries/coercion/|https://plato.stanford.edu/entries/pacifism/	811
<http://dbpedia.org/resource/Justus_von_Liebig>	Justus von Liebig	0.5369731809765512	5	2	7	2	18	0	0	0	0	0	0	0	[]	False	False	False	True	Justus von Liebig	2	4	Justus von Liebig|Liebig	Justus von Liebig|Liebig	https://plato.stanford.edu/entries/hermann-helmholtz/|https://plato.stanford.edu/entries/scientific-discovery/	812
<http://dbpedia.org/resource/Kinji_Imanishi>	Kinji Imanishi	0.34125	1	2	3	0	0	0	0	0	0	0	0	0	[]	False	False	False	True	Kinji Imanishi	2	4	Kinji Imanishi|Imanishi	Imanishi|Kinji Imanishi	https://plato.stanford.edu/entries/cognition-animal/|https://plato.stanford.edu/entries/nishida-kitaro/	813
<http://dbpedia.org/resource/Maine_de_Biran>	Maine de Biran	0.4838292622439942	8	10	18	0	0	0	0	0	0	0	0	0	[]	False	False	False	True	Maine de Biran	2	4	Maine de Biran	Maine de Biran	https://plato.stanford.edu/entries/bodily-awareness/|https://plato.stanford.edu/entries/michel-henry/	814
<http://dbpedia.org/resource/Michael_Hardt>	Michael Hardt	0.3772627815321293	0	4	4	0	0	0	0	0	0	0	0	0	[]	False	False	False	True	Michael Hardt	2	4	Michael Hardt|Hardt	Hardt|Michael Hardt	https://plato.stanford.edu/entries/global-democracy/|https://plato.stanford.edu/entries/spinoza-political/	815
<http://dbpedia.org/resource/Neil_Robertson_(mathematician)>	Neil Robertson (mathematician)	0.2855504751562552	0	0	0	1	1	0	0	0	0	0	0	0	[]	False	False	False	True	Neil Robertson	2	4	Neil Robertson|Robertson	Neil Robertson|Robertson	https://plato.stanford.edu/entries/medieval-literary/|https://plato.stanford.edu/entries/proof-theory/	816
<http://dbpedia.org/resource/Pierre_Teilhard_de_Chardin>	Pierre Teilhard de Chardin	0.6131479951340303	12	12	24	0	0	0	0	0	0	0	0	0	[]	False	False	False	True	Pierre Teilhard de Chardin	2	4	Pierre Teilhard de Chardin|Chardin	Chardin|Pierre Teilhard de Chardin	https://plato.stanford.edu/entries/process-theism/|https://plato.stanford.edu/entries/religion-science/	817
<http://dbpedia.org/resource/Rachel_Croson>	Rachel Croson	0.4432127499528409	0	4	4	2	0	0	0	0	0	0	0	0	[]	False	False	False	True	Rachel Croson	2	4	Rachel Croson|Croson	Croson|Rachel Croson	https://plato.stanford.edu/entries/public-goods/|https://plato.stanford.edu/entries/social-norms/	818
<http://dbpedia.org/resource/Raúl_Alfonsín>	Raúl Alfonsín	0.3130316392093654	0	1	1	0	0	0	0	0	0	0	0	0	[]	False	False	False	True	Raul Alfonsin	2	4	Raul Alfonsin|Alfonsin	Alfonsin|Raul Alfonsin	https://plato.stanford.edu/entries/latin-american-analytic/|https://plato.stanford.edu/entries/latin-american-philosophy/	819
<http://dbpedia.org/resource/Albert_Schweitzer>	Albert Schweitzer	0.5989551940707792	1	3	4	1	2	0	0	0	0	0	0	0	[]	False	False	False	True	Albert Schweitzer	2	3	Albert Schweitzer|Schweitzer	Albert Schweitzer|Schweitzer	https://plato.stanford.edu/entries/pacifism/|https://plato.stanford.edu/entries/pantheism/	820
<http://dbpedia.org/resource/C._A._Campbell>	C. A. Campbell	0.3812846319274856	0	3	3	0	0	0	0	0	0	0	0	0	[]	False	False	False	True	C. A. Campbell	2	3	C. A. Campbell	C. A. Campbell	https://plato.stanford.edu/entries/alternative-possibilities/|https://plato.stanford.edu/entries/freewill/	821
<http://dbpedia.org/resource/Dan_Ariely>	Dan Ariely	0.2775	0	0	0	3	1	0	0	0	0	0	0	0	[]	False	False	False	True	Dan Ariely	2	3	Dan Ariely|Ariely	Ariely|Dan Ariely	https://plato.stanford.edu/entries/bounded-rationality/|https://plato.stanford.edu/entries/dehumanization/	822
<http://dbpedia.org/resource/Ernst_Heinrich_Weber>	Ernst Heinrich Weber	0.6016491401148999	1	1	2	1	1	0	0	0	0	0	0	0	[]	False	False	False	True	Ernst Heinrich Weber	2	3	Ernst Heinrich Weber	Ernst Heinrich Weber	https://plato.stanford.edu/entries/fechner/|https://plato.stanford.edu/entries/hermann-helmholtz/	823
<http://dbpedia.org/resource/Gillian_Rose>	Gillian Rose	0.5485621657992168	5	16	21	0	0	0	0	0	0	0	0	0	[]	False	False	False	True	Gillian Rose	2	3	Gillian Rose	Gillian Rose	https://plato.stanford.edu/entries/hermann-lotze/|https://plato.stanford.edu/entries/levinas/	824
<http://dbpedia.org/resource/Hermann_Conring>	Hermann Conring	0.2781117227011428	0	1	1	0	0	0	0	0	0	0	0	0	[]	False	False	False	True	Hermann Conring	2	3	Hermann Conring|Conring	Conring|Hermann Conring	https://plato.stanford.edu/entries/campanella/|https://plato.stanford.edu/entries/pufendorf-moral/	825
<http://dbpedia.org/resource/Iain_Hamilton_Grant>	Iain Hamilton Grant	0.3512584274746388	2	4	6	0	0	0	0	0	0	0	0	0	[]	False	False	False	True	Iain Hamilton Grant	2	3	Iain Hamilton Grant	Iain Hamilton Grant	https://plato.stanford.edu/entries/idealism/|https://plato.stanford.edu/entries/lyotard/	826
<http://dbpedia.org/resource/Jakob_Yngvason>	Jakob Yngvason	0.2775	0	0	0	1	3	0	0	0	0	0	0	0	[]	False	False	False	True	Jakob Yngvason	2	3	Jakob Yngvason|Yngvason	Jakob Yngvason|Yngvason	https://plato.stanford.edu/entries/statphys-statmech/|https://plato.stanford.edu/entries/time-thermo/	827
<http://dbpedia.org/resource/James_M._Buchanan>	James M. Buchanan	0.2975674888548018	6	6	12	2	0	0	0	0	0	0	0	0	[Austrian economics, Public choice theory, Constitutional economics]	False	False	False	True	James M. Buchanan	2	3	James M. Buchanan	James M. Buchanan	https://plato.stanford.edu/entries/contractarianism-contemporary/|https://plato.stanford.edu/entries/neoliberalism/	828
<http://dbpedia.org/resource/Jean-François_Melon>	Jean-François Melon	0.3546507325734885	4	3	7	0	0	0	0	0	0	0	0	0	[]	False	False	False	True	Jean-Francois Melon	2	3	Jean-Francois Melon|Melon	Jean-Francois Melon|Melon	https://plato.stanford.edu/entries/economics-early-modern/|https://plato.stanford.edu/entries/mandeville/	829
<http://dbpedia.org/resource/Johannes_Schmidt_(linguist)>	Johannes Schmidt (linguist)	0.3128753094318119	0	1	1	0	1	0	0	0	0	0	0	0	[]	False	False	False	True	Johannes Schmidt	2	3	Johannes Schmidt	Johannes Schmidt	https://plato.stanford.edu/entries/herder/|https://plato.stanford.edu/entries/luther-influence/	830
<http://dbpedia.org/resource/John_Stewart_Bell>	John Stewart Bell	0.3044928144744223	0	1	1	2	9	0	0	0	0	0	0	0	[]	False	False	False	True	John Stewart Bell	2	3	John Stewart Bell	John Stewart Bell	https://plato.stanford.edu/entries/bell-theorem/|https://plato.stanford.edu/entries/qm-collapse/	831
<http://dbpedia.org/resource/José_Ferrater_Mora>	José Ferrater Mora	0.5153841361181548	1	3	4	0	0	0	0	0	0	0	0	0	[]	False	False	False	True	Jose Ferrater Mora	2	3	Jose Ferrater Mora|Mora	Jose Ferrater Mora|Mora	https://plato.stanford.edu/entries/latin-american-philosophy/|https://plato.stanford.edu/entries/philosophy-chile/	832
<http://dbpedia.org/resource/Joseph_Grinnell>	Joseph Grinnell	0.313625	1	0	1	0	0	0	0	0	0	0	0	0	[]	False	False	False	True	Joseph Grinnell	2	3	Joseph Grinnell|Grinnell	Grinnell|Joseph Grinnell	https://plato.stanford.edu/entries/ecology/|https://plato.stanford.edu/entries/structure-scientific-theories/	833
<http://dbpedia.org/resource/Marcello_Malpighi>	Marcello Malpighi	0.3273609517631231	1	0	1	1	0	0	0	0	0	0	0	0	[]	False	False	False	True	Marcello Malpighi	2	3	Marcello Malpighi|Malpighi	Malpighi|Marcello Malpighi	https://plato.stanford.edu/entries/evolution-before-darwin/|https://plato.stanford.edu/entries/johann-sturm/	834
<http://dbpedia.org/resource/Menas_Kafatos>	Menas Kafatos	0.3459473346827588	0	4	4	2	0	0	0	0	0	0	0	0	[]	False	False	False	True	Menas Kafatos	2	3	Menas Kafatos|Kafatos	Kafatos|Menas Kafatos	https://plato.stanford.edu/entries/monism/|https://plato.stanford.edu/entries/qm-retrocausality/	835
<http://dbpedia.org/resource/Pierre-Simon_Laplace>	Pierre-Simon Laplace	0.405	1	0	1	1	33	0	0	0	0	0	0	0	[]	False	False	False	True	Pierre-Simon Laplace	2	3	Pierre-Simon Laplace|Laplace	Laplace|Pierre-Simon Laplace	https://plato.stanford.edu/entries/atomism-modern/|https://plato.stanford.edu/entries/religion-science/	836
<http://dbpedia.org/resource/Rabindranath_Tagore>	Rabindranath Tagore	0.8423712342130444	2	2	4	0	0	7	0	0	0	0	0	0	[]	False	False	False	True	Rabindranath Tagore	2	3	Rabindranath Tagore|Tagore	Rabindranath Tagore|Tagore	https://plato.stanford.edu/entries/natorp/|https://plato.stanford.edu/entries/philosophy-religion/	837
<http://dbpedia.org/resource/Rosa_Parks>	Rosa Parks	0.34125	0	0	0	0	1	0	0	0	0	0	0	0	[]	False	False	False	True	Rosa Parks	2	3	Rosa Parks|Parks	Rosa Parks	https://plato.stanford.edu/entries/civil-disobedience/|https://plato.stanford.edu/entries/computational-linguistics/	838
<http://dbpedia.org/resource/Sabine_Hossenfelder>	Sabine Hossenfelder	0.2775	0	0	0	1	1	0	0	0	0	0	0	0	[]	False	False	False	True	Sabine Hossenfelder	2	3	Sabine Hossenfelder|Hossenfelder	Hossenfelder|Sabine Hossenfelder	https://plato.stanford.edu/entries/chinese-room/|https://plato.stanford.edu/entries/fine-tuning/	839
<http://dbpedia.org/resource/Theodorus_the_Atheist>	Theodorus the Atheist	0.3698928954441026	1	3	4	0	0	0	0	0	0	0	0	0	[]	False	False	False	True	Theodorus the Atheist	2	3	Theodorus the Atheist|Atheist	Atheist|Theodorus the Atheist	https://plato.stanford.edu/entries/beauty/|https://plato.stanford.edu/entries/cyrenaics/	840
<http://dbpedia.org/resource/Thomas_Merton>	Thomas Merton	0.2857704344941281	1	4	5	0	0	0	0	0	0	0	0	0	[]	False	False	False	True	Thomas Merton	2	3	Thomas Merton	Thomas Merton	https://plato.stanford.edu/entries/maritain/|https://plato.stanford.edu/entries/pacifism/	841
<http://dbpedia.org/resource/Vladimir_Jankélévitch>	Vladimir Jankélévitch	0.3114577374373222	5	4	9	0	0	0	0	0	0	0	0	0	[]	False	False	False	True	Vladimir Jankelevitch	2	3	Vladimir Jankelevitch|Jankelevitch	Jankelevitch|Vladimir Jankelevitch	https://plato.stanford.edu/entries/bergson/|https://plato.stanford.edu/entries/levinas/	842
<http://dbpedia.org/resource/Ádám_Miklósi>	Ádám Miklósi	0.405	1	2	3	0	0	0	0	0	0	0	0	0	[]	False	False	False	True	Adam Miklosi	2	2	Adam Miklosi|Miklosi	Adam Miklosi	https://plato.stanford.edu/entries/cognition-animal/|https://plato.stanford.edu/entries/culture-cogsci/	843
<http://dbpedia.org/resource/Al-Mutanabbi>	Al-Mutanabbi	0.324675	4	2	6	0	0	0	0	0	0	0	0	0	[]	False	False	False	True	Al-Mutanabbi	2	2	Al-Mutanabbi	Al-Mutanabbi	https://plato.stanford.edu/entries/ikhwan-al-safa/|https://plato.stanford.edu/entries/umar-khayyam/	844
<http://dbpedia.org/resource/Annemarie_Schimmel>	Annemarie Schimmel	0.3149832007159395	0	1	1	0	0	0	0	0	0	0	0	0	[]	False	False	False	True	Annemarie Schimmel	2	2	Annemarie Schimmel|Schimmel	Annemarie Schimmel	https://plato.stanford.edu/entries/ibn-arabi/|https://plato.stanford.edu/entries/ibn-taymiyya/	845
<http://dbpedia.org/resource/Arnobius>	Arnobius	0.2838109542224423	1	3	4	0	0	0	0	0	0	0	0	0	[]	False	False	False	True	Arnobius	2	2	Arnobius	Arnobius	https://plato.stanford.edu/entries/lucretius/|https://plato.stanford.edu/entries/pascal-wager/	846
<http://dbpedia.org/resource/Benedict_Anderson>	Benedict Anderson	0.2842254994586839	0	1	1	2	0	0	0	0	0	0	0	0	[]	False	False	False	True	Benedict Anderson	2	2	Benedict Anderson	Benedict Anderson	https://plato.stanford.edu/entries/history/|https://plato.stanford.edu/entries/patriotism/	847
<http://dbpedia.org/resource/C._R._Hagen>	C. R. Hagen	13.360151483253492	0	0	0	4	11	0	0	0	0	0	0	0	[]	False	False	False	True	C. R. Hagen	2	2	C. R. Hagen	C. R. Hagen	https://plato.stanford.edu/entries/gauge-theories/|https://plato.stanford.edu/entries/symmetry-breaking/	848
<http://dbpedia.org/resource/Carlo_Penco>	Carlo Penco	0.4699807513143307	0	3	3	0	0	0	0	0	0	0	0	0	[]	False	False	False	True	Carlo Penco	2	2	Carlo Penco|Penco	Carlo Penco	https://plato.stanford.edu/entries/idiolects/|https://plato.stanford.edu/entries/reasons-just-vs-expl/	849
<http://dbpedia.org/resource/Cynthia_Nielsen>	Cynthia Nielsen	0.7047936811274216	0	4	4	0	0	0	0	0	0	0	0	0	[]	False	False	False	True	Cynthia Nielsen	2	2	Cynthia Nielsen	Cynthia Nielsen	https://plato.stanford.edu/entries/femapproach-analy-cont/|https://plato.stanford.edu/entries/gadamer-aesthetics/	850
<http://dbpedia.org/resource/David_Buss>	David Buss	0.4900000000000001	0	5	5	0	1	0	0	0	0	0	0	0	[]	False	False	False	True	David Buss	2	2	David Buss	David Buss	https://plato.stanford.edu/entries/culture-cogsci/|https://plato.stanford.edu/entries/sex-sexuality/	851
<http://dbpedia.org/resource/Edward_Gibbon>	Edward Gibbon	0.5113493398815958	9	13	22	1	0	0	0	0	0	0	0	0	[]	False	False	False	True	Edward Gibbon	2	2	Edward Gibbon|Gibbon	Edward Gibbon	https://plato.stanford.edu/entries/du-bos/|https://plato.stanford.edu/entries/holbach/	852
<http://dbpedia.org/resource/Emil_Fackenheim>	Emil Fackenheim	0.3914532771692589	2	10	12	0	0	0	0	0	0	0	0	0	[]	False	False	False	True	Emil Fackenheim	2	2	Emil Fackenheim|Fackenheim	Emil Fackenheim	https://plato.stanford.edu/entries/buber/|https://plato.stanford.edu/entries/maimonides-islamic/	853
<http://dbpedia.org/resource/Evandro_Agazzi>	Evandro Agazzi	0.34125	1	2	3	0	0	0	0	0	0	0	0	0	[]	False	False	False	True	Evandro Agazzi	2	2	Evandro Agazzi|Agazzi	Evandro Agazzi	https://plato.stanford.edu/entries/logic-modal-origins/|https://plato.stanford.edu/entries/phil-science-latin-america/	854
<http://dbpedia.org/resource/Frank_Knight>	Frank Knight	0.3314295444971433	9	4	13	3	0	0	0	0	0	0	0	0	[Profit (economics), Value theory]	False	False	False	True	Frank Knight	2	2	Frank Knight	Frank Knight	https://plato.stanford.edu/entries/bounded-rationality/|https://plato.stanford.edu/entries/economics/	855
<http://dbpedia.org/resource/Frans_van_Schooten>	Frans van Schooten	0.7990683285368289	1	7	8	0	1	0	0	0	0	0	0	0	[]	False	False	False	True	Frans van Schooten	2	2	Frans van Schooten|Schooten	Frans van Schooten	https://plato.stanford.edu/entries/descartes/|https://plato.stanford.edu/entries/elisabeth-bohemia/	856
<http://dbpedia.org/resource/Frederic_Harrison>	Frederic Harrison	0.4134745019544427	0	4	4	0	0	0	0	0	0	0	0	0	[]	False	False	False	True	Frederic Harrison	2	2	Frederic Harrison	Frederic Harrison	https://plato.stanford.edu/entries/comte/|https://plato.stanford.edu/entries/george-eliot/	857
<http://dbpedia.org/resource/Hugh_of_Saint_Victor>	Hugh of Saint Victor	1.1119155157896712	5	12	17	0	0	0	0	0	0	0	0	0	[]	False	False	False	True	Hugh of Saint Victor	2	2	Hugh of Saint Victor	Hugh of Saint Victor	https://plato.stanford.edu/entries/llull/|https://plato.stanford.edu/entries/scottus-eriugena/	858
<http://dbpedia.org/resource/J._C._C._McKinsey>	J. C. C. McKinsey	0.3001694223305198	0	0	0	2	1	0	0	0	0	0	0	0	[]	False	False	False	True	J. C. C. McKinsey	2	2	J. C. C. McKinsey|McKinsey	J. C. C. McKinsey	https://plato.stanford.edu/entries/decision-theory/|https://plato.stanford.edu/entries/logic-games/	859
<http://dbpedia.org/resource/J._Robert_Oppenheimer>	J. Robert Oppenheimer	0.285153960360633	2	0	2	0	5	0	0	0	0	0	0	0	[]	False	False	False	True	J. Robert Oppenheimer	2	2	J. Robert Oppenheimer|Oppenheimer	J. Robert Oppenheimer	https://plato.stanford.edu/entries/scientific-knowledge-social/|https://plato.stanford.edu/entries/weyl/	860
<http://dbpedia.org/resource/James_J._Gibson>	James J. Gibson	0.3496656898169045	1	4	5	3	1	0	0	0	0	0	0	0	[]	False	False	False	True	James J. Gibson	2	2	James J. Gibson	James J. Gibson	https://plato.stanford.edu/entries/boundary/|https://plato.stanford.edu/entries/sense-data/	861
<http://dbpedia.org/resource/John_Deely>	John Deely	0.5090076006965939	0	5	5	0	0	0	0	0	0	0	0	0	[]	False	False	False	True	John Deely	2	2	John Deely|Deely	John Deely	https://plato.stanford.edu/entries/analogy-medieval/|https://plato.stanford.edu/entries/suarez/	862
<http://dbpedia.org/resource/John_F._Kennedy>	John F. Kennedy	0.6622716962283907	0	1	1	0	0	0	0	0	0	0	0	0	[]	False	False	False	True	John F. Kennedy	2	2	John F. Kennedy|Kennedy	John F. Kennedy	https://plato.stanford.edu/entries/goodman-aesthetics/|https://plato.stanford.edu/entries/knowledge-analysis/	863
<http://dbpedia.org/resource/John_Scotus_Eriugena__John_Scotus_Eriugena__1>	John Scotus Eriugena  John Scotus Eriugena  1	1.0530917967003848	16	8	24	0	0	0	0	0	0	0	0	0	[]	False	False	False	True	John Scotus Eriugena	2	2	John Scotus Eriugena|Eriugena	John Scotus Eriugena	https://plato.stanford.edu/entries/augustine/|https://plato.stanford.edu/entries/neoplatonism/	864
<http://dbpedia.org/resource/John_Wycliffe>	John Wycliffe	0.5845112702487022	9	6	15	0	0	0	0	0	0	0	0	0	[]	False	False	False	True	John Wycliffe	2	2	John Wycliffe|Wycliffe	John Wycliffe	https://plato.stanford.edu/entries/atonement/|https://plato.stanford.edu/entries/wyclif/	865
<http://dbpedia.org/resource/Julio_Rey_Pastor>	Julio Rey Pastor	0.3533762824055604	0	1	1	1	0	0	0	0	0	0	0	0	[]	False	False	False	True	Julio Rey Pastor	2	2	Julio Rey Pastor|Pastor	Julio Rey Pastor	https://plato.stanford.edu/entries/gasset/|https://plato.stanford.edu/entries/phil-science-latin-america/	866
<http://dbpedia.org/resource/Karl_Korsch>	Karl Korsch	0.6112862418523124	6	7	13	0	0	0	0	0	0	0	0	0	[]	False	False	False	True	Karl Korsch	2	2	Karl Korsch|Korsch	Karl Korsch	https://plato.stanford.edu/entries/heidegger-aesthetics/|https://plato.stanford.edu/entries/lukacs/	867
<http://dbpedia.org/resource/Le_Corbusier>	Le Corbusier	0.4248773853748943	0	2	2	0	0	0	0	0	0	0	0	0	[]	False	False	False	True	Le Corbusier	2	2	Le Corbusier|Corbusier	Le Corbusier	https://plato.stanford.edu/entries/architecture/|https://plato.stanford.edu/entries/conservatism/	868
<http://dbpedia.org/resource/Lucilio_Vanini>	Lucilio Vanini	0.5795806628367579	1	5	6	0	0	0	0	0	0	0	0	0	[]	False	False	False	True	Lucilio Vanini	2	2	Lucilio Vanini|Vanini	Lucilio Vanini	https://plato.stanford.edu/entries/bayle/|https://plato.stanford.edu/entries/descartes/	869
<http://dbpedia.org/resource/Mao_Zedong>	Mao Zedong	0.4583189622292452	5	1	6	1	0	0	0	0	0	0	0	0	[]	False	False	False	True	Mao Zedong	2	2	Mao Zedong|Zedong	Mao Zedong	https://plato.stanford.edu/entries/chinese-epistemology/|https://plato.stanford.edu/entries/mencius/	870
<http://dbpedia.org/resource/María_Zambrano>	María Zambrano	0.4483767758914863	0	7	7	0	0	0	0	0	0	0	0	0	[]	False	False	False	True	Maria Zambrano	2	2	Maria Zambrano|Zambrano	Maria Zambrano	https://plato.stanford.edu/entries/latin-american-philosophy/|https://plato.stanford.edu/entries/philosophy-mexico/	871
<http://dbpedia.org/resource/Mircea_Eliade>	Mircea Eliade	0.4585809703371323	2	2	4	0	0	0	0	0	0	0	0	0	[]	False	False	False	True	Mircea Eliade	2	2	Mircea Eliade|Eliade	Mircea Eliade	https://plato.stanford.edu/entries/ibn-gabirol/|https://plato.stanford.edu/entries/scholem/	872
<http://dbpedia.org/resource/Nigel_Gilbert>	Nigel Gilbert	0.2775	1	0	1	1	2	0	0	0	0	0	0	0	[]	False	False	False	True	Nigel Gilbert	2	2	Nigel Gilbert	Nigel Gilbert	https://plato.stanford.edu/entries/agent-modeling-philscience/|https://plato.stanford.edu/entries/popper/	873
<http://dbpedia.org/resource/Peter_Suber>	Peter Suber	0.3116780952156171	0	1	1	1	3	0	0	0	0	0	0	0	[]	False	False	False	True	Peter Suber	2	2	Peter Suber|Suber	Peter Suber	https://plato.stanford.edu/entries/paradox-skolem/|https://plato.stanford.edu/entries/self-reference/	874
<http://dbpedia.org/resource/Pope_Benedict_XVI>	Pope Benedict XVI	0.4848165765037793	0	4	4	0	0	0	0	0	0	0	0	0	[]	False	False	False	True	Pope Benedict XVI	2	2	Pope Benedict XVI	Pope Benedict XVI	https://plato.stanford.edu/entries/relativism/|https://plato.stanford.edu/entries/sovereignty/	875
<http://dbpedia.org/resource/Robert_Williams_(geometer)>	Robert Williams (geometer)	0.7242095933867645	0	7	7	2	0	0	0	0	0	0	0	0	[]	False	False	False	True	Robert Williams	2	2	Robert Williams	Robert Williams	https://plato.stanford.edu/entries/hegel/|https://plato.stanford.edu/entries/immutability/	876
<http://dbpedia.org/resource/Rodrigo_de_Arriaga>	Rodrigo de Arriaga	0.2870307587427191	7	3	10	0	0	0	0	0	0	0	0	0	[]	False	False	False	True	Rodrigo de Arriaga	2	2	Rodrigo de Arriaga|Arriaga	Rodrigo de Arriaga	https://plato.stanford.edu/entries/johann-sturm/|https://plato.stanford.edu/entries/medieval-philosophy/	877
<http://dbpedia.org/resource/Sam_Harris>	Sam Harris	0.6966582388263755	0	3	3	0	0	0	0	0	0	0	0	0	[]	False	False	False	True	Sam Harris	2	2	Sam Harris	Sam Harris	https://plato.stanford.edu/entries/atheism-agnosticism/|https://plato.stanford.edu/entries/religion-science/	878
<http://dbpedia.org/resource/Sean_B._Carroll>	Sean B. Carroll	0.348528125	0	1	1	2	0	0	0	0	0	0	0	0	[]	False	False	False	True	Sean B. Carroll	2	2	Sean B. Carroll	Sean B. Carroll	https://plato.stanford.edu/entries/evolution-development/|https://plato.stanford.edu/entries/scientific-revolutions/	879
<http://dbpedia.org/resource/Swami_Vivekananda>	Swami Vivekananda	0.5643750000000001	2	0	2	0	0	0	1	0	0	0	0	0	[]	False	False	False	True	Swami Vivekananda	2	2	Swami Vivekananda|Vivekananda	Swami Vivekananda	https://plato.stanford.edu/entries/god-ultimates/|https://plato.stanford.edu/entries/panentheism/	880
<http://dbpedia.org/resource/Theodore_Roosevelt>	Theodore Roosevelt	0.3561198436968922	0	1	1	0	0	0	0	0	0	0	0	0	[]	False	False	False	True	Theodore Roosevelt	2	2	Theodore Roosevelt	Theodore Roosevelt	https://plato.stanford.edu/entries/addams-jane/|https://plato.stanford.edu/entries/civic-education/	881
<http://dbpedia.org/resource/Todd_May>	Todd May	0.3584331376853525	0	4	4	0	0	0	0	0	0	0	0	0	[]	False	False	False	True	Todd May	2	2	Todd May	Todd May	https://plato.stanford.edu/entries/femapproach-continental/|https://plato.stanford.edu/entries/free-will-foreknowledge/	882
<http://dbpedia.org/resource/William_Kingdon_Clifford>	William Kingdon Clifford	0.405	3	2	5	2	9	0	0	0	0	0	0	0	[]	False	False	False	True	William Kingdon Clifford	2	2	William Kingdon Clifford	William Kingdon Clifford	https://plato.stanford.edu/entries/ethics-belief/|https://plato.stanford.edu/entries/james-ward/	883
<http://dbpedia.org/resource/Xi_Jinping>	Xi Jinping	0.2895167919411572	0	2	2	1	0	0	0	0	0	0	0	0	[]	False	False	False	True	Xi Jinping	2	2	Xi Jinping|Jinping	Xi Jinping	https://plato.stanford.edu/entries/chinese-legalism/|https://plato.stanford.edu/entries/sovereignty/	884
<http://dbpedia.org/resource/Georges-Louis_Leclerc,_Comte_de_Buffon>	Georges-Louis Leclerc, Comte de Buffon	0.2775	4	1	5	0	3	0	0	0	0	0	0	0	[]	False	False	False	True	Georges-Louis Leclerc, Comte de Buffon	1	108	Georges-Louis Leclerc, Comte de Buffon|Buffon	Buffon|Georges-Louis Leclerc, Comte de Buffon	https://plato.stanford.edu/entries/evolution-before-darwin/	885
<http://dbpedia.org/resource/Antonio_Rosmini>	Antonio Rosmini	0.8576326870165996	0	10	10	0	0	0	0	0	0	0	0	0	[]	False	False	False	True	Antonio Rosmini	1	98	Antonio Rosmini|Rosmini	Antonio Rosmini|Rosmini	https://plato.stanford.edu/entries/antonio-rosmini/	886
<http://dbpedia.org/resource/Guru_Nanak>	Guru Nanak	0.8171345811415456	0	1	1	0	0	0	0	0	0	0	0	0	[]	False	False	False	True	Guru Nanak	1	61	Guru Nanak|Nanak	Guru Nanak|Nanak	https://plato.stanford.edu/entries/sikh-philosophy/	887
<http://dbpedia.org/resource/E._B._Ford>	E. B. Ford	0.6228063381494998	7	4	11	2	0	0	0	0	0	0	0	0	[]	False	False	False	True	E. B. Ford	1	52	E. B. Ford|Ford	E. B. Ford|Ford	https://plato.stanford.edu/entries/ecological-genetics/	888
<http://dbpedia.org/resource/William_Chittick>	William Chittick	0.3667397164362005	1	4	5	0	0	0	0	0	0	0	0	0	[]	False	False	False	True	William Chittick	1	36	William Chittick|Chittick	Chittick|William Chittick	https://plato.stanford.edu/entries/ibn-arabi/	889
<http://dbpedia.org/resource/Oliver_John>	Oliver John	0.2775	0	0	0	1	1	0	0	0	0	0	0	0	[]	False	False	False	True	Oliver John	1	25	Oliver John|John	John|Oliver John	https://plato.stanford.edu/entries/moral-character-empirical/	890
<http://dbpedia.org/resource/Hayashi_Razan>	Hayashi Razan	0.4735265475545736	3	2	5	0	0	0	0	0	0	0	0	0	[]	False	False	False	True	Hayashi Razan	1	22	Hayashi Razan|Razan	Hayashi Razan|Razan	https://plato.stanford.edu/entries/japanese-confucian/	891
<http://dbpedia.org/resource/Paul_Vitányi>	Paul Vitányi	0.306984375	0	0	0	2	9	0	0	0	0	0	0	0	[]	False	False	False	True	Paul Vitanyi	1	22	Paul Vitanyi|Vitanyi	Paul Vitanyi|Vitanyi	https://plato.stanford.edu/entries/information/	892
<http://dbpedia.org/resource/Peter_C._Fishburn>	Peter C. Fishburn	0.3252861282036442	0	0	0	2	1	0	0	0	0	0	0	0	[]	False	False	False	True	Peter C. Fishburn	1	21	Peter C. Fishburn|Fishburn	Fishburn|Peter C. Fishburn	https://plato.stanford.edu/entries/voting-methods/	893
<http://dbpedia.org/resource/Bernard_Stiegler>	Bernard Stiegler	0.3149671344902501	1	6	7	0	0	0	0	0	0	0	0	0	[]	False	False	False	True	Bernard Stiegler	1	16	Bernard Stiegler|Stiegler	Bernard Stiegler|Stiegler	https://plato.stanford.edu/entries/ethics-it-phenomenology/	894
<http://dbpedia.org/resource/Brian_Glenney>	Brian Glenney	0.2987552131380689	0	3	3	0	0	0	0	0	0	0	0	0	[]	False	False	False	True	Brian Glenney	1	16	Brian Glenney|Glenney	Brian Glenney|Glenney	https://plato.stanford.edu/entries/molyneux-problem/	895
<http://dbpedia.org/resource/Carlos_Santiago_Nino>	Carlos Santiago Nino	0.3042991286245616	0	1	1	0	0	0	0	0	0	0	0	0	[]	False	False	False	True	Carlos Santiago Nino	1	15	Carlos Santiago Nino|Nino	Carlos Santiago Nino|Nino	https://plato.stanford.edu/entries/latin-american-analytic/	896
<http://dbpedia.org/resource/George_Henry_Lewes>	George Henry Lewes	0.3183395240837011	2	5	7	0	0	0	0	0	0	0	0	0	[]	False	False	False	True	George Henry Lewes	1	15	George Henry Lewes|Lewes	George Henry Lewes|Lewes	https://plato.stanford.edu/entries/george-eliot/	897
<http://dbpedia.org/resource/Michael_Kohlhase__Michael_Kohlhase__1>	Michael Kohlhase  Michael Kohlhase  1	0.3561250000000001	0	0	0	1	1	0	0	0	0	0	0	0	[]	False	False	False	True	Michael Kohlhase	1	14	Michael Kohlhase|Kohlhase	Kohlhase|Michael Kohlhase	https://plato.stanford.edu/entries/type-theory-church/	898
<http://dbpedia.org/resource/Leonard_Bloomfield__Leonard_Bloomfield__1>	Leonard Bloomfield  Leonard Bloomfield  1	0.5291453427523914	2	6	8	5	0	0	0	0	0	0	0	0	[]	False	False	False	True	Leonard Bloomfield	1	13	Leonard Bloomfield|Bloomfield	Bloomfield|Leonard Bloomfield	https://plato.stanford.edu/entries/linguistics/	899
<http://dbpedia.org/resource/Vladimir_Lenin>	Vladimir Lenin	0.6130703674258406	15	5	20	1	0	0	0	0	0	0	0	0	[]	False	False	False	True	Vladimir Lenin	1	13	Vladimir Lenin|Lenin	Lenin|Vladimir Lenin	https://plato.stanford.edu/entries/luxemburg/	900
<http://dbpedia.org/resource/Emer_de_Vattel>	Emer de Vattel	0.4821366590015901	4	5	9	0	0	0	0	0	0	0	0	0	[]	False	False	False	True	Emer de Vattel	1	12	Emer de Vattel|Vattel	Emer de Vattel|Vattel	https://plato.stanford.edu/entries/pufendorf-moral/	901
<http://dbpedia.org/resource/François_Quesnay>	François Quesnay	0.6803357269329343	14	6	20	0	0	0	0	0	0	0	0	0	[]	False	False	False	True	Francois Quesnay	1	12	Francois Quesnay|Quesnay	Francois Quesnay|Quesnay	https://plato.stanford.edu/entries/economics-early-modern/	902
<http://dbpedia.org/resource/Jack_Minker>	Jack Minker	0.2775	1	0	1	3	0	0	0	0	0	0	0	0	[]	False	False	False	True	Jack Minker	1	12	Jack Minker|Minker	Jack Minker|Minker	https://plato.stanford.edu/entries/logic-ai/	903
<http://dbpedia.org/resource/Ludwig_van_Beethoven>	Ludwig van Beethoven	0.324675	1	0	1	0	0	0	0	0	0	0	0	0	[]	False	False	False	True	Ludwig van Beethoven	1	12	Ludwig van Beethoven|Beethoven	Beethoven|Ludwig van Beethoven	https://plato.stanford.edu/entries/hist-westphilmusic-since-1800/	904
<http://dbpedia.org/resource/Albert_Bandura>	Albert Bandura	0.37153125	2	3	5	2	6	0	0	0	0	0	0	0	[]	False	False	False	True	Albert Bandura	1	10	Albert Bandura|Bandura	Albert Bandura|Bandura	https://plato.stanford.edu/entries/dehumanization/	905
<http://dbpedia.org/resource/Felix_Hausdorff>	Felix Hausdorff	0.3123671268838107	0	0	0	1	13	0	0	0	0	0	0	0	[]	False	False	False	True	Felix Hausdorff	1	10	Felix Hausdorff|Hausdorff	Felix Hausdorff|Hausdorff	https://plato.stanford.edu/entries/settheory-early/	906
<http://dbpedia.org/resource/Lars_Bergström_(physicist)>	Lars Bergström (physicist)	0.405	0	0	0	1	3	0	0	0	0	0	0	0	[]	False	False	False	True	Lars Bergstrom	1	9	Lars Bergstrom|Bergstrom	Bergstrom|Lars Bergstrom	https://plato.stanford.edu/entries/actualism-possibilism-ethics/	907
<http://dbpedia.org/resource/Murray_Bookchin>	Murray Bookchin	0.8871204593451957	6	17	23	0	0	0	0	0	0	0	0	0	[]	False	False	False	True	Murray Bookchin	1	9	Murray Bookchin|Bookchin	Bookchin|Murray Bookchin	https://plato.stanford.edu/entries/ethics-environmental/	908
<http://dbpedia.org/resource/Tony_Lawson>	Tony Lawson	0.3821885607316815	0	6	6	0	0	0	0	0	0	0	0	0	[]	False	False	False	True	Tony Lawson	1	9	Tony Lawson|Lawson	Lawson|Tony Lawson	https://plato.stanford.edu/entries/economics/	909
<http://dbpedia.org/resource/David_Corfield>	David Corfield	0.383773828936408	0	2	2	0	0	0	0	0	0	0	0	0	[]	False	False	False	True	David Corfield	1	8	David Corfield|Corfield	Corfield|David Corfield	https://plato.stanford.edu/entries/mathematical-practice/	910
<http://dbpedia.org/resource/Dominique_Bouhours>	Dominique Bouhours	0.3017246872012494	0	1	1	0	0	0	0	0	0	0	0	0	[]	False	False	False	True	Dominique Bouhours	1	8	Dominique Bouhours|Bouhours	Bouhours|Dominique Bouhours	https://plato.stanford.edu/entries/aesthetics-18th-french/	911
<http://dbpedia.org/resource/Tullio_Regge>	Tullio Regge	0.2804124232622195	0	0	0	1	3	0	0	0	0	0	0	0	[]	False	False	False	True	Tullio Regge	1	8	Tullio Regge|Regge	Regge|Tullio Regge	https://plato.stanford.edu/entries/geometry-finitism/	912
<http://dbpedia.org/resource/Zeno_of_Sidon>	Zeno of Sidon	0.2931416680225307	1	2	3	0	0	0	0	0	0	0	0	0	[]	False	False	False	True	Zeno of Sidon	1	8	Zeno of Sidon|Sidon	Zeno of Sidon	https://plato.stanford.edu/entries/philodemus/	913
<http://dbpedia.org/resource/Andy_Sumner>	Andy Sumner	0.6365230274682241	0	11	11	0	0	0	0	0	0	0	0	0	[International development]	False	False	False	True	Andy Sumner	1	7	Andy Sumner|Sumner	Andy Sumner|Sumner	https://plato.stanford.edu/entries/rights-human/	914
<http://dbpedia.org/resource/Otto_Hölder>	Otto Hölder	0.2775	0	0	0	0	6	0	0	0	0	0	0	0	[]	False	False	False	True	Otto Holder	1	7	Otto Holder|Holder	Holder|Otto Holder	https://plato.stanford.edu/entries/measurement-science/	915
<http://dbpedia.org/resource/Yuval_Noah_Harari>	Yuval Noah Harari	0.3023625000000001	0	1	1	2	3	0	0	0	0	0	0	0	[]	False	False	False	True	Yuval Noah Harari	1	7	Yuval Noah Harari|Harari	Harari|Yuval Noah Harari	https://plato.stanford.edu/entries/ethics-ai/	916
<http://dbpedia.org/resource/David_Glass_(sociologist)>	David Glass (sociologist)	0.5325000000000001	0	4	4	0	0	0	0	0	0	0	0	0	[]	False	False	False	True	David Glass	1	6	David Glass|Glass	David Glass|Glass	https://plato.stanford.edu/entries/justep-coherence/	917
<http://dbpedia.org/resource/Hans_Urs_von_Balthasar>	Hans Urs von Balthasar	0.3623642757601275	5	4	9	0	0	0	0	0	0	0	0	0	[]	False	False	False	True	Hans Urs von Balthasar	1	6	Hans Urs von Balthasar|Balthasar	Balthasar|Hans Urs von Balthasar	https://plato.stanford.edu/entries/divine-revelation/	918
<http://dbpedia.org/resource/Lev_Vygotsky>	Lev Vygotsky	0.9147192185492315	8	13	21	1	3	0	0	0	0	0	0	0	[]	False	False	False	True	Lev Vygotsky	1	6	Lev Vygotsky|Vygotsky	Lev Vygotsky|Vygotsky	https://plato.stanford.edu/entries/inner-speech/	919
<http://dbpedia.org/resource/Peg_Birmingham>	Peg Birmingham	0.4460161563625107	0	6	6	0	0	0	0	0	0	0	0	0	[]	False	False	False	True	Peg Birmingham	1	6	Peg Birmingham|Birmingham	Birmingham|Peg Birmingham	https://plato.stanford.edu/entries/concept-evil/	920
<http://dbpedia.org/resource/Adrian_Johnston_(philosopher)>	Adrian Johnston (philosopher)	0.3775705948805417	0	3	3	0	0	0	0	0	0	0	0	0	[]	False	False	False	True	Adrian Johnston	1	5	Adrian Johnston|Johnston	Adrian Johnston|Johnston	https://plato.stanford.edu/entries/lacan/	921
<http://dbpedia.org/resource/Claus_Offe>	Claus Offe	0.331428501369292	0	2	2	0	0	0	0	0	0	0	0	0	[]	False	False	False	True	Claus Offe	1	5	Claus Offe|Offe	Claus Offe|Offe	https://plato.stanford.edu/entries/critical-theory/	922
<http://dbpedia.org/resource/Colin_Pittendrigh>	Colin Pittendrigh	0.385875	0	1	1	2	1	0	0	0	0	0	0	0	[]	False	False	False	True	Colin Pittendrigh	1	5	Colin Pittendrigh|Pittendrigh	Colin Pittendrigh|Pittendrigh	https://plato.stanford.edu/entries/teleology-biology/	923
<http://dbpedia.org/resource/Edgar_S._Brightman>	Edgar S. Brightman	0.3309303715535792	1	2	3	0	0	0	0	0	0	0	0	0	[]	False	False	False	True	Edgar S. Brightman	1	5	Edgar S. Brightman|Brightman	Brightman|Edgar S. Brightman	https://plato.stanford.edu/entries/personalism/	924
<http://dbpedia.org/resource/Évariste_Galois>	Évariste Galois	0.3149814178036645	1	3	4	1	3	0	0	0	0	0	0	0	[]	False	False	False	True	Evariste Galois	1	5	Evariste Galois|Galois	Evariste Galois|Galois	https://plato.stanford.edu/entries/dedekind-foundations/	925
<http://dbpedia.org/resource/Franz_Bopp>	Franz Bopp	0.2985390986064277	4	3	7	0	0	0	0	0	0	0	0	0	[]	False	False	False	True	Franz Bopp	1	5	Franz Bopp|Bopp	Franz Bopp	https://plato.stanford.edu/entries/wilhelm-humboldt/	926
<http://dbpedia.org/resource/Henri_Lefebvre>	Henri Lefebvre	0.5922433892632116	14	13	27	0	0	0	0	0	0	0	0	0	[]	False	False	False	True	Henri Lefebvre	1	5	Henri Lefebvre|Lefebvre	Henri Lefebvre|Lefebvre	https://plato.stanford.edu/entries/baudrillard/	927
<http://dbpedia.org/resource/Ivan_Illich>	Ivan Illich	0.8143326761618941	8	6	14	0	0	0	0	0	0	0	0	0	[]	False	False	False	True	Ivan Illich	1	5	Ivan Illich|Illich	Illich|Ivan Illich	https://plato.stanford.edu/entries/biomedicine/	928
<http://dbpedia.org/resource/Richard_Cantillon>	Richard Cantillon	0.2775	5	1	6	0	0	0	0	0	0	0	0	0	[]	False	False	False	True	Richard Cantillon	1	5	Richard Cantillon|Cantillon	Cantillon|Richard Cantillon	https://plato.stanford.edu/entries/economics-early-modern/	929
<http://dbpedia.org/resource/Theodor_Herzl>	Theodor Herzl	0.628288362624159	0	2	2	1	1	0	0	0	0	0	0	0	[]	False	False	False	True	Theodor Herzl	1	5	Theodor Herzl|Herzl	Herzl|Theodor Herzl	https://plato.stanford.edu/entries/buber/	930
<http://dbpedia.org/resource/Tomoko_Ohta>	Tomoko Ohta	0.4017841229455035	0	1	1	2	1	0	0	0	0	0	0	0	[]	False	False	False	True	Tomoko Ohta	1	5	Tomoko Ohta|Ohta	Ohta|Tomoko Ohta	https://plato.stanford.edu/entries/genetic-drift/	931
<http://dbpedia.org/resource/Victoria,_Lady_Welby>	Victoria, Lady Welby	0.2798067527400333	4	3	7	0	0	0	0	0	0	0	0	0	[]	False	False	False	True	Victoria, Lady Welby	1	5	Victoria, Lady Welby|Welby	Victoria, Lady Welby|Welby	https://plato.stanford.edu/entries/brouwer/	932
<http://dbpedia.org/resource/Ágnes_Heller>	Ágnes Heller	0.4852772468807586	1	5	6	0	0	0	0	0	0	0	0	0	[]	False	False	False	True	Agnes Heller	1	4	Agnes Heller|Heller	Agnes Heller|Heller	https://plato.stanford.edu/entries/lukacs/	933
<http://dbpedia.org/resource/Alexander_Macfarlane>	Alexander Macfarlane	0.4279774794982842	2	4	6	1	0	0	0	0	0	0	0	0	[]	False	False	False	True	Alexander Macfarlane	1	4	Alexander Macfarlane|Macfarlane	Alexander Macfarlane|Macfarlane	https://plato.stanford.edu/entries/algebra-logic-tradition/	934
<http://dbpedia.org/resource/Bolívar_Echeverría>	Bolívar Echeverría	0.3216454268460786	1	3	4	0	0	0	0	0	0	0	0	0	[]	False	False	False	True	Bolivar Echeverria	1	4	Bolivar Echeverria|Echeverria	Bolivar Echeverria|Echeverria	https://plato.stanford.edu/entries/philosophy-mexico/	935
<http://dbpedia.org/resource/Charles_Tiebout>	Charles Tiebout	0.2775	0	0	0	2	1	0	0	0	0	0	0	0	[]	False	False	False	True	Charles Tiebout	1	4	Charles Tiebout|Tiebout	Charles Tiebout|Tiebout	https://plato.stanford.edu/entries/public-goods/	936
<http://dbpedia.org/resource/David_Graeber>	David Graeber	0.7385341574794052	2	4	6	0	0	0	0	0	0	0	0	0	[]	False	False	False	True	David Graeber	1	4	David Graeber|Graeber	David Graeber|Graeber	https://plato.stanford.edu/entries/anarchism/	937
<http://dbpedia.org/resource/Diego_Bubbio>	Diego Bubbio	0.4648107260507164	0	4	4	0	0	0	0	0	0	0	0	0	[]	False	False	False	True	Diego Bubbio	1	4	Diego Bubbio|Bubbio	Bubbio|Diego Bubbio	https://plato.stanford.edu/entries/ontological-arguments/	938
<http://dbpedia.org/resource/Eduard_Study>	Eduard Study	0.34125	0	0	0	0	2	0	0	0	0	0	0	0	[]	False	False	False	True	Eduard Study	1	4	Eduard Study|Study	Eduard Study|Study	https://plato.stanford.edu/entries/einstein-philscience/	939
<http://dbpedia.org/resource/Edward_C._Tolman>	Edward C. Tolman	0.3190294068753405	2	2	4	2	4	0	0	0	0	0	0	0	[]	False	False	False	True	Edward C. Tolman	1	4	Edward C. Tolman|Tolman	Edward C. Tolman|Tolman	https://plato.stanford.edu/entries/consciousness-animal/	940
<http://dbpedia.org/resource/Emanuel_Margoliash>	Emanuel Margoliash	0.5524370535714287	0	1	1	0	0	0	0	0	0	0	0	0	[]	False	False	False	True	Emanuel Margoliash	1	4	Emanuel Margoliash|Margoliash	Emanuel Margoliash|Margoliash	https://plato.stanford.edu/entries/phylogenetic-inference/	941
<http://dbpedia.org/resource/Federico_García_Lorca>	Federico García Lorca	0.2775	1	0	1	0	0	0	0	0	0	0	0	0	[]	False	False	False	True	Federico Garcia Lorca	1	4	Federico Garcia Lorca|Lorca	Federico Garcia Lorca|Lorca	https://plato.stanford.edu/entries/gasset/	942
<http://dbpedia.org/resource/George_Everest>	George Everest	0.34125	2	2	4	0	2	0	0	0	0	0	0	0	[]	False	False	False	True	George Everest	1	4	George Everest|Everest	Everest|George Everest	https://plato.stanford.edu/entries/boole/	943
<http://dbpedia.org/resource/George_Stigler>	George Stigler	0.3073348311906905	7	5	12	2	0	0	0	0	0	0	0	0	[]	False	False	False	True	George Stigler	1	4	George Stigler|Stigler	George Stigler|Stigler	https://plato.stanford.edu/entries/sidgwick/	944
<http://dbpedia.org/resource/Hedley_Bull>	Hedley Bull	0.3493706699276544	0	2	2	0	0	0	0	0	0	0	0	0	[]	False	False	False	True	Hedley Bull	1	4	Hedley Bull|Bull	Bull|Hedley Bull	https://plato.stanford.edu/entries/realism-intl-relations/	945
<http://dbpedia.org/resource/Heinrich_Pesch>	Heinrich Pesch	0.2775	4	1	5	0	0	0	0	0	0	0	0	0	[]	False	False	False	True	Heinrich Pesch	1	4	Heinrich Pesch|Pesch	Heinrich Pesch|Pesch	https://plato.stanford.edu/entries/solidarity/	946
<http://dbpedia.org/resource/Jean-François_Champollion>	Jean-François Champollion	0.4942790750497035	1	0	1	2	1	0	0	0	0	0	0	0	[]	False	False	False	True	Jean-Francois Champollion	1	4	Jean-Francois Champollion|Champollion	Jean-Francois Champollion	https://plato.stanford.edu/entries/wilhelm-humboldt/	947
<http://dbpedia.org/resource/Jodi_Dean>	Jodi Dean	0.2987829056321012	0	5	5	0	0	0	0	0	0	0	0	0	[]	False	False	False	True	Jodi Dean	1	4	Jodi Dean|Dean	Dean|Jodi Dean	https://plato.stanford.edu/entries/feminism-political/	948
<http://dbpedia.org/resource/Joseph_Stalin>	Joseph Stalin	0.434280013983142	0	2	2	0	0	0	0	0	0	0	0	0	[]	False	False	False	True	Joseph Stalin	1	4	Joseph Stalin|Stalin	Joseph Stalin|Stalin	https://plato.stanford.edu/entries/sidney-hook/	949
<http://dbpedia.org/resource/Laurence_Houlgate>	Laurence Houlgate	0.3370996310141734	0	5	5	0	0	0	0	0	0	0	0	0	[]	False	False	False	True	Laurence Houlgate	1	4	Laurence Houlgate|Houlgate	Houlgate|Laurence Houlgate	https://plato.stanford.edu/entries/marriage/	950
<http://dbpedia.org/resource/Miguel_Abensour>	Miguel Abensour	0.2933057164478902	0	2	2	0	0	0	0	0	0	0	0	0	[]	False	False	False	True	Miguel Abensour	1	4	Miguel Abensour|Abensour	Abensour|Miguel Abensour	https://plato.stanford.edu/entries/levinas/	951
<http://dbpedia.org/resource/Ramkrishna_Bhattacharya>	Ramkrishna Bhattacharya	0.3323955095677948	0	2	2	0	0	0	0	0	0	0	0	0	[]	False	False	False	True	Ramkrishna Bhattacharya	1	4	Ramkrishna Bhattacharya|Bhattacharya	Bhattacharya|Ramkrishna Bhattacharya	https://plato.stanford.edu/entries/jayaraasi/	952
<http://dbpedia.org/resource/Robin_Hahnel>	Robin Hahnel	0.314764162691138	0	9	9	1	0	0	0	0	0	0	0	0	[Political economy]	False	False	False	True	Robin Hahnel	1	4	Robin Hahnel|Hahnel	Hahnel|Robin Hahnel	https://plato.stanford.edu/entries/economic-democracy/	953
<http://dbpedia.org/resource/Alan_Watts>	Alan Watts	1.7434408201550462	7	16	23	0	0	0	0	0	0	0	0	0	[]	False	False	False	True	Alan Watts	1	3	Alan Watts|Watts	Alan Watts|Watts	https://plato.stanford.edu/entries/god-ultimates/	954
<http://dbpedia.org/resource/Ananda_Coomaraswamy>	Ananda Coomaraswamy	0.8696977658866922	3	15	18	0	0	0	0	0	0	0	0	0	[]	False	False	False	True	Ananda Coomaraswamy	1	3	Ananda Coomaraswamy|Coomaraswamy	Ananda Coomaraswamy|Coomaraswamy	https://plato.stanford.edu/entries/beauty/	955
<http://dbpedia.org/resource/Ann-Sophie_Barwich>	Ann-Sophie Barwich	1.4635425608848454	0	5	5	2	0	0	0	0	0	0	0	0	[]	False	False	False	True	Ann-Sophie Barwich	1	3	Ann-Sophie Barwich|Barwich	Ann-Sophie Barwich|Barwich	https://plato.stanford.edu/entries/neuroscience/	956
<http://dbpedia.org/resource/Anthony_Steinbock>	Anthony Steinbock	0.3890961621529783	0	6	6	0	0	0	0	0	0	0	0	0	[]	False	False	False	True	Anthony Steinbock	1	3	Anthony Steinbock|Steinbock	Anthony Steinbock|Steinbock	https://plato.stanford.edu/entries/scheler/	957
<http://dbpedia.org/resource/Antonio_Negri>	Antonio Negri	0.4519354682781354	3	7	10	0	0	0	0	0	0	0	0	0	[]	False	False	False	True	Antonio Negri	1	3	Antonio Negri|Negri	Antonio Negri|Negri	https://plato.stanford.edu/entries/global-democracy/	958
<http://dbpedia.org/resource/Bertram_Schefold>	Bertram Schefold	0.4600912226319824	0	2	2	4	0	0	0	0	0	0	0	0	[]	False	False	False	True	Bertram Schefold	1	3	Bertram Schefold|Schefold	Bertram Schefold|Schefold	https://plato.stanford.edu/entries/landmann-kalischer/	959
<http://dbpedia.org/resource/Carmi_Schooler>	Carmi Schooler	0.2889747071097036	0	0	0	0	2	0	0	0	0	0	0	0	[]	False	False	False	True	Carmi Schooler	1	3	Carmi Schooler|Schooler	Carmi Schooler|Schooler	https://plato.stanford.edu/entries/economic-democracy/	960
<http://dbpedia.org/resource/Caroline_Rhys_Davids>	Caroline Rhys Davids	0.2775	0	1	1	1	0	0	0	0	0	0	0	0	[]	False	False	False	True	Caroline Rhys Davids	1	3	Caroline Rhys Davids|Davids	Caroline Rhys Davids|Davids	https://plato.stanford.edu/entries/mind-indian-buddhism/	961
<http://dbpedia.org/resource/Charles_R._Drew>	Charles R. Drew	0.2775	0	0	0	3	2	0	0	0	0	0	0	0	[]	False	False	False	True	Charles R. Drew	1	3	Charles R. Drew|Drew	Charles R. Drew|Drew	https://plato.stanford.edu/entries/africana/	962
<http://dbpedia.org/resource/Emmanuel_Saez>	Emmanuel Saez	0.3081156744842112	1	2	3	3	0	0	0	0	0	0	0	0	[Public economics]	False	False	False	True	Emmanuel Saez	1	3	Emmanuel Saez|Saez	Emmanuel Saez|Saez	https://plato.stanford.edu/entries/equal-ed-opportunity/	963
<http://dbpedia.org/resource/Floris_Takens>	Floris Takens	0.324675	0	0	0	1	1	0	0	0	0	0	0	0	[]	False	False	False	True	Floris Takens	1	3	Floris Takens|Takens	Floris Takens|Takens	https://plato.stanford.edu/entries/chaos/	964
<http://dbpedia.org/resource/Gad_Saad>	Gad Saad	0.6263818397770262	0	1	1	0	0	0	0	0	0	0	0	0	[]	False	False	False	True	Gad Saad	1	3	Gad Saad|Saad	Gad Saad|Saad	https://plato.stanford.edu/entries/evolutionary-psychology/	965
<http://dbpedia.org/resource/Giovanni_Reale>	Giovanni Reale	0.4708104919051626	0	8	8	0	0	0	0	0	0	0	0	0	[]	False	False	False	True	Giovanni Reale	1	3	Giovanni Reale|Reale	Giovanni Reale|Reale	https://plato.stanford.edu/entries/plato-laws/	966
<http://dbpedia.org/resource/Gustav_Teichmüller>	Gustav Teichmüller	0.3329720886965852	3	4	7	0	0	0	0	0	0	0	0	0	[]	False	False	False	True	Gustav Teichmuller	1	3	Gustav Teichmuller|Teichmuller	Gustav Teichmuller|Teichmuller	https://plato.stanford.edu/entries/nietzsche/	967
<http://dbpedia.org/resource/Hamid_Dabashi>	Hamid Dabashi	0.3824854133710539	0	11	11	0	0	0	0	0	0	0	0	0	[]	False	False	False	True	Hamid Dabashi	1	3	Hamid Dabashi|Dabashi	Dabashi|Hamid Dabashi	https://plato.stanford.edu/entries/frantz-fanon/	968
<http://dbpedia.org/resource/Henri_de_Lubac>	Henri de Lubac	0.3442499260904039	1	4	5	0	0	0	1	0	0	0	0	0	[]	False	False	False	True	Henri de Lubac	1	3	Henri de Lubac|Lubac	Henri de Lubac|Lubac	https://plato.stanford.edu/entries/sin-christian/	969
<http://dbpedia.org/resource/Jerzy_Grotowski>	Jerzy Grotowski	1.4316504058750334	0	1	1	2	0	0	0	0	0	0	0	0	[]	False	False	False	True	Jerzy Grotowski	1	3	Jerzy Grotowski|Grotowski	Grotowski|Jerzy Grotowski	https://plato.stanford.edu/entries/theater/	970
<http://dbpedia.org/resource/John_Zerzan>	John Zerzan	0.7746167697336317	4	14	18	0	0	0	0	0	0	0	0	0	[]	False	False	False	True	John Zerzan	1	3	John Zerzan|Zerzan	John Zerzan|Zerzan	https://plato.stanford.edu/entries/anarchism/	971
<http://dbpedia.org/resource/Jonathan_Smallwood>	Jonathan Smallwood	0.2775	0	0	0	1	1	0	0	0	0	0	0	0	[]	False	False	False	True	Jonathan Smallwood	1	3	Jonathan Smallwood|Smallwood	Jonathan Smallwood|Smallwood	https://plato.stanford.edu/entries/dreams-dreaming/	972
<http://dbpedia.org/resource/Leszek_Kołakowski>	Leszek Kołakowski	0.66822225628198	5	11	16	0	0	0	0	0	0	0	0	0	[]	False	False	False	True	Leszek Kołakowski	1	3	Leszek Kołakowski|Kołakowski	Kołakowski|Leszek Kołakowski	https://plato.stanford.edu/entries/socialism/	973
<http://dbpedia.org/resource/Marshall_McLuhan>	Marshall McLuhan	2.0277754646946167	23	25	48	0	0	0	0	0	0	0	0	0	[]	False	False	False	True	Marshall McLuhan	1	3	Marshall McLuhan|McLuhan	Marshall McLuhan|McLuhan	https://plato.stanford.edu/entries/globalization/	974
<http://dbpedia.org/resource/Michel_Onfray>	Michel Onfray	1.1410505453624047	0	16	16	0	0	0	0	0	0	0	0	0	[]	False	False	False	True	Michel Onfray	1	3	Michel Onfray|Onfray	Michel Onfray|Onfray	https://plato.stanford.edu/entries/cyrenaics/	975
<http://dbpedia.org/resource/Paul_Mattick>	Paul Mattick	0.3890697118474473	0	2	2	0	2	0	0	0	0	0	0	0	[]	False	False	False	True	Paul Mattick	1	3	Paul Mattick|Mattick	Mattick|Paul Mattick	https://plato.stanford.edu/entries/feminism-aesthetics/	976
<http://dbpedia.org/resource/R._D._Laing>	R. D. Laing	0.2794020486817803	10	5	15	0	1	0	0	0	0	0	0	0	[]	False	False	False	True	R. D. Laing	1	3	R. D. Laing|Laing	Laing|R. D. Laing	https://plato.stanford.edu/entries/kierkegaard/	977
<http://dbpedia.org/resource/Richard_Pipes>	Richard Pipes	0.3745118133945718	0	1	1	2	0	0	0	0	0	0	0	0	[]	False	False	False	True	Richard Pipes	1	3	Richard Pipes|Pipes	Pipes|Richard Pipes	https://plato.stanford.edu/entries/conservatism/	978
<http://dbpedia.org/resource/Roald_Hoffmann>	Roald Hoffmann	0.3636845366864228	0	2	2	3	3	0	0	0	0	0	0	0	[]	False	False	False	True	Roald Hoffmann	1	3	Roald Hoffmann	Roald Hoffmann	https://plato.stanford.edu/entries/chemistry/	979
<http://dbpedia.org/resource/Steven_Strogatz>	Steven Strogatz	0.36260625	0	0	0	3	3	0	0	0	0	0	0	0	[]	False	False	False	True	Steven Strogatz	1	3	Steven Strogatz|Strogatz	Steven Strogatz|Strogatz	https://plato.stanford.edu/entries/scientific-revolutions/	980
<http://dbpedia.org/resource/Takeshi_Umehara>	Takeshi Umehara	0.5325000000000001	0	3	3	0	0	0	0	0	0	0	0	0	[]	False	False	False	True	Takeshi Umehara	1	3	Takeshi Umehara|Umehara	Takeshi Umehara|Umehara	https://plato.stanford.edu/entries/kukai/	981
<http://dbpedia.org/resource/Thorstein_Veblen>	Thorstein Veblen	0.7574088743821262	21	13	34	0	0	0	0	0	0	0	0	0	[Socioeconomics]	False	False	False	True	Thorstein Veblen	1	3	Thorstein Veblen|Veblen	Thorstein Veblen	https://plato.stanford.edu/entries/peirce/	982
<http://dbpedia.org/resource/Bar_Hebraeus>	Bar Hebraeus	0.4404745615351785	0	4	4	0	0	0	0	0	0	0	0	0	[]	False	False	False	True	Bar Hebraeus	1	2	Bar Hebraeus|Hebraeus	Bar Hebraeus	https://plato.stanford.edu/entries/arabic-islamic-language/	983
<http://dbpedia.org/resource/Barbara_Cassin>	Barbara Cassin	0.3099114926570775	0	2	2	0	0	0	0	0	0	0	0	0	[]	False	False	False	True	Barbara Cassin	1	2	Barbara Cassin|Cassin	Barbara Cassin|Cassin	https://plato.stanford.edu/entries/protagoras/	984
<http://dbpedia.org/resource/Bartel_Leendert_van_der_Waerden>	Bartel Leendert van der Waerden	0.2775	0	0	0	2	7	0	0	0	0	0	0	0	[]	False	False	False	True	Bartel Leendert van der Waerden	1	2	Bartel Leendert van der Waerden|Waerden	Bartel Leendert van der Waerden|Waerden	https://plato.stanford.edu/entries/algebra/	985
<http://dbpedia.org/resource/Benoit_Mandelbrot>	Benoit Mandelbrot	0.3216326052377232	2	6	8	0	0	0	0	0	0	0	0	0	[]	False	False	False	True	Benoit Mandelbrot	1	2	Benoit Mandelbrot|Mandelbrot	Benoit Mandelbrot|Mandelbrot	https://plato.stanford.edu/entries/money-finance/	986
<http://dbpedia.org/resource/Bharat_Ratra>	Bharat Ratra	0.2963064814784007	0	0	0	2	2	0	0	0	0	0	0	0	[]	False	False	False	True	Bharat Ratra	1	2	Bharat Ratra|Ratra	Bharat Ratra|Ratra	https://plato.stanford.edu/entries/cosmology/	987
<http://dbpedia.org/resource/Bhikkhu_Analayo>	Bhikkhu Analayo	0.318395625	0	0	0	0	0	0	1	0	0	0	0	0	[]	False	False	False	True	Bhikkhu Analayo	1	2	Bhikkhu Analayo|Analayo	Analayo|Bhikkhu Analayo	https://plato.stanford.edu/entries/nagarjuna/	988
<http://dbpedia.org/resource/Boris_Ephrussi>	Boris Ephrussi	0.29875	0	1	1	0	0	0	0	0	0	0	0	0	[]	False	False	False	True	Boris Ephrussi	1	2	Boris Ephrussi|Ephrussi	Boris Ephrussi|Ephrussi	https://plato.stanford.edu/entries/genotype-phenotype/	989
<http://dbpedia.org/resource/Bronisław_Malinowski>	Bronisław Malinowski	0.4981534530881189	4	7	11	2	4	0	0	0	0	0	0	0	[]	False	False	False	True	Bronisław Malinowski	1	2	Bronisław Malinowski|Malinowski	Bronisław Malinowski|Malinowski	https://plato.stanford.edu/entries/religion-science/	990
<http://dbpedia.org/resource/Carl_Sagan>	Carl Sagan	0.3630540595376966	10	2	12	5	9	0	0	0	0	0	0	0	[]	False	False	False	True	Carl Sagan	1	2	Carl Sagan|Sagan	Carl Sagan|Sagan	https://plato.stanford.edu/entries/cosmology-theology/	991
<http://dbpedia.org/resource/Charles_Maurras>	Charles Maurras	1.2923489228313103	23	17	40	0	0	0	0	0	0	0	0	0	[]	False	False	False	True	Charles Maurras	1	2	Charles Maurras|Maurras	Charles Maurras|Maurras	https://plato.stanford.edu/entries/maritain/	992
<http://dbpedia.org/resource/Doron_Zeilberger>	Doron Zeilberger	0.2886379946450052	0	0	0	0	2	0	0	0	0	0	0	0	[]	False	False	False	True	Doron Zeilberger	1	2	Doron Zeilberger|Zeilberger	Doron Zeilberger	https://plato.stanford.edu/entries/mathematics-nondeductive/	993
<http://dbpedia.org/resource/Eugen_Bleuler>	Eugen Bleuler	0.4992851420950046	5	4	9	1	3	0	0	0	0	0	0	0	[]	False	False	False	True	Eugen Bleuler	1	2	Eugen Bleuler|Bleuler	Bleuler|Eugen Bleuler	https://plato.stanford.edu/entries/inner-speech/	994
<http://dbpedia.org/resource/Ferdinand_von_Lindemann>	Ferdinand von Lindemann	0.2775	0	0	0	1	2	0	0	0	0	0	0	0	[]	False	False	False	True	Ferdinand von Lindemann	1	2	Ferdinand von Lindemann|Lindemann	Ferdinand von Lindemann|Lindemann	https://plato.stanford.edu/entries/poincare/	995
<http://dbpedia.org/resource/Francis_Birch_(geophysicist)>	Francis Birch (geophysicist)	0.34601134140625	0	0	0	1	2	0	0	0	0	0	0	0	[]	False	False	False	True	Francis Birch	1	2	Francis Birch|Birch	Birch|Francis Birch	https://plato.stanford.edu/entries/operationalism/	996
<http://dbpedia.org/resource/Francisco_Varela>	Francisco Varela	0.3012964802872155	6	2	8	3	0	0	0	0	0	0	0	0	[]	False	False	False	True	Francisco Varela	1	2	Francisco Varela|Varela	Francisco Varela|Varela	https://plato.stanford.edu/entries/montessori-maria/	997
<http://dbpedia.org/resource/Fredric_Jameson>	Fredric Jameson	0.4287346718964912	3	5	8	0	0	0	0	0	0	0	0	0	[]	False	False	False	True	Fredric Jameson	1	2	Fredric Jameson|Jameson	Fredric Jameson|Jameson	https://plato.stanford.edu/entries/sartre/	998
<http://dbpedia.org/resource/Fujiwara_Seika>	Fujiwara Seika	0.3244724609375	1	2	3	0	0	0	0	0	0	0	0	0	[]	False	False	False	True	Fujiwara Seika	1	2	Fujiwara Seika|Seika	Fujiwara Seika	https://plato.stanford.edu/entries/japanese-confucian/	999
<http://dbpedia.org/resource/Gabriel_Wagner>	Gabriel Wagner	0.4146863124769266	1	4	5	0	0	0	0	0	0	0	0	0	[]	False	False	False	True	Gabriel Wagner	1	2	Gabriel Wagner	Gabriel Wagner	https://plato.stanford.edu/entries/leibniz-logic-influence/	1000
<http://dbpedia.org/resource/Georg_Ernst_Stahl>	Georg Ernst Stahl	0.34125	0	2	2	1	2	0	0	0	0	0	0	0	[]	False	False	False	True	Georg Ernst Stahl	1	2	Georg Ernst Stahl|Stahl	Georg Ernst Stahl|Stahl	https://plato.stanford.edu/entries/chemistry/	1001
<http://dbpedia.org/resource/Gösta_Mittag-Leffler>	Gösta Mittag-Leffler	0.2775	1	0	1	1	0	0	0	0	0	0	0	0	[]	False	False	False	True	Gosta Mittag-Leffler	1	2	Gosta Mittag-Leffler|Mittag-Leffler	Gosta Mittag-Leffler	https://plato.stanford.edu/entries/poincare/	1002
<http://dbpedia.org/resource/Gustave_Thibon>	Gustave Thibon	0.4230685402315093	1	2	3	0	0	0	0	0	0	0	0	0	[]	False	False	False	True	Gustave Thibon	1	2	Gustave Thibon|Thibon	Gustave Thibon|Thibon	https://plato.stanford.edu/entries/simone-weil/	1003
<http://dbpedia.org/resource/Guy_Debord>	Guy Debord	0.3243847523800228	9	8	17	0	0	0	0	0	0	0	0	0	[]	False	False	False	True	Guy Debord	1	2	Guy Debord|Debord	Debord|Guy Debord	https://plato.stanford.edu/entries/baudrillard/	1004
<http://dbpedia.org/resource/H._Richard_Niebuhr>	H. Richard Niebuhr	0.3875631526284044	1	3	4	0	0	0	0	0	0	0	0	0	[]	False	False	False	True	H. Richard Niebuhr	1	2	H. Richard Niebuhr|Niebuhr	H. Richard Niebuhr|Niebuhr	https://plato.stanford.edu/entries/buber/	1005
<http://dbpedia.org/resource/Harry_Markowitz>	Harry Markowitz	0.3558607837467969	0	3	3	1	0	0	0	0	0	0	0	0	[Financial economics]	False	False	False	True	Harry Markowitz	1	2	Harry Markowitz|Markowitz	Harry Markowitz|Markowitz	https://plato.stanford.edu/entries/risk/	1006
<http://dbpedia.org/resource/Humphry_Davy>	Humphry Davy	0.34125	3	2	5	0	10	0	0	0	0	0	0	0	[]	False	False	False	True	Humphry Davy	1	2	Humphry Davy|Davy	Davy|Humphry Davy	https://plato.stanford.edu/entries/aesthetics-19th-romantic/	1007
<http://dbpedia.org/resource/Ivar_Jacobson>	Ivar Jacobson	0.3942358211684835	2	3	5	2	6	0	0	0	0	0	0	0	[]	False	False	False	True	Ivar Jacobson	1	2	Ivar Jacobson|Jacobson	Ivar Jacobson|Jacobson	https://plato.stanford.edu/entries/ontology-is/	1008
<http://dbpedia.org/resource/James_Gregory_(mathematician)>	James Gregory (mathematician)	0.2836243167824534	1	3	4	3	5	0	0	0	0	0	0	0	[]	False	False	False	True	James Gregory	1	2	James Gregory	James Gregory	https://plato.stanford.edu/entries/reid/	1009
<http://dbpedia.org/resource/Jeffrey_Ullman>	Jeffrey Ullman	0.405	0	0	0	2	3	0	0	0	0	0	0	0	[]	False	False	False	True	Jeffrey Ullman	1	2	Jeffrey Ullman|Ullman	Jeffrey Ullman|Ullman	https://plato.stanford.edu/entries/logic-belief-revision/	1010
<http://dbpedia.org/resource/Johann_Heinrich_Alsted>	Johann Heinrich Alsted	0.3411406827606791	2	3	5	0	0	0	0	0	0	0	0	0	[]	False	False	False	True	Johann Heinrich Alsted	1	2	Johann Heinrich Alsted|Alsted	Johann Heinrich Alsted	https://plato.stanford.edu/entries/ramus/	1011
<http://dbpedia.org/resource/John_Dee>	John Dee	0.3499767412711139	0	2	2	2	1	0	0	0	0	0	0	0	[]	False	False	False	True	John Dee	1	2	John Dee	John Dee	https://plato.stanford.edu/entries/della-porta/	1012
<http://dbpedia.org/resource/John_Flamsteed>	John Flamsteed	0.3320547714134624	3	2	5	1	1	0	0	0	0	0	0	0	[]	False	False	False	True	John Flamsteed	1	2	John Flamsteed|Flamsteed	Flamsteed|John Flamsteed	https://plato.stanford.edu/entries/newton/	1013
<http://dbpedia.org/resource/Leonard_Mlodinow>	Leonard Mlodinow	0.2775311708400861	0	1	1	2	0	0	0	0	0	0	0	0	[]	False	False	False	True	Leonard Mlodinow	1	2	Leonard Mlodinow|Mlodinow	Leonard Mlodinow	https://plato.stanford.edu/entries/nothingness/	1014
<http://dbpedia.org/resource/Louis_Blanc>	Louis Blanc	0.7599608258578388	15	9	24	0	0	0	0	0	0	0	0	0	[]	False	False	False	True	Louis Blanc	1	2	Louis Blanc|Blanc	Blanc|Louis Blanc	https://plato.stanford.edu/entries/harriet-mill/	1015
<http://dbpedia.org/resource/Marc_Kirschner>	Marc Kirschner	0.3594642857142858	0	0	0	2	2	0	0	0	0	0	0	0	[]	False	False	False	True	Marc Kirschner	1	2	Marc Kirschner|Kirschner	Kirschner|Marc Kirschner	https://plato.stanford.edu/entries/evolution-development/	1016
<http://dbpedia.org/resource/Margaret_Archer>	Margaret Archer	0.4003166310882299	0	2	2	0	0	0	0	0	0	0	0	0	[]	False	False	False	True	Margaret Archer	1	2	Margaret Archer|Archer	Archer|Margaret Archer	https://plato.stanford.edu/entries/structural-realism/	1017
<http://dbpedia.org/resource/Marina_Abramović>	Marina Abramović	0.2775	1	0	1	0	0	0	0	0	0	0	0	0	[]	False	False	False	True	Marina Abramovic	1	2	Marina Abramovic|Abramovic	Marina Abramovic	https://plato.stanford.edu/entries/conceptual-art/	1018
<http://dbpedia.org/resource/Martin_Feinberg>	Martin Feinberg	0.2775	0	0	0	3	1	0	0	0	0	0	0	0	[]	False	False	False	True	Martin Feinberg	1	2	Martin Feinberg|Feinberg	Feinberg|Martin Feinberg	https://plato.stanford.edu/entries/systems-synthetic-biology/	1019
<http://dbpedia.org/resource/McKenzie_Wark>	McKenzie Wark	0.4094140441259164	0	6	6	0	0	0	0	0	0	0	0	0	[]	False	False	False	True	McKenzie Wark	1	2	McKenzie Wark|Wark	McKenzie Wark|Wark	https://plato.stanford.edu/entries/trans/	1020
<http://dbpedia.org/resource/Muhammad_Iqbal>	Muhammad Iqbal	1.0583493241025208	24	14	38	0	0	0	0	0	0	0	0	0	[]	False	False	False	True	Muhammad Iqbal	1	2	Muhammad Iqbal|Iqbal	Muhammad Iqbal	https://plato.stanford.edu/entries/personalism/	1021
<http://dbpedia.org/resource/Nick_Srnicek>	Nick Srnicek	1.1071015069085788	0	2	2	0	0	0	0	0	0	0	0	0	[]	False	False	False	True	Nick Srnicek	1	2	Nick Srnicek|Srnicek	Nick Srnicek|Srnicek	https://plato.stanford.edu/entries/sellars/	1022
<http://dbpedia.org/resource/Otto_Mencke>	Otto Mencke	0.2952911887366706	0	0	0	0	1	0	0	0	0	0	0	0	[]	False	False	False	True	Otto Mencke	1	2	Otto Mencke|Mencke	Mencke|Otto Mencke	https://plato.stanford.edu/entries/wolff-christian/	1023
<http://dbpedia.org/resource/Paul_Sweezy>	Paul Sweezy	0.2796294000894198	6	6	12	2	0	0	0	0	0	0	0	0	[Macroeconomics]	False	False	False	True	Paul Sweezy	1	2	Paul Sweezy|Sweezy	Paul Sweezy|Sweezy	https://plato.stanford.edu/entries/marx/	1024
<http://dbpedia.org/resource/Pierpaolo_Donati>	Pierpaolo Donati	0.6531304376254119	3	6	9	2	4	0	0	0	0	0	0	0	[]	False	False	False	True	Pierpaolo Donati	1	2	Pierpaolo Donati|Donati	Donati|Pierpaolo Donati	https://plato.stanford.edu/entries/structural-realism/	1025
<http://dbpedia.org/resource/Richard_Sennett>	Richard Sennett	0.3369390575191313	0	1	1	0	0	0	0	0	0	0	0	0	[]	False	False	False	True	Richard Sennett	1	2	Richard Sennett|Sennett	Richard Sennett|Sennett	https://plato.stanford.edu/entries/diderot/	1026
<http://dbpedia.org/resource/Sarah_Kofman>	Sarah Kofman	0.419126033533143	0	7	7	0	0	0	0	0	0	0	0	0	[]	False	False	False	True	Sarah Kofman	1	2	Sarah Kofman|Kofman	Kofman|Sarah Kofman	https://plato.stanford.edu/entries/feminism-psychoanalysis/	1027
<http://dbpedia.org/resource/Stan_Boutin>	Stan Boutin	0.3482776985437896	0	1	1	0	1	0	0	0	0	0	0	0	[]	False	False	False	True	Stan Boutin	1	2	Stan Boutin|Boutin	Stan Boutin	https://plato.stanford.edu/entries/selection-units/	1028
<http://dbpedia.org/resource/Stefan_Gandler>	Stefan Gandler	0.42339848055356	0	1	1	0	0	0	0	0	0	0	0	0	[]	False	False	False	True	Stefan Gandler	1	2	Stefan Gandler|Gandler	Gandler|Stefan Gandler	https://plato.stanford.edu/entries/philosophy-mexico/	1029
<http://dbpedia.org/resource/Steven_Shaviro>	Steven Shaviro	0.2845263898719001	0	1	1	0	0	0	0	0	0	0	0	0	[]	False	False	False	True	Steven Shaviro	1	2	Steven Shaviro|Shaviro	Shaviro|Steven Shaviro	https://plato.stanford.edu/entries/whitehead/	1030
<http://dbpedia.org/resource/Thomas_Robert_Malthus>	Thomas Robert Malthus	0.5034119796752031	5	8	13	1	0	0	0	0	0	0	0	0	[Macroeconomics, Demography]	False	False	False	True	Thomas Robert Malthus	1	2	Thomas Robert Malthus|Malthus	Malthus|Thomas Robert Malthus	https://plato.stanford.edu/entries/economics-early-modern/	1031
<http://dbpedia.org/resource/Yanis_Varoufakis>	Yanis Varoufakis	0.3951354560922159	1	7	8	3	0	0	0	0	0	0	0	0	[]	False	False	False	True	Yanis Varoufakis	1	2	Yanis Varoufakis|Varoufakis	Varoufakis|Yanis Varoufakis	https://plato.stanford.edu/entries/solidarity/	1032
<http://dbpedia.org/resource/Zhao_Tingyang>	Zhao Tingyang	0.5367423977088442	0	9	9	0	0	0	0	0	0	0	0	0	[]	False	False	False	True	Zhao Tingyang	1	2	Zhao Tingyang|Tingyang	Zhao Tingyang	https://plato.stanford.edu/entries/chinese-translate-interpret/	1033
<http://dbpedia.org/resource/Abu_Zayd_al-Balkhi>	Abu Zayd al-Balkhi	0.4728785485790855	6	3	9	0	0	0	0	0	0	0	0	0	[]	False	False	False	True	Abu Zayd al-Balkhi	1	1	Abu Zayd al-Balkhi|al-Balkhi	Abu Zayd al-Balkhi	https://plato.stanford.edu/entries/al-kindi/	1034
<http://dbpedia.org/resource/Adam_Müller>	Adam Müller	0.7345192359220641	2	5	7	0	0	0	0	0	0	0	0	0	[]	False	False	False	True	Adam Muller	1	1	Adam Muller	Adam Muller	https://plato.stanford.edu/entries/august-rehberg/	1035
<http://dbpedia.org/resource/Adelard_of_Bath>	Adelard of Bath	0.6212993931720049	6	3	9	0	0	0	0	0	0	0	0	0	[]	False	False	False	True	Adelard of Bath	1	1	Adelard of Bath|Bath	Adelard of Bath	https://plato.stanford.edu/entries/arabic-islamic-influence/	1036
<http://dbpedia.org/resource/Al-Karaji>	Al-Karaji	0.34125	0	2	2	0	0	0	0	0	0	0	0	0	[]	False	False	False	True	Al-Karaji	1	1	Al-Karaji	Al-Karaji	https://plato.stanford.edu/entries/umar-khayyam/	1037
<http://dbpedia.org/resource/Al-Khazini>	Al-Khazini	0.4592808790638599	4	3	7	0	0	0	0	0	0	0	0	0	[]	False	False	False	True	Al-Khazini	1	1	Al-Khazini	Al-Khazini	https://plato.stanford.edu/entries/umar-khayyam/	1038
<http://dbpedia.org/resource/Alain_de_Benoist>	Alain de Benoist	1.68475944693002	2	22	24	0	0	0	0	0	0	0	0	0	[]	False	False	False	True	Alain de Benoist	1	1	Alain de Benoist|Benoist	Alain de Benoist	https://plato.stanford.edu/entries/schmitt/	1039
<http://dbpedia.org/resource/Alan_M._Olson>	Alan M. Olson	0.3639818825750865	0	4	4	0	0	0	0	0	0	0	0	0	[]	False	False	False	True	Alan M. Olson	1	1	Alan M. Olson	Alan M. Olson	https://plato.stanford.edu/entries/findlay/	1040
<http://dbpedia.org/resource/Alan_Walker_(anthropologist)>	Alan Walker (anthropologist)	0.334875	0	3	3	2	0	0	0	0	0	0	0	0	[]	False	False	False	True	Alan Walker	1	1	Alan Walker	Alan Walker	https://plato.stanford.edu/entries/human-nature/	1041
<http://dbpedia.org/resource/Alasdair_Cochrane>	Alasdair Cochrane	0.4375335303392419	0	5	5	0	0	0	0	0	0	0	0	0	[]	False	False	False	True	Alasdair Cochrane	1	1	Alasdair Cochrane|Cochrane	Alasdair Cochrane	https://plato.stanford.edu/entries/grounds-moral-status/	1042
<http://dbpedia.org/resource/Albert_Szent-Györgyi>	Albert Szent-Györgyi	0.2945	2	1	3	0	2	0	0	0	0	0	0	0	[]	False	False	False	True	Albert Szent-Gyorgyi	1	1	Albert Szent-Gyorgyi|Szent-Gyorgyi	Albert Szent-Gyorgyi	https://plato.stanford.edu/entries/phylogenetic-inference/	1043
<http://dbpedia.org/resource/Albrecht_von_Haller>	Albrecht von Haller	0.424207338075284	0	2	2	0	0	0	0	0	0	0	0	0	[]	False	False	False	True	Albrecht von Haller	1	1	Albrecht von Haller	Albrecht von Haller	https://plato.stanford.edu/entries/herder/	1044
<http://dbpedia.org/resource/Alcino_J._Silva>	Alcino J. Silva	0.30045	1	1	2	3	1	0	0	0	0	0	0	0	[]	False	False	False	True	Alcino J. Silva	1	1	Alcino J. Silva	Alcino J. Silva	https://plato.stanford.edu/entries/levels-org-biology/	1045
<http://dbpedia.org/resource/Alex_Callinicos>	Alex Callinicos	0.9456732535030548	0	8	8	0	0	0	0	0	0	0	0	0	[]	False	False	False	True	Alex Callinicos	1	1	Alex Callinicos|Callinicos	Alex Callinicos	https://plato.stanford.edu/entries/marx/	1046
<http://dbpedia.org/resource/Alfonso_Nieto-Castanon>	Alfonso Nieto-Castanon	0.2775	0	0	0	2	4	0	0	0	0	0	0	0	[]	False	False	False	True	Alfonso Nieto-Castanon	1	1	Alfonso Nieto-Castanon|Nieto-Castanon	Alfonso Nieto-Castanon	https://plato.stanford.edu/entries/consciousness-neuroscience/	1047
<http://dbpedia.org/resource/Alice_von_Hildebrand>	Alice von Hildebrand	0.3334008184215591	1	1	2	2	0	0	0	0	0	0	0	0	[]	False	False	False	True	Alice von Hildebrand	1	1	Alice von Hildebrand	Alice von Hildebrand	https://plato.stanford.edu/entries/personalism/	1048
<http://dbpedia.org/resource/André_Gorz>	André Gorz	0.3317573388365966	0	4	4	0	0	0	0	0	0	0	0	0	[]	False	False	False	True	Andre Gorz	1	1	Andre Gorz|Gorz	Andre Gorz	https://plato.stanford.edu/entries/sartre/	1049
<http://dbpedia.org/resource/Andrey_Korotayev>	Andrey Korotayev	0.4052038454155245	0	6	6	1	2	0	0	0	0	0	0	0	[]	False	False	False	True	Andrey Korotayev	1	1	Andrey Korotayev|Korotayev	Andrey Korotayev	https://plato.stanford.edu/entries/religion-evolutionary/	1050
<http://dbpedia.org/resource/Anita_L._Allen>	Anita L. Allen	0.6043181284269038	0	6	6	0	0	0	0	0	0	0	0	0	[]	False	False	False	True	Anita L. Allen	1	1	Anita L. Allen	Anita L. Allen	https://plato.stanford.edu/entries/privacy/	1051
<http://dbpedia.org/resource/Ann_Mische>	Ann Mische	0.3632877971266102	0	0	0	2	3	0	0	0	0	0	0	0	[]	False	False	False	True	Ann Mische	1	1	Ann Mische|Mische	Ann Mische	https://plato.stanford.edu/entries/evolution-cultural/	1052
<http://dbpedia.org/resource/Aristo_of_Alexandria>	Aristo of Alexandria	0.3033364867778095	1	1	2	0	0	0	0	0	0	0	0	0	[]	False	False	False	True	Aristo of Alexandria	1	1	Aristo of Alexandria	Aristo of Alexandria	https://plato.stanford.edu/entries/plutarch/	1053
<http://dbpedia.org/resource/August_Schleicher>	August Schleicher	0.5748540907979979	3	6	9	0	0	0	0	0	0	0	0	0	[]	False	False	False	True	August Schleicher	1	1	August Schleicher|Schleicher	August Schleicher	https://plato.stanford.edu/entries/evolution-cultural/	1054
<http://dbpedia.org/resource/Augustin_Thierry>	Augustin Thierry	0.3242500000000001	2	4	6	0	0	0	0	0	0	0	0	0	[]	False	False	False	True	Augustin Thierry	1	1	Augustin Thierry|Thierry	Augustin Thierry	https://plato.stanford.edu/entries/comte/	1055
<http://dbpedia.org/resource/Bob_Black>	Bob Black	1.693908265398553	4	27	31	0	0	0	0	0	0	0	0	0	[]	False	False	False	True	Bob Black	1	1	Bob Black	Bob Black	https://plato.stanford.edu/entries/work-labor/	1056
<http://dbpedia.org/resource/Brian_J._Enquist>	Brian J. Enquist	0.35655	0	2	2	2	2	0	0	0	0	0	0	0	[]	False	False	False	True	Brian J. Enquist	1	1	Brian J. Enquist|Enquist	Brian J. Enquist	https://plato.stanford.edu/entries/ecology/	1057
<http://dbpedia.org/resource/Bruce_Lincoln>	Bruce Lincoln	0.4117352979224715	0	5	5	2	0	0	0	0	0	0	0	0	[]	False	False	False	True	Bruce Lincoln	1	1	Bruce Lincoln	Bruce Lincoln	https://plato.stanford.edu/entries/concept-religion/	1058
<http://dbpedia.org/resource/Buckminster_Fuller>	Buckminster Fuller	0.3150042579257006	2	3	5	0	0	0	0	0	0	0	0	0	[]	False	False	False	True	Buckminster Fuller	1	1	Buckminster Fuller|Fuller	Buckminster Fuller	https://plato.stanford.edu/entries/technology/	1059
<http://dbpedia.org/resource/Carl_Neumann>	Carl Neumann	0.3308691074388875	0	0	0	2	4	0	0	0	0	0	0	0	[]	False	False	False	True	Carl Neumann	1	1	Carl Neumann	Carl Neumann	https://plato.stanford.edu/entries/spacetime-iframes/	1060
<http://dbpedia.org/resource/Cecil_Rhodes>	Cecil Rhodes	0.2949774576945254	0	1	1	1	0	0	0	0	0	0	0	0	[]	False	False	False	True	Cecil Rhodes	1	1	Cecil Rhodes	Cecil Rhodes	https://plato.stanford.edu/entries/ethics-cultural-heritage/	1061
<http://dbpedia.org/resource/Charles_Swanton>	Charles Swanton	0.2775	0	1	1	1	0	0	0	0	0	0	0	0	[]	False	False	False	True	Charles Swanton	1	1	Charles Swanton|Swanton	Charles Swanton	https://plato.stanford.edu/entries/immunology/	1062
<http://dbpedia.org/resource/Christoph_von_Sigwart>	Christoph von Sigwart	0.3098134915921071	4	3	7	0	0	0	0	0	0	0	0	0	[]	False	False	False	True	Christoph von Sigwart	1	1	Christoph von Sigwart|Sigwart	Christoph von Sigwart	https://plato.stanford.edu/entries/vaihinger/	1063
<http://dbpedia.org/resource/Cornelius_Castoriadis>	Cornelius Castoriadis	1.4888773995205105	34	25	59	0	0	0	0	0	0	0	0	0	[]	False	False	False	True	Cornelius Castoriadis	1	1	Cornelius Castoriadis|Castoriadis	Cornelius Castoriadis	https://plato.stanford.edu/entries/lyotard/	1064
<http://dbpedia.org/resource/Cosma_Shalizi>	Cosma Shalizi	0.2775	0	0	0	2	1	0	0	0	0	0	0	0	[]	False	False	False	True	Cosma Shalizi	1	1	Cosma Shalizi|Shalizi	Cosma Shalizi	https://plato.stanford.edu/entries/pm-notation/	1065
<http://dbpedia.org/resource/Czesław_Znamierowski>	Czesław Znamierowski	0.3514059077124233	1	4	5	2	1	0	0	0	0	0	0	0	[]	False	False	False	True	Czesław Znamierowski	1	1	Czesław Znamierowski|Znamierowski	Czesław Znamierowski	https://plato.stanford.edu/entries/phenomenology-mg/	1066
<http://dbpedia.org/resource/David_D._Keck>	David D. Keck	0.446328655519334	1	1	2	0	0	0	0	0	0	0	0	0	[]	False	False	False	True	David D. Keck	1	1	David D. Keck|Keck	David D. Keck	https://plato.stanford.edu/entries/genotype-phenotype/	1067
<http://dbpedia.org/resource/David_Foster_Wallace>	David Foster Wallace	0.3173184339407467	0	1	1	0	0	1	0	0	0	0	0	0	[]	False	False	False	True	David Foster Wallace	1	1	David Foster Wallace|Wallace	David Foster Wallace	https://plato.stanford.edu/entries/sin-christian/	1068
<http://dbpedia.org/resource/Demetrios_Kydones>	Demetrios Kydones	0.8984473220351848	2	6	8	0	0	0	0	0	0	0	0	0	[]	False	False	False	True	Demetrios Kydones	1	1	Demetrios Kydones	Demetrios Kydones	https://plato.stanford.edu/entries/bessarion/	1069
<http://dbpedia.org/resource/Dominic_of_Flanders>	Dominic of Flanders	0.4472116016012535	0	5	5	0	0	0	0	0	0	0	0	0	[]	False	False	False	True	Dominic of Flanders	1	1	Dominic of Flanders	Dominic of Flanders	https://plato.stanford.edu/entries/analogy-medieval/	1070
<http://dbpedia.org/resource/Douglas_Groothuis>	Douglas Groothuis	1.3446564781803232	0	12	12	0	0	0	0	0	0	0	0	0	[]	False	False	False	True	Douglas Groothuis	1	1	Douglas Groothuis|Groothuis	Douglas Groothuis	https://plato.stanford.edu/entries/hume-religion/	1071
<http://dbpedia.org/resource/Duns_Scotus__John_Duns_Scotus__1>	Duns Scotus  John Duns Scotus  1	0.5097871567062796	14	7	21	0	0	0	0	0	0	0	0	0	[]	False	False	False	True	Duns Scotus John Duns Scotus	1	1	Duns Scotus John Duns Scotus	Duns Scotus John Duns Scotus	https://plato.stanford.edu/entries/skepticism-medieval/	1072
<http://dbpedia.org/resource/Dylan_Evans>	Dylan Evans	0.4200083205332863	0	0	0	1	2	0	0	0	0	0	0	0	[]	False	False	False	True	Dylan Evans	1	1	Dylan Evans	Dylan Evans	https://plato.stanford.edu/entries/attention/	1073
<http://dbpedia.org/resource/Éamon_de_Valera>	Éamon de Valera	0.5962500000000002	1	0	1	2	0	0	0	0	0	0	0	0	[]	False	False	False	True	Eamon de Valera	1	1	Eamon de Valera|Valera	Eamon de Valera	https://plato.stanford.edu/entries/lukasiewicz/	1074
<http://dbpedia.org/resource/Edgar_Allan_Poe>	Edgar Allan Poe	0.405	1	0	1	0	0	0	0	0	0	0	0	0	[]	False	False	False	True	Edgar Allan Poe	1	1	Edgar Allan Poe	Edgar Allan Poe	https://plato.stanford.edu/entries/schopenhauer/	1075
<http://dbpedia.org/resource/Edith_Penrose>	Edith Penrose	0.3784658204231264	0	5	5	0	0	0	0	0	0	0	0	0	[]	False	False	False	True	Edith Penrose	1	1	Edith Penrose	Edith Penrose	https://plato.stanford.edu/entries/social-ontology/	1076
<http://dbpedia.org/resource/Edmund_Phelps>	Edmund Phelps	0.2904168278097963	7	5	12	2	0	0	0	0	0	0	0	0	[Macroeconomics]	False	False	False	True	Edmund Phelps	1	1	Edmund Phelps	Edmund Phelps	https://plato.stanford.edu/entries/economics/	1077
<http://dbpedia.org/resource/Edward_Pococke>	Edward Pococke	0.5187410638360749	0	1	1	0	0	0	0	0	0	0	0	0	[]	False	False	False	True	Edward Pococke	1	1	Edward Pococke|Pococke	Edward Pococke	https://plato.stanford.edu/entries/information/	1078
<http://dbpedia.org/resource/Edward_S._Casey>	Edward S. Casey	0.6868822854135509	4	14	18	0	0	0	0	0	0	0	0	0	[]	False	False	False	True	Edward S. Casey	1	1	Edward S. Casey|Casey	Edward S. Casey	https://plato.stanford.edu/entries/chinese-painting-calligraphy/	1079
<http://dbpedia.org/resource/Eleanor_J._Gibson>	Eleanor J. Gibson	0.2860626830967671	1	1	2	2	2	0	0	0	0	0	0	0	[]	False	False	False	True	Eleanor J. Gibson	1	1	Eleanor J. Gibson	Eleanor J. Gibson	https://plato.stanford.edu/entries/perceptual-learning/	1080
<http://dbpedia.org/resource/Eric_Berlow>	Eric Berlow	0.3489910714285715	0	0	0	2	1	0	0	0	0	0	0	0	[]	False	False	False	True	Eric Berlow	1	1	Eric Berlow|Berlow	Eric Berlow	https://plato.stanford.edu/entries/creativity/	1081
<http://dbpedia.org/resource/Ernest_Everett_Just>	Ernest Everett Just	0.32	1	1	2	2	3	0	0	0	0	0	0	0	[]	False	False	False	True	Ernest Everett Just	1	1	Ernest Everett Just	Ernest Everett Just	https://plato.stanford.edu/entries/evolution-development/	1082
<http://dbpedia.org/resource/Ervin_László>	Ervin László	0.6426909461940763	0	4	4	0	2	0	0	0	0	0	0	0	[]	False	False	False	True	Ervin Laszlo	1	1	Ervin Laszlo|Laszlo	Ervin Laszlo	https://plato.stanford.edu/entries/dignity/	1083
<http://dbpedia.org/resource/Esko_Ukkonen>	Esko Ukkonen	0.2775	0	0	0	1	1	0	0	0	0	0	0	0	[]	False	False	False	True	Esko Ukkonen	1	1	Esko Ukkonen|Ukkonen	Esko Ukkonen	https://plato.stanford.edu/entries/connectionism/	1084
<http://dbpedia.org/resource/Eudoxus_of_Cnidus>	Eudoxus of Cnidus	0.6324168738508965	3	1	4	0	0	0	0	0	0	0	0	0	[]	False	False	False	True	Eudoxus of Cnidus	1	1	Eudoxus of Cnidus|Cnidus	Eudoxus of Cnidus	https://plato.stanford.edu/entries/lucretius/	1085
<http://dbpedia.org/resource/Florentino_Ameghino>	Florentino Ameghino	0.2811086451022933	1	4	5	0	0	0	0	0	0	0	0	0	[]	False	False	False	True	Florentino Ameghino	1	1	Florentino Ameghino|Ameghino	Florentino Ameghino	https://plato.stanford.edu/entries/phil-science-latin-america/	1086
<http://dbpedia.org/resource/Fred_Evans_(philosopher)>	Fred Evans (philosopher)	0.3588861581243248	1	4	5	0	0	0	0	0	0	0	0	0	[]	False	False	False	True	Fred Evans	1	1	Fred Evans	Fred Evans	https://plato.stanford.edu/entries/femapproach-continental/	1087
<http://dbpedia.org/resource/Friedrich_Wöhler>	Friedrich Wöhler	0.2877658625856404	1	0	1	0	5	0	0	0	0	0	0	0	[]	False	False	False	True	Friedrich Wohler	1	1	Friedrich Wohler	Friedrich Wohler	https://plato.stanford.edu/entries/life/	1088
<http://dbpedia.org/resource/Gang_Chen_(engineer)>	Gang Chen (engineer)	0.2775	0	0	0	2	2	0	0	0	0	0	0	0	[]	False	False	False	True	Gang Chen	1	1	Gang Chen	Gang Chen	https://plato.stanford.edu/entries/feminist-bioethics/	1089
<http://dbpedia.org/resource/George_Bernard_Shaw>	George Bernard Shaw	0.3485137004914689	2	3	5	0	0	0	0	0	0	0	0	0	[]	False	False	False	True	George Bernard Shaw	1	1	George Bernard Shaw	George Bernard Shaw	https://plato.stanford.edu/entries/nietzsche-life-works/	1090
<http://dbpedia.org/resource/George_Gamow>	George Gamow	0.3088043089461379	3	0	3	1	10	0	0	0	0	0	0	0	[]	False	False	False	True	George Gamow	1	1	George Gamow|Gamow	George Gamow	https://plato.stanford.edu/entries/statphys-statmech/	1091
<http://dbpedia.org/resource/George_Ritzer>	George Ritzer	0.3097442062704542	0	5	5	0	0	0	0	0	0	0	0	0	[]	False	False	False	True	George Ritzer	1	1	George Ritzer|Ritzer	George Ritzer	https://plato.stanford.edu/entries/social-ontology/	1092
<http://dbpedia.org/resource/Georges_Dumézil>	Georges Dumézil	0.3335725627351708	4	2	6	0	0	0	0	0	0	0	0	0	[]	False	False	False	True	Georges Dumezil	1	1	Georges Dumezil|Dumezil	Georges Dumezil	https://plato.stanford.edu/entries/foucault/	1093
<http://dbpedia.org/resource/Giovanni_Battista_Riccioli>	Giovanni Battista Riccioli	0.5595937500000001	4	3	7	0	1	0	0	0	0	0	0	0	[]	False	False	False	True	Giovanni Battista Riccioli	1	1	Giovanni Battista Riccioli|Riccioli	Giovanni Battista Riccioli	https://plato.stanford.edu/entries/galileo/	1094
<http://dbpedia.org/resource/Gustavo_Bueno>	Gustavo Bueno	0.3802192812634071	0	9	9	0	0	0	0	0	0	0	0	0	[]	False	False	False	True	Gustavo Bueno	1	1	Gustavo Bueno|Bueno	Gustavo Bueno	https://plato.stanford.edu/entries/gomez-pereira/	1095
<http://dbpedia.org/resource/H._Eugene_Stanley>	H. Eugene Stanley	0.34125	0	0	0	2	3	0	0	0	0	0	0	0	[]	False	False	False	True	H. Eugene Stanley	1	1	H. Eugene Stanley	H. Eugene Stanley	https://plato.stanford.edu/entries/statphys-statmech/	1096
<http://dbpedia.org/resource/Harold_Garfinkel>	Harold Garfinkel	0.3326683822964262	5	3	8	0	0	0	0	0	0	0	0	0	[]	False	False	False	True	Harold Garfinkel	1	1	Harold Garfinkel|Garfinkel	Harold Garfinkel	https://plato.stanford.edu/entries/schutz/	1097
<http://dbpedia.org/resource/Harvey_Mansfield>	Harvey Mansfield	0.3302451238398834	1	9	10	0	0	0	0	0	0	0	0	0	[]	False	False	False	True	Harvey Mansfield	1	1	Harvey Mansfield	Harvey Mansfield	https://plato.stanford.edu/entries/machiavelli/	1098
<http://dbpedia.org/resource/Hélène_Metzger>	Hélène Metzger	0.6752859324074789	2	8	10	0	0	0	0	0	0	0	0	0	[]	False	False	False	True	Helene Metzger	1	1	Helene Metzger|Metzger	Helene Metzger	https://plato.stanford.edu/entries/phil-bio-latin-america/	1099
<http://dbpedia.org/resource/Henry_Hazlitt>	Henry Hazlitt	0.4308635874152416	16	11	27	0	0	0	0	0	0	0	0	0	[Literary criticism]	False	False	False	True	Henry Hazlitt	1	1	Henry Hazlitt|Hazlitt	Henry Hazlitt	https://plato.stanford.edu/entries/ayn-rand/	1100
<http://dbpedia.org/resource/Herman_Melville>	Herman Melville	0.4299645809078782	1	1	2	0	0	0	0	0	0	0	0	0	[]	False	False	False	True	Herman Melville	1	1	Herman Melville|Melville	Herman Melville	https://plato.stanford.edu/entries/schopenhauer/	1101
<http://dbpedia.org/resource/Hugh_Gaitskell>	Hugh Gaitskell	0.3228469357601409	0	1	1	1	0	0	0	0	0	0	0	0	[]	False	False	False	True	Hugh Gaitskell	1	1	Hugh Gaitskell|Gaitskell	Hugh Gaitskell	https://plato.stanford.edu/entries/ayer/	1102
<http://dbpedia.org/resource/Hyman_Minsky>	Hyman Minsky	0.32986415051724	13	8	21	2	0	0	0	0	0	0	0	0	[Macroeconomics]	False	False	False	True	Hyman Minsky	1	1	Hyman Minsky|Minsky	Hyman Minsky	https://plato.stanford.edu/entries/luxemburg/	1103
<http://dbpedia.org/resource/Ivo_Welch>	Ivo Welch	0.2775	0	0	0	2	2	0	0	0	0	0	0	0	[]	False	False	False	True	Ivo Welch	1	1	Ivo Welch	Ivo Welch	https://plato.stanford.edu/entries/epistemology-social/	1104
<http://dbpedia.org/resource/J._A._Todd>	J. A. Todd	0.2956597486161991	0	1	1	1	6	0	0	0	0	0	0	0	[]	False	False	False	True	J. A. Todd	1	1	J. A. Todd	J. A. Todd	https://plato.stanford.edu/entries/hilbert-program/	1105
<http://dbpedia.org/resource/Jakob_Böhme>	Jakob Böhme	0.4609968259211549	9	3	12	0	0	0	0	0	0	0	0	0	[]	False	False	False	True	Jakob Bohme	1	1	Jakob Bohme|Bohme	Jakob Bohme	https://plato.stanford.edu/entries/ludwig-feuerbach/	1106
<http://dbpedia.org/resource/James_Franck__James_Franck__1>	James Franck  James Franck  1	0.3167150949859567	0	0	0	2	3	0	0	0	0	0	0	0	[]	False	False	False	True	James Franck	1	1	James Franck|Franck	James Franck	https://plato.stanford.edu/entries/hermann-helmholtz/	1107
<http://dbpedia.org/resource/James_George_Frazer>	James George Frazer	0.3064158676570775	8	4	12	0	2	0	0	0	0	0	0	0	[]	False	False	False	True	James George Frazer	1	1	James George Frazer	James George Frazer	https://plato.stanford.edu/entries/aesthetics-critical-theory/	1108
<http://dbpedia.org/resource/James_Hansen>	James Hansen	0.3168125	1	1	2	1	3	0	0	0	0	0	0	0	[]	False	False	False	True	James Hansen	1	1	James Hansen	James Hansen	https://plato.stanford.edu/entries/climate-science/	1109
<http://dbpedia.org/resource/James_Luther_Adams>	James Luther Adams	0.3151727682687231	0	2	2	0	0	0	0	0	0	0	0	0	[]	False	False	False	True	James Luther Adams	1	1	James Luther Adams	James Luther Adams	https://plato.stanford.edu/entries/luther-influence/	1110
<http://dbpedia.org/resource/James_McEvoy_(philosopher)>	James McEvoy (philosopher)	0.3052067750894232	0	4	4	0	0	0	0	0	0	0	0	0	[]	False	False	False	True	James McEvoy	1	1	James McEvoy|McEvoy	James McEvoy	https://plato.stanford.edu/entries/stein/	1111
<http://dbpedia.org/resource/James_V._Schall>	James V. Schall	0.3835415536844592	0	3	3	0	1	0	0	0	0	0	0	0	[]	False	False	False	True	James V. Schall	1	1	James V. Schall|Schall	James V. Schall	https://plato.stanford.edu/entries/plato-myths/	1112
<http://dbpedia.org/resource/James_Watt>	James Watt	0.4126446182264782	0	6	6	0	16	0	0	0	0	0	0	0	[]	False	False	False	True	James Watt	1	1	James Watt|Watt	James Watt	https://plato.stanford.edu/entries/darwinism/	1113
<http://dbpedia.org/resource/Jan_Blommaert>	Jan Blommaert	0.916718834951674	0	8	8	2	0	0	0	0	0	0	0	0	[]	False	False	False	True	Jan Blommaert	1	1	Jan Blommaert|Blommaert	Jan Blommaert	https://plato.stanford.edu/entries/discourse-representation-theory/	1114
<http://dbpedia.org/resource/Jane_S._Richardson>	Jane S. Richardson	0.5633457320305235	0	4	4	2	2	0	0	0	0	0	0	0	[]	False	False	False	True	Jane S. Richardson	1	1	Jane S. Richardson|Richardson	Jane S. Richardson	https://plato.stanford.edu/entries/david-lewis/	1115
<http://dbpedia.org/resource/Jean-Louis_Chrétien>	Jean-Louis Chrétien	0.4007338590519632	0	9	9	0	0	0	0	0	0	0	0	0	[]	False	False	False	True	Jean-Louis Chretien	1	1	Jean-Louis Chretien|Chretien	Jean-Louis Chretien	https://plato.stanford.edu/entries/merleau-ponty/	1116
<http://dbpedia.org/resource/Jeanne_Bamberger>	Jeanne Bamberger	0.4259433172814699	1	3	4	3	0	0	0	0	0	0	0	0	[]	False	False	False	True	Jeanne Bamberger	1	1	Jeanne Bamberger|Bamberger	Jeanne Bamberger	https://plato.stanford.edu/entries/goodman/	1117
<http://dbpedia.org/resource/Jim_Peebles>	Jim Peebles	0.291644119446421	0	1	1	0	8	0	0	0	0	0	0	0	[]	False	False	False	True	Jim Peebles	1	1	Jim Peebles|Peebles	Jim Peebles	https://plato.stanford.edu/entries/cosmology-theology/	1118
<http://dbpedia.org/resource/Johannes_von_Gmunden>	Johannes von Gmunden	0.2775	0	0	0	0	1	0	0	0	0	0	0	0	[]	False	False	False	True	Johannes von Gmunden	1	1	Johannes von Gmunden|Gmunden	Johannes von Gmunden	https://plato.stanford.edu/entries/albert-saxony/	1119
<http://dbpedia.org/resource/John_B._Watson>	John B. Watson	0.3765260397611649	4	1	5	0	3	0	0	0	0	0	0	0	[]	False	False	False	True	John B. Watson	1	1	John B. Watson	John B. Watson	https://plato.stanford.edu/entries/consciousness-animal/	1120
<http://dbpedia.org/resource/John_Hicks>	John Hicks	0.3103070155497394	1	5	6	1	0	0	0	0	0	0	0	0	[]	False	False	False	True	John Hicks	1	1	John Hicks|Hicks	John Hicks	https://plato.stanford.edu/entries/social-choice/	1121
<http://dbpedia.org/resource/John_Krakauer>	John Krakauer	0.2912843413191575	0	0	0	2	4	0	0	0	0	0	0	0	[]	False	False	False	True	John Krakauer	1	1	John Krakauer|Krakauer	John Krakauer	https://plato.stanford.edu/entries/imagination/	1122
<http://dbpedia.org/resource/John_Wright_(doctor)>	John Wright (doctor)	0.2916666666666667	0	2	2	1	2	0	0	0	0	0	0	0	[]	False	False	False	True	John Wright	1	1	John Wright	John Wright	https://plato.stanford.edu/entries/psychiatry/	1123
<http://dbpedia.org/resource/Joseph-Louis_Lagrange>	Joseph-Louis Lagrange	0.3840077479098811	2	3	5	1	7	0	0	0	0	0	0	0	[]	False	False	False	True	Joseph-Louis Lagrange	1	1	Joseph-Louis Lagrange|Lagrange	Joseph-Louis Lagrange	https://plato.stanford.edu/entries/histfem-condorcet/	1124
<http://dbpedia.org/resource/Jules_Verne>	Jules Verne	0.5750000000000002	0	0	0	0	0	6	0	0	0	0	0	0	[]	False	False	False	True	Jules Verne	1	1	Jules Verne|Verne	Jules Verne	https://plato.stanford.edu/entries/identity-transworld/	1125
<http://dbpedia.org/resource/Jules_Vuillemin>	Jules Vuillemin	0.7567155568587602	2	11	13	0	0	0	0	0	0	0	0	0	[]	False	False	False	True	Jules Vuillemin	1	1	Jules Vuillemin|Vuillemin	Jules Vuillemin	https://plato.stanford.edu/entries/ruth-barcan-marcus/	1126
<http://dbpedia.org/resource/Kalanit_Grill-Spector>	Kalanit Grill-Spector	0.3384484073331164	0	0	0	0	1	0	0	0	0	0	0	0	[]	False	False	False	True	Kalanit Grill-Spector	1	1	Kalanit Grill-Spector|Grill-Spector	Kalanit Grill-Spector	https://plato.stanford.edu/entries/consciousness-neuroscience/	1127
<http://dbpedia.org/resource/Kamāl_al-Dīn_al-Fārisī>	Kamāl al-Dīn al-Fārisī	0.3413155569755788	0	3	3	0	0	0	0	0	0	0	0	0	[]	False	False	False	True	Kamal al-Din al-Farisi	1	1	Kamal al-Din al-Farisi|al-Farisi	Kamal al-Din al-Farisi	https://plato.stanford.edu/entries/dietrich-freiberg/	1128
<http://dbpedia.org/resource/Kanta_Dihal>	Kanta Dihal	0.2775	0	0	0	2	4	0	0	0	0	0	0	0	[]	False	False	False	True	Kanta Dihal	1	1	Kanta Dihal|Dihal	Kanta Dihal	https://plato.stanford.edu/entries/ethics-ai/	1129
<http://dbpedia.org/resource/Karl_May>	Karl May	0.3589359985005302	0	1	1	0	0	0	0	0	0	0	0	0	[]	False	False	False	True	Karl May	1	1	Karl May	Karl May	https://plato.stanford.edu/entries/bloch/	1130
<http://dbpedia.org/resource/Karl_von_Frisch>	Karl von Frisch	0.34125	1	2	3	0	1	0	0	0	0	0	0	0	[]	False	False	False	True	Karl von Frisch	1	1	Karl von Frisch|Frisch	Karl von Frisch	https://plato.stanford.edu/entries/cognition-animal/	1131
<http://dbpedia.org/resource/Ken_Nakayama>	Ken Nakayama	0.2775	0	0	0	2	2	0	0	0	0	0	0	0	[]	False	False	False	True	Ken Nakayama	1	1	Ken Nakayama|Nakayama	Ken Nakayama	https://plato.stanford.edu/entries/attention/	1132
<http://dbpedia.org/resource/Kojin_Karatani>	Kojin Karatani	0.3239018727788701	1	6	7	0	0	0	0	0	0	0	0	0	[]	False	False	False	True	Kojin Karatani	1	1	Kojin Karatani|Karatani	Kojin Karatani	https://plato.stanford.edu/entries/nishida-kitaro/	1133
<http://dbpedia.org/resource/L._Harold_DeWolf>	L. Harold DeWolf	0.4696272730560695	0	2	2	0	0	0	0	0	0	0	0	0	[]	False	False	False	True	L. Harold DeWolf	1	1	L. Harold DeWolf|DeWolf	L. Harold DeWolf	https://plato.stanford.edu/entries/personalism/	1134
<http://dbpedia.org/resource/Lee_Altenberg>	Lee Altenberg	0.5638171694885877	0	5	5	1	0	0	0	0	0	0	0	0	[]	False	False	False	True	Lee Altenberg	1	1	Lee Altenberg|Altenberg	Lee Altenberg	https://plato.stanford.edu/entries/creativity/	1135
<http://dbpedia.org/resource/Leon_Kamin>	Leon Kamin	0.2775	0	0	0	0	3	0	0	0	0	0	0	0	[]	False	False	False	True	Leon Kamin	1	1	Leon Kamin	Leon Kamin	https://plato.stanford.edu/entries/scientific-knowledge-social/	1136
<http://dbpedia.org/resource/Lev_Karsavin>	Lev Karsavin	0.4045187502203773	2	3	5	0	0	0	0	0	0	0	0	0	[]	False	False	False	True	Lev Karsavin	1	1	Lev Karsavin|Karsavin	Lev Karsavin	https://plato.stanford.edu/entries/bruno/	1137
<http://dbpedia.org/resource/Licia_Verde>	Licia Verde	0.34125	0	0	0	2	2	0	0	0	0	0	0	0	[]	False	False	False	True	Licia Verde	1	1	Licia Verde|Verde	Licia Verde	https://plato.stanford.edu/entries/cosmology/	1138
<http://dbpedia.org/resource/Lorenz_von_Stein>	Lorenz von Stein	0.4230126902826312	0	7	7	1	0	0	0	0	0	0	0	0	[Political economics]	False	False	False	True	Lorenz von Stein	1	1	Lorenz von Stein	Lorenz von Stein	https://plato.stanford.edu/entries/ludwig-feuerbach/	1139
<http://dbpedia.org/resource/Louis_Witten>	Louis Witten	0.3316875	0	0	0	2	3	0	0	0	0	0	0	0	[]	False	False	False	True	Louis Witten	1	1	Louis Witten|Witten	Louis Witten	https://plato.stanford.edu/entries/spacetime-singularities/	1140
<http://dbpedia.org/resource/Mahmoud_Khatami>	Mahmoud Khatami	0.2775	0	1	1	0	0	0	0	0	0	0	0	0	[]	False	False	False	True	Mahmoud Khatami	1	1	Mahmoud Khatami|Khatami	Mahmoud Khatami	https://plato.stanford.edu/entries/mulla-sadra/	1141
<http://dbpedia.org/resource/Masahiro_Morioka>	Masahiro Morioka	0.5831480936226047	0	8	8	0	0	0	0	0	0	0	0	0	[]	False	False	False	True	Masahiro Morioka	1	1	Masahiro Morioka|Morioka	Masahiro Morioka	https://plato.stanford.edu/entries/death-definition/	1142
<http://dbpedia.org/resource/Mattias_Kumm>	Mattias Kumm	0.3395403264081163	0	3	3	0	0	0	0	0	0	0	0	0	[]	False	False	False	True	Mattias Kumm	1	1	Mattias Kumm|Kumm	Mattias Kumm	https://plato.stanford.edu/entries/law-limits/	1143
<http://dbpedia.org/resource/Maurice_Blondel>	Maurice Blondel	0.2823519576119463	1	3	4	0	0	0	0	0	0	0	0	0	[]	False	False	False	True	Maurice Blondel	1	1	Maurice Blondel	Maurice Blondel	https://plato.stanford.edu/entries/duhem/	1144
<http://dbpedia.org/resource/Menippus>	Menippus	0.7299419914670149	0	1	1	0	0	0	0	0	0	0	0	0	[]	False	False	False	True	Menippus	1	1	Menippus	Menippus	https://plato.stanford.edu/entries/philodemus/	1145
<http://dbpedia.org/resource/Mikhail_Bakhtin>	Mikhail Bakhtin	0.4575194983344886	6	10	16	0	0	0	0	0	0	0	0	0	[]	False	False	False	True	Mikhail Bakhtin	1	1	Mikhail Bakhtin|Bakhtin	Mikhail Bakhtin	https://plato.stanford.edu/entries/nishida-kitaro/	1146
<http://dbpedia.org/resource/Mohsen_Kadivar>	Mohsen Kadivar	0.2775	0	1	1	0	0	0	0	0	0	0	0	0	[]	False	False	False	True	Mohsen Kadivar	1	1	Mohsen Kadivar|Kadivar	Mohsen Kadivar	https://plato.stanford.edu/entries/arabic-islamic-metaphysics/	1147
<http://dbpedia.org/resource/Mortimer_J._Adler>	Mortimer J. Adler	0.4852298991513747	2	9	11	0	0	0	0	0	0	0	0	0	[]	False	False	False	True	Mortimer J. Adler	1	1	Mortimer J. Adler	Mortimer J. Adler	https://plato.stanford.edu/entries/maritain/	1148
<http://dbpedia.org/resource/Muhammad_Tahir>	Muhammad Tahir	0.3435267857142857	2	4	6	0	0	0	0	0	0	0	0	0	[]	False	False	False	True	Muhammad Tahir	1	1	Muhammad Tahir|Tahir	Muhammad Tahir	https://plato.stanford.edu/entries/ibn-rushd/	1149
<http://dbpedia.org/resource/Nicolas_Fatio_de_Duillier>	Nicolas Fatio de Duillier	0.3911625062325191	2	3	5	1	3	0	0	0	0	0	0	0	[]	False	False	False	True	Nicolas Fatio de Duillier	1	1	Nicolas Fatio de Duillier|Duillier	Nicolas Fatio de Duillier	https://plato.stanford.edu/entries/newton/	1150
<http://dbpedia.org/resource/Nikolai_Berdyaev>	Nikolai Berdyaev	1.5976664425483655	12	14	26	0	0	0	0	0	0	0	0	0	[]	False	False	False	True	Nikolai Berdyaev	1	1	Nikolai Berdyaev|Berdyaev	Nikolai Berdyaev	https://plato.stanford.edu/entries/rosenstock-huessy/	1151
<http://dbpedia.org/resource/Norberto_Bobbio>	Norberto Bobbio	0.7427371837756689	6	8	14	0	0	0	0	0	0	0	0	0	[]	False	False	False	True	Norberto Bobbio	1	1	Norberto Bobbio|Bobbio	Norberto Bobbio	https://plato.stanford.edu/entries/law-language/	1152
<http://dbpedia.org/resource/Norman_Geisler>	Norman Geisler	0.285522443609072	10	5	15	0	0	0	0	0	0	0	0	0	[]	False	False	False	True	Norman Geisler	1	1	Norman Geisler|Geisler	Norman Geisler	https://plato.stanford.edu/entries/creationism/	1153
<http://dbpedia.org/resource/Norton_Simon>	Norton Simon	0.2775	0	0	0	1	2	0	0	0	0	0	0	0	[]	False	False	False	True	Norton Simon	1	1	Norton Simon	Norton Simon	https://plato.stanford.edu/entries/intensional-trans-verbs/	1154
<http://dbpedia.org/resource/Nostradamus>	Nostradamus	0.309375	0	0	0	0	2	0	0	0	0	0	0	0	[]	False	False	False	True	Nostradamus	1	1	Nostradamus	Nostradamus	https://plato.stanford.edu/entries/sextus-empiricus/	1155
<http://dbpedia.org/resource/Oliver_Wendell_Holmes_Jr.>	Oliver Wendell Holmes Jr.	0.3817689121313668	0	1	1	0	0	0	0	0	0	0	0	0	[]	False	False	False	True	Oliver Wendell Holmes Jr.	1	1	Oliver Wendell Holmes Jr.	Oliver Wendell Holmes Jr.	https://plato.stanford.edu/entries/tort-theories/	1156
<http://dbpedia.org/resource/Omar_Lizardo>	Omar Lizardo	0.5493725277960175	0	3	3	2	5	0	0	0	0	0	0	0	[]	False	False	False	True	Omar Lizardo	1	1	Omar Lizardo|Lizardo	Omar Lizardo	https://plato.stanford.edu/entries/evolution-cultural/	1157
<http://dbpedia.org/resource/Oriol_Vinyals>	Oriol Vinyals	0.3316875	0	0	0	0	2	0	0	0	0	0	0	0	[]	False	False	False	True	Oriol Vinyals	1	1	Oriol Vinyals|Vinyals	Oriol Vinyals	https://plato.stanford.edu/entries/connectionism/	1158
<http://dbpedia.org/resource/Patricia_M._Shields>	Patricia M. Shields	0.5410733740561514	0	4	4	0	0	0	0	0	0	0	0	0	[]	False	False	False	True	Patricia M. Shields	1	1	Patricia M. Shields	Patricia M. Shields	https://plato.stanford.edu/entries/femapproach-pragmatism/	1159
<http://dbpedia.org/resource/Pavel_Materna>	Pavel Materna	0.5595200705685475	0	6	6	0	0	0	0	0	0	0	0	0	[]	False	False	False	True	Pavel Materna	1	1	Pavel Materna|Materna	Pavel Materna	https://plato.stanford.edu/entries/hyperintensionality/	1160
<http://dbpedia.org/resource/Pedro_G._Ferreira>	Pedro G. Ferreira	0.3024393673753348	0	0	0	2	2	0	0	0	0	0	0	0	[]	False	False	False	True	Pedro G. Ferreira	1	1	Pedro G. Ferreira	Pedro G. Ferreira	https://plato.stanford.edu/entries/fine-tuning/	1161
<http://dbpedia.org/resource/Peter_Kropotkin>	Peter Kropotkin	0.7501135197780946	21	12	33	0	0	0	0	0	0	0	0	0	[]	False	False	False	True	Peter Kropotkin	1	1	Peter Kropotkin|Kropotkin	Peter Kropotkin	https://plato.stanford.edu/entries/ethics-environmental/	1162
<http://dbpedia.org/resource/Peter_Medawar>	Peter Medawar	0.5359631227186563	0	6	6	0	2	0	0	0	0	0	0	0	[]	False	False	False	True	Peter Medawar	1	1	Peter Medawar|Medawar	Peter Medawar	https://plato.stanford.edu/entries/popper/	1163
<http://dbpedia.org/resource/Peter_Sloterdijk>	Peter Sloterdijk	0.6622809874830523	4	12	16	0	0	0	0	0	0	0	0	0	[]	False	False	False	True	Peter Sloterdijk	1	1	Peter Sloterdijk|Sloterdijk	Peter Sloterdijk	https://plato.stanford.edu/entries/wang-yangming/	1164
<http://dbpedia.org/resource/Philipp_Mainländer>	Philipp Mainländer	0.2923209291685132	5	3	8	0	0	0	0	0	0	0	0	0	[]	False	False	False	True	Philipp Mainlander	1	1	Philipp Mainlander|Mainlander	Philipp Mainlander	https://plato.stanford.edu/entries/schopenhauer/	1165
<http://dbpedia.org/resource/Rachel_Carson>	Rachel Carson	0.6050108658854167	2	2	4	2	0	4	0	0	0	0	0	0	[]	False	False	False	True	Rachel Carson	1	1	Rachel Carson	Rachel Carson	https://plato.stanford.edu/entries/ethics-environmental/	1166
<http://dbpedia.org/resource/Ralph_H._Fowler>	Ralph H. Fowler	0.2775	0	0	0	1	6	0	0	0	0	0	0	0	[]	False	False	False	True	Ralph H. Fowler	1	1	Ralph H. Fowler|Fowler	Ralph H. Fowler	https://plato.stanford.edu/entries/time-thermo/	1167
<http://dbpedia.org/resource/Robert_B._Pippin>	Robert B. Pippin	0.8684675401273504	6	12	18	0	0	0	0	0	0	0	0	0	[]	False	False	False	True	Robert B. Pippin	1	1	Robert B. Pippin|Pippin	Robert B. Pippin	https://plato.stanford.edu/entries/hope/	1168
<http://dbpedia.org/resource/Robert_C._Smith_(political_scientist)>	Robert C. Smith (political scientist)	0.2775	0	1	1	0	1	0	0	0	0	0	0	0	[]	False	False	False	True	Robert C. Smith	1	1	Robert C. Smith	Robert C. Smith	https://plato.stanford.edu/entries/buber/	1169
<http://dbpedia.org/resource/Robert_Campbell_(frontiersman)>	Robert Campbell (frontiersman)	0.2775	0	0	0	0	3	0	0	0	0	0	0	0	[]	False	False	False	True	Robert Campbell	1	1	Robert Campbell	Robert Campbell	https://plato.stanford.edu/entries/education-philosophy/	1170
<http://dbpedia.org/resource/Robert_Frodeman>	Robert Frodeman	0.3379116536331071	0	1	1	0	0	0	0	0	0	0	0	0	[]	False	False	False	True	Robert Frodeman	1	1	Robert Frodeman|Frodeman	Robert Frodeman	https://plato.stanford.edu/entries/ecology/	1171
<http://dbpedia.org/resource/Russell_Kirk>	Russell Kirk	1.2275793389626513	11	16	27	0	0	0	0	0	0	0	0	0	[]	False	False	False	True	Russell Kirk	1	1	Russell Kirk|Kirk	Russell Kirk	https://plato.stanford.edu/entries/burke/	1172
<http://dbpedia.org/resource/Saddam_Hussein>	Saddam Hussein	0.5413497074460949	0	1	1	0	0	0	0	0	0	0	0	0	[]	False	False	False	True	Saddam Hussein	1	1	Saddam Hussein	Saddam Hussein	https://plato.stanford.edu/entries/immigration/	1173
<http://dbpedia.org/resource/Samuel_Buss>	Samuel Buss	0.2775	0	0	0	2	1	0	0	0	0	0	0	0	[]	False	False	False	True	Samuel Buss	1	1	Samuel Buss	Samuel Buss	https://plato.stanford.edu/entries/goedel/	1174
<http://dbpedia.org/resource/Santiago_Zabala>	Santiago Zabala	0.3845068905928259	0	5	5	0	0	0	0	0	0	0	0	0	[]	False	False	False	True	Santiago Zabala	1	1	Santiago Zabala|Zabala	Santiago Zabala	https://plato.stanford.edu/entries/gadamer/	1175
<http://dbpedia.org/resource/Seneca_the_Younger>	Seneca the Younger	1.2856346243167254	17	12	29	0	0	0	0	0	0	0	0	0	[]	False	False	False	True	Seneca the Younger	1	1	Seneca the Younger|Younger	Seneca the Younger	https://plato.stanford.edu/entries/seneca/	1176
<http://dbpedia.org/resource/Srinivasa_Ramanujan>	Srinivasa Ramanujan	0.4815354711242225	2	2	4	0	11	0	0	0	0	0	0	0	[]	False	False	False	True	Srinivasa Ramanujan	1	1	Srinivasa Ramanujan|Ramanujan	Srinivasa Ramanujan	https://plato.stanford.edu/entries/religion-science/	1177
<http://dbpedia.org/resource/Stanley_Jaki>	Stanley Jaki	0.3321453253927958	0	1	1	1	0	0	0	0	0	0	0	0	[]	False	False	False	True	Stanley Jaki	1	1	Stanley Jaki|Jaki	Stanley Jaki	https://plato.stanford.edu/entries/cosmology-theology/	1178
<http://dbpedia.org/resource/Stephen_P._Hinshaw>	Stephen P. Hinshaw	0.8406250000000002	0	8	8	3	0	0	0	0	0	0	0	0	[]	False	False	False	True	Stephen P. Hinshaw	1	1	Stephen P. Hinshaw|Hinshaw	Stephen P. Hinshaw	https://plato.stanford.edu/entries/dehumanization/	1179
<http://dbpedia.org/resource/Thomas_Mun>	Thomas Mun	0.3586563562444796	0	1	1	0	0	0	0	0	0	0	0	0	[International trade]	False	False	False	True	Thomas Mun	1	1	Thomas Mun	Thomas Mun	https://plato.stanford.edu/entries/economics-early-modern/	1180
<http://dbpedia.org/resource/Thomas_Overbury>	Thomas Overbury	0.34125	0	0	0	1	2	0	0	0	0	0	0	0	[]	False	False	False	True	Thomas Overbury	1	1	Thomas Overbury|Overbury	Thomas Overbury	https://plato.stanford.edu/entries/theophrastus/	1181
<http://dbpedia.org/resource/Thomas_Pangle>	Thomas Pangle	0.2922538712158108	0	2	2	0	0	0	0	0	0	0	0	0	[]	False	False	False	True	Thomas Pangle	1	1	Thomas Pangle|Pangle	Thomas Pangle	https://plato.stanford.edu/entries/albalag/	1182
<http://dbpedia.org/resource/Timothy_Morton>	Timothy Morton	0.5806210221542532	0	4	4	0	0	0	0	0	0	0	0	0	[]	False	False	False	True	Timothy Morton	1	1	Timothy Morton	Timothy Morton	https://plato.stanford.edu/entries/ethics-environmental/	1183
<http://dbpedia.org/resource/Vladimir_Lossky>	Vladimir Lossky	0.474479724663295	0	2	2	0	0	0	0	0	0	0	0	0	[]	False	False	False	True	Vladimir Lossky	1	1	Vladimir Lossky	Vladimir Lossky	https://plato.stanford.edu/entries/cusanus/	1184
<http://dbpedia.org/resource/Vladimir_Solovyov_(philosopher)>	Vladimir Solovyov (philosopher)	1.0673069329112306	14	17	31	0	0	0	0	0	0	0	0	0	[]	False	False	False	True	Vladimir Solovyov	1	1	Vladimir Solovyov|Solovyov	Vladimir Solovyov	https://plato.stanford.edu/entries/nicolai-hartmann/	1185
<http://dbpedia.org/resource/Wanda_Orlikowski>	Wanda Orlikowski	0.7643058269032533	1	5	6	1	1	0	0	0	0	0	0	0	[]	False	False	False	True	Wanda Orlikowski	1	1	Wanda Orlikowski|Orlikowski	Wanda Orlikowski	https://plato.stanford.edu/entries/information-semantic/	1186
<http://dbpedia.org/resource/Werner_Israel>	Werner Israel	0.2940437175340177	0	1	1	1	1	0	0	0	0	0	0	0	[]	False	False	False	True	Werner Israel	1	1	Werner Israel	Werner Israel	https://plato.stanford.edu/entries/cosmological-argument/	1187
<http://dbpedia.org/resource/William_Gasarch>	William Gasarch	0.2775	0	0	0	2	4	0	0	0	0	0	0	0	[]	False	False	False	True	William Gasarch	1	1	William Gasarch|Gasarch	William Gasarch	https://plato.stanford.edu/entries/computational-complexity/	1188
<http://dbpedia.org/resource/William_Rowan_Hamilton>	William Rowan Hamilton	0.5523023497367268	2	3	5	1	18	0	0	0	0	0	0	0	[]	False	False	False	True	William Rowan Hamilton	1	1	William Rowan Hamilton	William Rowan Hamilton	https://plato.stanford.edu/entries/boole/	1189
<http://dbpedia.org/resource/A._Alan_Middleton>	A. Alan Middleton	0.3561250000000001	0	0	0	3	2	0	0	0	0	0	0	0	[]	False	False	False	True	A. Alan Middleton	0	0	A. Alan Middleton|Middleton			1190
<http://dbpedia.org/resource/A._D._Gordon>	A. D. Gordon	16.229573724657886	1	2	3	0	0	0	0	0	0	0	0	0	[]	False	False	False	True	A. D. Gordon	0	0	A. D. Gordon			1191
<http://dbpedia.org/resource/A._D._Lublinskaya>	A. D. Lublinskaya	0.3219204066465032	0	1	1	0	0	0	0	0	0	0	0	0	[]	False	False	False	True	A. D. Lublinskaya	0	0	A. D. Lublinskaya|Lublinskaya			1192
<http://dbpedia.org/resource/A._G._Ramakrishnan>	A. G. Ramakrishnan	0.66	0	4	4	0	0	0	0	0	0	0	0	0	[]	False	False	False	True	A. G. Ramakrishnan	0	0	A. G. Ramakrishnan|Ramakrishnan			1193
<http://dbpedia.org/resource/Abbas_Wasim_Efendi>	Abbas Wasim Efendi	0.4879574732031592	0	2	2	0	0	0	0	0	0	0	0	0	[]	False	False	False	True	Abbas Wasim Efendi	0	0	Abbas Wasim Efendi|Efendi			1194
<http://dbpedia.org/resource/Abby_Dernburg>	Abby Dernburg	0.755264410306873	1	3	4	2	0	0	0	0	0	0	0	0	[]	False	False	False	True	Abby Dernburg	0	0	Abby Dernburg|Dernburg			1195
<http://dbpedia.org/resource/Abd_al-Hussein_al-Hilli>	Abd al-Hussein al-Hilli	0.46875	1	3	4	0	0	0	0	0	0	0	0	0	[]	False	False	False	True	Abd al-Hussein al-Hilli	0	0	Abd al-Hussein al-Hilli|al-Hilli			1196
<http://dbpedia.org/resource/Abd_al-Rahman_al-Kawakibi>	Abd al-Rahman al-Kawakibi	0.34125	1	3	4	0	0	0	0	0	0	0	0	0	[]	False	False	False	True	Abd al-Rahman al-Kawakibi	0	0	Abd al-Rahman al-Kawakibi|al-Kawakibi			1197
<http://dbpedia.org/resource/Abdel_Rahman_Badawi>	Abdel Rahman Badawi	0.2910290601624135	0	1	1	0	0	0	0	0	0	0	0	0	[]	False	False	False	True	Abdel Rahman Badawi	0	0	Abdel Rahman Badawi|Badawi			1198
<http://dbpedia.org/resource/Abdul_Aziz_al-Harbi>	Abdul Aziz al-Harbi	0.671691484375	0	1	1	0	0	0	1	0	0	0	0	0	[]	False	False	False	True	Abdul Aziz al-Harbi	0	0	Abdul Aziz al-Harbi|al-Harbi			1199
<http://dbpedia.org/resource/Abdul_Majid_(physicist)>	Abdul Majid (physicist)	0.405	0	1	1	1	2	0	0	0	0	0	0	0	[]	False	False	False	True	Abdul Majid	0	0	Abdul Majid|Majid			1200
<http://dbpedia.org/resource/Abdullah_Öcalan>	Abdullah Öcalan	0.3293661960445625	0	2	2	0	0	0	0	0	0	0	0	0	[]	False	False	False	True	Abdullah Ocalan	0	0	Abdullah Ocalan|Ocalan			1201
<http://dbpedia.org/resource/Abdullah_Sadiq>	Abdullah Sadiq	0.2920364422462435	2	0	2	2	4	0	0	0	0	0	0	0	[]	False	False	False	True	Abdullah Sadiq	0	0	Abdullah Sadiq|Sadiq			1202
<http://dbpedia.org/resource/Abimael_Guzmán>	Abimael Guzmán	0.2890261190356913	0	1	1	0	0	0	0	0	0	0	0	1	[]	False	False	False	True	Abimael Guzman	0	0	Abimael Guzman			1203
<http://dbpedia.org/resource/Abraham_Gottlob_Werner>	Abraham Gottlob Werner	0.5562946875	3	0	3	2	3	0	0	0	0	0	0	0	[]	False	False	False	True	Abraham Gottlob Werner	0	0	Abraham Gottlob Werner|Werner			1204
<http://dbpedia.org/resource/Abraham_Nicolas_Amelot_de_la_Houssaye>	Abraham Nicolas Amelot de la Houssaye	0.2781117227011428	0	1	1	0	0	0	0	0	0	0	0	0	[]	False	False	False	True	Abraham Nicolas Amelot de la Houssaye	0	0	Abraham Nicolas Amelot de la Houssaye|Houssaye			1205
<http://dbpedia.org/resource/Abram_Ioffe>	Abram Ioffe	0.3020008105769681	1	0	1	0	0	0	0	0	0	0	0	0	[]	False	False	False	True	Abram Ioffe	0	0	Abram Ioffe|Ioffe			1206
<http://dbpedia.org/resource/Abu_Abd_al-Rahman_Ibn_Aqil_al-Zahiri>	Abu Abd al-Rahman Ibn Aqil al-Zahiri	0.6137546875	1	4	5	0	0	0	0	0	0	0	0	0	[]	False	False	False	True	Abu Abd al-Rahman Ibn Aqil al-Zahiri	0	0	Abu Abd al-Rahman Ibn Aqil al-Zahiri			1207
<http://dbpedia.org/resource/Abu_Nasr_Mansur>	Abu Nasr Mansur	0.405	1	2	3	0	1	0	0	0	0	0	0	0	[]	False	False	False	True	Abu Nasr Mansur	0	0	Abu Nasr Mansur|Mansur			1208
<http://dbpedia.org/resource/Abu_Turab_al-Zahiri>	Abu Turab al-Zahiri	0.3911875	1	1	2	0	0	0	1	0	0	0	0	0	[]	False	False	False	True	Abu Turab al-Zahiri	0	0	Abu Turab al-Zahiri			1209
<http://dbpedia.org/resource/Abu_al-Hasan_al-Shushtari>	Abu al-Hasan al-Shushtari	1.279131156769699	5	11	16	0	0	0	0	0	0	0	0	0	[]	False	False	False	True	Abu al-Hasan al-Shushtari	0	0	Abu al-Hasan al-Shushtari|al-Shushtari			1210
<http://dbpedia.org/resource/Abulfeda>	Abulfeda	0.2775	0	1	1	0	0	0	0	0	0	0	0	0	[]	False	False	False	True	Abulfeda	0	0	Abulfeda			1211
<http://dbpedia.org/resource/Abundio_Sagástegui_Alva>	Abundio Sagástegui Alva	0.5325000000000001	0	3	3	1	0	0	0	0	0	0	0	0	[]	False	False	False	True	Abundio Sagastegui Alva	0	0	Abundio Sagastegui Alva|Alva			1212
<http://dbpedia.org/resource/Achilles_Gasser>	Achilles Gasser	0.2775	0	1	1	0	0	0	0	0	0	0	0	0	[]	False	False	False	True	Achilles Gasser	0	0	Achilles Gasser|Gasser			1213
<http://dbpedia.org/resource/Achilles_Papapetrou>	Achilles Papapetrou	0.2945453324501536	0	0	0	2	3	0	0	0	0	0	0	0	[]	False	False	False	True	Achilles Papapetrou	0	0	Achilles Papapetrou|Papapetrou			1214
<http://dbpedia.org/resource/Ad_Bax>	Ad Bax	0.7288794720612632	3	4	7	0	1	0	0	0	0	0	0	0	[]	False	False	False	True	Ad Bax	0	0	Ad Bax			1215
<http://dbpedia.org/resource/Ada_Yonath>	Ada Yonath	0.2775	0	0	0	2	1	0	0	0	0	0	0	0	[]	False	False	False	True	Ada Yonath	0	0	Ada Yonath|Yonath			1216
<http://dbpedia.org/resource/Adam_Kilgarriff>	Adam Kilgarriff	0.303	0	0	0	2	2	0	0	0	0	0	0	0	[]	False	False	False	True	Adam Kilgarriff	0	0	Adam Kilgarriff|Kilgarriff			1217
<http://dbpedia.org/resource/Adam_Rutherford>	Adam Rutherford	0.2806871499536562	0	1	1	1	1	0	0	0	0	0	0	0	[]	False	False	False	True	Adam Rutherford	0	0	Adam Rutherford|Rutherford			1218
<http://dbpedia.org/resource/Adam_Weishaupt>	Adam Weishaupt	0.4657300993802502	2	4	6	0	0	0	0	0	0	0	0	0	[]	False	False	False	True	Adam Weishaupt	0	0	Adam Weishaupt|Weishaupt			1219
<http://dbpedia.org/resource/Adam_Wielomski>	Adam Wielomski	0.3712544950426689	0	4	4	0	0	0	0	0	0	0	0	0	[]	False	False	False	True	Adam Wielomski	0	0	Adam Wielomski|Wielomski			1220
<http://dbpedia.org/resource/Adam_of_Dryburgh>	Adam of Dryburgh	0.7266209664787103	0	6	6	0	0	0	0	0	0	0	0	0	[]	False	False	False	True	Adam of Dryburgh	0	0	Adam of Dryburgh|Dryburgh			1221
<http://dbpedia.org/resource/Adamantios_Korais>	Adamantios Korais	0.3893876196846513	4	4	8	0	0	0	0	0	0	0	0	0	[]	False	False	False	True	Adamantios Korais	0	0	Adamantios Korais|Korais			1222
<http://dbpedia.org/resource/Adelaide_Dutcher>	Adelaide Dutcher	0.2775	0	1	1	1	0	0	0	0	0	0	0	0	[]	False	False	False	True	Adelaide Dutcher	0	0	Adelaide Dutcher|Dutcher			1223
<http://dbpedia.org/resource/Adelbert_Jenkins>	Adelbert Jenkins	0.3024645809078783	0	2	2	2	0	0	0	0	0	0	0	0	[]	False	False	False	True	Adelbert Jenkins	0	0	Adelbert Jenkins			1224
<http://dbpedia.org/resource/Aditi_Sen_De>	Aditi Sen De	0.2775	0	0	0	3	1	0	0	0	0	0	0	0	[]	False	False	False	True	Aditi Sen De	0	0	Aditi Sen De			1225
<http://dbpedia.org/resource/Admir_Masic>	Admir Masic	0.2775	0	1	1	1	0	0	0	0	0	0	0	0	[]	False	False	False	True	Admir Masic	0	0	Admir Masic|Masic			1226
<http://dbpedia.org/resource/Adolf_Mayer>	Adolf Mayer	0.2775	2	1	3	2	1	0	0	0	0	0	0	0	[]	False	False	False	True	Adolf Mayer	0	0	Adolf Mayer|Mayer			1227
<http://dbpedia.org/resource/Adolf_Seilacher>	Adolf Seilacher	0.2775	0	0	0	0	2	0	0	0	0	0	0	0	[]	False	False	False	True	Adolf Seilacher	0	0	Adolf Seilacher|Seilacher			1228
<http://dbpedia.org/resource/Adolf_Windaus>	Adolf Windaus	0.2775	0	0	0	0	1	0	0	0	0	0	0	0	[]	False	False	False	True	Adolf Windaus	0	0	Adolf Windaus|Windaus			1229
<http://dbpedia.org/resource/Adolph_Winkler_Goodman>	Adolph Winkler Goodman	0.405	0	0	0	0	3	0	0	0	0	0	0	0	[]	False	False	False	True	Adolph Winkler Goodman	0	0	Adolph Winkler Goodman			1230
<http://dbpedia.org/resource/Adolpho_Ducke>	Adolpho Ducke	0.46875	1	2	3	0	0	0	0	0	0	0	0	0	[]	False	False	False	True	Adolpho Ducke	0	0	Adolpho Ducke|Ducke			1231
<http://dbpedia.org/resource/Adrian_Bird>	Adrian Bird	0.3043761389406604	1	4	5	2	0	0	0	0	0	0	0	0	[]	False	False	False	True	Adrian Bird	0	0	Adrian Bird|Bird			1232
<http://dbpedia.org/resource/Adrienne_Fairhall>	Adrienne Fairhall	0.2775	0	0	0	2	1	0	0	0	0	0	0	0	[]	False	False	False	True	Adrienne Fairhall	0	0	Adrienne Fairhall|Fairhall			1233
<http://dbpedia.org/resource/Ady_Jean-Gardy>	Ady Jean-Gardy	0.9085470254138006	0	9	9	0	0	0	0	0	0	0	0	0	[]	False	False	False	True	Ady Jean-Gardy	0	0	Ady Jean-Gardy|Jean-Gardy			1234
<http://dbpedia.org/resource/Agatha_Chapman>	Agatha Chapman	0.392573469899284	0	3	3	0	0	0	0	0	0	0	0	0	[Economics]	False	False	False	True	Agatha Chapman	0	0	Agatha Chapman|Chapman			1235
<http://dbpedia.org/resource/Agnes_Pockels>	Agnes Pockels	0.2775	0	1	1	0	1	0	0	0	0	0	0	0	[]	False	False	False	True	Agnes Pockels	0	0	Agnes Pockels|Pockels			1236
<http://dbpedia.org/resource/Agrippa_the_Skeptic>	Agrippa the Skeptic	0.3727474411241863	1	3	4	0	0	0	0	0	0	0	0	0	[]	False	False	False	True	Agrippa the Skeptic	0	0	Agrippa the Skeptic|Skeptic			1237
<http://dbpedia.org/resource/Agustín_García_Calvo>	Agustín García Calvo	1.1878050305276038	10	10	20	0	0	0	0	0	0	0	0	0	[]	False	False	False	True	Agustin Garcia Calvo	0	0	Agustin Garcia Calvo			1238
<http://dbpedia.org/resource/Ahamed_Muhyudheen_Noorishah_Jeelani>	Ahamed Muhyudheen Noorishah Jeelani	1.2258970114526675	3	12	15	0	0	0	0	0	0	0	0	0	[]	False	False	False	True	Ahamed Muhyudheen Noorishah Jeelani	0	0	Ahamed Muhyudheen Noorishah Jeelani|Jeelani			1239
<http://dbpedia.org/resource/Ahmad_Zarruq>	Ahmad Zarruq	0.3674522856308794	0	1	1	0	0	0	0	0	0	0	0	0	[]	False	False	False	True	Ahmad Zarruq	0	0	Ahmad Zarruq|Zarruq			1240
<http://dbpedia.org/resource/Ahmad_ibn_Ajiba>	Ahmad ibn Ajiba	0.3906083931673184	0	2	2	0	0	0	0	0	0	0	0	0	[]	False	False	False	True	Ahmad ibn Ajiba	0	0	Ahmad ibn Ajiba|Ajiba			1241
<http://dbpedia.org/resource/Ahmed_Al-Waeli>	Ahmed Al-Waeli	0.5484375	0	1	1	0	0	0	0	0	0	0	0	0	[]	False	False	False	True	Ahmed Al-Waeli	0	0	Ahmed Al-Waeli|Al-Waeli			1242
<http://dbpedia.org/resource/Akeel_Bilgrami>	Akeel Bilgrami	0.333180820608151	1	4	5	0	0	0	0	0	0	0	0	0	[]	False	False	False	True	Akeel Bilgrami	0	0	Akeel Bilgrami|Bilgrami			1243
<http://dbpedia.org/resource/Aki_Roberge>	Aki Roberge	0.309375	0	0	0	2	2	0	0	0	0	0	0	0	[]	False	False	False	True	Aki Roberge	0	0	Aki Roberge|Roberge			1244
<http://dbpedia.org/resource/Akihiko_Matsui_(economist)>	Akihiko Matsui (economist)	0.3734612813471895	1	1	2	2	0	0	0	0	0	0	0	0	[Game Theory, Information Economics, Monetary theory]	False	False	False	True	Akihiko Matsui	0	0	Akihiko Matsui|Matsui			1245
<http://dbpedia.org/resource/Akiho_Miyashiro>	Akiho Miyashiro	0.330193359375	0	3	3	0	2	0	0	0	0	0	0	0	[]	False	False	False	True	Akiho Miyashiro	0	0	Akiho Miyashiro|Miyashiro			1246
<http://dbpedia.org/resource/Akira_Fujishima>	Akira Fujishima	0.34125	0	0	0	2	2	0	0	0	0	0	0	0	[]	False	False	False	True	Akira Fujishima	0	0	Akira Fujishima|Fujishima			1247
<http://dbpedia.org/resource/Akito_Y._Kawahara>	Akito Y. Kawahara	0.405	0	0	0	1	1	0	0	0	0	0	0	0	[]	False	False	False	True	Akito Y. Kawahara	0	0	Akito Y. Kawahara|Kawahara			1248
<http://dbpedia.org/resource/Al-Ma'arri>	Al-Ma'arri	0.405	3	2	5	0	0	0	0	0	0	0	0	0	[]	False	False	False	True	Al-Ma'arri	0	0	Al-Ma'arri			1249
<http://dbpedia.org/resource/Al-Masih_ad-Dajjal>	Al-Masih ad-Dajjal	0.2775	0	0	0	0	1	0	0	0	0	0	0	0	[]	False	False	False	True	Al-Masih ad-Dajjal	0	0	Al-Masih ad-Dajjal|ad-Dajjal			1250
<http://dbpedia.org/resource/Al-ʻIjliyyah>	Al-ʻIjliyyah	0.4400625	0	1	1	0	0	0	0	0	0	0	0	0	[]	False	False	False	True	Al-ʻIjliyyah	0	0	Al-ʻIjliyyah			1251
<http://dbpedia.org/resource/Alan_Edelman>	Alan Edelman	0.3229218750000001	0	0	0	2	1	0	0	0	0	0	0	0	[]	False	False	False	True	Alan Edelman	0	0	Alan Edelman|Edelman			1252
<http://dbpedia.org/resource/Alan_Feduccia>	Alan Feduccia	0.3358868287773529	0	2	2	1	0	0	0	0	0	0	0	0	[]	False	False	False	True	Alan Feduccia	0	0	Alan Feduccia|Feduccia			1253
<http://dbpedia.org/resource/Alan_J._Heeger>	Alan J. Heeger	0.2775	0	0	0	2	1	0	0	0	0	0	0	0	[]	False	False	False	True	Alan J. Heeger	0	0	Alan J. Heeger|Heeger			1254
<http://dbpedia.org/resource/Alan_M._Roberts>	Alan M. Roberts	0.38375	0	2	2	2	0	0	0	0	0	0	0	0	[]	False	False	False	True	Alan M. Roberts	0	0	Alan M. Roberts|Roberts			1255
<http://dbpedia.org/resource/Alan_Moller>	Alan Moller	0.370820133947135	3	4	7	1	0	0	0	0	0	0	0	0	[]	False	False	False	True	Alan Moller	0	0	Alan Moller|Moller			1256
<http://dbpedia.org/resource/Alan_Moore>	Alan Moore	1.0091807948898197	0	1	1	0	0	14	0	0	0	0	0	0	[]	False	False	False	True	Alan Moore	0	0	Alan Moore			1257
<http://dbpedia.org/resource/Alan_P._Merriam>	Alan P. Merriam	0.2934789033420568	0	0	0	1	1	0	0	0	0	0	0	0	[]	False	False	False	True	Alan P. Merriam	0	0	Alan P. Merriam|Merriam			1258
<http://dbpedia.org/resource/Alan_R._Bishop>	Alan R. Bishop	0.2775	0	1	1	2	0	0	0	0	0	0	0	0	[]	False	False	False	True	Alan R. Bishop	0	0	Alan R. Bishop|Bishop			1259
<http://dbpedia.org/resource/Alan_S._Kaufman>	Alan S. Kaufman	0.3179558211093697	0	1	1	2	1	0	0	0	0	0	0	0	[]	False	False	False	True	Alan S. Kaufman	0	0	Alan S. Kaufman			1260
<http://dbpedia.org/resource/Alan_V._Oppenheim>	Alan V. Oppenheim	0.3189370366403952	0	1	1	1	1	0	0	0	0	0	0	0	[]	False	False	False	True	Alan V. Oppenheim	0	0	Alan V. Oppenheim			1261
<http://dbpedia.org/resource/Alan_Ward_(historian)>	Alan Ward (historian)	0.4203115261550429	0	1	1	2	0	0	0	0	0	0	0	0	[]	False	False	False	True	Alan Ward	0	0	Alan Ward|Ward			1262
<http://dbpedia.org/resource/Alan_White_(American_philosopher)__Alan_White__1>	Alan White (American philosopher)  Alan White  1	0.4403697095426969	0	1	1	0	0	0	0	0	0	0	0	0	[]	False	False	False	True	Alan White (American philosopher) Alan White	0	0	Alan White (American philosopher) Alan White			1263
<http://dbpedia.org/resource/Albert_A._Michelson>	Albert A. Michelson	0.3103213943769238	0	0	0	2	7	0	0	0	0	0	0	0	[]	False	False	False	True	Albert A. Michelson	0	0	Albert A. Michelson|Michelson			1264
<http://dbpedia.org/resource/Albert_Baird_Hastings>	Albert Baird Hastings	0.405	0	0	0	2	1	0	0	0	0	0	0	0	[]	False	False	False	True	Albert Baird Hastings	0	0	Albert Baird Hastings|Hastings			1265
<http://dbpedia.org/resource/Albert_Folch_Folch>	Albert Folch Folch	0.3364687500000001	0	0	0	1	2	0	0	0	0	0	0	0	[]	False	False	False	True	Albert Folch Folch	0	0	Albert Folch Folch|Folch			1266
<http://dbpedia.org/resource/Albert_J._R._Heck>	Albert J. R. Heck	0.2775	0	0	0	1	1	0	0	0	0	0	0	0	[]	False	False	False	True	Albert J. R. Heck	0	0	Albert J. R. Heck			1267
<http://dbpedia.org/resource/Albert_Jay_Nock>	Albert Jay Nock	0.2842127413911872	2	3	5	1	0	1	0	0	0	0	0	0	[]	False	False	False	True	Albert Jay Nock	0	0	Albert Jay Nock|Nock			1268
<http://dbpedia.org/resource/Albert_Joseph_McConnell>	Albert Joseph McConnell	0.328445782228018	0	1	1	0	0	0	0	0	0	0	0	0	[]	False	False	False	True	Albert Joseph McConnell	0	0	Albert Joseph McConnell			1269
<http://dbpedia.org/resource/Albert_Lord>	Albert Lord	0.3103721717032087	0	0	0	1	2	0	0	0	0	0	0	0	[]	False	False	False	True	Albert Lord	0	0	Albert Lord|Lord			1270
<http://dbpedia.org/resource/Albert_Marcet>	Albert Marcet	0.2775	0	1	1	2	0	0	0	0	0	0	0	0	[Monetary economics]	False	False	False	True	Albert Marcet	0	0	Albert Marcet|Marcet			1271
<http://dbpedia.org/resource/Albert_Wojciech_Adamkiewicz>	Albert Wojciech Adamkiewicz	0.2775	0	1	1	2	1	0	0	0	0	0	0	0	[]	False	False	False	True	Albert Wojciech Adamkiewicz	0	0	Albert Wojciech Adamkiewicz|Adamkiewicz			1272
<http://dbpedia.org/resource/Alberto_Boerger>	Alberto Boerger	0.2775	0	0	0	1	3	0	0	0	0	0	0	0	[]	False	False	False	True	Alberto Boerger	0	0	Alberto Boerger|Boerger			1273
<http://dbpedia.org/resource/Alberto_Buela>	Alberto Buela	0.5023084776411902	0	8	8	0	0	0	0	0	0	0	0	0	[]	False	False	False	True	Alberto Buela	0	0	Alberto Buela|Buela			1274
<http://dbpedia.org/resource/Albrecht_Dold>	Albrecht Dold	0.29086625	0	0	0	1	4	0	0	0	0	0	0	0	[]	False	False	False	True	Albrecht Dold	0	0	Albrecht Dold|Dold			1275
<http://dbpedia.org/resource/Albrecht_Penck>	Albrecht Penck	0.3379611238293949	4	2	6	1	0	0	0	0	0	0	0	0	[]	False	False	False	True	Albrecht Penck	0	0	Albrecht Penck|Penck			1276
<http://dbpedia.org/resource/Aldo_Andreotti>	Aldo Andreotti	0.3537225234124109	0	0	0	1	1	0	0	0	0	0	0	0	[]	False	False	False	True	Aldo Andreotti	0	0	Aldo Andreotti|Andreotti			1277
<http://dbpedia.org/resource/Aldo_Capitini>	Aldo Capitini	0.4966174017636442	0	1	1	0	0	0	0	0	0	0	0	0	[]	False	False	False	True	Aldo Capitini	0	0	Aldo Capitini|Capitini			1278
<http://dbpedia.org/resource/Aldo_Pontremoli>	Aldo Pontremoli	0.28175	0	1	1	1	0	0	0	0	0	0	0	0	[]	False	False	False	True	Aldo Pontremoli	0	0	Aldo Pontremoli|Pontremoli			1279
<http://dbpedia.org/resource/Alec_Skempton>	Alec Skempton	0.2775	0	0	0	1	2	0	0	0	0	0	0	0	[]	False	False	False	True	Alec Skempton	0	0	Alec Skempton|Skempton			1280
<http://dbpedia.org/resource/Aleksandar_Bošković>	Aleksandar Bošković	0.8153168579913367	0	7	7	1	0	0	0	0	0	0	0	0	[]	False	False	False	True	Aleksandar Boskovic	0	0	Aleksandar Boskovic|Boskovic			1281
<http://dbpedia.org/resource/Aleksandr_Arbuzov>	Aleksandr Arbuzov	0.2992005329342864	0	0	0	1	1	0	0	0	0	0	0	0	[]	False	False	False	True	Aleksandr Arbuzov	0	0	Aleksandr Arbuzov|Arbuzov			1282
<http://dbpedia.org/resource/Aleksandr_Dianin>	Aleksandr Dianin	0.3333937954118047	1	2	3	2	2	0	0	0	0	0	0	0	[]	False	False	False	True	Aleksandr Dianin	0	0	Aleksandr Dianin|Dianin			1283
<http://dbpedia.org/resource/Aleksandr_Dugin>	Aleksandr Dugin	2.5997681781085027	3	22	25	0	0	0	0	0	0	0	0	0	[]	False	False	False	True	Aleksandr Dugin	0	0	Aleksandr Dugin|Dugin			1284
<http://dbpedia.org/resource/Aleksandr_Nekrasov>	Aleksandr Nekrasov	0.405	0	2	2	1	0	0	0	0	0	0	0	0	[]	False	False	False	True	Aleksandr Nekrasov	0	0	Aleksandr Nekrasov|Nekrasov			1285
<http://dbpedia.org/resource/Aleksei_Losev>	Aleksei Losev	0.3060910293497352	1	2	3	0	0	0	0	0	0	0	0	0	[]	False	False	False	True	Aleksei Losev	0	0	Aleksei Losev|Losev			1286
<http://dbpedia.org/resource/Aleksei_Pogorelov>	Aleksei Pogorelov	0.307636926117193	0	0	0	1	3	0	0	0	0	0	0	0	[]	False	False	False	True	Aleksei Pogorelov	0	0	Aleksei Pogorelov|Pogorelov			1287
<http://dbpedia.org/resource/Alenka_Zupančič>	Alenka Zupančič	0.5381089448573841	2	8	10	0	0	0	0	0	0	0	0	0	[]	False	False	False	True	Alenka Zupancic	0	0	Alenka Zupancic|Zupancic			1288
<http://dbpedia.org/resource/Alevtina_Shmeleva>	Alevtina Shmeleva	0.398625	0	2	2	0	1	0	0	0	0	0	0	0	[]	False	False	False	True	Alevtina Shmeleva	0	0	Alevtina Shmeleva|Shmeleva			1289
<http://dbpedia.org/resource/Alex_Filippenko>	Alex Filippenko	0.3990963809724694	0	0	0	0	1	0	0	0	0	0	0	0	[]	False	False	False	True	Alex Filippenko	0	0	Alex Filippenko|Filippenko			1290
<http://dbpedia.org/resource/Alex_Zunger>	Alex Zunger	0.309375	0	0	0	0	2	0	0	0	0	0	0	0	[]	False	False	False	True	Alex Zunger	0	0	Alex Zunger|Zunger			1291
<http://dbpedia.org/resource/Alexander_Aigner>	Alexander Aigner	0.405	0	0	0	1	2	0	0	0	0	0	0	0	[]	False	False	False	True	Alexander Aigner	0	0	Alexander Aigner|Aigner			1292
<http://dbpedia.org/resource/Alexander_Animalu>	Alexander Animalu	0.4323078547967864	0	2	2	2	1	0	0	0	0	0	0	0	[]	False	False	False	True	Alexander Animalu	0	0	Alexander Animalu|Animalu			1293
<http://dbpedia.org/resource/Alexander_Carpenter>	Alexander Carpenter	0.2968567039599901	0	1	1	0	0	0	0	0	0	0	0	0	[]	False	False	False	True	Alexander Carpenter	0	0	Alexander Carpenter			1294
<http://dbpedia.org/resource/Alexander_Christakis>	Alexander Christakis	0.5325000000000001	2	3	5	1	0	0	0	0	0	0	0	0	[]	False	False	False	True	Alexander Christakis	0	0	Alexander Christakis|Christakis			1295
<http://dbpedia.org/resource/Alexander_Dobrokhotov>	Alexander Dobrokhotov	0.6139483215492775	0	8	8	0	0	0	0	0	0	0	0	0	[]	False	False	False	True	Alexander Dobrokhotov	0	0	Alexander Dobrokhotov|Dobrokhotov			1296
<http://dbpedia.org/resource/Alexander_Fersman>	Alexander Fersman	0.3091670990677086	0	1	1	1	0	0	0	0	0	0	0	0	[]	False	False	False	True	Alexander Fersman	0	0	Alexander Fersman|Fersman			1297
<http://dbpedia.org/resource/Alexander_Gelfond__Alexander_Gelfond__1>	Alexander Gelfond  Alexander Gelfond  1	0.3421519271387049	0	0	0	1	1	0	0	0	0	0	0	0	[]	False	False	False	True	Alexander Gelfond	0	0	Alexander Gelfond|Gelfond			1298
<http://dbpedia.org/resource/Alexander_Piatigorsky>	Alexander Piatigorsky	0.4253658482142857	0	2	2	0	0	0	0	0	0	0	0	0	[]	False	False	False	True	Alexander Piatigorsky	0	0	Alexander Piatigorsky|Piatigorsky			1299
<http://dbpedia.org/resource/Alexander_R._Galloway>	Alexander R. Galloway	0.4544496428967546	0	5	5	0	0	0	0	0	0	0	0	0	[]	False	False	False	True	Alexander R. Galloway	0	0	Alexander R. Galloway|Galloway			1300
<http://dbpedia.org/resource/Alexander_Tarasov>	Alexander Tarasov	0.3656994538194225	0	7	7	0	0	0	0	0	0	0	0	0	[]	False	False	False	True	Alexander Tarasov	0	0	Alexander Tarasov|Tarasov			1301
<http://dbpedia.org/resource/Alexander_Vladimirovich_Bykov>	Alexander Vladimirovich Bykov	0.8916250000000001	0	0	0	0	1	0	0	0	0	0	0	0	[]	False	False	False	True	Alexander Vladimirovich Bykov	0	0	Alexander Vladimirovich Bykov|Bykov			1302
<http://dbpedia.org/resource/Alexander_William_Bickerton>	Alexander William Bickerton	0.3182497036842772	0	0	0	2	1	0	0	0	0	0	0	0	[]	False	False	False	True	Alexander William Bickerton	0	0	Alexander William Bickerton|Bickerton			1303
<http://dbpedia.org/resource/Alexander_Zinoviev>	Alexander Zinoviev	0.3684948531202794	4	7	11	0	0	0	0	0	0	0	0	0	[]	False	False	False	True	Alexander Zinoviev	0	0	Alexander Zinoviev|Zinoviev			1304
<http://dbpedia.org/resource/Alexandra_Navrotsky>	Alexandra Navrotsky	0.5578126270302773	1	0	1	1	0	0	0	0	0	0	0	0	[]	False	False	False	True	Alexandra Navrotsky	0	0	Alexandra Navrotsky|Navrotsky			1305
<http://dbpedia.org/resource/Alexandre_Chorin>	Alexandre Chorin	0.2879063900646187	0	0	0	3	1	0	0	0	0	0	0	0	[]	False	False	False	True	Alexandre Chorin	0	0	Alexandre Chorin|Chorin			1306
<http://dbpedia.org/resource/Alexandre_Mas>	Alexandre Mas	0.3386852047257522	0	1	1	2	0	0	0	0	0	0	0	0	[Labor economics]	False	False	False	True	Alexandre Mas	0	0	Alexandre Mas			1307
<http://dbpedia.org/resource/Alexandre_Yersin>	Alexandre Yersin	0.2877085128785194	0	3	3	0	1	0	0	0	0	0	0	0	[]	False	False	False	True	Alexandre Yersin	0	0	Alexandre Yersin|Yersin			1308
<http://dbpedia.org/resource/Alexei_Fridman>	Alexei Fridman	0.4084238364440324	0	4	4	1	1	0	0	0	0	0	0	0	[]	False	False	False	True	Alexei Fridman	0	0	Alexei Fridman|Fridman			1309
<http://dbpedia.org/resource/Alfonso_Valenzuela-Aguilera>	Alfonso Valenzuela-Aguilera	0.4409576286807304	0	3	3	4	1	0	0	0	0	0	0	0	[]	False	False	False	True	Alfonso Valenzuela-Aguilera	0	0	Alfonso Valenzuela-Aguilera|Valenzuela-Aguilera			1310
<http://dbpedia.org/resource/Alfred_H._Clifford>	Alfred H. Clifford	0.3321363972280434	0	0	0	2	1	0	0	0	0	0	0	0	[]	False	False	False	True	Alfred H. Clifford	0	0	Alfred H. Clifford			1311
<http://dbpedia.org/resource/Alfred_Hassner>	Alfred Hassner	0.405	0	0	0	2	2	0	0	0	0	0	0	0	[]	False	False	False	True	Alfred Hassner	0	0	Alfred Hassner|Hassner			1312
<http://dbpedia.org/resource/Alfred_Kleiner>	Alfred Kleiner	0.3032039205690884	0	0	0	1	1	0	0	0	0	0	0	0	[]	False	False	False	True	Alfred Kleiner	0	0	Alfred Kleiner|Kleiner			1313
<http://dbpedia.org/resource/Alfred_Korzybski>	Alfred Korzybski	0.5792274497168182	8	5	13	0	0	0	0	0	0	0	0	0	[]	False	False	False	True	Alfred Korzybski	0	0	Alfred Korzybski|Korzybski			1314
<http://dbpedia.org/resource/Alfred_Saupe>	Alfred Saupe	0.2775	0	0	0	1	3	0	0	0	0	0	0	0	[]	False	False	False	True	Alfred Saupe	0	0	Alfred Saupe|Saupe			1315
<http://dbpedia.org/resource/Alfred_Tauber__Alfred_Tauber__1>	Alfred Tauber  Alfred Tauber  1	0.3038766465583924	0	0	0	1	1	0	0	0	0	0	0	0	[]	False	False	False	True	Alfred Tauber	0	0	Alfred Tauber|Tauber			1316
<http://dbpedia.org/resource/Alfred_Vogt>	Alfred Vogt	0.34125	0	2	2	1	0	0	0	0	0	0	0	0	[]	False	False	False	True	Alfred Vogt	0	0	Alfred Vogt|Vogt			1317
<http://dbpedia.org/resource/Algirdas_Julien_Greimas>	Algirdas Julien Greimas	0.3709075082587441	5	5	10	3	1	0	0	0	0	0	0	0	[]	False	False	False	True	Algirdas Julien Greimas	0	0	Algirdas Julien Greimas|Greimas			1318
<http://dbpedia.org/resource/Ali>	Ali	0.4475	1	0	1	0	0	0	0	0	0	0	0	0	[]	False	False	False	True	Ali	0	0				1319
<http://dbpedia.org/resource/Ali_Asghar_Mosleh>	Ali Asghar Mosleh	0.3536186459920807	0	5	5	0	0	0	0	0	0	0	0	0	[]	False	False	False	True	Ali Asghar Mosleh	0	0	Ali Asghar Mosleh|Mosleh			1320
<http://dbpedia.org/resource/Ali_Ramitani>	Ali Ramitani	0.385875	1	1	2	0	0	0	0	0	0	0	0	0	[]	False	False	False	True	Ali Ramitani	0	0	Ali Ramitani|Ramitani			1321
<http://dbpedia.org/resource/Alice_Blanche_Balfour>	Alice Blanche Balfour	0.2775	0	1	1	0	0	0	0	0	0	0	0	0	[]	False	False	False	True	Alice Blanche Balfour	0	0	Alice Blanche Balfour|Balfour			1322
<http://dbpedia.org/resource/Alice_Miller_(psychologist)>	Alice Miller (psychologist)	0.405	0	2	2	0	4	0	0	0	0	0	0	0	[]	False	False	False	True	Alice Miller	0	0	Alice Miller			1323
<http://dbpedia.org/resource/Alice_Stewart__Alice_Stewart__1>	Alice Stewart  Alice Stewart  1	0.405	0	2	2	0	2	0	0	0	0	0	0	0	[]	False	False	False	True	Alice Stewart	0	0	Alice Stewart|Stewart			1324
<http://dbpedia.org/resource/Alicja_Gescinska>	Alicja Gescinska	0.3436132989935183	0	3	3	0	0	0	0	0	0	0	0	0	[]	False	False	False	True	Alicja Gescinska	0	0	Alicja Gescinska|Gescinska			1325
<http://dbpedia.org/resource/Allan_Sandage>	Allan Sandage	0.3470937500000001	0	2	2	2	1	0	0	0	0	0	0	0	[]	False	False	False	True	Allan Sandage	0	0	Allan Sandage|Sandage			1326
<http://dbpedia.org/resource/Allan_Schnaiberg>	Allan Schnaiberg	0.3125072240826795	0	3	3	2	0	0	0	0	0	0	0	0	[]	False	False	False	True	Allan Schnaiberg	0	0	Allan Schnaiberg|Schnaiberg			1327
<http://dbpedia.org/resource/Allan_Wilson_(biologist)>	Allan Wilson (biologist)	0.3406602846943181	0	1	1	3	2	0	0	0	0	0	0	0	[]	False	False	False	True	Allan Wilson	0	0	Allan Wilson			1328
<http://dbpedia.org/resource/Allen_Ginsberg>	Allen Ginsberg	0.3832191473316185	0	2	2	0	0	0	0	0	0	0	0	0	[]	False	False	False	True	Allen Ginsberg	0	0	Allen Ginsberg|Ginsberg			1329
<http://dbpedia.org/resource/Alojz_Rebula>	Alojz Rebula	0.2854655959658487	0	1	1	0	0	0	0	0	0	0	0	0	[]	False	False	False	True	Alojz Rebula	0	0	Alojz Rebula|Rebula			1330
<http://dbpedia.org/resource/Alon_Friedman>	Alon Friedman	0.2775	0	0	0	1	2	0	0	0	0	0	0	0	[]	False	False	False	True	Alon Friedman	0	0	Alon Friedman			1331
<http://dbpedia.org/resource/Alton_L._Becker>	Alton L. Becker	0.2775	0	0	0	1	5	0	0	0	0	0	0	0	[]	False	False	False	True	Alton L. Becker	0	0	Alton L. Becker			1332
<http://dbpedia.org/resource/Álvaro_Alsogaray>	Álvaro Alsogaray	0.3064964855147427	0	1	1	2	0	0	0	0	0	0	0	0	[]	False	False	False	True	Alvaro Alsogaray	0	0	Alvaro Alsogaray|Alsogaray			1333
<http://dbpedia.org/resource/Amelia_Earhart>	Amelia Earhart	0.5325000000000001	0	0	0	0	1	0	0	0	0	0	0	0	[]	False	False	False	True	Amelia Earhart	0	0	Amelia Earhart|Earhart			1334
<http://dbpedia.org/resource/Amina_Mama>	Amina Mama	1.3890540926775852	0	20	20	0	0	0	0	0	0	0	0	0	[]	False	False	False	True	Amina Mama	0	0	Amina Mama|Mama			1335
<http://dbpedia.org/resource/Amir_Kulal>	Amir Kulal	0.5562946875	0	1	1	0	0	0	0	0	0	0	0	0	[]	False	False	False	True	Amir Kulal	0	0	Amir Kulal|Kulal			1336
<http://dbpedia.org/resource/Amir_Parviz_Pooyan>	Amir Parviz Pooyan	0.2934351696466095	0	1	1	0	0	0	0	0	0	0	0	0	[]	False	False	False	True	Amir Parviz Pooyan	0	0	Amir Parviz Pooyan|Pooyan			1337
<http://dbpedia.org/resource/Amit_Chakrabarti>	Amit Chakrabarti	20.08805117289892	0	0	0	2	2	0	0	0	0	0	0	0	[]	False	False	False	True	Amit Chakrabarti	0	0	Amit Chakrabarti|Chakrabarti			1338
<http://dbpedia.org/resource/Amnon_Albeck>	Amnon Albeck	0.34125	0	0	0	2	4	0	0	0	0	0	0	0	[]	False	False	False	True	Amnon Albeck	0	0	Amnon Albeck|Albeck			1339
<http://dbpedia.org/resource/Ana_Achúcarro>	Ana Achúcarro	0.2775	0	0	0	2	2	0	0	0	0	0	0	0	[]	False	False	False	True	Ana Achucarro	0	0	Ana Achucarro|Achucarro			1340
<http://dbpedia.org/resource/Anania_Shirakatsi>	Anania Shirakatsi	0.405	2	3	5	0	0	0	0	0	0	0	0	0	[]	False	False	False	True	Anania Shirakatsi	0	0	Anania Shirakatsi|Shirakatsi			1341
<http://dbpedia.org/resource/Anastasios_Christomanos>	Anastasios Christomanos	0.3820002325979144	0	1	1	3	0	0	0	0	0	0	0	0	[]	False	False	False	True	Anastasios Christomanos	0	0	Anastasios Christomanos|Christomanos			1342
<http://dbpedia.org/resource/Anatol_Zhabotinsky>	Anatol Zhabotinsky	0.4591875	0	1	1	0	1	0	0	0	0	0	0	0	[]	False	False	False	True	Anatol Zhabotinsky	0	0	Anatol Zhabotinsky|Zhabotinsky			1343
<http://dbpedia.org/resource/Anders_Chydenius>	Anders Chydenius	0.2908076769952871	2	2	4	0	0	0	0	0	0	0	0	0	[]	False	False	False	True	Anders Chydenius	0	0	Anders Chydenius|Chydenius			1344
<http://dbpedia.org/resource/Andor_Kertész_(mathematician)>	Andor Kertész (mathematician)	0.2775	3	1	4	1	5	0	0	0	0	0	0	0	[]	False	False	False	True	Andor Kertesz	0	0	Andor Kertesz|Kertesz			1345
<http://dbpedia.org/resource/András_Rosztóczy>	András Rosztóczy	0.2775	0	1	1	1	1	0	0	0	0	0	0	0	[]	False	False	False	True	Andras Rosztoczy	0	0	Andras Rosztoczy			1346
<http://dbpedia.org/resource/André_Chantemesse>	André Chantemesse	0.3390991550235654	0	3	3	0	1	0	0	0	0	0	0	0	[]	False	False	False	True	Andre Chantemesse	0	0	Andre Chantemesse|Chantemesse			1347
<http://dbpedia.org/resource/André_Choulika>	André Choulika	0.36675	0	0	0	4	1	0	0	0	0	0	0	0	[]	False	False	False	True	Andre Choulika	0	0	Andre Choulika|Choulika			1348
<http://dbpedia.org/resource/André_Guinier>	André Guinier	0.2775	0	0	0	1	5	0	0	0	0	0	0	0	[]	False	False	False	True	Andre Guinier	0	0	Andre Guinier|Guinier			1349
<http://dbpedia.org/resource/Andre_Vincent>	Andre Vincent	0.2775	0	1	1	0	0	0	0	0	0	0	0	0	[]	False	False	False	True	Andre Vincent	0	0	Andre Vincent|Vincent			1350
<http://dbpedia.org/resource/Andreas_Dräger>	Andreas Dräger	0.8238906250000001	3	0	3	1	2	0	0	0	0	0	0	0	[]	False	False	False	True	Andreas Drager	0	0	Andreas Drager|Drager			1351
<http://dbpedia.org/resource/Andreas_Floer>	Andreas Floer	0.3155479627642305	0	0	0	1	1	0	0	0	0	0	0	0	[]	False	False	False	True	Andreas Floer	0	0	Andreas Floer|Floer			1352
<http://dbpedia.org/resource/Andres_Jaramillo-Botero>	Andres Jaramillo-Botero	0.2775	0	0	0	0	3	0	0	0	0	0	0	0	[]	False	False	False	True	Andres Jaramillo-Botero	0	0	Andres Jaramillo-Botero|Jaramillo-Botero			1353
<http://dbpedia.org/resource/Andrés_Manuel_del_Río>	Andrés Manuel del Río	0.4670707627232143	0	4	4	1	1	0	0	0	0	0	0	0	[]	False	False	False	True	Andres Manuel del Rio	0	0	Andres Manuel del Rio			1354
<http://dbpedia.org/resource/Andrew_B._Lippman>	Andrew B. Lippman	0.2775	0	0	0	2	1	0	0	0	0	0	0	0	[]	False	False	False	True	Andrew B. Lippman	0	0	Andrew B. Lippman|Lippman			1355
<http://dbpedia.org/resource/Andrew_Carstairs-McCarthy>	Andrew Carstairs-McCarthy	0.6440884106120331	0	0	0	1	1	0	0	0	0	0	0	0	[]	False	False	False	True	Andrew Carstairs-McCarthy	0	0	Andrew Carstairs-McCarthy|Carstairs-McCarthy			1356
<http://dbpedia.org/resource/Andrew_G._White>	Andrew G. White	0.2775	0	1	1	2	1	0	0	0	0	0	0	0	[]	False	False	False	True	Andrew G. White	0	0	Andrew G. White			1357
<http://dbpedia.org/resource/Andrew_H._Van_de_Ven>	Andrew H. Van de Ven	0.2775	0	0	0	2	1	0	0	0	0	0	0	0	[]	False	False	False	True	Andrew H. Van de Ven	0	0	Andrew H. Van de Ven			1358
<http://dbpedia.org/resource/Andrew_Henry_(fur_trader)>	Andrew Henry (fur trader)	0.2775	0	0	0	0	2	0	0	0	0	0	0	0	[]	False	False	False	True	Andrew Henry	0	0	Andrew Henry			1359
<http://dbpedia.org/resource/Andrew_J._Hanson>	Andrew J. Hanson	0.2868211598821788	0	0	0	2	1	0	0	0	0	0	0	0	[]	False	False	False	True	Andrew J. Hanson	0	0	Andrew J. Hanson|Hanson			1360
<http://dbpedia.org/resource/Andrew_Lawrence_(astronomer)>	Andrew Lawrence (astronomer)	0.2775	0	0	0	0	1	0	0	0	0	0	0	0	[]	False	False	False	True	Andrew Lawrence	0	0	Andrew Lawrence			1361
<http://dbpedia.org/resource/Andrew_McCallum>	Andrew McCallum	0.2775	0	0	0	2	1	0	0	0	0	0	0	0	[]	False	False	False	True	Andrew McCallum	0	0	Andrew McCallum			1362
<http://dbpedia.org/resource/Andrew_N._Schofield>	Andrew N. Schofield	0.65575	1	4	5	1	1	0	0	0	0	0	0	0	[]	False	False	False	True	Andrew N. Schofield	0	0	Andrew N. Schofield|Schofield			1363
<http://dbpedia.org/resource/Andrew_Orr-Ewing>	Andrew Orr-Ewing	0.2987438196614085	0	1	1	1	0	0	0	0	0	0	0	0	[]	False	False	False	True	Andrew Orr-Ewing	0	0	Andrew Orr-Ewing|Orr-Ewing			1364
<http://dbpedia.org/resource/Andrew_Pickles>	Andrew Pickles	0.4475	0	3	3	0	0	0	0	0	0	0	0	0	[]	False	False	False	True	Andrew Pickles	0	0	Andrew Pickles|Pickles			1365
<http://dbpedia.org/resource/Andrew_Radford_(linguist)>	Andrew Radford (linguist)	0.312650836756371	0	1	1	1	3	0	0	0	0	0	0	0	[]	False	False	False	True	Andrew Radford	0	0	Andrew Radford|Radford			1366
<http://dbpedia.org/resource/Andrew_Sherratt>	Andrew Sherratt	0.5723881387515828	0	2	2	1	0	0	0	0	0	0	0	0	[]	False	False	False	True	Andrew Sherratt	0	0	Andrew Sherratt|Sherratt			1367
<http://dbpedia.org/resource/Andrew_deMello>	Andrew deMello	0.2775	0	0	0	1	3	0	0	0	0	0	0	0	[]	False	False	False	True	Andrew deMello	0	0	Andrew deMello|deMello			1368
<http://dbpedia.org/resource/Andrey_Yershov>	Andrey Yershov	0.2831831771387049	0	0	0	1	4	0	0	0	0	0	0	0	[]	False	False	False	True	Andrey Yershov	0	0	Andrey Yershov|Yershov			1369
<http://dbpedia.org/resource/Andrzej_Frycz_Modrzewski>	Andrzej Frycz Modrzewski	0.8535956134935753	3	6	9	0	0	0	0	0	0	0	0	0	[]	False	False	False	True	Andrzej Frycz Modrzewski	0	0	Andrzej Frycz Modrzewski|Modrzewski			1370
<http://dbpedia.org/resource/Andrzej_Grzegorczyk>	Andrzej Grzegorczyk	1.7806018470346672	2	20	22	2	13	0	0	0	0	0	0	0	[]	False	False	False	True	Andrzej Grzegorczyk	0	0	Andrzej Grzegorczyk|Grzegorczyk			1371
<http://dbpedia.org/resource/Andrzej_Nowicki_(philosopher)>	Andrzej Nowicki (philosopher)	0.400737005749528	0	1	1	0	0	0	0	0	0	0	0	0	[]	False	False	False	True	Andrzej Nowicki	0	0	Andrzej Nowicki|Nowicki			1372
<http://dbpedia.org/resource/Andrzej_Piotr_Ruszczyński>	Andrzej Piotr Ruszczyński	0.2940483984012476	1	3	4	1	2	0	0	0	0	0	0	0	[]	False	False	False	True	Andrzej Piotr Ruszczynski	0	0	Andrzej Piotr Ruszczynski|Ruszczynski			1373
<http://dbpedia.org/resource/Andy_Harter>	Andy Harter	0.287500504864728	0	0	0	1	1	0	0	0	0	0	0	0	[]	False	False	False	True	Andy Harter	0	0	Andy Harter|Harter			1374
<http://dbpedia.org/resource/Angela_Little_(academic)>	Angela Little (academic)	0.3988637544859638	0	4	4	4	0	0	0	0	0	0	0	0	[]	False	False	False	True	Angela Little	0	0	Angela Little|Little			1375
<http://dbpedia.org/resource/Angelica_Stacy>	Angelica Stacy	0.2775	0	0	0	3	3	0	0	0	0	0	0	0	[]	False	False	False	True	Angelica Stacy	0	0	Angelica Stacy|Stacy			1376
<http://dbpedia.org/resource/Anil_Kumar_Das>	Anil Kumar Das	0.4386964285714286	0	0	0	4	1	0	0	0	0	0	0	0	[]	False	False	False	True	Anil Kumar Das	0	0	Anil Kumar Das			1377
<http://dbpedia.org/resource/Anis_Ahmad>	Anis Ahmad	0.4591875	1	2	3	2	0	0	0	0	0	0	0	0	[Comparative religion, Fiqh, Modern Islamic Movements]	False	False	False	True	Anis Ahmad	0	0	Anis Ahmad			1378
<http://dbpedia.org/resource/Anita_Mahadevan-Jansen>	Anita Mahadevan-Jansen	0.3182581003414164	0	0	0	2	2	0	0	0	0	0	0	0	[]	False	False	False	True	Anita Mahadevan-Jansen	0	0	Anita Mahadevan-Jansen|Mahadevan-Jansen			1379
<http://dbpedia.org/resource/Ann_E._Wehrle>	Ann E. Wehrle	0.2775	0	1	1	2	0	0	0	0	0	0	0	0	[]	False	False	False	True	Ann E. Wehrle	0	0	Ann E. Wehrle|Wehrle			1380
<http://dbpedia.org/resource/Anne_Dambricourt-Malassé>	Anne Dambricourt-Malassé	0.3209313105767684	0	2	2	1	0	0	0	0	0	0	0	0	[]	False	False	False	True	Anne Dambricourt-Malasse	0	0	Anne Dambricourt-Malasse|Dambricourt-Malasse			1381
<http://dbpedia.org/resource/Anne_Greenbaum>	Anne Greenbaum	0.35342191312239	0	0	0	2	1	0	0	0	0	0	0	0	[]	False	False	False	True	Anne Greenbaum	0	0	Anne Greenbaum|Greenbaum			1382
<http://dbpedia.org/resource/Anne_Stone_(academic)>	Anne Stone (academic)	0.3155281505915794	0	0	0	2	1	0	0	0	0	0	0	0	[]	False	False	False	True	Anne Stone	0	0	Anne Stone			1383
<http://dbpedia.org/resource/Annette_Markham>	Annette Markham	0.7444785605764299	0	3	3	3	2	0	0	0	0	0	0	0	[]	False	False	False	True	Annette Markham	0	0	Annette Markham|Markham			1384
<http://dbpedia.org/resource/Annie_Jump_Cannon>	Annie Jump Cannon	0.6618889657700667	1	2	3	3	1	0	0	0	0	0	0	0	[]	False	False	False	True	Annie Jump Cannon	0	0	Annie Jump Cannon|Cannon			1385
<http://dbpedia.org/resource/Annie_Massy>	Annie Massy	0.5507142857142857	0	4	4	0	0	0	0	0	0	0	0	0	[]	False	False	False	True	Annie Massy	0	0	Annie Massy|Massy			1386
<http://dbpedia.org/resource/Annie_Montague_Alexander>	Annie Montague Alexander	0.2775	0	1	1	0	2	0	0	0	0	0	0	0	[]	False	False	False	True	Annie Montague Alexander	0	0	Annie Montague Alexander			1387
<http://dbpedia.org/resource/Anselme_Gaëtan_Desmarest>	Anselme Gaëtan Desmarest	0.2935839114714521	0	2	2	0	0	0	0	0	0	0	0	0	[]	False	False	False	True	Anselme Gaetan Desmarest	0	0	Anselme Gaetan Desmarest|Desmarest			1388
<http://dbpedia.org/resource/Anthony_Ashley-Cooper,_3rd_Earl_of_Shaftesbury>	Anthony Ashley-Cooper, 3rd Earl of Shaftesbury	0.455946763183333	2	3	5	0	0	0	0	0	0	0	0	0	[]	False	False	False	True	Anthony Ashley-Cooper, 3rd Earl of Shaftesbury	0	0	Anthony Ashley-Cooper, 3rd Earl of Shaftesbury|Shaftesbury			1389
<http://dbpedia.org/resource/Anthony_B._Pinn>	Anthony B. Pinn	0.558	0	4	4	2	2	0	0	0	0	0	0	0	[]	False	False	False	True	Anthony B. Pinn	0	0	Anthony B. Pinn|Pinn			1390
<http://dbpedia.org/resource/Anthony_Crosland>	Anthony Crosland	0.3228469357601409	0	1	1	1	0	0	0	0	0	0	0	0	[]	False	False	False	True	Anthony Crosland	0	0	Anthony Crosland|Crosland			1391
<http://dbpedia.org/resource/Anthony_Finkelstein>	Anthony Finkelstein	0.2775	0	0	0	3	1	0	0	0	0	0	0	0	[]	False	False	False	True	Anthony Finkelstein	0	0	Anthony Finkelstein|Finkelstein			1392
<http://dbpedia.org/resource/Anthony_James_Leggett>	Anthony James Leggett	0.285619981155984	0	0	0	1	4	0	0	0	0	0	0	0	[]	False	False	False	True	Anthony James Leggett	0	0	Anthony James Leggett|Leggett			1393
<http://dbpedia.org/resource/Anthony_Weston>	Anthony Weston	0.2940369695530427	0	3	3	0	0	0	0	0	0	0	0	0	[]	False	False	False	True	Anthony Weston	0	0	Anthony Weston|Weston			1394
<http://dbpedia.org/resource/Antoine_Augustin_Cournot>	Antoine Augustin Cournot	0.2775	2	1	3	1	2	0	0	0	0	0	0	0	[]	False	False	False	True	Antoine Augustin Cournot	0	0	Antoine Augustin Cournot|Cournot			1395
<http://dbpedia.org/resource/Antoine_Laurent_de_Jussieu>	Antoine Laurent de Jussieu	0.568625	3	3	6	0	1	0	0	0	0	0	0	0	[]	False	False	False	True	Antoine Laurent de Jussieu	0	0	Antoine Laurent de Jussieu|Jussieu			1396
<http://dbpedia.org/resource/Antoine_Meillet>	Antoine Meillet	0.4094817915886811	9	3	12	0	0	0	0	0	0	0	0	0	[]	False	False	False	True	Antoine Meillet	0	0	Antoine Meillet|Meillet			1397
<http://dbpedia.org/resource/Anton_Dohrn>	Anton Dohrn	0.436098870308897	2	2	4	0	0	0	0	0	0	0	0	0	[]	False	False	False	True	Anton Dohrn	0	0	Anton Dohrn|Dohrn			1398
<http://dbpedia.org/resource/Anton_Friedrich_Koch>	Anton Friedrich Koch	0.3206188739302798	0	1	1	0	0	0	0	0	0	0	0	0	[]	False	False	False	True	Anton Friedrich Koch	0	0	Anton Friedrich Koch			1399
<http://dbpedia.org/resource/Antoni_Andrzejowski>	Antoni Andrzejowski	0.2775	0	0	0	0	2	0	0	0	0	0	0	0	[]	False	False	False	True	Antoni Andrzejowski	0	0	Antoni Andrzejowski|Andrzejowski			1400
<http://dbpedia.org/resource/Antoni_Kępiński>	Antoni Kępiński	0.3106752330194391	2	3	5	2	2	0	0	0	0	0	0	0	[]	False	False	False	True	Antoni Kepinski	0	0	Antoni Kepinski|Kepinski			1401
<http://dbpedia.org/resource/Antonina_Roll-Mecak>	Antonina Roll-Mecak	0.46875	0	1	1	2	0	0	0	0	0	0	0	0	[]	False	False	False	True	Antonina Roll-Mecak	0	0	Antonina Roll-Mecak|Roll-Mecak			1402
<http://dbpedia.org/resource/Antonio_Bermejo>	Antonio Bermejo	0.3064964855147427	0	1	1	0	0	0	0	0	0	0	0	0	[]	False	False	False	True	Antonio Bermejo	0	0	Antonio Bermejo|Bermejo			1403
<http://dbpedia.org/resource/Antonio_Diego_Voci>	Antonio Diego Voci	0.9612404689154856	0	0	0	0	0	1	0	0	0	0	0	0	[]	False	False	False	True	Antonio Diego Voci	0	0	Antonio Diego Voci|Voci			1404
<http://dbpedia.org/resource/Antonio_Escohotado>	Antonio Escohotado	0.3754681099903904	0	7	7	0	0	0	0	0	0	0	0	0	[]	False	False	False	True	Antonio Escohotado	0	0	Antonio Escohotado|Escohotado			1405
<http://dbpedia.org/resource/Antonio_José_Cavanilles>	Antonio José Cavanilles	0.412001720703125	1	1	2	0	2	0	0	0	0	0	0	0	[]	False	False	False	True	Antonio Jose Cavanilles	0	0	Antonio Jose Cavanilles|Cavanilles			1406
<http://dbpedia.org/resource/Antonio_Maria_Valsalva>	Antonio Maria Valsalva	0.2891284044993274	0	0	0	0	1	0	0	0	0	0	0	0	[]	False	False	False	True	Antonio Maria Valsalva	0	0	Antonio Maria Valsalva|Valsalva			1407
<http://dbpedia.org/resource/Antonio_Musa_Brassavola>	Antonio Musa Brassavola	0.3871082203187837	0	1	1	1	0	0	0	0	0	0	0	0	[]	False	False	False	True	Antonio Musa Brassavola	0	0	Antonio Musa Brassavola|Brassavola			1408
<http://dbpedia.org/resource/Antonio_Signorini_(physicist)>	Antonio Signorini (physicist)	0.3149477903019558	0	0	0	2	2	0	0	0	0	0	0	0	[]	False	False	False	True	Antonio Signorini	0	0	Antonio Signorini|Signorini			1409
<http://dbpedia.org/resource/Anupam_Saraph>	Anupam Saraph	0.4901881064700036	3	5	8	0	0	0	0	0	0	0	0	0	[]	False	False	False	True	Anupam Saraph	0	0	Anupam Saraph|Saraph			1410
<http://dbpedia.org/resource/Arai_Hakuseki>	Arai Hakuseki	0.2841658551404626	0	1	1	0	0	0	0	0	0	0	0	0	[]	False	False	False	True	Arai Hakuseki	0	0	Arai Hakuseki|Hakuseki			1411
<http://dbpedia.org/resource/Aram_Ter-Ghevondyan>	Aram Ter-Ghevondyan	0.34125	0	2	2	1	0	0	0	0	0	0	0	0	[]	False	False	False	True	Aram Ter-Ghevondyan	0	0	Aram Ter-Ghevondyan|Ter-Ghevondyan			1412
<http://dbpedia.org/resource/Archibald_Donald>	Archibald Donald	0.2775	1	1	2	0	0	0	0	0	0	0	0	0	[]	False	False	False	True	Archibald Donald	0	0	Archibald Donald			1413
<http://dbpedia.org/resource/Archibald_Knox_(designer)>	Archibald Knox (designer)	0.313625	1	1	2	0	0	0	0	0	0	0	0	0	[Design]	False	False	False	True	Archibald Knox	0	0	Archibald Knox|Knox			1414
<http://dbpedia.org/resource/Archie_Roy>	Archie Roy	0.2775	0	1	1	2	1	0	0	0	0	0	0	0	[]	False	False	False	True	Archie Roy	0	0	Archie Roy			1415
<http://dbpedia.org/resource/Ariel_Fernandez>	Ariel Fernandez	0.3067408316638288	0	0	0	0	1	0	0	0	0	0	0	0	[]	False	False	False	True	Ariel Fernandez	0	0	Ariel Fernandez|Fernandez			1416
<http://dbpedia.org/resource/Arif_Zaman>	Arif Zaman	0.3038939069630293	0	0	0	3	2	0	0	0	0	0	0	0	[]	False	False	False	True	Arif Zaman	0	0	Arif Zaman|Zaman			1417
<http://dbpedia.org/resource/Aristides_Leão>	Aristides Leão	0.6835090297749125	0	3	3	2	1	0	0	0	0	0	0	0	[]	False	False	False	True	Aristides Leao	0	0	Aristides Leao|Leao			1418
<http://dbpedia.org/resource/Armand_Mijares>	Armand Mijares	0.2775	0	0	0	3	1	0	0	0	0	0	0	0	[]	False	False	False	True	Armand Mijares	0	0	Armand Mijares|Mijares			1419
<http://dbpedia.org/resource/Arnoldus_Clapmarius>	Arnoldus Clapmarius	0.2781117227011428	0	1	1	0	0	0	0	0	0	0	0	0	[]	False	False	False	True	Arnoldus Clapmarius	0	0	Arnoldus Clapmarius|Clapmarius			1420
<http://dbpedia.org/resource/Arnt_Eliassen>	Arnt Eliassen	0.2782750063289299	0	1	1	0	0	0	0	0	0	0	0	0	[]	False	False	False	True	Arnt Eliassen	0	0	Arnt Eliassen|Eliassen			1421
<http://dbpedia.org/resource/Arseny_Sokolov>	Arseny Sokolov	0.2916666666666667	0	0	0	1	2	0	0	0	0	0	0	0	[]	False	False	False	True	Arseny Sokolov	0	0	Arseny Sokolov|Sokolov			1422
<http://dbpedia.org/resource/Arthur_A._Cohen>	Arthur A. Cohen	0.4403473433960123	1	5	6	0	0	0	0	0	0	0	0	0	[]	False	False	False	True	Arthur A. Cohen	0	0	Arthur A. Cohen			1423
<http://dbpedia.org/resource/Arthur_Batelle_Whiting>	Arthur Batelle Whiting	0.66	0	2	2	1	0	0	0	0	0	0	0	0	[]	False	False	False	True	Arthur Batelle Whiting	0	0	Arthur Batelle Whiting|Whiting			1424
<http://dbpedia.org/resource/Arthur_Drews>	Arthur Drews	0.4047127507086626	0	5	5	0	0	0	0	0	0	0	0	0	[]	False	False	False	True	Arthur Drews	0	0	Arthur Drews|Drews			1425
<http://dbpedia.org/resource/Arthur_Erskine_Ellis>	Arthur Erskine Ellis	0.405	0	2	2	1	0	0	0	0	0	0	0	0	[]	False	False	False	True	Arthur Erskine Ellis	0	0	Arthur Erskine Ellis|Ellis			1426
<http://dbpedia.org/resource/Arthur_Evans>	Arthur Evans	0.6504375000000002	4	5	9	1	2	0	0	0	0	0	0	0	[]	False	False	False	True	Arthur Evans	0	0	Arthur Evans			1427
<http://dbpedia.org/resource/Arthur_Griffith>	Arthur Griffith	0.324675	0	1	1	0	0	0	0	0	0	0	0	0	[]	False	False	False	True	Arthur Griffith	0	0	Arthur Griffith|Griffith			1428
<http://dbpedia.org/resource/Arthur_Holmes>	Arthur Holmes	0.310278125	0	2	2	1	0	0	0	0	0	0	0	0	[]	False	False	False	True	Arthur Holmes	0	0	Arthur Holmes|Holmes			1429
<http://dbpedia.org/resource/Arthur_Jensen>	Arthur Jensen	0.3266995806789949	0	2	2	3	3	0	0	0	0	0	0	0	[]	False	False	False	True	Arthur Jensen	0	0	Arthur Jensen|Jensen			1430
<http://dbpedia.org/resource/Arthur_Seldon>	Arthur Seldon	0.4127884299375332	2	4	6	0	0	0	0	0	0	0	0	0	[]	False	False	False	True	Arthur Seldon	0	0	Arthur Seldon|Seldon			1431
<http://dbpedia.org/resource/Arthur_T._Benjamin>	Arthur T. Benjamin	0.2775	0	0	0	0	1	0	0	0	0	0	0	0	[]	False	False	False	True	Arthur T. Benjamin	0	0	Arthur T. Benjamin			1432
<http://dbpedia.org/resource/Arthur_T._Ippen>	Arthur T. Ippen	0.2819493863467263	0	0	0	3	1	0	0	0	0	0	0	0	[]	False	False	False	True	Arthur T. Ippen	0	0	Arthur T. Ippen|Ippen			1433
<http://dbpedia.org/resource/Arthur_von_Oettingen>	Arthur von Oettingen	0.3179971615390065	0	0	0	0	1	0	0	0	0	0	0	0	[]	False	False	False	True	Arthur von Oettingen	0	0	Arthur von Oettingen|Oettingen			1434
<http://dbpedia.org/resource/Ashk_Dahlén>	Ashk Dahlén	0.4262500000000001	0	3	3	2	0	0	0	0	0	0	0	0	[]	False	False	False	True	Ashk Dahlen	0	0	Ashk Dahlen|Dahlen			1435
<http://dbpedia.org/resource/Ashley_Dawson>	Ashley Dawson	1.4262979667106652	0	14	14	1	0	0	0	0	0	0	0	0	[]	False	False	False	True	Ashley Dawson	0	0	Ashley Dawson			1436
<http://dbpedia.org/resource/Ashraf_Dehghani>	Ashraf Dehghani	0.2934351696466095	0	1	1	0	0	0	0	0	0	0	0	0	[]	False	False	False	True	Ashraf Dehghani	0	0	Ashraf Dehghani|Dehghani			1437
<http://dbpedia.org/resource/Asim_Mujkić>	Asim Mujkić	0.3018581896775476	0	8	8	0	0	0	0	0	0	0	0	0	[]	False	False	False	True	Asim Mujkic	0	0	Asim Mujkic|Mujkic			1438
<http://dbpedia.org/resource/Attila_Szabo_(scientist)>	Attila Szabo (scientist)	0.3993258507711535	5	1	6	2	0	0	0	0	0	0	0	0	[]	False	False	False	True	Attila Szabo	0	0	Attila Szabo			1439
<http://dbpedia.org/resource/Attilio_Celant>	Attilio Celant	0.4118425132438768	0	7	7	1	0	0	0	0	0	0	0	0	[Development economics, Development geography, Sahel, Tertiary sector of the economy, Tourism]	False	False	False	True	Attilio Celant	0	0	Attilio Celant|Celant			1440
<http://dbpedia.org/resource/Atul_Butte>	Atul Butte	0.2775	0	0	0	2	1	0	0	0	0	0	0	0	[]	False	False	False	True	Atul Butte	0	0	Atul Butte|Butte			1441
<http://dbpedia.org/resource/Audrey_Butt_Colson>	Audrey Butt Colson	0.2775	1	1	2	1	0	0	0	0	0	0	0	0	[]	False	False	False	True	Audrey Butt Colson	0	0	Audrey Butt Colson			1442
<http://dbpedia.org/resource/August_Bier>	August Bier	0.6006259044048247	0	6	6	0	2	0	0	0	0	0	0	0	[]	False	False	False	True	August Bier	0	0	August Bier|Bier			1443
<http://dbpedia.org/resource/August_Bournonville>	August Bournonville	0.2775	0	0	0	0	1	0	0	0	0	0	0	0	[]	False	False	False	True	August Bournonville	0	0	August Bournonville|Bournonville			1444
<http://dbpedia.org/resource/August_Cieszkowski>	August Cieszkowski	0.5095342349790212	8	5	13	0	0	0	0	0	0	0	0	0	[]	False	False	False	True	August Cieszkowski	0	0	August Cieszkowski|Cieszkowski			1445
<http://dbpedia.org/resource/August_Freund>	August Freund	0.2775	0	0	0	1	1	0	0	0	0	0	0	0	[]	False	False	False	True	August Freund	0	0	August Freund			1446
<http://dbpedia.org/resource/August_Köhler>	August Köhler	1.7724809378309714	0	0	0	0	1	0	0	0	0	0	0	0	[]	False	False	False	True	August Kohler	0	0	August Kohler			1447
<http://dbpedia.org/resource/August_Krogh>	August Krogh	0.405	3	2	5	0	1	0	0	0	0	0	0	0	[]	False	False	False	True	August Krogh	0	0	August Krogh|Krogh			1448
<http://dbpedia.org/resource/August_Kundt>	August Kundt	0.3509537894787199	1	2	3	1	2	0	0	0	0	0	0	0	[]	False	False	False	True	August Kundt	0	0	August Kundt|Kundt			1449
<http://dbpedia.org/resource/August_Leskien>	August Leskien	0.3128753094318119	9	1	10	0	0	0	0	0	0	0	0	0	[]	False	False	False	True	August Leskien	0	0	August Leskien|Leskien			1450
<http://dbpedia.org/resource/August_Ludwig_Hülsen>	August Ludwig Hülsen	0.329882257310714	0	5	5	0	0	0	0	0	0	0	0	0	[]	False	False	False	True	August Ludwig Hulsen	0	0	August Ludwig Hulsen|Hulsen			1451
<http://dbpedia.org/resource/August_Wöhler>	August Wöhler	0.2775	0	0	0	0	2	0	0	0	0	0	0	0	[]	False	False	False	True	August Wohler	0	0	August Wohler			1452
<http://dbpedia.org/resource/Augustin_Pyramus_de_Candolle>	Augustin Pyramus de Candolle	0.6198989196666853	4	3	7	0	1	0	0	0	0	0	0	0	[]	False	False	False	True	Augustin Pyramus de Candolle	0	0	Augustin Pyramus de Candolle|Candolle			1453
<http://dbpedia.org/resource/Augusto_Ponzio>	Augusto Ponzio	0.8225106431406124	1	10	11	0	0	0	0	0	0	0	0	0	[]	False	False	False	True	Augusto Ponzio	0	0	Augusto Ponzio|Ponzio			1454
<http://dbpedia.org/resource/Augustus_Matthiessen>	Augustus Matthiessen	0.3015939814075433	0	3	3	1	3	0	0	0	0	0	0	0	[]	False	False	False	True	Augustus Matthiessen	0	0	Augustus Matthiessen|Matthiessen			1455
<http://dbpedia.org/resource/Augustus_Voelcker>	Augustus Voelcker	0.3614705526416522	0	4	4	0	1	0	0	0	0	0	0	0	[]	False	False	False	True	Augustus Voelcker	0	0	Augustus Voelcker|Voelcker			1456
<http://dbpedia.org/resource/Augustyn_Wróblewski>	Augustyn Wróblewski	0.4251365707374436	0	1	1	0	0	0	0	0	0	0	0	0	[]	False	False	False	True	Augustyn Wroblewski	0	0	Augustyn Wroblewski|Wroblewski			1457
<http://dbpedia.org/resource/Avital_Ronell>	Avital Ronell	0.5185393084782585	0	12	12	0	0	0	0	0	0	0	0	0	[]	False	False	False	True	Avital Ronell	0	0	Avital Ronell|Ronell			1458
<http://dbpedia.org/resource/Avraham_Biran>	Avraham Biran	0.2775	0	0	0	1	2	0	0	0	0	0	0	0	[]	False	False	False	True	Avraham Biran	0	0	Avraham Biran			1459
<http://dbpedia.org/resource/Avraham_Trahtman>	Avraham Trahtman	0.2775	0	0	0	1	1	0	0	0	0	0	0	0	[]	False	False	False	True	Avraham Trahtman	0	0	Avraham Trahtman|Trahtman			1460
<http://dbpedia.org/resource/Aydın_Sayılı>	Aydın Sayılı	0.2997711057014406	0	1	1	1	0	0	0	0	0	0	0	0	[]	False	False	False	True	Aydın Sayılı	0	0	Aydın Sayılı|Sayılı			1461
<http://dbpedia.org/resource/Aykut_Barka>	Aykut Barka	21.161284456017093	0	0	0	1	1	0	0	0	0	0	0	0	[]	False	False	False	True	Aykut Barka	0	0	Aykut Barka|Barka			1462
<http://dbpedia.org/resource/B._E._Vijayam>	B. E. Vijayam	0.385875	0	1	1	5	0	0	0	0	0	0	0	0	[]	False	False	False	True	B. E. Vijayam	0	0	B. E. Vijayam|Vijayam			1463
<http://dbpedia.org/resource/B._R._Ambedkar>	B. R. Ambedkar	0.5651894046906697	3	2	5	5	0	0	0	0	0	0	0	1	[]	False	False	False	True	B. R. Ambedkar	0	0	B. R. Ambedkar|Ambedkar			1464
<http://dbpedia.org/resource/Ba_Jin>	Ba Jin	0.3063201170641439	0	1	1	0	0	0	0	0	0	0	0	0	[]	False	False	False	True	Ba Jin	0	0	Ba Jin			1465
<http://dbpedia.org/resource/Bakul_Harshadrai_Dholakia>	Bakul Harshadrai Dholakia	0.5664967033217914	3	3	6	1	0	0	0	0	0	0	0	0	[Competitive Strategy, Economic planning, Economic Policy, Managerial economics]	False	False	False	True	Bakul Harshadrai Dholakia	0	0	Bakul Harshadrai Dholakia|Dholakia			1466
<http://dbpedia.org/resource/Baltasar_Gracián>	Baltasar Gracián	1.5347820753379886	2	5	7	0	0	0	0	0	0	0	0	0	[]	False	False	False	True	Baltasar Gracian	0	0	Baltasar Gracian|Gracian			1467
<http://dbpedia.org/resource/Bang-Yen_Chen>	Bang-Yen Chen	0.6620965759404732	0	4	4	3	1	0	0	0	0	0	0	0	[]	False	False	False	True	Bang-Yen Chen	0	0	Bang-Yen Chen			1468
<http://dbpedia.org/resource/Barbara_E._Ehrlich>	Barbara E. Ehrlich	0.3023625000000001	0	1	1	2	0	0	0	0	0	0	0	0	[]	False	False	False	True	Barbara E. Ehrlich	0	0	Barbara E. Ehrlich|Ehrlich			1469
<http://dbpedia.org/resource/Barbara_Jacak>	Barbara Jacak	0.2775	0	0	0	2	1	0	0	0	0	0	0	0	[]	False	False	False	True	Barbara Jacak	0	0	Barbara Jacak|Jacak			1470
<http://dbpedia.org/resource/Barbara_Low_(psychoanalyst)__Barbara_Low__1>	Barbara Low (psychoanalyst)  Barbara Low  1	0.2775	0	1	1	1	2	0	0	0	0	0	0	0	[]	False	False	False	True	Barbara Low (psychoanalyst) Barbara Low	0	0	Barbara Low (psychoanalyst) Barbara Low			1471
<http://dbpedia.org/resource/Barbara_Migeon>	Barbara Migeon	0.303975375	0	2	2	2	0	0	0	0	0	0	0	0	[]	False	False	False	True	Barbara Migeon	0	0	Barbara Migeon|Migeon			1472
<http://dbpedia.org/resource/Barbara_Skarga>	Barbara Skarga	0.314910369140703	0	1	1	0	0	0	0	0	0	0	0	0	[]	False	False	False	True	Barbara Skarga	0	0	Barbara Skarga|Skarga			1473
<http://dbpedia.org/resource/Barnet_M._Levy>	Barnet M. Levy	0.2775	2	1	3	0	0	0	0	0	0	0	0	0	[]	False	False	False	True	Barnet M. Levy	0	0	Barnet M. Levy			1474
<http://dbpedia.org/resource/Baron_d'Holbach>	Baron d'Holbach	0.3357770418978147	22	4	26	0	0	0	0	0	0	0	0	0	[]	False	False	False	True	Baron d'Holbach	0	0	Baron d'Holbach|d'Holbach			1475
<http://dbpedia.org/resource/Barry_R._Bickmore>	Barry R. Bickmore	0.2775	0	0	0	1	1	0	0	0	0	0	0	0	[]	False	False	False	True	Barry R. Bickmore	0	0	Barry R. Bickmore|Bickmore			1476
<http://dbpedia.org/resource/Barry_Trost>	Barry Trost	0.2775	0	0	0	2	3	0	0	0	0	0	0	0	[]	False	False	False	True	Barry Trost	0	0	Barry Trost|Trost			1477
<http://dbpedia.org/resource/Bayazid_Bastami>	Bayazid Bastami	0.405	5	2	7	0	0	0	0	0	0	0	0	0	[]	False	False	False	True	Bayazid Bastami	0	0	Bayazid Bastami|Bastami			1478
<http://dbpedia.org/resource/Béla_Balassa>	Béla Balassa	0.373125	0	0	0	2	1	0	0	0	0	0	0	0	[]	False	False	False	True	Bela Balassa	0	0	Bela Balassa|Balassa			1479
<http://dbpedia.org/resource/Béla_Bollobás>	Béla Bollobás	0.3162973096751907	1	0	1	2	5	0	0	0	0	0	0	0	[]	False	False	False	True	Bela Bollobas	0	0	Bela Bollobas|Bollobas			1480
<http://dbpedia.org/resource/Bella_Subbotovskaya>	Bella Subbotovskaya	0.2995298697652454	0	0	0	2	1	0	0	0	0	0	0	0	[]	False	False	False	True	Bella Subbotovskaya	0	0	Bella Subbotovskaya|Subbotovskaya			1481
<http://dbpedia.org/resource/Benedykt_Dybowski>	Benedykt Dybowski	0.2775	0	0	0	1	1	0	0	0	0	0	0	0	[]	False	False	False	True	Benedykt Dybowski	0	0	Benedykt Dybowski|Dybowski			1482
<http://dbpedia.org/resource/Bengt_Strömgren>	Bengt Strömgren	0.3348183501831086	0	3	3	1	2	0	0	0	0	0	0	0	[]	False	False	False	True	Bengt Stromgren	0	0	Bengt Stromgren|Stromgren			1483
<http://dbpedia.org/resource/Benjamin_Drake_Wright>	Benjamin Drake Wright	0.3673555006579199	0	4	4	0	1	0	0	0	0	0	0	0	[]	False	False	False	True	Benjamin Drake Wright	0	0	Benjamin Drake Wright			1484
<http://dbpedia.org/resource/Benjamin_Galluzzo>	Benjamin Galluzzo	0.2775	0	0	0	1	1	0	0	0	0	0	0	0	[]	False	False	False	True	Benjamin Galluzzo	0	0	Benjamin Galluzzo|Galluzzo			1485
<http://dbpedia.org/resource/Benjamin_Graham>	Benjamin Graham	0.2775	9	0	9	1	0	0	0	0	0	0	0	0	[]	False	False	False	True	Benjamin Graham	0	0	Benjamin Graham|Graham			1486
<http://dbpedia.org/resource/Benjamin_Lincoln_Robinson>	Benjamin Lincoln Robinson	0.2775	1	0	1	1	0	0	0	0	0	0	0	0	[]	False	False	False	True	Benjamin Lincoln Robinson	0	0	Benjamin Lincoln Robinson			1487
<http://dbpedia.org/resource/Benjamin_List>	Benjamin List	0.3370492947880769	0	1	1	0	0	0	0	0	0	0	0	0	[]	False	False	False	True	Benjamin List	0	0	Benjamin List|List			1488
<http://dbpedia.org/resource/Benjamin_Shreve>	Benjamin Shreve	0.3276569613835939	0	2	2	0	1	0	0	0	0	0	0	0	[]	False	False	False	True	Benjamin Shreve	0	0	Benjamin Shreve|Shreve			1489
<http://dbpedia.org/resource/Benjamin_Simons>	Benjamin Simons	0.2775	0	0	0	1	1	0	0	0	0	0	0	0	[]	False	False	False	True	Benjamin Simons	0	0	Benjamin Simons|Simons			1490
<http://dbpedia.org/resource/Benjamin_Snyder>	Benjamin Snyder	1.700419354229524	0	0	0	0	1	0	0	0	0	0	0	0	[]	False	False	False	True	Benjamin Snyder	0	0	Benjamin Snyder			1491
<http://dbpedia.org/resource/Bennet_Murdock>	Bennet Murdock	0.2775	0	0	0	1	1	0	0	0	0	0	0	0	[]	False	False	False	True	Bennet Murdock	0	0	Bennet Murdock			1492
<http://dbpedia.org/resource/Bennett_McCallum>	Bennett McCallum	0.2986584319333715	2	2	4	2	0	0	0	0	0	0	0	0	[Monetary economics, Econometrics]	False	False	False	True	Bennett McCallum	0	0	Bennett McCallum			1493
<http://dbpedia.org/resource/Benno_Kerry>	Benno Kerry	0.2974085475267829	5	3	8	0	0	0	0	0	0	0	0	0	[]	False	False	False	True	Benno Kerry	0	0	Benno Kerry|Kerry			1494
<http://dbpedia.org/resource/Benoît_Godin>	Benoît Godin	0.2775	0	1	1	0	0	0	0	0	0	0	0	0	[]	False	False	False	True	Benoit Godin	0	0	Benoit Godin|Godin			1495
<http://dbpedia.org/resource/Bernard_Bernier>	Bernard Bernier	0.7347679850146374	0	11	11	1	0	0	0	0	0	0	0	0	[]	False	False	False	True	Bernard Bernier	0	0	Bernard Bernier|Bernier			1496
<http://dbpedia.org/resource/Bernard_Kettlewell>	Bernard Kettlewell	0.4262929853166261	2	3	5	1	1	0	0	0	0	0	0	0	[]	False	False	False	True	Bernard Kettlewell	0	0	Bernard Kettlewell|Kettlewell			1497
<http://dbpedia.org/resource/Bernard-Henri_Lévy>	Bernard-Henri Lévy	0.3361387895755909	0	8	8	0	0	0	0	0	0	0	0	0	[]	False	False	False	True	Bernard-Henri Levy	0	0	Bernard-Henri Levy			1498
<http://dbpedia.org/resource/Bernhard_Eduardovich_Petri>	Bernhard Eduardovich Petri	0.405	1	2	3	1	2	0	0	0	0	0	0	0	[]	False	False	False	True	Bernhard Eduardovich Petri	0	0	Bernhard Eduardovich Petri|Petri			1499
<http://dbpedia.org/resource/Bernhard_Münz>	Bernhard Münz	0.2775	0	1	1	0	0	0	0	0	0	0	0	0	[]	False	False	False	True	Bernhard Munz	0	0	Bernhard Munz|Munz			1500
<http://dbpedia.org/resource/Bernhard_Schrader>	Bernhard Schrader	0.405	0	0	0	1	2	0	0	0	0	0	0	0	[]	False	False	False	True	Bernhard Schrader	0	0	Bernhard Schrader|Schrader			1501
<http://dbpedia.org/resource/Bernt_Øksendal>	Bernt Øksendal	0.34433125	0	0	0	1	1	0	0	0	0	0	0	0	[]	False	False	False	True	Bernt Øksendal	0	0	Bernt Øksendal|Øksendal			1502
<http://dbpedia.org/resource/Bertram_Cohler>	Bertram Cohler	0.6163871424174369	0	9	9	1	0	0	0	0	0	0	0	0	[]	False	False	False	True	Bertram Cohler	0	0	Bertram Cohler|Cohler			1503
<http://dbpedia.org/resource/Bertrand_Halperin>	Bertrand Halperin	0.3136368127882039	1	1	2	2	3	0	0	0	0	0	0	0	[]	False	False	False	True	Bertrand Halperin	0	0	Bertrand Halperin|Halperin			1504
<http://dbpedia.org/resource/Bijan_Abdolkarimi>	Bijan Abdolkarimi	0.4743755290148835	0	5	5	0	0	0	0	0	0	0	0	0	[]	False	False	False	True	Bijan Abdolkarimi	0	0	Bijan Abdolkarimi|Abdolkarimi			1505
<http://dbpedia.org/resource/Bil_Clemons>	Bil Clemons	0.3625	0	0	0	2	2	0	0	0	0	0	0	0	[]	False	False	False	True	Bil Clemons	0	0	Bil Clemons|Clemons			1506
<http://dbpedia.org/resource/Bion_of_Borysthenes>	Bion of Borysthenes	0.6822846958435472	1	5	6	0	0	0	0	0	0	0	0	0	[]	False	False	False	True	Bion of Borysthenes	0	0	Bion of Borysthenes|Borysthenes			1507
<http://dbpedia.org/resource/Birutė_Galdikas>	Birutė Galdikas	0.3271506618923612	0	3	3	1	1	0	0	0	0	0	0	0	[]	False	False	False	True	Birute Galdikas	0	0	Birute Galdikas|Galdikas			1508
<http://dbpedia.org/resource/Biswamoy_Biswas>	Biswamoy Biswas	0.5038125	0	2	2	0	1	0	0	0	0	0	0	0	[]	False	False	False	True	Biswamoy Biswas	0	0	Biswamoy Biswas|Biswas			1509
<http://dbpedia.org/resource/Black_Partridge_(chief)>	Black Partridge (chief)	0.405	0	0	0	0	2	0	0	0	0	0	0	0	[]	False	False	False	True	Black Partridge	0	0	Black Partridge|Partridge			1510
<http://dbpedia.org/resource/Blaž_Zupan>	Blaž Zupan	0.2775	0	0	0	1	1	0	0	0	0	0	0	0	[]	False	False	False	True	Blaz Zupan	0	0	Blaz Zupan|Zupan			1511
<http://dbpedia.org/resource/Bo_Burnham>	Bo Burnham	0.5701231250000001	0	1	1	0	0	0	0	0	0	0	0	0	[]	False	False	False	True	Bo Burnham	0	0	Bo Burnham|Burnham			1512
<http://dbpedia.org/resource/Bobby_Wilson_(mathematician)>	Bobby Wilson (mathematician)	0.2775	0	0	0	1	3	0	0	0	0	0	0	0	[]	False	False	False	True	Bobby Wilson	0	0	Bobby Wilson			1513
<http://dbpedia.org/resource/Bolortsetseg_Minjin>	Bolortsetseg Minjin	0.7130851562500001	0	0	0	1	1	0	0	0	0	0	0	0	[]	False	False	False	True	Bolortsetseg Minjin	0	0	Bolortsetseg Minjin|Minjin			1514
<http://dbpedia.org/resource/Bonnie_Mann>	Bonnie Mann	0.2959624822414992	0	1	1	0	0	0	0	0	0	0	0	0	[]	False	False	False	True	Bonnie Mann	0	0	Bonnie Mann			1515
<http://dbpedia.org/resource/Boris_Groys>	Boris Groys	0.3341070746909877	0	10	10	0	0	0	0	0	0	0	0	0	[]	False	False	False	True	Boris Groys	0	0	Boris Groys|Groys			1516
<http://dbpedia.org/resource/Boris_Kagarlitsky>	Boris Kagarlitsky	0.4057376762129693	0	7	7	0	0	0	0	0	0	0	0	0	[]	False	False	False	True	Boris Kagarlitsky	0	0	Boris Kagarlitsky|Kagarlitsky			1517
<http://dbpedia.org/resource/Boris_Karvasarsky>	Boris Karvasarsky	0.3120396622065816	0	1	1	0	0	0	0	0	0	0	0	0	[]	False	False	False	True	Boris Karvasarsky	0	0	Boris Karvasarsky|Karvasarsky			1518
<http://dbpedia.org/resource/Boris_Shraiman>	Boris Shraiman	0.2775	0	0	0	0	1	0	0	0	0	0	0	0	[]	False	False	False	True	Boris Shraiman	0	0	Boris Shraiman|Shraiman			1519
<http://dbpedia.org/resource/Boris_Tsirelson>	Boris Tsirelson	0.2775	0	0	0	0	4	0	0	0	0	0	0	0	[]	False	False	False	True	Boris Tsirelson	0	0	Boris Tsirelson|Tsirelson			1520
<http://dbpedia.org/resource/Brad_McRae>	Brad McRae	0.2775	0	0	0	1	4	0	0	0	0	0	0	0	[]	False	False	False	True	Brad McRae	0	0	Brad McRae|McRae			1521
<http://dbpedia.org/resource/Brad_R._Roth>	Brad R. Roth	0.5928714718499193	0	2	2	5	0	0	0	0	0	0	0	0	[]	False	False	False	True	Brad R. Roth	0	0	Brad R. Roth			1522
<http://dbpedia.org/resource/Bradford_Keeney>	Bradford Keeney	0.7089868782081399	0	9	9	0	3	0	0	0	0	0	0	0	[]	False	False	False	True	Bradford Keeney	0	0	Bradford Keeney|Keeney			1523
<http://dbpedia.org/resource/Bradley_Efron>	Bradley Efron	0.30778125	0	0	0	2	1	0	0	0	0	0	0	0	[]	False	False	False	True	Bradley Efron	0	0	Bradley Efron|Efron			1524
<http://dbpedia.org/resource/Branislav_Petronijević>	Branislav Petronijević	0.3085629946318529	0	8	8	0	0	0	0	0	0	0	0	0	[]	False	False	False	True	Branislav Petronijevic	0	0	Branislav Petronijevic|Petronijevic			1525
<http://dbpedia.org/resource/Brenda_Milner>	Brenda Milner	0.3111964285714286	0	0	0	2	3	0	0	0	0	0	0	0	[]	False	False	False	True	Brenda Milner	0	0	Brenda Milner			1526
<http://dbpedia.org/resource/Brian_Coppola>	Brian Coppola	0.3037083333333334	0	0	0	2	2	0	0	0	0	0	0	0	[]	False	False	False	True	Brian Coppola	0	0	Brian Coppola|Coppola			1527
<http://dbpedia.org/resource/Brian_McLaren>	Brian McLaren	0.3243116376524768	0	1	1	0	0	0	0	0	0	0	0	0	[]	False	False	False	True	Brian McLaren	0	0	Brian McLaren|McLaren			1528
<http://dbpedia.org/resource/Brian_Molloy_(botanist)>	Brian Molloy (botanist)	0.2775	0	1	1	3	0	0	0	0	0	0	0	0	[]	False	False	False	True	Brian Molloy	0	0	Brian Molloy|Molloy			1529
<http://dbpedia.org/resource/Bruce_L._Benson>	Bruce L. Benson	0.3135242982008958	2	4	6	2	0	0	0	0	0	0	0	0	[Economics, Austrian School, Commercial law, Criminal justice, Free-market environmentalism, Polycentric law, Private law]	False	False	False	True	Bruce L. Benson	0	0	Bruce L. Benson|Benson			1530
<http://dbpedia.org/resource/Bruce_Wampold>	Bruce Wampold	0.2775	0	0	0	3	1	0	0	0	0	0	0	0	[]	False	False	False	True	Bruce Wampold	0	0	Bruce Wampold|Wampold			1531
<http://dbpedia.org/resource/Bruce_Western>	Bruce Western	0.2775	0	0	0	0	1	0	0	0	0	0	0	0	[]	False	False	False	True	Bruce Western	0	0	Bruce Western|Western			1532
<http://dbpedia.org/resource/Bryan_Caplan>	Bryan Caplan	0.7255154815322331	1	6	7	2	0	0	0	0	0	0	0	0	[Economics]	False	False	False	True	Bryan Caplan	0	0	Bryan Caplan|Caplan			1533
<http://dbpedia.org/resource/Bryan_Reynolds_(scholar)>	Bryan Reynolds (scholar)	0.5713955427132953	0	8	8	0	0	0	0	0	0	0	0	0	[]	False	False	False	True	Bryan Reynolds	0	0	Bryan Reynolds|Reynolds			1534
<http://dbpedia.org/resource/Buddy_Ratner>	Buddy Ratner	0.2775	0	0	0	2	2	0	0	0	0	0	0	0	[]	False	False	False	True	Buddy Ratner	0	0	Buddy Ratner|Ratner			1535
<http://dbpedia.org/resource/Budhy_Munawar_Rachman>	Budhy Munawar Rachman	0.4515618077756532	0	2	2	0	0	0	0	0	0	0	0	0	[]	False	False	False	True	Budhy Munawar Rachman	0	0	Budhy Munawar Rachman|Rachman			1536
<http://dbpedia.org/resource/Burton_C._Gray>	Burton C. Gray	1.11280415319626	0	3	3	2	0	0	0	0	0	0	0	0	[Economics, Political philosophy, Business]	False	False	False	True	Burton C. Gray	0	0	Burton C. Gray			1537
<http://dbpedia.org/resource/Burton_Richter>	Burton Richter	0.2865099952434943	0	0	0	1	1	0	0	0	0	0	0	0	[]	False	False	False	True	Burton Richter	0	0	Burton Richter|Richter			1538
<http://dbpedia.org/resource/Butler_D._Shaffer>	Butler D. Shaffer	1.0492018912672358	0	24	24	1	0	0	0	0	0	0	0	0	[]	False	False	False	True	Butler D. Shaffer	0	0	Butler D. Shaffer|Shaffer			1539
<http://dbpedia.org/resource/C._F._Powell>	C. F. Powell	0.2894767361111111	0	0	0	1	2	0	0	0	0	0	0	0	[]	False	False	False	True	C. F. Powell	0	0	C. F. Powell|Powell			1540
<http://dbpedia.org/resource/C._H._Douglas>	C. H. Douglas	0.530402742848011	5	10	15	1	0	0	0	0	0	0	0	0	[Political science, Economics, Physics, History, Accounting, Civil engineering]	False	False	False	True	C. H. Douglas	0	0	C. H. Douglas|Douglas			1541
<http://dbpedia.org/resource/C._M._Gupta>	C. M. Gupta	0.29025	0	0	0	0	2	0	0	0	0	0	0	0	[]	False	False	False	True	C. M. Gupta	0	0	C. M. Gupta|Gupta			1542
<http://dbpedia.org/resource/C._V._Subramanian>	C. V. Subramanian	0.2775	0	0	0	0	1	0	0	0	0	0	0	0	[]	False	False	False	True	C. V. Subramanian	0	0	C. V. Subramanian|Subramanian			1543
<http://dbpedia.org/resource/C._Venkataraman_Sundaram>	C. Venkataraman Sundaram	0.2775	0	0	0	0	1	0	0	0	0	0	0	0	[]	False	False	False	True	C. Venkataraman Sundaram	0	0	C. Venkataraman Sundaram|Sundaram			1544
<http://dbpedia.org/resource/Camil_Mureșanu>	Camil Mureșanu	1.4872439647132154	1	12	13	1	0	0	0	0	0	0	0	0	[]	False	False	False	True	Camil Muresanu	0	0	Camil Muresanu|Muresanu			1545
<http://dbpedia.org/resource/Caner_Taslaman>	Caner Taslaman	2.7719527666992394	0	9	9	0	0	0	0	0	0	0	0	0	[]	False	False	False	True	Caner Taslaman	0	0	Caner Taslaman|Taslaman			1546
<http://dbpedia.org/resource/Carl_Cotman>	Carl Cotman	0.2775	0	0	0	1	1	0	0	0	0	0	0	0	[]	False	False	False	True	Carl Cotman	0	0	Carl Cotman|Cotman			1547
<http://dbpedia.org/resource/Carl_David_Anderson>	Carl David Anderson	0.2876911640188626	0	0	0	2	2	0	0	0	0	0	0	0	[]	False	False	False	True	Carl David Anderson	0	0	Carl David Anderson			1548
<http://dbpedia.org/resource/Carl_H._Hermann>	Carl H. Hermann	0.2993632553318299	0	0	0	0	2	0	0	0	0	0	0	0	[]	False	False	False	True	Carl H. Hermann	0	0	Carl H. Hermann|Hermann			1549
<http://dbpedia.org/resource/Carl_Landwehr>	Carl Landwehr	0.2775	0	0	0	2	1	0	0	0	0	0	0	0	[]	False	False	False	True	Carl Landwehr	0	0	Carl Landwehr|Landwehr			1550
<http://dbpedia.org/resource/Carl_M._Bender>	Carl M. Bender	0.2846018616254837	0	0	0	2	2	0	0	0	0	0	0	0	[]	False	False	False	True	Carl M. Bender	0	0	Carl M. Bender			1551
<http://dbpedia.org/resource/Carl_Michael_Bellman>	Carl Michael Bellman	0.2775	0	0	0	0	0	2	0	0	0	0	0	0	[]	False	False	False	True	Carl Michael Bellman	0	0	Carl Michael Bellman|Bellman			1552
<http://dbpedia.org/resource/Carl_Rettenmeyer>	Carl Rettenmeyer	0.3364687500000001	1	1	2	2	0	0	0	0	0	0	0	0	[]	False	False	False	True	Carl Rettenmeyer	0	0	Carl Rettenmeyer|Rettenmeyer			1553
<http://dbpedia.org/resource/Carl_von_Than>	Carl von Than	0.2775	0	0	0	0	1	0	0	0	0	0	0	0	[]	False	False	False	True	Carl von Than	0	0	Carl von Than			1554
<http://dbpedia.org/resource/Carlo_Michelstaedter>	Carlo Michelstaedter	1.2233555653798884	3	22	25	0	0	0	0	0	0	0	0	0	[]	False	False	False	True	Carlo Michelstaedter	0	0	Carlo Michelstaedter|Michelstaedter			1555
<http://dbpedia.org/resource/Carlos_Alfredo_Rodríguez>	Carlos Alfredo Rodríguez	0.3064964855147427	0	1	1	0	0	0	0	0	0	0	0	0	[]	False	False	False	True	Carlos Alfredo Rodriguez	0	0	Carlos Alfredo Rodriguez|Rodriguez			1556
<http://dbpedia.org/resource/Carlos_Bustamante_(biophysicist)>	Carlos Bustamante (biophysicist)	0.3137578125	0	0	0	3	2	0	0	0	0	0	0	0	[]	False	False	False	True	Carlos Bustamante	0	0	Carlos Bustamante|Bustamante			1557
<http://dbpedia.org/resource/Carlos_E._Chardón>	Carlos E. Chardón	0.2775	0	0	0	1	1	0	0	0	0	0	0	0	[]	False	False	False	True	Carlos E. Chardon	0	0	Carlos E. Chardon|Chardon			1558
<http://dbpedia.org/resource/Carlos_Gershenson>	Carlos Gershenson	0.6005997615750115	0	3	3	0	1	0	0	0	0	0	0	0	[]	False	False	False	True	Carlos Gershenson	0	0	Carlos Gershenson|Gershenson			1559
<http://dbpedia.org/resource/Carlos_Rodríguez_Braun>	Carlos Rodríguez Braun	0.3064964855147427	0	1	1	0	0	0	0	0	0	0	0	0	[]	False	False	False	True	Carlos Rodriguez Braun	0	0	Carlos Rodriguez Braun|Braun			1560
<http://dbpedia.org/resource/Carmel_Humphries>	Carmel Humphries	0.4836250000000001	0	3	3	0	1	0	0	0	0	0	0	0	[]	False	False	False	True	Carmel Humphries	0	0	Carmel Humphries|Humphries			1561
<http://dbpedia.org/resource/Carmine_Gorga>	Carmine Gorga	0.3321375360277809	0	3	3	1	0	0	0	0	0	0	0	0	[]	False	False	False	True	Carmine Gorga	0	0	Carmine Gorga|Gorga			1562
<http://dbpedia.org/resource/Carol_Alonso>	Carol Alonso	0.2775	0	0	0	3	5	0	0	0	0	0	0	0	[]	False	False	False	True	Carol Alonso	0	0	Carol Alonso|Alonso			1563
<http://dbpedia.org/resource/Carol_Friedman>	Carol Friedman	0.2775	0	0	0	2	1	0	0	0	0	0	0	0	[]	False	False	False	True	Carol Friedman	0	0	Carol Friedman			1564
<http://dbpedia.org/resource/Carol_Trager-Cowan>	Carol Trager-Cowan	0.2775	1	0	1	3	0	0	0	0	0	0	0	0	[]	False	False	False	True	Carol Trager-Cowan	0	0	Carol Trager-Cowan|Trager-Cowan			1565
<http://dbpedia.org/resource/Carol_W._Greider>	Carol W. Greider	0.444169180272686	0	0	0	0	1	0	0	0	0	0	0	0	[]	False	False	False	True	Carol W. Greider	0	0	Carol W. Greider|Greider			1566
<http://dbpedia.org/resource/Carolina_Cristina_Alves>	Carolina Cristina Alves	0.6111595757553637	0	8	8	3	0	0	0	0	0	0	0	0	[]	False	False	False	True	Carolina Cristina Alves	0	0	Carolina Cristina Alves|Alves			1567
<http://dbpedia.org/resource/Caroline_Pellew>	Caroline Pellew	0.2775	1	1	2	0	0	0	0	0	0	0	0	0	[]	False	False	False	True	Caroline Pellew	0	0	Caroline Pellew|Pellew			1568
<http://dbpedia.org/resource/Caroline_S._Hill>	Caroline S. Hill	0.2775	1	0	1	1	0	0	0	0	0	0	0	0	[]	False	False	False	True	Caroline S. Hill	0	0	Caroline S. Hill			1569
<http://dbpedia.org/resource/Carolyn_Sufrin>	Carolyn Sufrin	0.405	0	1	1	5	0	0	0	0	0	0	0	0	[]	False	False	False	True	Carolyn Sufrin	0	0	Carolyn Sufrin|Sufrin			1570
<http://dbpedia.org/resource/Carolyne_Van_Vliet>	Carolyne Van Vliet	0.3388862364799508	0	0	0	1	3	0	0	0	0	0	0	0	[]	False	False	False	True	Carolyne Van Vliet	0	0	Carolyne Van Vliet|Vliet			1571
<http://dbpedia.org/resource/Carver_Mead>	Carver Mead	0.2775	1	0	1	0	0	0	0	0	0	0	0	0	[]	False	False	False	True	Carver Mead	0	0	Carver Mead			1572
<http://dbpedia.org/resource/Casper_Hoogenraad>	Casper Hoogenraad	0.4475	0	0	0	0	1	0	0	0	0	0	0	0	[]	False	False	False	True	Casper Hoogenraad	0	0	Casper Hoogenraad|Hoogenraad			1573
<http://dbpedia.org/resource/Catherine_Havasi>	Catherine Havasi	0.2821056889362739	0	1	1	2	2	0	0	0	0	0	0	0	[]	False	False	False	True	Catherine Havasi	0	0	Catherine Havasi|Havasi			1574
<http://dbpedia.org/resource/Catherine_J._Murphy>	Catherine J. Murphy	0.4455028928263714	0	0	0	0	1	0	0	0	0	0	0	0	[]	False	False	False	True	Catherine J. Murphy	0	0	Catherine J. Murphy			1575
<http://dbpedia.org/resource/Catherine_Nakalembe>	Catherine Nakalembe	0.2775	0	0	0	3	2	0	0	0	0	0	0	0	[]	False	False	False	True	Catherine Nakalembe	0	0	Catherine Nakalembe|Nakalembe			1576
<http://dbpedia.org/resource/Cathleen_Crudden>	Cathleen Crudden	0.3378102718199416	0	0	0	2	2	0	0	0	0	0	0	0	[]	False	False	False	True	Cathleen Crudden	0	0	Cathleen Crudden|Crudden			1577
<http://dbpedia.org/resource/Célestin_Port>	Célestin Port	0.34125	0	1	1	1	1	0	0	0	0	0	0	0	[]	False	False	False	True	Celestin Port	0	0	Celestin Port|Port			1578
<http://dbpedia.org/resource/Cesare_Magati>	Cesare Magati	1.0537492580630756	0	10	10	2	1	0	0	0	0	0	0	0	[]	False	False	False	True	Cesare Magati	0	0	Cesare Magati|Magati			1579
<http://dbpedia.org/resource/Chai_Keong_Toh>	Chai Keong Toh	0.4227084763783397	0	0	0	2	1	0	0	0	0	0	0	0	[]	False	False	False	True	Chai Keong Toh	0	0	Chai Keong Toh			1580
<http://dbpedia.org/resource/Chandan_Dasgupta>	Chandan Dasgupta	140.73919756981243	0	0	0	3	2	0	0	0	0	0	0	0	[]	False	False	False	True	Chandan Dasgupta	0	0	Chandan Dasgupta|Dasgupta			1581
<http://dbpedia.org/resource/Chandrashekhar_Khare>	Chandrashekhar Khare	0.34125	0	0	0	2	1	0	0	0	0	0	0	0	[]	False	False	False	True	Chandrashekhar Khare	0	0	Chandrashekhar Khare|Khare			1582
<http://dbpedia.org/resource/Changjoon_Justin_Lee>	Changjoon Justin Lee	0.3539611341953928	0	4	4	2	2	0	0	0	0	0	0	0	[]	False	False	False	True	Changjoon Justin Lee	0	0	Changjoon Justin Lee			1583
<http://dbpedia.org/resource/Chantal_David>	Chantal David	0.3480385550925417	0	0	0	1	1	0	0	0	0	0	0	0	[]	False	False	False	True	Chantal David	0	0	Chantal David|David			1584
<http://dbpedia.org/resource/Charles_B._Morrey_Jr.>	Charles B. Morrey Jr.	0.2870190720851976	0	0	0	3	2	0	0	0	0	0	0	0	[]	False	False	False	True	Charles B. Morrey Jr.	0	0	Charles B. Morrey Jr.			1585
<http://dbpedia.org/resource/Charles_Blount_(deist)>	Charles Blount (deist)	0.6426434725907494	0	1	1	0	0	0	0	0	0	0	0	0	[]	False	False	False	True	Charles Blount	0	0	Charles Blount|Blount			1586
<http://dbpedia.org/resource/Charles_Brenner_(biochemist)>	Charles Brenner (biochemist)	0.3265114980396447	0	1	1	3	1	0	0	0	0	0	0	0	[]	False	False	False	True	Charles Brenner	0	0	Charles Brenner|Brenner			1587
<http://dbpedia.org/resource/Charles_Emerson_Beecher>	Charles Emerson Beecher	0.3636179861111111	1	2	3	1	1	0	0	0	0	0	0	0	[]	False	False	False	True	Charles Emerson Beecher	0	0	Charles Emerson Beecher|Beecher			1588
<http://dbpedia.org/resource/Charles_F._Brush>	Charles F. Brush	0.2998125000000001	0	3	3	2	1	0	0	0	0	0	0	0	[]	False	False	False	True	Charles F. Brush	0	0	Charles F. Brush|Brush			1589
<http://dbpedia.org/resource/Charles_Gabriel_Seligman>	Charles Gabriel Seligman	0.2953139401640132	3	1	4	1	0	0	0	0	0	0	0	0	[]	False	False	False	True	Charles Gabriel Seligman	0	0	Charles Gabriel Seligman|Seligman			1590
<http://dbpedia.org/resource/Charles_Kellaway__Charles_Halliley_Kellaway__1>	Charles Kellaway  Charles Halliley Kellaway  1	0.2957142857142857	2	2	4	2	0	0	0	0	0	0	0	0	[]	False	False	False	True	Charles Kellaway Charles Halliley Kellaway	0	0	Charles Kellaway Charles Halliley Kellaway|Kellaway			1591
<http://dbpedia.org/resource/Charles_Krebs>	Charles Krebs	0.3382732612795049	2	0	2	0	0	0	0	0	0	0	0	0	[]	False	False	False	True	Charles Krebs	0	0	Charles Krebs			1592
<http://dbpedia.org/resource/Charles_Lasègue>	Charles Lasègue	0.4176887536089712	0	5	5	0	0	0	0	0	0	0	0	0	[]	False	False	False	True	Charles Lasegue	0	0	Charles Lasegue|Lasegue			1593
<http://dbpedia.org/resource/Charles_Ofria>	Charles Ofria	0.3407188449035551	0	0	0	2	2	0	0	0	0	0	0	0	[]	False	False	False	True	Charles Ofria	0	0	Charles Ofria|Ofria			1594
<http://dbpedia.org/resource/Charles_Roy_Henderson>	Charles Roy Henderson	0.3692373194715606	0	0	0	1	3	0	0	0	0	0	0	0	[]	False	False	False	True	Charles Roy Henderson	0	0	Charles Roy Henderson|Henderson			1595
<http://dbpedia.org/resource/Charles_Sutherland_Elton>	Charles Sutherland Elton	0.3836707912744997	1	3	4	1	2	0	0	0	0	0	0	0	[]	False	False	False	True	Charles Sutherland Elton	0	0	Charles Sutherland Elton|Elton			1596
<http://dbpedia.org/resource/Charles_Tanford>	Charles Tanford	0.4410693195221452	0	4	4	1	1	0	0	0	0	0	0	0	[]	False	False	False	True	Charles Tanford	0	0	Charles Tanford|Tanford			1597
<http://dbpedia.org/resource/Charles_Thom>	Charles Thom	0.2775	0	0	0	1	3	0	0	0	0	0	0	0	[]	False	False	False	True	Charles Thom	0	0	Charles Thom|Thom			1598
<http://dbpedia.org/resource/Charles_Tilly>	Charles Tilly	0.3481228175690268	0	1	1	1	0	0	0	0	0	0	0	0	[]	False	False	False	True	Charles Tilly	0	0	Charles Tilly|Tilly			1599
<http://dbpedia.org/resource/Charles-Eusèbe_Dionne>	Charles-Eusèbe Dionne	0.343853125	0	2	2	0	0	0	0	0	0	0	0	0	[]	False	False	False	True	Charles-Eusebe Dionne	0	0	Charles-Eusebe Dionne|Dionne			1600
<http://dbpedia.org/resource/Charlotte_Keen>	Charlotte Keen	0.2775	0	1	1	2	1	0	0	0	0	0	0	0	[]	False	False	False	True	Charlotte Keen	0	0	Charlotte Keen			1601
<http://dbpedia.org/resource/Charlotte_Moore_Sitterly>	Charlotte Moore Sitterly	0.2996944444444445	2	2	4	0	0	0	0	0	0	0	0	0	[]	False	False	False	True	Charlotte Moore Sitterly	0	0	Charlotte Moore Sitterly|Sitterly			1602
<http://dbpedia.org/resource/Charlotte_Vaudeville>	Charlotte Vaudeville	0.34125	0	0	0	1	1	0	0	0	0	0	0	0	[]	False	False	False	True	Charlotte Vaudeville	0	0	Charlotte Vaudeville|Vaudeville			1603
<http://dbpedia.org/resource/Chauncey_Jerome>	Chauncey Jerome	0.2775	0	1	1	0	0	0	0	0	0	0	0	0	[]	False	False	False	True	Chauncey Jerome	0	0	Chauncey Jerome|Jerome			1604
<http://dbpedia.org/resource/Chava_Lifshitz>	Chava Lifshitz	0.2775	0	1	1	1	0	0	0	0	0	0	0	0	[]	False	False	False	True	Chava Lifshitz	0	0	Chava Lifshitz			1605
<http://dbpedia.org/resource/Chelsea_Finn>	Chelsea Finn	0.3234386397231386	0	0	0	2	1	0	0	0	0	0	0	0	[]	False	False	False	True	Chelsea Finn	0	0	Chelsea Finn|Finn			1606
<http://dbpedia.org/resource/Chelsea_Manning>	Chelsea Manning	0.32	0	0	0	0	1	0	0	0	0	0	0	0	[]	False	False	False	True	Chelsea Manning	0	0	Chelsea Manning			1607
<http://dbpedia.org/resource/Chia-Shun_Yih>	Chia-Shun Yih	0.2775	0	0	0	2	1	0	0	0	0	0	0	0	[]	False	False	False	True	Chia-Shun Yih	0	0	Chia-Shun Yih			1608
<http://dbpedia.org/resource/Chih-Jen_Lin>	Chih-Jen Lin	0.405	0	2	2	2	1	0	0	0	0	0	0	0	[]	False	False	False	True	Chih-Jen Lin	0	0	Chih-Jen Lin			1609
<http://dbpedia.org/resource/Chit_Ko_Ko>	Chit Ko Ko	0.7875000000000001	0	2	2	0	0	0	0	0	0	0	0	0	[]	False	False	False	True	Chit Ko Ko	0	0	Chit Ko Ko			1610
<http://dbpedia.org/resource/Chris_Harman>	Chris Harman	0.6905957994251611	1	6	7	0	0	0	0	0	0	0	0	0	[]	False	False	False	True	Chris Harman	0	0	Chris Harman			1611
<http://dbpedia.org/resource/Chris_Hedges>	Chris Hedges	0.2918784152929716	0	2	2	2	0	0	0	0	0	0	0	0	[]	False	False	False	True	Chris Hedges	0	0	Chris Hedges|Hedges			1612
<http://dbpedia.org/resource/Chris_Lintott>	Chris Lintott	0.3978771539471163	0	1	1	2	2	0	0	0	0	0	0	0	[]	False	False	False	True	Chris Lintott	0	0	Chris Lintott|Lintott			1613
<http://dbpedia.org/resource/Chris_Mattmann>	Chris Mattmann	0.385875	0	0	0	0	4	0	0	0	0	0	0	0	[]	False	False	False	True	Chris Mattmann	0	0	Chris Mattmann|Mattmann			1614
<http://dbpedia.org/resource/Christian_Friedrich_Ecklon>	Christian Friedrich Ecklon	0.5866875	0	3	3	0	0	0	0	0	0	0	0	0	[]	False	False	False	True	Christian Friedrich Ecklon	0	0	Christian Friedrich Ecklon|Ecklon			1615
<http://dbpedia.org/resource/Christian_Gostečnik>	Christian Gostečnik	0.4409230384210122	0	2	2	3	1	0	0	0	0	0	0	0	[]	False	False	False	True	Christian Gostecnik	0	0	Christian Gostecnik|Gostecnik			1616
<http://dbpedia.org/resource/Christian_Heinrich_Bünger>	Christian Heinrich Bünger	0.3477288750658124	0	0	0	1	1	0	0	0	0	0	0	0	[]	False	False	False	True	Christian Heinrich Bunger	0	0	Christian Heinrich Bunger|Bunger			1617
<http://dbpedia.org/resource/Christoph_Gudermann>	Christoph Gudermann	0.2775	0	0	0	1	2	0	0	0	0	0	0	0	[]	False	False	False	True	Christoph Gudermann	0	0	Christoph Gudermann|Gudermann			1618
<http://dbpedia.org/resource/Christoph_Junghans>	Christoph Junghans	0.482296875	0	0	0	1	1	0	0	0	0	0	0	0	[]	False	False	False	True	Christoph Junghans	0	0	Christoph Junghans|Junghans			1619
<http://dbpedia.org/resource/Christopher_A._Pissarides>	Christopher A. Pissarides	0.303	1	2	3	2	0	0	0	0	0	0	0	0	[Labour economics]	False	False	False	True	Christopher A. Pissarides	0	0	Christopher A. Pissarides|Pissarides			1620
<http://dbpedia.org/resource/Christopher_Chang>	Christopher Chang	0.3423757410060163	1	0	1	2	0	0	0	0	0	0	0	0	[]	False	False	False	True	Christopher Chang	0	0	Christopher Chang			1621
<http://dbpedia.org/resource/Christopher_Cordner>	Christopher Cordner	0.2851658676570776	0	2	2	0	0	0	0	0	0	0	0	0	[]	False	False	False	True	Christopher Cordner	0	0	Christopher Cordner|Cordner			1622
<http://dbpedia.org/resource/Christopher_Coyne_(professor)>	Christopher Coyne (professor)	0.3452818949969061	0	3	3	2	0	0	0	0	0	0	0	0	[]	False	False	False	True	Christopher Coyne	0	0	Christopher Coyne|Coyne			1623
<http://dbpedia.org/resource/Christopher_Exley>	Christopher Exley	0.32	0	0	0	0	1	0	0	0	0	0	0	0	[]	False	False	False	True	Christopher Exley	0	0	Christopher Exley|Exley			1624
<http://dbpedia.org/resource/Christopher_Fairburn>	Christopher Fairburn	0.2775	0	1	1	2	1	0	0	0	0	0	0	0	[]	False	False	False	True	Christopher Fairburn	0	0	Christopher Fairburn|Fairburn			1625
<http://dbpedia.org/resource/Christopher_Jarzynski>	Christopher Jarzynski	0.405	0	0	0	2	1	0	0	0	0	0	0	0	[]	False	False	False	True	Christopher Jarzynski	0	0	Christopher Jarzynski|Jarzynski			1626
<http://dbpedia.org/resource/Christopher_T._Walsh>	Christopher T. Walsh	0.3593609627314184	0	1	1	2	2	0	0	0	0	0	0	0	[]	False	False	False	True	Christopher T. Walsh	0	0	Christopher T. Walsh			1627
<http://dbpedia.org/resource/Chung_Hyung-min>	Chung Hyung-min	0.2775	0	0	0	1	1	0	0	0	0	0	0	0	[]	False	False	False	True	Chung Hyung-min	0	0	Chung Hyung-min|Hyung-min			1628
<http://dbpedia.org/resource/Chung_Kai-lai>	Chung Kai-lai	0.2850399356498776	0	0	0	2	2	0	0	0	0	0	0	0	[]	False	False	False	True	Chung Kai-lai	0	0	Chung Kai-lai|Kai-lai			1629
<http://dbpedia.org/resource/Chungliang_Al_Huang>	Chungliang Al Huang	0.3617035223316185	0	1	1	0	0	0	0	0	0	0	0	0	[]	False	False	False	True	Chungliang Al Huang	0	0	Chungliang Al Huang|Huang			1630
<http://dbpedia.org/resource/Clara_Heyn>	Clara Heyn	0.405	0	0	0	1	1	0	0	0	0	0	0	0	[]	False	False	False	True	Clara Heyn	0	0	Clara Heyn|Heyn			1631
<http://dbpedia.org/resource/Clarence_S._Clay_Jr.>	Clarence S. Clay Jr.	10.001868235236014	0	0	0	1	1	0	0	0	0	0	0	0	[]	False	False	False	True	Clarence S. Clay Jr.	0	0	Clarence S. Clay Jr.			1632
<http://dbpedia.org/resource/Clark_Barwick>	Clark Barwick	0.4973872169584841	0	3	3	2	0	0	0	0	0	0	0	0	[]	False	False	False	True	Clark Barwick	0	0	Clark Barwick|Barwick			1633
<http://dbpedia.org/resource/Claude_Nelson_Warren>	Claude Nelson Warren	0.2775	0	0	0	1	2	0	0	0	0	0	0	0	[]	False	False	False	True	Claude Nelson Warren	0	0	Claude Nelson Warren			1634
<http://dbpedia.org/resource/Claude_Steele>	Claude Steele	0.405	0	2	2	2	2	0	0	0	0	0	0	0	[]	False	False	False	True	Claude Steele	0	0	Claude Steele|Steele			1635
<http://dbpedia.org/resource/Claude-François_Ménestrier>	Claude-François Ménestrier	0.3017246872012494	0	1	1	0	0	0	0	0	0	0	0	0	[]	False	False	False	True	Claude-Francois Menestrier	0	0	Claude-Francois Menestrier|Menestrier			1636
<http://dbpedia.org/resource/Claude-Nicolas_Le_Cat>	Claude-Nicolas Le Cat	0.2775	0	1	1	0	1	0	0	0	0	0	0	0	[]	False	False	False	True	Claude-Nicolas Le Cat	0	0	Claude-Nicolas Le Cat			1637
<http://dbpedia.org/resource/Claudio_Magris>	Claudio Magris	0.4966174017636442	0	1	1	1	0	0	0	0	0	0	0	0	[]	False	False	False	True	Claudio Magris	0	0	Claudio Magris|Magris			1638
<http://dbpedia.org/resource/Claus_P._Schnorr>	Claus P. Schnorr	0.3188523735232794	0	0	0	0	2	0	0	0	0	0	0	0	[]	False	False	False	True	Claus P. Schnorr	0	0	Claus P. Schnorr|Schnorr			1639
<http://dbpedia.org/resource/Claus-Wilhelm_Canaris>	Claus-Wilhelm Canaris	0.2775	0	0	0	1	2	0	0	0	0	0	0	0	[]	False	False	False	True	Claus-Wilhelm Canaris	0	0	Claus-Wilhelm Canaris|Canaris			1640
<http://dbpedia.org/resource/Cleopatra_the_Alchemist>	Cleopatra the Alchemist	0.2775	0	1	1	0	0	0	0	0	0	0	0	0	[]	False	False	False	True	Cleopatra the Alchemist	0	0	Cleopatra the Alchemist|Alchemist			1641
<http://dbpedia.org/resource/Cliff_Slaughter>	Cliff Slaughter	0.2836261723315992	0	1	1	0	0	0	0	0	0	0	0	0	[]	False	False	False	True	Cliff Slaughter	0	0	Cliff Slaughter|Slaughter			1642
<http://dbpedia.org/resource/Clifford_Morgan>	Clifford Morgan	0.2775	0	2	2	0	0	0	0	0	0	0	0	0	[]	False	False	False	True	Clifford Morgan	0	0	Clifford Morgan			1643
<http://dbpedia.org/resource/Clifford_Shull>	Clifford Shull	0.2775	0	0	0	2	1	0	0	0	0	0	0	0	[]	False	False	False	True	Clifford Shull	0	0	Clifford Shull|Shull			1644
<http://dbpedia.org/resource/Clinton_Davisson>	Clinton Davisson	0.2968181051587302	2	0	2	2	1	0	0	0	0	0	0	0	[]	False	False	False	True	Clinton Davisson	0	0	Clinton Davisson|Davisson			1645
<http://dbpedia.org/resource/Clive_Granger>	Clive Granger	0.4831154960271653	6	6	12	1	0	0	0	0	0	0	0	0	[Financial economics, Econometrics]	False	False	False	True	Clive Granger	0	0	Clive Granger|Granger			1646
<http://dbpedia.org/resource/Colin_Blakemore>	Colin Blakemore	0.3311121295107316	0	1	1	2	0	0	0	0	0	0	0	0	[]	False	False	False	True	Colin Blakemore	0	0	Colin Blakemore			1647
<http://dbpedia.org/resource/Colin_M._Selbie>	Colin M. Selbie	0.3167713271370181	0	3	3	0	0	0	0	0	0	0	0	0	[]	False	False	False	True	Colin M. Selbie	0	0	Colin M. Selbie|Selbie			1648
<http://dbpedia.org/resource/Colin_Thain>	Colin Thain	0.2775	0	0	0	1	1	0	0	0	0	0	0	0	[]	False	False	False	True	Colin Thain	0	0	Colin Thain|Thain			1649
<http://dbpedia.org/resource/Comyns_Berkeley>	Comyns Berkeley	0.2775	1	1	2	0	2	0	0	0	0	0	0	0	[]	False	False	False	True	Comyns Berkeley	0	0	Comyns Berkeley			1650
<http://dbpedia.org/resource/Constantin_Carathéodory>	Constantin Carathéodory	0.2906797942732376	2	1	3	2	14	0	0	0	0	0	0	0	[]	False	False	False	True	Constantin Caratheodory	0	0	Constantin Caratheodory|Caratheodory			1651
<http://dbpedia.org/resource/Cornelia_Clapp>	Cornelia Clapp	0.2785574372087527	0	2	2	0	0	0	0	0	0	0	0	0	[]	False	False	False	True	Cornelia Clapp	0	0	Cornelia Clapp|Clapp			1652
<http://dbpedia.org/resource/Cornelius_Lanczos>	Cornelius Lanczos	0.3744512832164031	0	0	0	2	7	0	0	0	0	0	0	0	[]	False	False	False	True	Cornelius Lanczos	0	0	Cornelius Lanczos|Lanczos			1653
<http://dbpedia.org/resource/Cornelius_Van_Til>	Cornelius Van Til	0.9294277596690405	7	10	17	0	0	0	0	0	0	0	0	0	[]	False	False	False	True	Cornelius Van Til	0	0	Cornelius Van Til			1654
<http://dbpedia.org/resource/Costanzo_Preve>	Costanzo Preve	0.3890482089892393	1	9	10	0	0	0	0	0	0	0	0	0	[]	False	False	False	True	Costanzo Preve	0	0	Costanzo Preve|Preve			1655
<http://dbpedia.org/resource/Craig_Mello>	Craig Mello	0.73210390625	0	0	0	2	1	0	0	0	0	0	0	0	[]	False	False	False	True	Craig Mello	0	0	Craig Mello|Mello			1656
<http://dbpedia.org/resource/Crates_of_Thebes>	Crates of Thebes	0.3570663926493283	5	4	9	0	0	0	0	0	0	0	0	0	[]	False	False	False	True	Crates of Thebes	0	0	Crates of Thebes|Thebes			1657
<http://dbpedia.org/resource/Crescas_Vidal>	Crescas Vidal	0.3561250000000001	0	2	2	0	0	0	0	0	0	0	0	0	[]	False	False	False	True	Crescas Vidal	0	0	Crescas Vidal|Vidal			1658
<http://dbpedia.org/resource/Crystal_Watson>	Crystal Watson	0.5325000000000001	0	2	2	2	0	0	0	0	0	0	0	0	[]	False	False	False	True	Crystal Watson	0	0	Crystal Watson			1659
<http://dbpedia.org/resource/Curtis_J._Humphreys>	Curtis J. Humphreys	0.2775	0	0	0	1	1	0	0	0	0	0	0	0	[]	False	False	False	True	Curtis J. Humphreys	0	0	Curtis J. Humphreys|Humphreys			1660
<http://dbpedia.org/resource/Curtis_Yarvin>	Curtis Yarvin	0.618707231196187	0	2	2	0	0	0	0	0	0	0	0	0	[]	False	False	False	True	Curtis Yarvin	0	0	Curtis Yarvin|Yarvin			1661
<http://dbpedia.org/resource/Cyparissos_Stephanos>	Cyparissos Stephanos	0.526297598183872	1	5	6	2	1	0	0	0	0	0	0	0	[]	False	False	False	True	Cyparissos Stephanos	0	0	Cyparissos Stephanos|Stephanos			1662
<http://dbpedia.org/resource/Cyril_Domb>	Cyril Domb	0.2862322839355897	0	1	1	1	2	0	0	0	0	0	0	0	[]	False	False	False	True	Cyril Domb	0	0	Cyril Domb|Domb			1663
<http://dbpedia.org/resource/Cyrus_Chothia>	Cyrus Chothia	0.3265600177448092	1	0	1	2	0	0	0	0	0	0	0	0	[]	False	False	False	True	Cyrus Chothia	0	0	Cyrus Chothia|Chothia			1664
<http://dbpedia.org/resource/D._Harold_McNamara>	D. Harold McNamara	0.309375	0	2	2	1	3	0	0	0	0	0	0	0	[]	False	False	False	True	D. Harold McNamara	0	0	D. Harold McNamara|McNamara			1665
<http://dbpedia.org/resource/Dada_Maheshvarananda>	Dada Maheshvarananda	0.4357982905007351	0	4	4	0	0	0	0	0	0	0	0	0	[]	False	False	False	True	Dada Maheshvarananda	0	0	Dada Maheshvarananda|Maheshvarananda			1666
<http://dbpedia.org/resource/Dale_Pendell>	Dale Pendell	0.4418748094334829	0	1	1	0	0	0	0	0	0	0	0	0	[]	False	False	False	True	Dale Pendell	0	0	Dale Pendell|Pendell			1667
<http://dbpedia.org/resource/Damo_(philosopher)>	Damo (philosopher)	0.3056137310267857	1	2	3	0	0	0	0	0	0	0	0	0	[]	False	False	False	True	Damo	0	0	Damo			1668
<http://dbpedia.org/resource/Dan_Boneh>	Dan Boneh	0.3417831623881225	0	0	0	1	2	0	0	0	0	0	0	0	[]	False	False	False	True	Dan Boneh	0	0	Dan Boneh|Boneh			1669
<http://dbpedia.org/resource/Dan_Goldstick>	Dan Goldstick	0.2905265265091106	1	3	4	0	0	0	0	0	0	0	0	0	[]	False	False	False	True	Dan Goldstick	0	0	Dan Goldstick|Goldstick			1670
<http://dbpedia.org/resource/Dan_Kahan>	Dan Kahan	0.5243980349597078	0	3	3	0	1	0	0	0	0	0	0	0	[]	False	False	False	True	Dan Kahan	0	0	Dan Kahan|Kahan			1671
<http://dbpedia.org/resource/Dan_Suciu>	Dan Suciu	0.2775	0	0	0	1	3	0	0	0	0	0	0	0	[]	False	False	False	True	Dan Suciu	0	0	Dan Suciu|Suciu			1672
<http://dbpedia.org/resource/Dan_Tawfik>	Dan Tawfik	0.303	0	0	0	0	5	0	0	0	0	0	0	0	[]	False	False	False	True	Dan Tawfik	0	0	Dan Tawfik|Tawfik			1673
<http://dbpedia.org/resource/Danese_Cooper>	Danese Cooper	0.5447453125000001	0	1	1	1	0	0	0	0	0	0	0	0	[]	False	False	False	True	Danese Cooper	0	0	Danese Cooper			1674
<http://dbpedia.org/resource/Danesh_Moazed>	Danesh Moazed	0.2775	0	0	0	2	2	0	0	0	0	0	0	0	[]	False	False	False	True	Danesh Moazed	0	0	Danesh Moazed|Moazed			1675
<http://dbpedia.org/resource/Daniel_A._Arnold>	Daniel A. Arnold	0.2775	0	1	1	4	0	0	0	0	0	0	0	0	[]	False	False	False	True	Daniel A. Arnold	0	0	Daniel A. Arnold			1676
<http://dbpedia.org/resource/Daniel_C._Carpenter>	Daniel C. Carpenter	0.3316875	0	0	0	0	1	0	0	0	0	0	0	0	[]	False	False	False	True	Daniel C. Carpenter	0	0	Daniel C. Carpenter			1677
<http://dbpedia.org/resource/Daniel_Cane>	Daniel Cane	0.2810205778581969	0	0	0	1	3	0	0	0	0	0	0	0	[]	False	False	False	True	Daniel Cane	0	0	Daniel Cane|Cane			1678
<http://dbpedia.org/resource/Daniel_Chamovitz>	Daniel Chamovitz	0.2775	0	0	0	4	3	0	0	0	0	0	0	0	[]	False	False	False	True	Daniel Chamovitz	0	0	Daniel Chamovitz|Chamovitz			1679
<http://dbpedia.org/resource/Daniel_Gillespie>	Daniel Gillespie	0.2775	0	0	0	2	1	0	0	0	0	0	0	0	[]	False	False	False	True	Daniel Gillespie	0	0	Daniel Gillespie|Gillespie			1680
<http://dbpedia.org/resource/Daniel_Guérin>	Daniel Guérin	0.4211662584800625	0	6	6	0	0	0	0	0	0	0	0	0	[]	False	False	False	True	Daniel Guerin	0	0	Daniel Guerin|Guerin			1681
<http://dbpedia.org/resource/Daniel_Herschlag>	Daniel Herschlag	0.34125	0	0	0	3	1	0	0	0	0	0	0	0	[]	False	False	False	True	Daniel Herschlag	0	0	Daniel Herschlag|Herschlag			1682
<http://dbpedia.org/resource/Daniel_Levitin>	Daniel Levitin	0.49425	0	0	0	4	6	0	0	0	0	0	0	0	[]	False	False	False	True	Daniel Levitin	0	0	Daniel Levitin|Levitin			1683
<http://dbpedia.org/resource/Daniel_Loss>	Daniel Loss	0.2775	0	0	0	1	2	0	0	0	0	0	0	0	[]	False	False	False	True	Daniel Loss	0	0	Daniel Loss|Loss			1684
<http://dbpedia.org/resource/Daniel_O._Nathan>	Daniel O. Nathan	0.2925469924123366	0	1	1	0	0	0	0	0	0	0	0	0	[]	False	False	False	True	Daniel O. Nathan	0	0	Daniel O. Nathan			1685
<http://dbpedia.org/resource/Daniel_Pauly>	Daniel Pauly	0.2775	0	0	0	1	5	0	0	0	0	0	0	0	[]	False	False	False	True	Daniel Pauly	0	0	Daniel Pauly|Pauly			1686
<http://dbpedia.org/resource/Daniel_Ross_(philosopher)>	Daniel Ross (philosopher)	0.4177219613700129	0	1	1	0	0	0	0	0	0	0	0	0	[]	False	False	False	True	Daniel Ross	0	0	Daniel Ross			1687
<http://dbpedia.org/resource/Danielle_Reed>	Danielle Reed	0.2912411274512995	0	0	0	1	2	0	0	0	0	0	0	0	[]	False	False	False	True	Danielle Reed	0	0	Danielle Reed			1688
<http://dbpedia.org/resource/Danny_Cohen_(computer_scientist)>	Danny Cohen (computer scientist)	0.2775	0	0	0	2	2	0	0	0	0	0	0	0	[]	False	False	False	True	Danny Cohen	0	0	Danny Cohen			1689
<http://dbpedia.org/resource/Danny_Greene>	Danny Greene	0.9612404689154856	0	0	0	0	1	0	0	0	0	0	0	0	[]	False	False	False	True	Danny Greene	0	0	Danny Greene|Greene			1690
<http://dbpedia.org/resource/Dara_Norman>	Dara Norman	0.309375	0	1	1	2	0	0	0	0	0	0	0	0	[]	False	False	False	True	Dara Norman	0	0	Dara Norman			1691
<http://dbpedia.org/resource/Daryl_E._Hooper>	Daryl E. Hooper	0.405	0	0	0	1	1	0	0	0	0	0	0	0	[]	False	False	False	True	Daryl E. Hooper	0	0	Daryl E. Hooper|Hooper			1692
<http://dbpedia.org/resource/David_A._Kenny>	David A. Kenny	0.2775	0	0	0	0	1	0	0	0	0	0	0	0	[]	False	False	False	True	David A. Kenny	0	0	David A. Kenny|Kenny			1693
<http://dbpedia.org/resource/David_Andrich>	David Andrich	0.308487288267228	0	3	3	1	0	0	0	0	0	0	0	0	[]	False	False	False	True	David Andrich	0	0	David Andrich|Andrich			1694
<http://dbpedia.org/resource/David_B._Zilberman>	David B. Zilberman	0.2775	1	1	2	0	0	0	0	0	0	0	0	0	[]	False	False	False	True	David B. Zilberman	0	0	David B. Zilberman|Zilberman			1695
<http://dbpedia.org/resource/David_Beerling>	David Beerling	0.3520875	0	2	2	1	0	0	0	0	0	0	0	0	[]	False	False	False	True	David Beerling	0	0	David Beerling|Beerling			1696
<http://dbpedia.org/resource/David_Blitz>	David Blitz	0.5628645052864945	2	3	5	0	0	0	0	0	0	0	0	0	[]	False	False	False	True	David Blitz	0	0	David Blitz|Blitz			1697
<http://dbpedia.org/resource/David_Brumley>	David Brumley	0.2775	0	0	0	3	1	0	0	0	0	0	0	0	[]	False	False	False	True	David Brumley	0	0	David Brumley|Brumley			1698
<http://dbpedia.org/resource/David_C._Jewitt>	David C. Jewitt	0.2775	0	0	0	1	1	0	0	0	0	0	0	0	[]	False	False	False	True	David C. Jewitt	0	0	David C. Jewitt|Jewitt			1699
<http://dbpedia.org/resource/David_C._Muddiman>	David C. Muddiman	0.2775	0	0	0	0	1	0	0	0	0	0	0	0	[]	False	False	False	True	David C. Muddiman	0	0	David C. Muddiman|Muddiman			1700
<http://dbpedia.org/resource/David_Chilton_Phillips>	David Chilton Phillips	0.2844111736145944	0	0	0	0	1	0	0	0	0	0	0	0	[]	False	False	False	True	David Chilton Phillips	0	0	David Chilton Phillips			1701
<http://dbpedia.org/resource/David_Collier_(political_scientist)>	David Collier (political scientist)	0.3636094587573926	0	2	2	0	0	0	0	0	0	0	0	0	[]	False	False	False	True	David Collier	0	0	David Collier|Collier			1702
<http://dbpedia.org/resource/David_Crossman>	David Crossman	0.373125	0	3	3	1	0	0	0	0	0	0	0	0	[]	False	False	False	True	David Crossman	0	0	David Crossman|Crossman			1703
<http://dbpedia.org/resource/David_D._Friedman>	David D. Friedman	0.5233344675154532	6	8	14	2	0	0	0	0	0	0	0	0	[Law, Economics]	False	False	False	True	David D. Friedman	0	0	David D. Friedman			1704
<http://dbpedia.org/resource/David_Don>	David Don	0.2775	0	1	1	0	0	0	0	0	0	0	0	0	[]	False	False	False	True	David Don	0	0	David Don			1705
<http://dbpedia.org/resource/David_Edgar_(playwright)>	David Edgar (playwright)	0.2958514949931177	0	1	1	0	0	0	0	0	0	0	0	0	[]	False	False	False	True	David Edgar	0	0	David Edgar|Edgar			1706
<http://dbpedia.org/resource/David_Fairchild>	David Fairchild	0.2775	0	1	1	0	0	0	0	0	0	0	0	0	[]	False	False	False	True	David Fairchild	0	0	David Fairchild|Fairchild			1707
<http://dbpedia.org/resource/David_G._Cory>	David G. Cory	0.2775	0	0	0	1	4	0	0	0	0	0	0	0	[]	False	False	False	True	David G. Cory	0	0	David G. Cory|Cory			1708
<http://dbpedia.org/resource/David_G._Hebert>	David G. Hebert	0.9625817116073312	0	8	8	1	7	0	0	0	0	0	0	0	[]	False	False	False	True	David G. Hebert	0	0	David G. Hebert|Hebert			1709
<http://dbpedia.org/resource/David_George_Ritchie>	David George Ritchie	0.4031686023730116	0	4	4	0	0	0	0	0	0	0	0	0	[]	False	False	False	True	David George Ritchie	0	0	David George Ritchie			1710
<http://dbpedia.org/resource/David_Gregory_(mathematician)>	David Gregory (mathematician)	0.3240890895256087	2	3	5	3	0	0	0	0	0	0	0	0	[]	False	False	False	True	David Gregory	0	0	David Gregory			1711
<http://dbpedia.org/resource/David_H._Barlow>	David H. Barlow	0.3981923107280459	0	2	2	3	4	0	0	0	0	0	0	0	[]	False	False	False	True	David H. Barlow	0	0	David H. Barlow|Barlow			1712
<http://dbpedia.org/resource/David_H._Gutmann>	David H. Gutmann	0.405	0	0	0	1	1	0	0	0	0	0	0	0	[]	False	False	False	True	David H. Gutmann	0	0	David H. Gutmann|Gutmann			1713
<http://dbpedia.org/resource/David_H._Jonassen>	David H. Jonassen	0.3737861746717928	0	4	4	0	0	0	0	0	0	0	0	0	[]	False	False	False	True	David H. Jonassen	0	0	David H. Jonassen|Jonassen			1714
<http://dbpedia.org/resource/David_J._Malan>	David J. Malan	0.2916666666666667	0	1	1	1	1	0	0	0	0	0	0	0	[]	False	False	False	True	David J. Malan	0	0	David J. Malan|Malan			1715
<http://dbpedia.org/resource/David_J._Wineland>	David J. Wineland	0.3406706314307262	0	1	1	2	2	0	0	0	0	0	0	0	[]	False	False	False	True	David J. Wineland	0	0	David J. Wineland|Wineland			1716
<http://dbpedia.org/resource/David_K._Jordan>	David K. Jordan	0.2775	0	0	0	2	4	0	0	0	0	0	0	0	[]	False	False	False	True	David K. Jordan	0	0	David K. Jordan|Jordan			1717
<http://dbpedia.org/resource/David_Karoly>	David Karoly	0.2775	0	0	0	3	2	0	0	0	0	0	0	0	[]	False	False	False	True	David Karoly	0	0	David Karoly|Karoly			1718
<http://dbpedia.org/resource/David_Lary>	David Lary	0.2775	0	0	0	2	2	0	0	0	0	0	0	0	[]	False	False	False	True	David Lary	0	0	David Lary|Lary			1719
<http://dbpedia.org/resource/David_Lubinski>	David Lubinski	0.309375	0	2	2	1	2	0	0	0	0	0	0	0	[]	False	False	False	True	David Lubinski	0	0	David Lubinski|Lubinski			1720
<http://dbpedia.org/resource/David_M._Berry>	David M. Berry	0.5895077753130757	0	5	5	0	0	0	0	0	0	0	0	0	[]	False	False	False	True	David M. Berry	0	0	David M. Berry|Berry			1721
<http://dbpedia.org/resource/David_M._Potts_(academic)>	David M. Potts (academic)	0.443309765625	0	2	2	2	0	0	0	0	0	0	0	0	[]	False	False	False	True	David M. Potts	0	0	David M. Potts|Potts			1722
<http://dbpedia.org/resource/David_O._Sears>	David O. Sears	0.8075948464054997	0	5	5	2	4	0	0	0	0	0	0	0	[]	False	False	False	True	David O. Sears	0	0	David O. Sears|Sears			1723
<http://dbpedia.org/resource/David_Orton_(deep_ecology)>	David Orton (deep ecology)	0.7519965752679179	0	4	4	0	0	0	0	0	0	0	0	0	[]	False	False	False	True	David Orton	0	0	David Orton|Orton			1724
<http://dbpedia.org/resource/David_P._Currie>	David P. Currie	0.34125	0	2	2	2	0	0	0	0	0	0	0	0	[]	False	False	False	True	David P. Currie	0	0	David P. Currie|Currie			1725
<http://dbpedia.org/resource/David_Parnas>	David Parnas	0.3063161760718967	1	1	2	0	2	0	0	0	0	0	0	0	[]	False	False	False	True	David Parnas	0	0	David Parnas|Parnas			1726
<http://dbpedia.org/resource/David_R._Brown_(neuroscientist)>	David R. Brown (neuroscientist)	0.3761113104179999	0	0	0	1	1	0	0	0	0	0	0	0	[]	False	False	False	True	David R. Brown	0	0	David R. Brown			1727
<http://dbpedia.org/resource/David_R._Gibson>	David R. Gibson	0.3753397089218078	0	0	0	2	3	0	0	0	0	0	0	0	[]	False	False	False	True	David R. Gibson	0	0	David R. Gibson			1728
<http://dbpedia.org/resource/David_R._Mayhew>	David R. Mayhew	0.8761644377563766	14	7	21	0	0	0	0	0	0	0	0	0	[]	False	False	False	True	David R. Mayhew	0	0	David R. Mayhew|Mayhew			1729
<http://dbpedia.org/resource/David_Rees_(mathematician)>	David Rees (mathematician)	0.2871479773238243	0	0	0	1	4	0	0	0	0	0	0	0	[]	False	False	False	True	David Rees	0	0	David Rees|Rees			1730
<http://dbpedia.org/resource/David_Resnik>	David Resnik	0.2775	0	0	0	0	1	0	0	0	0	0	0	0	[]	False	False	False	True	David Resnik	0	0	David Resnik|Resnik			1731
<http://dbpedia.org/resource/David_Sabiston>	David Sabiston	0.2775	0	1	1	2	1	0	0	0	0	0	0	0	[]	False	False	False	True	David Sabiston	0	0	David Sabiston|Sabiston			1732
<http://dbpedia.org/resource/David_Shepherd_Nivison>	David Shepherd Nivison	0.4166875	0	0	0	2	1	0	0	0	0	0	0	0	[]	False	False	False	True	David Shepherd Nivison	0	0	David Shepherd Nivison|Nivison			1733
<http://dbpedia.org/resource/David_Sulzer>	David Sulzer	0.2775	0	0	0	3	5	0	0	0	0	0	0	0	[]	False	False	False	True	David Sulzer	0	0	David Sulzer|Sulzer			1734
<http://dbpedia.org/resource/David_de_la_Croix>	David de la Croix	0.6014501158973966	0	6	6	1	0	0	0	0	0	0	0	0	[Economic growth, Demographic economics]	False	False	False	True	David de la Croix	0	0	David de la Croix|Croix			1735
<http://dbpedia.org/resource/Davor_Džalto>	Davor Džalto	0.6496283264090831	0	8	8	0	0	0	0	0	0	0	0	0	[]	False	False	False	True	Davor Dzalto	0	0	Davor Dzalto|Dzalto			1736
<http://dbpedia.org/resource/Dawn_Bowdish>	Dawn Bowdish	0.558	0	0	0	3	1	0	0	0	0	0	0	0	[]	False	False	False	True	Dawn Bowdish	0	0	Dawn Bowdish|Bowdish			1737
<http://dbpedia.org/resource/Deanna_M._Church>	Deanna M. Church	0.2775	0	0	0	1	1	0	0	0	0	0	0	0	[]	False	False	False	True	Deanna M. Church	0	0	Deanna M. Church			1738
<http://dbpedia.org/resource/Denis_Wirtz>	Denis Wirtz	0.292375	0	0	0	2	4	0	0	0	0	0	0	0	[]	False	False	False	True	Denis Wirtz	0	0	Denis Wirtz|Wirtz			1739
<http://dbpedia.org/resource/Denise_Cai>	Denise Cai	0.3619921250000001	0	1	1	1	0	0	0	0	0	0	0	0	[]	False	False	False	True	Denise Cai	0	0	Denise Cai			1740
<http://dbpedia.org/resource/Denise_Cocquerillat>	Denise Cocquerillat	0.34125	0	2	2	1	0	0	0	0	0	0	0	0	[]	False	False	False	True	Denise Cocquerillat	0	0	Denise Cocquerillat|Cocquerillat			1741
<http://dbpedia.org/resource/Dennis_Lindley>	Dennis Lindley	0.3427888304373741	0	0	0	1	4	0	0	0	0	0	0	0	[]	False	False	False	True	Dennis Lindley	0	0	Dennis Lindley|Lindley			1742
<http://dbpedia.org/resource/Dennis_Robert_Hoagland>	Dennis Robert Hoagland	0.35028125	0	2	2	2	4	0	0	0	0	0	0	0	[]	False	False	False	True	Dennis Robert Hoagland	0	0	Dennis Robert Hoagland|Hoagland			1743
<http://dbpedia.org/resource/Déodat_Gratet_de_Dolomieu>	Déodat Gratet de Dolomieu	0.405	2	2	4	0	1	0	0	0	0	0	0	0	[]	False	False	False	True	Deodat Gratet de Dolomieu	0	0	Deodat Gratet de Dolomieu|Dolomieu			1744
<http://dbpedia.org/resource/Derek_Abbott>	Derek Abbott	0.6043136937169491	0	2	2	2	3	0	0	0	0	0	0	0	[]	False	False	False	True	Derek Abbott	0	0	Derek Abbott			1745
<http://dbpedia.org/resource/Devavrat_Shah>	Devavrat Shah	0.2775	0	0	0	2	2	0	0	0	0	0	0	0	[]	False	False	False	True	Devavrat Shah	0	0	Devavrat Shah			1746
<http://dbpedia.org/resource/Devin_Terhune>	Devin Terhune	0.2775	0	0	0	4	4	0	0	0	0	0	0	0	[]	False	False	False	True	Devin Terhune	0	0	Devin Terhune|Terhune			1747
<http://dbpedia.org/resource/Dewan_Mohammad_Azraf>	Dewan Mohammad Azraf	0.3149832007159395	0	2	2	0	0	0	0	0	0	0	0	0	[]	False	False	False	True	Dewan Mohammad Azraf	0	0	Dewan Mohammad Azraf|Azraf			1748
<http://dbpedia.org/resource/Dewi_Zephaniah_Phillips>	Dewi Zephaniah Phillips	0.6516092462171739	0	6	6	0	0	0	0	0	0	0	0	0	[]	False	False	False	True	Dewi Zephaniah Phillips	0	0	Dewi Zephaniah Phillips			1749
<http://dbpedia.org/resource/Di_Gribble>	Di Gribble	0.2775	0	0	0	0	2	0	0	0	0	0	0	0	[]	False	False	False	True	Di Gribble	0	0	Di Gribble|Gribble			1750
<http://dbpedia.org/resource/Diana_Baumrind>	Diana Baumrind	0.4534168275756955	0	4	4	2	1	0	0	0	0	0	0	0	[]	False	False	False	True	Diana Baumrind	0	0	Diana Baumrind|Baumrind			1751
<http://dbpedia.org/resource/Diana_Valencia>	Diana Valencia	0.405	0	0	0	1	1	0	0	0	0	0	0	0	[]	False	False	False	True	Diana Valencia	0	0	Diana Valencia|Valencia			1752
<http://dbpedia.org/resource/Diane_Damiano>	Diane Damiano	0.29875	0	1	1	3	0	0	0	0	0	0	0	0	[]	False	False	False	True	Diane Damiano	0	0	Diane Damiano|Damiano			1753
<http://dbpedia.org/resource/Diederik_Aerts>	Diederik Aerts	0.3092066795721347	0	1	1	0	2	0	0	0	0	0	0	0	[]	False	False	False	True	Diederik Aerts	0	0	Diederik Aerts|Aerts			1754
<http://dbpedia.org/resource/Diego_Krapf>	Diego Krapf	0.2775	0	0	0	1	2	0	0	0	0	0	0	0	[]	False	False	False	True	Diego Krapf	0	0	Diego Krapf|Krapf			1755
<http://dbpedia.org/resource/Dimitri_Ginev>	Dimitri Ginev	0.6144294226968825	0	6	6	0	0	0	0	0	0	0	0	0	[]	False	False	False	True	Dimitri Ginev	0	0	Dimitri Ginev|Ginev			1756
<http://dbpedia.org/resource/Dimitri_Kullmann>	Dimitri Kullmann	0.34125	0	1	1	1	0	0	0	0	0	0	0	0	[]	False	False	False	True	Dimitri Kullmann	0	0	Dimitri Kullmann|Kullmann			1757
<http://dbpedia.org/resource/Dimitrije_Mitrinović>	Dimitrije Mitrinović	0.927666143713283	2	8	10	0	0	0	0	0	0	0	0	0	[]	False	False	False	True	Dimitrije Mitrinovic	0	0	Dimitrije Mitrinovic|Mitrinovic			1758
<http://dbpedia.org/resource/Dimitris_Dimitrakos>	Dimitris Dimitrakos	0.3173226322512041	0	4	4	0	0	0	0	0	0	0	0	0	[]	False	False	False	True	Dimitris Dimitrakos	0	0	Dimitris Dimitrakos|Dimitrakos			1759
<http://dbpedia.org/resource/Dimitris_Liantinis>	Dimitris Liantinis	0.3056363215894762	0	4	4	0	0	0	0	0	0	0	0	0	[]	False	False	False	True	Dimitris Liantinis	0	0	Dimitris Liantinis|Liantinis			1760
<http://dbpedia.org/resource/Dines_Bjørner>	Dines Bjørner	0.34125	5	2	7	1	2	0	0	0	0	0	0	0	[]	False	False	False	True	Dines Bjørner	0	0	Dines Bjørner|Bjørner			1761
<http://dbpedia.org/resource/Dirk_Polder>	Dirk Polder	0.3353284093331936	0	0	0	1	2	0	0	0	0	0	0	0	[]	False	False	False	True	Dirk Polder	0	0	Dirk Polder|Polder			1762
<http://dbpedia.org/resource/Djamila_Ribeiro>	Djamila Ribeiro	0.6205458233207836	0	6	6	0	0	0	0	0	0	0	0	0	[]	False	False	False	True	Djamila Ribeiro	0	0	Djamila Ribeiro|Ribeiro			1763
<http://dbpedia.org/resource/Domenico_Guglielmini>	Domenico Guglielmini	0.3182685784988024	0	3	3	1	0	0	0	0	0	0	0	0	[]	False	False	False	True	Domenico Guglielmini	0	0	Domenico Guglielmini|Guglielmini			1764
<http://dbpedia.org/resource/Dominic_Kwiatkowski>	Dominic Kwiatkowski	0.32	0	2	2	0	0	0	0	0	0	0	0	0	[]	False	False	False	True	Dominic Kwiatkowski	0	0	Dominic Kwiatkowski|Kwiatkowski			1765
<http://dbpedia.org/resource/Dominique_de_Caen>	Dominique de Caen	0.2775	0	0	0	1	1	0	0	0	0	0	0	0	[]	False	False	False	True	Dominique de Caen	0	0	Dominique de Caen|Caen			1766
<http://dbpedia.org/resource/Don_Clark_(psychologist)>	Don Clark (psychologist)	0.4332046650470089	0	3	3	2	1	0	0	0	0	0	0	0	[]	False	False	False	True	Don Clark	0	0	Don Clark			1767
<http://dbpedia.org/resource/Don_Edward_Beck>	Don Edward Beck	0.3267393875258714	0	2	2	0	1	0	0	0	0	0	0	0	[]	False	False	False	True	Don Edward Beck	0	0	Don Edward Beck			1768
<http://dbpedia.org/resource/Don_Kirkham>	Don Kirkham	0.3078064880844679	0	1	1	1	0	0	0	0	0	0	0	0	[]	False	False	False	True	Don Kirkham	0	0	Don Kirkham|Kirkham			1769
<http://dbpedia.org/resource/Don_Patinkin>	Don Patinkin	0.3556289638954891	1	5	6	1	0	0	0	0	0	0	0	0	[Monetary economics]	False	False	False	True	Don Patinkin	0	0	Don Patinkin|Patinkin			1770
<http://dbpedia.org/resource/Donald_G._Paterson>	Donald G. Paterson	0.2775	0	0	0	1	3	0	0	0	0	0	0	0	[]	False	False	False	True	Donald G. Paterson	0	0	Donald G. Paterson|Paterson			1771
<http://dbpedia.org/resource/Donald_Meltzer>	Donald Meltzer	0.2981175335598814	1	1	2	0	0	0	0	0	0	0	0	0	[]	False	False	False	True	Donald Meltzer	0	0	Donald Meltzer|Meltzer			1772
<http://dbpedia.org/resource/Donald_O._Hebb>	Donald O. Hebb	0.2775	1	0	1	3	1	0	0	0	0	0	0	0	[]	False	False	False	True	Donald O. Hebb	0	0	Donald O. Hebb|Hebb			1773
<http://dbpedia.org/resource/Donald_Pigott>	Donald Pigott	0.3878438698692985	0	2	2	0	1	0	0	0	0	0	0	0	[]	False	False	False	True	Donald Pigott	0	0	Donald Pigott|Pigott			1774
<http://dbpedia.org/resource/Donald_Van_Slyke>	Donald Van Slyke	0.4179343002524928	0	2	2	0	0	0	0	0	0	0	0	0	[]	False	False	False	True	Donald Van Slyke	0	0	Donald Van Slyke|Slyke			1775
<http://dbpedia.org/resource/Donniel_Hartman>	Donniel Hartman	0.2775	0	1	1	0	0	0	0	0	0	0	0	0	[]	False	False	False	True	Donniel Hartman	0	0	Donniel Hartman|Hartman			1776
<http://dbpedia.org/resource/Doris_Schattschneider>	Doris Schattschneider	0.5004556920902445	0	2	2	1	0	0	0	0	0	0	0	0	[]	False	False	False	True	Doris Schattschneider	0	0	Doris Schattschneider|Schattschneider			1777
<http://dbpedia.org/resource/Dorothea_Bate>	Dorothea Bate	0.3681666666666667	0	2	2	0	0	0	0	0	0	0	0	0	[]	False	False	False	True	Dorothea Bate	0	0	Dorothea Bate|Bate			1778
<http://dbpedia.org/resource/Dorothea_De_Winton>	Dorothea De Winton	0.4000416666666667	0	2	2	0	0	0	0	0	0	0	0	0	[]	False	False	False	True	Dorothea De Winton	0	0	Dorothea De Winton|Winton			1779
<http://dbpedia.org/resource/Dorothea_Lange>	Dorothea Lange	0.4344258259389127	0	0	0	0	0	2	0	0	0	0	0	0	[]	False	False	False	True	Dorothea Lange	0	0	Dorothea Lange|Lange			1780
<http://dbpedia.org/resource/Dorothy_Garrod>	Dorothy Garrod	0.32	1	2	3	2	0	0	0	0	0	0	0	0	[]	False	False	False	True	Dorothy Garrod	0	0	Dorothy Garrod|Garrod			1781
<http://dbpedia.org/resource/Douglas_Engelbart>	Douglas Engelbart	0.3781569627192983	2	2	4	2	4	0	0	0	0	0	0	0	[]	False	False	False	True	Douglas Engelbart	0	0	Douglas Engelbart|Engelbart			1782
<http://dbpedia.org/resource/Douglas_Haldane>	Douglas Haldane	0.8277764863638621	0	6	6	1	2	0	0	0	0	0	0	0	[]	False	False	False	True	Douglas Haldane	0	0	Douglas Haldane|Haldane			1783
<http://dbpedia.org/resource/Douglas_John_Hall>	Douglas John Hall	0.3163675952257631	0	1	1	0	0	0	0	0	0	0	0	0	[]	False	False	False	True	Douglas John Hall	0	0	Douglas John Hall			1784
<http://dbpedia.org/resource/Douglas_McIlroy>	Douglas McIlroy	0.32626875	0	0	0	2	11	0	0	0	0	0	0	0	[]	False	False	False	True	Douglas McIlroy	0	0	Douglas McIlroy|McIlroy			1785
<http://dbpedia.org/resource/Douglas_Osheroff>	Douglas Osheroff	0.391639422861601	0	1	1	2	2	0	0	0	0	0	0	0	[]	False	False	False	True	Douglas Osheroff	0	0	Douglas Osheroff|Osheroff			1786
<http://dbpedia.org/resource/Douglas_Ravenel>	Douglas Ravenel	0.3175627504857298	0	0	0	1	2	0	0	0	0	0	0	0	[]	False	False	False	True	Douglas Ravenel	0	0	Douglas Ravenel|Ravenel			1787
<http://dbpedia.org/resource/Douglas_W._Owsley>	Douglas W. Owsley	2.378616957906112	2	5	7	2	4	0	0	0	0	0	0	0	[]	False	False	False	True	Douglas W. Owsley	0	0	Douglas W. Owsley|Owsley			1788
<http://dbpedia.org/resource/Dragan_Damjanovic>	Dragan Damjanovic	0.2775	0	0	0	2	3	0	0	0	0	0	0	0	[]	False	False	False	True	Dragan Damjanovic	0	0	Dragan Damjanovic|Damjanovic			1789
<http://dbpedia.org/resource/Dragoš_Kalajić>	Dragoš Kalajić	0.2833928841713327	1	1	2	0	0	0	0	0	0	0	0	0	[]	False	False	False	True	Dragos Kalajic	0	0	Dragos Kalajic|Kalajic			1790
<http://dbpedia.org/resource/Drew_Lynch>	Drew Lynch	0.5701231250000001	0	1	1	0	0	0	0	0	0	0	0	0	[]	False	False	False	True	Drew Lynch	0	0	Drew Lynch			1791
<http://dbpedia.org/resource/Duane_Rousselle>	Duane Rousselle	0.4977958567739949	0	3	3	3	0	0	0	0	0	0	0	0	[]	False	False	False	True	Duane Rousselle	0	0	Duane Rousselle|Rousselle			1792
<http://dbpedia.org/resource/Duncan_K._Foley>	Duncan K. Foley	0.5285714375963704	0	9	9	4	0	0	0	0	0	0	0	0	[Economics]	False	False	False	True	Duncan K. Foley	0	0	Duncan K. Foley|Foley			1793
<http://dbpedia.org/resource/Durward_William_John_Cruickshank>	Durward William John Cruickshank	0.2775	0	0	0	0	1	0	0	0	0	0	0	0	[]	False	False	False	True	Durward William John Cruickshank	0	0	Durward William John Cruickshank|Cruickshank			1794
<http://dbpedia.org/resource/Dusan_Krajcinovic>	Dusan Krajcinovic	45.53491523065444	0	0	0	1	1	0	0	0	0	0	0	0	[]	False	False	False	True	Dusan Krajcinovic	0	0	Dusan Krajcinovic|Krajcinovic			1795
<http://dbpedia.org/resource/E._E._Ericksen>	E. E. Ericksen	0.4017088870419044	0	1	1	0	0	0	0	0	0	0	0	0	[]	False	False	False	True	E. E. Ericksen	0	0	E. E. Ericksen|Ericksen			1796
<http://dbpedia.org/resource/E._Gene_Smith>	E. Gene Smith	0.2775	0	1	1	1	0	0	0	0	0	0	0	0	[]	False	False	False	True	E. Gene Smith	0	0	E. Gene Smith			1797
<http://dbpedia.org/resource/E._J._Bowen>	E. J. Bowen	0.4496910206280721	0	0	0	1	1	0	0	0	0	0	0	0	[]	False	False	False	True	E. J. Bowen	0	0	E. J. Bowen			1798
<http://dbpedia.org/resource/E._Lowell_Kelly>	E. Lowell Kelly	0.2957460245377152	0	0	0	3	1	0	0	0	0	0	0	0	[]	False	False	False	True	E. Lowell Kelly	0	0	E. Lowell Kelly			1799
<http://dbpedia.org/resource/E._S._Raja_Gopal>	E. S. Raja Gopal	0.3508470355352578	0	0	0	0	1	0	0	0	0	0	0	0	[]	False	False	False	True	E. S. Raja Gopal	0	0	E. S. Raja Gopal|Gopal			1800
<http://dbpedia.org/resource/E._T._Whittaker>	E. T. Whittaker	0.34125	0	0	0	1	7	0	0	0	0	0	0	0	[]	False	False	False	True	E. T. Whittaker	0	0	E. T. Whittaker|Whittaker			1801
<http://dbpedia.org/resource/Earl_Muetterties>	Earl Muetterties	0.34125	0	0	0	2	5	0	0	0	0	0	0	0	[]	False	False	False	True	Earl Muetterties	0	0	Earl Muetterties|Muetterties			1802
<http://dbpedia.org/resource/Eben_Norton_Horsford>	Eben Norton Horsford	0.3063392857142857	0	3	3	0	3	0	0	0	0	0	0	0	[]	False	False	False	True	Eben Norton Horsford	0	0	Eben Norton Horsford|Horsford			1803
<http://dbpedia.org/resource/Ed_V._Hungerford_III>	Ed V. Hungerford III	0.2775	0	0	0	1	2	0	0	0	0	0	0	0	[]	False	False	False	True	Ed V. Hungerford III	0	0	Ed V. Hungerford III			1804
<http://dbpedia.org/resource/Edgar_F._Codd>	Edgar F. Codd	0.3111964285714286	0	1	1	2	8	0	0	0	0	0	0	0	[]	False	False	False	True	Edgar F. Codd	0	0	Edgar F. Codd|Codd			1805
<http://dbpedia.org/resource/Edgar_Morin>	Edgar Morin	0.747998218409507	3	19	22	0	0	0	0	0	0	0	0	0	[]	False	False	False	True	Edgar Morin	0	0	Edgar Morin|Morin			1806
<http://dbpedia.org/resource/Edip_Yüksel>	Edip Yüksel	0.8065051084109344	1	1	2	0	0	0	0	0	0	0	0	0	[]	False	False	False	True	Edip Yuksel	0	0	Edip Yuksel|Yuksel			1807
<http://dbpedia.org/resource/Edith_Cohen>	Edith Cohen	0.2855976621373108	0	1	1	2	0	0	0	0	0	0	0	0	[]	False	False	False	True	Edith Cohen	0	0	Edith Cohen			1808
<http://dbpedia.org/resource/Edith_Hirsch_Luchins>	Edith Hirsch Luchins	0.2775	0	0	0	3	1	0	0	0	0	0	0	0	[]	False	False	False	True	Edith Hirsch Luchins	0	0	Edith Hirsch Luchins|Luchins			1809
<http://dbpedia.org/resource/Edmond_H._Fischer>	Edmond H. Fischer	0.2775	0	0	0	1	1	0	0	0	0	0	0	0	[]	False	False	False	True	Edmond H. Fischer	0	0	Edmond H. Fischer			1810
<http://dbpedia.org/resource/Edmond_Locard>	Edmond Locard	0.3134665609101695	1	1	2	0	2	0	0	0	0	0	0	0	[]	False	False	False	True	Edmond Locard	0	0	Edmond Locard|Locard			1811
<http://dbpedia.org/resource/Edmund_Jaeger>	Edmund Jaeger	1.0458658957412592	1	10	11	1	1	0	0	0	0	0	0	0	[]	False	False	False	True	Edmund Jaeger	0	0	Edmund Jaeger|Jaeger			1812
<http://dbpedia.org/resource/Edmund_Montgomery>	Edmund Montgomery	0.3529489843324869	0	6	6	4	0	0	0	0	0	0	0	0	[]	False	False	False	True	Edmund Montgomery	0	0	Edmund Montgomery			1813
<http://dbpedia.org/resource/Edmund_W._Gordon>	Edmund W. Gordon	0.3350496742672149	0	2	2	0	0	0	0	0	0	0	0	0	[]	False	False	False	True	Edmund W. Gordon	0	0	Edmund W. Gordon			1814
<http://dbpedia.org/resource/Edoardo_Airoldi>	Edoardo Airoldi	0.2926099659943512	0	0	0	2	1	0	0	0	0	0	0	0	[]	False	False	False	True	Edoardo Airoldi	0	0	Edoardo Airoldi|Airoldi			1815
<http://dbpedia.org/resource/Édouard_Vuillard>	Édouard Vuillard	0.2775	0	1	1	0	0	0	0	0	0	0	0	0	[Painting, Printmaking]	False	False	False	True	Edouard Vuillard	0	0	Edouard Vuillard|Vuillard			1816
<http://dbpedia.org/resource/Eduard_Heine>	Eduard Heine	0.3068319941292778	0	1	1	1	1	0	0	0	0	0	0	0	[]	False	False	False	True	Eduard Heine	0	0	Eduard Heine			1817
<http://dbpedia.org/resource/Eduard_Limonov>	Eduard Limonov	0.8993509368811896	0	1	1	1	0	1	0	0	0	0	0	1	[]	False	False	False	True	Eduard Limonov	0	0	Eduard Limonov|Limonov			1818
<http://dbpedia.org/resource/Eduardo_Torroja_Caballe>	Eduardo Torroja Caballe	0.324675	3	2	5	1	0	0	0	0	0	0	0	0	[]	False	False	False	True	Eduardo Torroja Caballe	0	0	Eduardo Torroja Caballe|Caballe			1819
<http://dbpedia.org/resource/Edward_A._Irving>	Edward A. Irving	0.3182082118055556	0	3	3	1	0	0	0	0	0	0	0	0	[]	False	False	False	True	Edward A. Irving	0	0	Edward A. Irving|Irving			1820
<http://dbpedia.org/resource/Edward_Abraham>	Edward Abraham	0.2934670798082085	0	1	1	1	0	0	0	0	0	0	0	0	[]	False	False	False	True	Edward Abraham	0	0	Edward Abraham			1821
<http://dbpedia.org/resource/Edward_Abramowski>	Edward Abramowski	0.3236902198508844	1	6	7	0	0	0	0	0	0	0	0	0	[]	False	False	False	True	Edward Abramowski	0	0	Edward Abramowski|Abramowski			1822
<http://dbpedia.org/resource/Edward_Alfred_Minchin>	Edward Alfred Minchin	0.2775	0	1	1	1	2	0	0	0	0	0	0	0	[]	False	False	False	True	Edward Alfred Minchin	0	0	Edward Alfred Minchin|Minchin			1823
<http://dbpedia.org/resource/Edward_Atkinson_(activist)>	Edward Atkinson (activist)	0.4358790192719226	0	4	4	2	0	0	0	0	0	0	0	0	[]	False	False	False	True	Edward Atkinson	0	0	Edward Atkinson|Atkinson			1824
<http://dbpedia.org/resource/Edward_Bernays>	Edward Bernays	0.4840272029206897	0	4	4	0	6	0	0	0	0	0	0	0	[]	False	False	False	True	Edward Bernays	0	0	Edward Bernays			1825
<http://dbpedia.org/resource/Edward_C._Harwood>	Edward C. Harwood	0.5573504476925522	0	9	9	2	0	0	0	0	0	0	0	0	[]	False	False	False	True	Edward C. Harwood	0	0	Edward C. Harwood|Harwood			1826
<http://dbpedia.org/resource/Edward_Drinker_Cope>	Edward Drinker Cope	0.2775	1	1	2	0	1	0	0	0	0	0	0	0	[]	False	False	False	True	Edward Drinker Cope	0	0	Edward Drinker Cope|Cope			1827
<http://dbpedia.org/resource/Edward_Glaeser>	Edward Glaeser	0.2870058559851439	0	3	3	2	0	0	0	0	0	0	0	0	[Economics]	False	False	False	True	Edward Glaeser	0	0	Edward Glaeser|Glaeser			1828
<http://dbpedia.org/resource/Edward_Henry_Sieveking>	Edward Henry Sieveking	0.2775	0	0	0	1	1	0	0	0	0	0	0	0	[]	False	False	False	True	Edward Henry Sieveking	0	0	Edward Henry Sieveking|Sieveking			1829
<http://dbpedia.org/resource/Edward_Hopkins_Jenkins>	Edward Hopkins Jenkins	0.2775	0	1	1	1	0	0	0	0	0	0	0	0	[]	False	False	False	True	Edward Hopkins Jenkins	0	0	Edward Hopkins Jenkins			1830
<http://dbpedia.org/resource/Edward_Laumann>	Edward Laumann	0.7578111295976645	0	8	8	2	1	0	0	0	0	0	0	0	[]	False	False	False	True	Edward Laumann	0	0	Edward Laumann|Laumann			1831
<http://dbpedia.org/resource/Edward_Mills_Purcell>	Edward Mills Purcell	0.4979463768957003	0	0	0	2	6	0	0	0	0	0	0	0	[]	False	False	False	True	Edward Mills Purcell	0	0	Edward Mills Purcell|Purcell			1832
<http://dbpedia.org/resource/Edward_Neuman>	Edward Neuman	0.2775	0	0	0	1	1	0	0	0	0	0	0	0	[]	False	False	False	True	Edward Neuman	0	0	Edward Neuman|Neuman			1833
<http://dbpedia.org/resource/Edward_O._Thorp>	Edward O. Thorp	0.2800901001545336	0	1	1	1	0	0	0	0	0	0	0	0	[]	False	False	False	True	Edward O. Thorp	0	0	Edward O. Thorp|Thorp			1834
<http://dbpedia.org/resource/Edward_R._Dougherty>	Edward R. Dougherty	0.3071812152710139	0	0	0	2	3	0	0	0	0	0	0	0	[]	False	False	False	True	Edward R. Dougherty	0	0	Edward R. Dougherty|Dougherty			1835
<http://dbpedia.org/resource/Edward_Rebar>	Edward Rebar	0.2775	0	0	0	2	1	0	0	0	0	0	0	0	[]	False	False	False	True	Edward Rebar	0	0	Edward Rebar|Rebar			1836
<http://dbpedia.org/resource/Edward_Stringham>	Edward Stringham	0.5383902474653891	0	7	7	3	0	0	0	0	0	0	0	0	[Political economy]	False	False	False	True	Edward Stringham	0	0	Edward Stringham|Stringham			1837
<http://dbpedia.org/resource/Edward_Trifonov>	Edward Trifonov	0.42253125	0	0	0	1	4	0	0	0	0	0	0	0	[]	False	False	False	True	Edward Trifonov	0	0	Edward Trifonov|Trifonov			1838
<http://dbpedia.org/resource/Edwin_H._Colpitts>	Edwin H. Colpitts	0.3215441666666667	0	1	1	2	1	0	0	0	0	0	0	0	[]	False	False	False	True	Edwin H. Colpitts	0	0	Edwin H. Colpitts|Colpitts			1839
<http://dbpedia.org/resource/Edwin_Joseph_Cohn>	Edwin Joseph Cohn	0.2973287370131281	3	4	7	0	1	0	0	0	0	0	0	0	[]	False	False	False	True	Edwin Joseph Cohn	0	0	Edwin Joseph Cohn			1840
<http://dbpedia.org/resource/Edwin_Kuh>	Edwin Kuh	0.3262785847801002	2	3	5	2	0	0	0	0	0	0	0	0	[Economics, Econometrics]	False	False	False	True	Edwin Kuh	0	0	Edwin Kuh			1841
<http://dbpedia.org/resource/Edwin_W._Kemmerer>	Edwin W. Kemmerer	0.2929534722222222	2	1	3	0	0	0	0	0	0	0	0	0	[]	False	False	False	True	Edwin W. Kemmerer	0	0	Edwin W. Kemmerer|Kemmerer			1842
<http://dbpedia.org/resource/Efrat_Lifshitz>	Efrat Lifshitz	187.06521709952847	0	0	0	2	1	0	0	0	0	0	0	0	[]	False	False	False	True	Efrat Lifshitz	0	0	Efrat Lifshitz			1843
<http://dbpedia.org/resource/Ei-ichi_Negishi>	Ei-ichi Negishi	0.2793602431899392	0	2	2	2	1	0	0	0	0	0	0	0	[]	False	False	False	True	Ei-ichi Negishi	0	0	Ei-ichi Negishi|Negishi			1844
<http://dbpedia.org/resource/Elaine_Chew>	Elaine Chew	0.2948207101873105	0	1	1	2	0	0	0	0	0	0	0	0	[]	False	False	False	True	Elaine Chew	0	0	Elaine Chew|Chew			1845
<http://dbpedia.org/resource/Elaine_Hsiao>	Elaine Hsiao	0.47459375	0	2	2	2	0	0	0	0	0	0	0	0	[]	False	False	False	True	Elaine Hsiao	0	0	Elaine Hsiao|Hsiao			1846
<http://dbpedia.org/resource/Eleanor_Duckworth>	Eleanor Duckworth	0.3387156807013038	0	3	3	0	0	0	0	0	0	0	0	0	[]	False	False	False	True	Eleanor Duckworth	0	0	Eleanor Duckworth|Duckworth			1847
<http://dbpedia.org/resource/Eleanor_Leacock>	Eleanor Leacock	0.3026014019963571	0	3	3	1	0	0	0	0	0	0	0	0	[]	False	False	False	True	Eleanor Leacock	0	0	Eleanor Leacock|Leacock			1848
<http://dbpedia.org/resource/Elena_Bennett>	Elena Bennett	0.2775	0	0	0	2	1	0	0	0	0	0	0	0	[]	False	False	False	True	Elena Bennett	0	0	Elena Bennett			1849
<http://dbpedia.org/resource/Elhanan_Helpman>	Elhanan Helpman	0.32	0	2	2	2	0	0	0	0	0	0	0	0	[Political economy, Economic growth, International trade]	False	False	False	True	Elhanan Helpman	0	0	Elhanan Helpman|Helpman			1850
<http://dbpedia.org/resource/Elias_Porter>	Elias Porter	0.3303866422606611	0	4	4	2	2	0	0	0	0	0	0	0	[]	False	False	False	True	Elias Porter	0	0	Elias Porter			1851
<http://dbpedia.org/resource/Élisabeth_Guazzelli>	Élisabeth Guazzelli	0.2775	0	0	0	2	2	0	0	0	0	0	0	0	[]	False	False	False	True	Elisabeth Guazzelli	0	0	Elisabeth Guazzelli|Guazzelli			1852
<http://dbpedia.org/resource/Elisabeth_Gwinn>	Elisabeth Gwinn	0.2775	0	0	0	2	2	0	0	0	0	0	0	0	[]	False	False	False	True	Elisabeth Gwinn	0	0	Elisabeth Gwinn|Gwinn			1853
<http://dbpedia.org/resource/Elisabeth_Kübler-Ross>	Elisabeth Kübler-Ross	0.3320537093652391	5	3	8	1	1	0	0	0	0	0	0	0	[]	False	False	False	True	Elisabeth Kubler-Ross	0	0	Elisabeth Kubler-Ross|Kubler-Ross			1854
<http://dbpedia.org/resource/Elisabeth_Noelle-Neumann>	Elisabeth Noelle-Neumann	0.2775	0	0	0	2	2	0	0	0	0	0	0	0	[]	False	False	False	True	Elisabeth Noelle-Neumann	0	0	Elisabeth Noelle-Neumann|Noelle-Neumann			1855
<http://dbpedia.org/resource/Élisabeth_Roudinesco>	Élisabeth Roudinesco	0.501875856371512	0	5	5	0	0	0	0	0	0	0	0	0	[]	False	False	False	True	Elisabeth Roudinesco	0	0	Elisabeth Roudinesco|Roudinesco			1856
<http://dbpedia.org/resource/Élise_Huillery>	Élise Huillery	0.3996589966922054	0	2	2	0	0	0	0	0	0	0	0	0	[]	False	False	False	True	Elise Huillery	0	0	Elise Huillery|Huillery			1857
<http://dbpedia.org/resource/Elizabeta_Dimitrova>	Elizabeta Dimitrova	0.405	0	0	0	2	1	0	0	0	0	0	0	0	[]	False	False	False	True	Elizabeta Dimitrova	0	0	Elizabeta Dimitrova|Dimitrova			1858
<http://dbpedia.org/resource/Elizabeth_Colson>	Elizabeth Colson	0.8072659251228412	0	9	9	2	1	0	0	0	0	0	0	0	[]	False	False	False	True	Elizabeth Colson	0	0	Elizabeth Colson			1859
<http://dbpedia.org/resource/Elizabeth_Fisher_(neuroscientist)>	Elizabeth Fisher (neuroscientist)	0.2851492927272023	0	1	1	2	0	0	0	0	0	0	0	0	[]	False	False	False	True	Elizabeth Fisher	0	0	Elizabeth Fisher			1860
<http://dbpedia.org/resource/Elizabeth_Gardner_(physicist)>	Elizabeth Gardner (physicist)	0.2775	0	0	0	0	1	0	0	0	0	0	0	0	[]	False	False	False	True	Elizabeth Gardner	0	0	Elizabeth Gardner			1861
<http://dbpedia.org/resource/Elizabeth_Hill_Boone>	Elizabeth Hill Boone	0.2775	0	1	1	2	3	0	0	0	0	0	0	0	[]	False	False	False	True	Elizabeth Hill Boone	0	0	Elizabeth Hill Boone|Boone			1862
<http://dbpedia.org/resource/Elizabeth_Niespolo>	Elizabeth Niespolo	0.3040005081845238	0	1	1	0	3	0	0	0	0	0	0	0	[]	False	False	False	True	Elizabeth Niespolo	0	0	Elizabeth Niespolo|Niespolo			1863
<http://dbpedia.org/resource/Elizabeth_S._Anderson>	Elizabeth S. Anderson	0.8931425217462333	0	11	11	0	0	0	0	0	0	0	0	0	[]	False	False	False	True	Elizabeth S. Anderson	0	0	Elizabeth S. Anderson			1864
<http://dbpedia.org/resource/Ellen_Silbergeld>	Ellen Silbergeld	0.405	0	0	0	2	1	0	0	0	0	0	0	0	[]	False	False	False	True	Ellen Silbergeld	0	0	Ellen Silbergeld|Silbergeld			1865
<http://dbpedia.org/resource/Ellen_Spertus>	Ellen Spertus	0.2775	0	0	0	0	2	0	0	0	0	0	0	0	[]	False	False	False	True	Ellen Spertus	0	0	Ellen Spertus|Spertus			1866
<http://dbpedia.org/resource/Elliott_H._Lieb>	Elliott H. Lieb	0.4357769899071486	0	0	0	2	20	0	0	0	0	0	0	0	[]	False	False	False	True	Elliott H. Lieb	0	0	Elliott H. Lieb|Lieb			1867
<http://dbpedia.org/resource/Elliott_Organick>	Elliott Organick	0.2775	0	0	0	1	1	0	0	0	0	0	0	0	[]	False	False	False	True	Elliott Organick	0	0	Elliott Organick|Organick			1868
<http://dbpedia.org/resource/Elliott_Waters_Montroll>	Elliott Waters Montroll	0.2775	0	0	0	1	2	0	0	0	0	0	0	0	[]	False	False	False	True	Elliott Waters Montroll	0	0	Elliott Waters Montroll|Montroll			1869
<http://dbpedia.org/resource/Elmer_Kraemer>	Elmer Kraemer	0.309375	0	0	0	1	3	0	0	0	0	0	0	0	[]	False	False	False	True	Elmer Kraemer	0	0	Elmer Kraemer|Kraemer			1870
<http://dbpedia.org/resource/Elsa_van_Dien>	Elsa van Dien	0.3140913194444445	0	1	1	2	0	0	0	0	0	0	0	0	[]	False	False	False	True	Elsa van Dien	0	0	Elsa van Dien|Dien			1871
<http://dbpedia.org/resource/Emanuele_Foà>	Emanuele Foà	0.2775	0	0	0	0	2	0	0	0	0	0	0	0	[]	False	False	False	True	Emanuele Foa	0	0	Emanuele Foa			1872
<http://dbpedia.org/resource/Emanuele_Tesauro>	Emanuele Tesauro	1.0709978208578217	6	11	17	0	0	0	0	0	0	0	0	0	[]	False	False	False	True	Emanuele Tesauro	0	0	Emanuele Tesauro|Tesauro			1873
<http://dbpedia.org/resource/Emil_Cioran>	Emil Cioran	1.0849928995504028	3	16	19	0	0	0	0	0	0	0	0	0	[]	False	False	False	True	Emil Cioran	0	0	Emil Cioran|Cioran			1874
<http://dbpedia.org/resource/Emil_Fischer>	Emil Fischer	0.2844911922294387	2	0	2	2	1	0	0	0	0	0	0	0	[]	False	False	False	True	Emil Fischer	0	0	Emil Fischer			1875
<http://dbpedia.org/resource/Emil_Kraepelin>	Emil Kraepelin	0.4650977677129332	4	4	8	3	2	0	0	0	0	0	0	0	[]	False	False	False	True	Emil Kraepelin	0	0	Emil Kraepelin|Kraepelin			1876
<http://dbpedia.org/resource/Emil_L._Smith>	Emil L. Smith	0.4734553571428572	1	2	3	0	0	0	0	0	0	0	0	0	[]	False	False	False	True	Emil L. Smith	0	0	Emil L. Smith			1877
<http://dbpedia.org/resource/Emil_Wolf>	Emil Wolf	0.3269841627483807	0	0	0	1	3	0	0	0	0	0	0	0	[]	False	False	False	True	Emil Wolf	0	0	Emil Wolf			1878
<http://dbpedia.org/resource/Émile_Armand>	Émile Armand	0.6086080531576102	4	8	12	0	0	0	0	0	0	0	0	0	[]	False	False	False	True	Emile Armand	0	0	Emile Armand|Armand			1879
<http://dbpedia.org/resource/Émile_Lemoine>	Émile Lemoine	0.2775	0	0	0	1	1	0	0	0	0	0	0	0	[]	False	False	False	True	Emile Lemoine	0	0	Emile Lemoine|Lemoine			1880
<http://dbpedia.org/resource/Emile_Plantamour>	Emile Plantamour	0.3748695025516151	0	6	6	0	0	0	0	0	0	0	0	0	[]	False	False	False	True	Emile Plantamour	0	0	Emile Plantamour|Plantamour			1881
<http://dbpedia.org/resource/Emilie_Snethlage>	Emilie Snethlage	0.4692532176659136	0	3	3	1	1	0	0	0	0	0	0	0	[]	False	False	False	True	Emilie Snethlage	0	0	Emilie Snethlage|Snethlage			1882
<http://dbpedia.org/resource/Emilio_Del_Giudice>	Emilio Del Giudice	0.6293491780893437	1	3	4	0	2	0	0	0	0	0	0	0	[]	False	False	False	True	Emilio Del Giudice	0	0	Emilio Del Giudice|Giudice			1883
<http://dbpedia.org/resource/Emily_Arnesen>	Emily Arnesen	0.334875	0	2	2	0	0	0	0	0	0	0	0	0	[]	False	False	False	True	Emily Arnesen	0	0	Emily Arnesen|Arnesen			1884
<http://dbpedia.org/resource/Emmanuel_Todd>	Emmanuel Todd	0.34125	0	1	1	3	1	0	0	0	0	0	0	0	[]	False	False	False	True	Emmanuel Todd	0	0	Emmanuel Todd			1885
<http://dbpedia.org/resource/Enikő_Kubinyi>	Enikő Kubinyi	0.49425	0	1	1	0	0	0	0	0	0	0	0	0	[]	False	False	False	True	Eniko Kubinyi	0	0	Eniko Kubinyi|Kubinyi			1886
<http://dbpedia.org/resource/Enok_Palm>	Enok Palm	0.2782750063289299	0	1	1	0	0	0	0	0	0	0	0	0	[]	False	False	False	True	Enok Palm	0	0	Enok Palm|Palm			1887
<http://dbpedia.org/resource/Enrico_Betti>	Enrico Betti	0.30531625	0	0	0	1	2	0	0	0	0	0	0	0	[]	False	False	False	True	Enrico Betti	0	0	Enrico Betti|Betti			1888
<http://dbpedia.org/resource/Enrico_Ferri_(criminologist)>	Enrico Ferri (criminologist)	0.2792879468651445	0	1	1	0	0	0	0	0	0	0	0	0	[]	False	False	False	True	Enrico Ferri	0	0	Enrico Ferri|Ferri			1889
<http://dbpedia.org/resource/Enzo_Martinelli>	Enzo Martinelli	0.3612583429206413	1	0	1	1	2	0	0	0	0	0	0	0	[]	False	False	False	True	Enzo Martinelli	0	0	Enzo Martinelli|Martinelli			1890
<http://dbpedia.org/resource/Ephraim_Snow>	Ephraim Snow	0.9612404689154856	0	0	0	0	1	0	0	0	0	0	0	0	[]	False	False	False	True	Ephraim Snow	0	0	Ephraim Snow|Snow			1891
<http://dbpedia.org/resource/Eric_Berne>	Eric Berne	0.3453355052884513	3	4	7	0	1	0	0	0	0	0	0	0	[]	False	False	False	True	Eric Berne	0	0	Eric Berne|Berne			1892
<http://dbpedia.org/resource/Eric_Birley>	Eric Birley	0.3389398341362939	0	2	2	2	2	0	0	0	0	0	0	0	[]	False	False	False	True	Eric Birley	0	0	Eric Birley|Birley			1893
<http://dbpedia.org/resource/Eric_Ghysels>	Eric Ghysels	0.629266397045271	0	6	6	2	0	0	0	0	0	0	0	0	[Econometrics, Finance, Machine Learning, Financial econometrics, Fintech]	False	False	False	True	Eric Ghysels	0	0	Eric Ghysels|Ghysels			1894
<http://dbpedia.org/resource/Eric_Mazur>	Eric Mazur	0.295595567215152	0	1	1	1	2	0	0	0	0	0	0	0	[]	False	False	False	True	Eric Mazur	0	0	Eric Mazur|Mazur			1895
<http://dbpedia.org/resource/Eric_Nguyen>	Eric Nguyen	0.4969024097500288	0	5	5	1	2	0	0	0	0	0	0	0	[]	False	False	False	True	Eric Nguyen	0	0	Eric Nguyen			1896
<http://dbpedia.org/resource/Éric_Pichet>	Éric Pichet	0.571190917739854	0	8	8	3	0	0	0	0	0	0	0	0	[Corporate governance]	False	False	False	True	Eric Pichet	0	0	Eric Pichet|Pichet			1897
<http://dbpedia.org/resource/Eric_R._Bittner>	Eric R. Bittner	0.46875	0	0	0	2	1	0	0	0	0	0	0	0	[]	False	False	False	True	Eric R. Bittner	0	0	Eric R. Bittner|Bittner			1898
<http://dbpedia.org/resource/Eric_Temple_Bell>	Eric Temple Bell	0.347450117676248	0	0	0	0	6	0	0	0	0	0	0	0	[]	False	False	False	True	Eric Temple Bell	0	0	Eric Temple Bell			1899
<http://dbpedia.org/resource/Eric_Wolf>	Eric Wolf	0.3431384539688429	0	4	4	0	2	0	0	0	0	0	0	0	[]	False	False	False	True	Eric Wolf	0	0	Eric Wolf			1900
<http://dbpedia.org/resource/Eric_X._Li>	Eric X. Li	0.3329625	0	1	1	3	0	0	0	0	0	0	0	0	[]	False	False	False	True	Eric X. Li	0	0	Eric X. Li			1901
<http://dbpedia.org/resource/Eric_von_Hippel>	Eric von Hippel	0.2775	0	0	0	3	2	0	0	0	0	0	0	0	[]	False	False	False	True	Eric von Hippel	0	0	Eric von Hippel|Hippel			1902
<http://dbpedia.org/resource/Erich_Auerbach>	Erich Auerbach	0.3694343784432056	0	2	2	0	0	0	0	0	0	0	0	0	[]	False	False	False	True	Erich Auerbach	0	0	Erich Auerbach			1903
<http://dbpedia.org/resource/Erich_Hintzsche>	Erich Hintzsche	0.4305	0	2	2	1	1	0	0	0	0	0	0	0	[]	False	False	False	True	Erich Hintzsche	0	0	Erich Hintzsche|Hintzsche			1904
<http://dbpedia.org/resource/Erich_Leo_Lehmann>	Erich Leo Lehmann	0.3373050597751749	0	4	4	1	4	0	0	0	0	0	0	0	[]	False	False	False	True	Erich Leo Lehmann	0	0	Erich Leo Lehmann|Lehmann			1905
<http://dbpedia.org/resource/Erich_Neumann_(psychologist)>	Erich Neumann (psychologist)	0.3198477881300869	2	3	5	2	1	0	0	0	0	0	0	0	[]	False	False	False	True	Erich Neumann	0	0	Erich Neumann			1906
<http://dbpedia.org/resource/Erich_Traub>	Erich Traub	0.34125	0	2	2	1	1	0	0	0	0	0	0	0	[]	False	False	False	True	Erich Traub	0	0	Erich Traub|Traub			1907
<http://dbpedia.org/resource/Erik_Ringmar>	Erik Ringmar	0.4157438246398999	0	1	1	2	0	0	0	0	0	0	0	0	[]	False	False	False	True	Erik Ringmar	0	0	Erik Ringmar|Ringmar			1908
<http://dbpedia.org/resource/Erik_S._Reinert>	Erik S. Reinert	0.3513183678391555	0	6	6	3	0	0	0	0	0	0	0	0	[Economic history, Development economics]	False	False	False	True	Erik S. Reinert	0	0	Erik S. Reinert|Reinert			1909
<http://dbpedia.org/resource/Erika_Böhm-Vitense>	Erika Böhm-Vitense	0.405	0	0	0	1	2	0	0	0	0	0	0	0	[]	False	False	False	True	Erika Bohm-Vitense	0	0	Erika Bohm-Vitense|Bohm-Vitense			1910
<http://dbpedia.org/resource/Erin_Manning_(theorist)>	Erin Manning (theorist)	0.3391800105635741	0	7	7	0	0	0	0	0	0	0	0	0	[]	False	False	False	True	Erin Manning	0	0	Erin Manning			1911
<http://dbpedia.org/resource/Ernest_Lawrence>	Ernest Lawrence	0.2775	0	0	0	4	4	0	0	0	0	0	0	0	[]	False	False	False	True	Ernest Lawrence	0	0	Ernest Lawrence			1912
<http://dbpedia.org/resource/Ernest_Thiele>	Ernest Thiele	0.2775	0	0	0	3	1	0	0	0	0	0	0	0	[]	False	False	False	True	Ernest Thiele	0	0	Ernest Thiele|Thiele			1913
<http://dbpedia.org/resource/Ernest_William_Goodpasture>	Ernest William Goodpasture	0.2775	0	0	0	2	1	0	0	0	0	0	0	0	[]	False	False	False	True	Ernest William Goodpasture	0	0	Ernest William Goodpasture|Goodpasture			1914
<http://dbpedia.org/resource/Ernst_Abbe>	Ernst Abbe	0.312405749472956	1	0	1	2	2	0	0	0	0	0	0	0	[]	False	False	False	True	Ernst Abbe	0	0	Ernst Abbe|Abbe			1915
<http://dbpedia.org/resource/Ernst_Anton_Nicolai>	Ernst Anton Nicolai	0.309375	0	0	0	1	2	0	0	0	0	0	0	0	[]	False	False	False	True	Ernst Anton Nicolai	0	0	Ernst Anton Nicolai|Nicolai			1916
<http://dbpedia.org/resource/Ernst_Ruska>	Ernst Ruska	0.2775	0	0	0	2	1	0	0	0	0	0	0	0	[]	False	False	False	True	Ernst Ruska	0	0	Ernst Ruska|Ruska			1917
<http://dbpedia.org/resource/Ernst_Stueckelberg>	Ernst Stueckelberg	0.2775	0	0	0	0	5	0	0	0	0	0	0	0	[]	False	False	False	True	Ernst Stueckelberg	0	0	Ernst Stueckelberg|Stueckelberg			1918
<http://dbpedia.org/resource/Errol_Harris>	Errol Harris	0.552741286968837	0	7	7	0	0	0	0	0	0	0	0	0	[]	False	False	False	True	Errol Harris	0	0	Errol Harris			1919
<http://dbpedia.org/resource/Erwin_Bünning>	Erwin Bünning	0.2775	1	1	2	0	0	0	0	0	0	0	0	0	[]	False	False	False	True	Erwin Bunning	0	0	Erwin Bunning|Bunning			1920
<http://dbpedia.org/resource/Erwin_Ding-Schuler>	Erwin Ding-Schuler	0.2775	0	0	0	0	1	0	0	0	0	0	0	0	[]	False	False	False	True	Erwin Ding-Schuler	0	0	Erwin Ding-Schuler|Ding-Schuler			1921
<http://dbpedia.org/resource/Erwin_Lutwak>	Erwin Lutwak	0.2775	0	0	0	1	1	0	0	0	0	0	0	0	[]	False	False	False	True	Erwin Lutwak	0	0	Erwin Lutwak|Lutwak			1922
<http://dbpedia.org/resource/Erwin_Madelung>	Erwin Madelung	0.4541746550914701	0	0	0	1	3	0	0	0	0	0	0	0	[]	False	False	False	True	Erwin Madelung	0	0	Erwin Madelung|Madelung			1923
<http://dbpedia.org/resource/Erwin_Stresemann>	Erwin Stresemann	0.2775	2	1	3	0	0	0	0	0	0	0	0	0	[]	False	False	False	True	Erwin Stresemann	0	0	Erwin Stresemann|Stresemann			1924
<http://dbpedia.org/resource/Erzsébet_Nováky>	Erzsébet Nováky	0.2775	0	1	1	1	0	0	0	0	0	0	0	0	[]	False	False	False	True	Erzsebet Novaky	0	0	Erzsebet Novaky|Novaky			1925
<http://dbpedia.org/resource/Esmond_Emerson_Snell>	Esmond Emerson Snell	0.2775	0	0	0	0	4	0	0	0	0	0	0	0	[]	False	False	False	True	Esmond Emerson Snell	0	0	Esmond Emerson Snell			1926
<http://dbpedia.org/resource/Estanislao_Zuleta>	Estanislao Zuleta	0.3621178322196552	0	4	4	0	0	0	0	0	0	0	0	0	[]	False	False	False	True	Estanislao Zuleta	0	0	Estanislao Zuleta|Zuleta			1927
<http://dbpedia.org/resource/Estate_Khmaladze>	Estate Khmaladze	0.2775	0	0	0	1	2	0	0	0	0	0	0	0	[]	False	False	False	True	Estate Khmaladze	0	0	Estate Khmaladze|Khmaladze			1928
<http://dbpedia.org/resource/Ettore_Gotti_Tedeschi>	Ettore Gotti Tedeschi	11.45485502739447	0	1	1	0	0	0	0	0	0	0	0	0	[]	False	False	False	True	Ettore Gotti Tedeschi	0	0	Ettore Gotti Tedeschi|Tedeschi			1929
<http://dbpedia.org/resource/Eugen_Baumann>	Eugen Baumann	0.2997490986011502	0	1	1	1	1	0	0	0	0	0	0	0	[]	False	False	False	True	Eugen Baumann	0	0	Eugen Baumann|Baumann			1930
<http://dbpedia.org/resource/Eugene_Fama>	Eugene Fama	0.2990290879353333	1	0	1	2	0	0	0	0	0	0	0	0	[Financial economics, Macroeconomics, Organizational economics]	False	False	False	True	Eugene Fama	0	0	Eugene Fama|Fama			1931
<http://dbpedia.org/resource/Eugene_L._Grant>	Eugene L. Grant	0.3763125	0	1	1	0	0	0	0	0	0	0	0	0	[]	False	False	False	True	Eugene L. Grant	0	0	Eugene L. Grant			1932
<http://dbpedia.org/resource/Eugène_Minkowski>	Eugène Minkowski	0.3072583928059082	5	6	11	4	1	0	0	0	0	0	0	0	[]	False	False	False	True	Eugene Minkowski	0	0	Eugene Minkowski			1933
<http://dbpedia.org/resource/Eugene_O'Neill>	Eugene O'Neill	0.2775	1	0	1	0	0	0	0	0	0	0	0	0	[]	False	False	False	True	Eugene O'Neill	0	0	Eugene O'Neill			1934
<http://dbpedia.org/resource/Eugene_Thacker>	Eugene Thacker	0.5010421196804605	0	8	8	0	0	0	0	0	0	0	0	0	[]	False	False	False	True	Eugene Thacker	0	0	Eugene Thacker|Thacker			1935
<http://dbpedia.org/resource/Eugenio_Bianchi>	Eugenio Bianchi	0.3024876670347691	0	1	1	1	2	0	0	0	0	0	0	0	[]	False	False	False	True	Eugenio Bianchi	0	0	Eugenio Bianchi|Bianchi			1936
<http://dbpedia.org/resource/Eugenio_Oñate_Ibañez_de_Navarra>	Eugenio Oñate Ibañez de Navarra	0.313625	0	0	0	2	2	0	0	0	0	0	0	0	[]	False	False	False	True	Eugenio Onate Ibanez de Navarra	0	0	Eugenio Onate Ibanez de Navarra|Navarra			1937
<http://dbpedia.org/resource/Eva_Frommer>	Eva Frommer	0.5734135300785683	0	2	2	1	1	0	0	0	0	0	0	0	[]	False	False	False	True	Eva Frommer	0	0	Eva Frommer|Frommer			1938
<http://dbpedia.org/resource/Evan_Durbin>	Evan Durbin	0.6100480747851208	2	7	9	0	0	0	0	0	0	0	0	0	[Macroeconomics]	False	False	False	True	Evan Durbin	0	0	Evan Durbin|Durbin			1939
<http://dbpedia.org/resource/Evelyn_Nicol>	Evelyn Nicol	0.405	0	0	0	1	1	0	0	0	0	0	0	0	[]	False	False	False	True	Evelyn Nicol	0	0	Evelyn Nicol|Nicol			1940
<http://dbpedia.org/resource/Evgeny_Sklyanin>	Evgeny Sklyanin	0.2997815678671561	0	0	0	2	2	0	0	0	0	0	0	0	[]	False	False	False	True	Evgeny Sklyanin	0	0	Evgeny Sklyanin|Sklyanin			1941
<http://dbpedia.org/resource/Evliya_Çelebi>	Evliya Çelebi	0.2775	0	0	0	0	1	0	0	0	0	0	0	0	[]	False	False	False	True	Evliya Celebi	0	0	Evliya Celebi|Celebi			1942
<http://dbpedia.org/resource/Ewan_Birney>	Ewan Birney	0.4182740600656909	0	5	5	2	3	0	0	0	0	0	0	0	[]	False	False	False	True	Ewan Birney	0	0	Ewan Birney|Birney			1943
<http://dbpedia.org/resource/F._A._Harper>	F. A. Harper	0.3004680084335164	5	2	7	0	0	0	0	0	0	0	0	0	[]	False	False	False	True	F. A. Harper	0	0	F. A. Harper|Harper			1944
<http://dbpedia.org/resource/F._Tulga_Ocak>	F. Tulga Ocak	0.2775	0	0	0	2	1	0	0	0	0	0	0	0	[]	False	False	False	True	F. Tulga Ocak	0	0	F. Tulga Ocak|Ocak			1945
<http://dbpedia.org/resource/Fang_Kaitai>	Fang Kaitai	0.4527886686446665	0	2	2	1	2	0	0	0	0	0	0	0	[]	False	False	False	True	Fang Kaitai	0	0	Fang Kaitai|Kaitai			1946
<http://dbpedia.org/resource/Farley_Norman>	Farley Norman	0.309375	0	2	2	2	0	0	0	0	0	0	0	0	[]	False	False	False	True	Farley Norman	0	0	Farley Norman			1947
<http://dbpedia.org/resource/Fateh_Singh_Rathore>	Fateh Singh Rathore	0.2775	2	1	3	2	0	0	0	0	0	0	0	0	[]	False	False	False	True	Fateh Singh Rathore	0	0	Fateh Singh Rathore|Rathore			1948
<http://dbpedia.org/resource/Fay_Dowker>	Fay Dowker	0.2854101393247052	0	1	1	0	0	0	0	0	0	0	0	0	[]	False	False	False	True	Fay Dowker	0	0	Fay Dowker|Dowker			1949
<http://dbpedia.org/resource/Fazal_Ali_Qureshi>	Fazal Ali Qureshi	0.4930518415178572	3	4	7	0	0	0	0	0	0	0	0	0	[]	False	False	False	True	Fazal Ali Qureshi	0	0	Fazal Ali Qureshi			1950
<http://dbpedia.org/resource/Federico_Halbherr>	Federico Halbherr	0.2775	3	1	4	0	4	0	0	0	0	0	0	0	[]	False	False	False	True	Federico Halbherr	0	0	Federico Halbherr|Halbherr			1951
<http://dbpedia.org/resource/Felicjan_Sypniewski__Felicjan_Sypniewski__1>	Felicjan Sypniewski  Felicjan Sypniewski  1	0.2775	2	1	3	0	0	0	0	0	0	0	0	0	[]	False	False	False	True	Felicjan Sypniewski	0	0	Felicjan Sypniewski|Sypniewski			1952
<http://dbpedia.org/resource/Felix_Jacoby>	Felix Jacoby	0.4923906250000001	0	0	0	1	1	0	0	0	0	0	0	0	[]	False	False	False	True	Felix Jacoby	0	0	Felix Jacoby|Jacoby			1953
<http://dbpedia.org/resource/Feodor_Iwanowitsch_Kalmyk>	Feodor Iwanowitsch Kalmyk	0.4913108766233767	0	5	5	0	0	0	0	0	0	0	0	0	[]	False	False	False	True	Feodor Iwanowitsch Kalmyk	0	0	Feodor Iwanowitsch Kalmyk|Kalmyk			1954
<http://dbpedia.org/resource/Ferdinand_Magellan>	Ferdinand Magellan	0.2775	0	0	0	0	3	0	0	0	0	0	0	0	[]	False	False	False	True	Ferdinand Magellan	0	0	Ferdinand Magellan|Magellan			1955
<http://dbpedia.org/resource/Ferdinand_Ritter_von_Hebra>	Ferdinand Ritter von Hebra	0.2775	0	1	1	0	1	0	0	0	0	0	0	0	[]	False	False	False	True	Ferdinand Ritter von Hebra	0	0	Ferdinand Ritter von Hebra|Hebra			1956
<http://dbpedia.org/resource/Ferdinand_Ulrich>	Ferdinand Ulrich	0.4404048298085863	0	9	9	0	0	0	0	0	0	0	0	0	[]	False	False	False	True	Ferdinand Ulrich	0	0	Ferdinand Ulrich|Ulrich			1957
<http://dbpedia.org/resource/Ferdinand_Zirkel>	Ferdinand Zirkel	0.2775	0	1	1	1	0	0	0	0	0	0	0	0	[]	False	False	False	True	Ferdinand Zirkel	0	0	Ferdinand Zirkel|Zirkel			1958
<http://dbpedia.org/resource/Fergus_I._M._Craik>	Fergus I. M. Craik	0.4305	4	4	8	2	1	0	0	0	0	0	0	0	[]	False	False	False	True	Fergus I. M. Craik	0	0	Fergus I. M. Craik|Craik			1959
<http://dbpedia.org/resource/Fergus_W._Campbell>	Fergus W. Campbell	0.2775	3	1	4	1	1	0	0	0	0	0	0	0	[]	False	False	False	True	Fergus W. Campbell	0	0	Fergus W. Campbell			1960
<http://dbpedia.org/resource/Ferid_Murad>	Ferid Murad	0.3138375	0	0	0	2	2	0	0	0	0	0	0	0	[]	False	False	False	True	Ferid Murad	0	0	Ferid Murad|Murad			1961
<http://dbpedia.org/resource/Fernando_Báez_(writer)>	Fernando Báez (writer)	0.6228234834454872	0	1	1	0	0	0	0	0	0	0	0	0	[]	False	False	False	True	Fernando Baez	0	0	Fernando Baez|Baez			1962
<http://dbpedia.org/resource/Fernando_Codá_Marques>	Fernando Codá Marques	0.3356220395448451	0	4	4	3	6	0	0	0	0	0	0	0	[]	False	False	False	True	Fernando Coda Marques	0	0	Fernando Coda Marques|Marques			1963
<http://dbpedia.org/resource/Fernando_González_(writer)>	Fernando González (writer)	0.3373697315678623	2	5	7	0	0	0	0	0	0	0	0	0	[]	False	False	False	True	Fernando Gonzalez	0	0	Fernando Gonzalez			1964
<http://dbpedia.org/resource/Fernando_da_Costa_Novaes>	Fernando da Costa Novaes	0.309375	0	2	2	1	0	0	0	0	0	0	0	0	[]	False	False	False	True	Fernando da Costa Novaes	0	0	Fernando da Costa Novaes|Novaes			1965
<http://dbpedia.org/resource/Fikri_Alican>	Fikri Alican	0.5314375	0	2	2	0	1	0	0	0	0	0	0	0	[]	False	False	False	True	Fikri Alican	0	0	Fikri Alican|Alican			1966
<http://dbpedia.org/resource/Filippo_Pacini>	Filippo Pacini	0.2775	0	0	0	0	2	0	0	0	0	0	0	0	[]	False	False	False	True	Filippo Pacini	0	0	Filippo Pacini|Pacini			1967
<http://dbpedia.org/resource/Finn_E._Kydland>	Finn E. Kydland	0.3551218646716413	0	3	3	2	0	0	0	0	0	0	0	0	[Macroeconomics]	False	False	False	True	Finn E. Kydland	0	0	Finn E. Kydland|Kydland			1968
<http://dbpedia.org/resource/Finn_Wold>	Finn Wold	0.2775	1	0	1	2	1	0	0	0	0	0	0	0	[]	False	False	False	True	Finn Wold	0	0	Finn Wold|Wold			1969
<http://dbpedia.org/resource/Fiona_Stanley>	Fiona Stanley	0.3184434375	0	2	2	3	2	0	0	0	0	0	0	0	[]	False	False	False	True	Fiona Stanley	0	0	Fiona Stanley			1970
<http://dbpedia.org/resource/Fischer_Black>	Fischer Black	0.2993484510851217	0	1	1	1	7	0	0	0	0	0	0	0	[]	False	False	False	True	Fischer Black	0	0	Fischer Black			1971
<http://dbpedia.org/resource/Flavio_Biondo>	Flavio Biondo	0.3033364867778095	0	1	1	0	0	0	0	0	0	0	0	0	[]	False	False	False	True	Flavio Biondo	0	0	Flavio Biondo|Biondo			1972
<http://dbpedia.org/resource/Florence_Owens_Thompson>	Florence Owens Thompson	0.3346252983583517	0	0	0	0	1	0	0	0	0	0	0	0	[]	False	False	False	True	Florence Owens Thompson	0	0	Florence Owens Thompson			1973
<http://dbpedia.org/resource/Florian_Znaniecki>	Florian Znaniecki	0.3102890684806061	0	4	4	1	4	0	0	0	0	0	0	0	[]	False	False	False	True	Florian Znaniecki	0	0	Florian Znaniecki|Znaniecki			1974
<http://dbpedia.org/resource/Floyd_Henry_Allport>	Floyd Henry Allport	0.5076598600061106	0	5	5	1	1	0	0	0	0	0	0	0	[]	False	False	False	True	Floyd Henry Allport	0	0	Floyd Henry Allport|Allport			1975
<http://dbpedia.org/resource/Fosco_Maraini>	Fosco Maraini	0.2775	0	1	1	0	1	0	0	0	0	0	0	0	[]	False	False	False	True	Fosco Maraini	0	0	Fosco Maraini|Maraini			1976
<http://dbpedia.org/resource/Fran_Balkwill>	Fran Balkwill	0.2775	1	0	1	2	0	0	0	0	0	0	0	0	[]	False	False	False	True	Fran Balkwill	0	0	Fran Balkwill|Balkwill			1977
<http://dbpedia.org/resource/Francesco_Boldizzoni>	Francesco Boldizzoni	0.4752989947266375	0	3	3	0	0	0	0	0	0	0	0	0	[]	False	False	False	True	Francesco Boldizzoni	0	0	Francesco Boldizzoni|Boldizzoni			1978
<http://dbpedia.org/resource/Francesco_Faà_di_Bruno__Francesco_Faà_di_Bruno__1>	Francesco Faà di Bruno  Francesco Faà di Bruno  1	0.2775	0	0	0	1	4	0	0	0	0	0	0	0	[]	False	False	False	True	Francesco Faa di Bruno	0	0	Francesco Faa di Bruno			1979
<http://dbpedia.org/resource/Francesco_Parisi_(economist)>	Francesco Parisi (economist)	0.5075650766419131	0	3	3	3	0	0	0	0	0	0	0	0	[]	False	False	False	True	Francesco Parisi	0	0	Francesco Parisi|Parisi			1980
<http://dbpedia.org/resource/Francesco_Severi>	Francesco Severi	0.4932045632567761	0	0	0	1	2	0	0	0	0	0	0	0	[]	False	False	False	True	Francesco Severi	0	0	Francesco Severi|Severi			1981
<http://dbpedia.org/resource/Francis_Parker_Yockey>	Francis Parker Yockey	0.3948512182944598	1	3	4	2	0	0	0	0	0	0	0	0	[]	False	False	False	True	Francis Parker Yockey	0	0	Francis Parker Yockey|Yockey			1982
<http://dbpedia.org/resource/Francis_Schaeffer>	Francis Schaeffer	0.4085470625802291	1	2	3	0	0	0	0	0	0	0	0	0	[]	False	False	False	True	Francis Schaeffer	0	0	Francis Schaeffer|Schaeffer			1983
<http://dbpedia.org/resource/Francis_William_Aston>	Francis William Aston	0.3702950637392389	0	0	0	2	3	0	0	0	0	0	0	0	[]	False	False	False	True	Francis William Aston	0	0	Francis William Aston|Aston			1984
<http://dbpedia.org/resource/Francisco_Antonio_Encina>	Francisco Antonio Encina	0.4239053622917424	3	6	9	0	0	0	0	0	0	0	0	0	[]	False	False	False	True	Francisco Antonio Encina	0	0	Francisco Antonio Encina|Encina			1985
<http://dbpedia.org/resource/Franciscus_Mercurius_van_Helmont>	Franciscus Mercurius van Helmont	0.627778229522855	3	5	8	0	0	0	0	0	0	0	0	0	[]	False	False	False	True	Franciscus Mercurius van Helmont	0	0	Franciscus Mercurius van Helmont|Helmont			1986
<http://dbpedia.org/resource/Franciscus_Sylvius>	Franciscus Sylvius	0.7838427607466605	1	2	3	0	1	0	0	0	0	0	0	0	[]	False	False	False	True	Franciscus Sylvius	0	0	Franciscus Sylvius|Sylvius			1987
<http://dbpedia.org/resource/Franciscus_van_den_Enden>	Franciscus van den Enden	0.4034323884742755	1	3	4	0	0	0	0	0	0	0	0	0	[]	False	False	False	True	Franciscus van den Enden	0	0	Franciscus van den Enden|Enden			1988
<http://dbpedia.org/resource/Franco_Basaglia>	Franco Basaglia	0.3685900930342385	0	9	9	1	3	0	0	0	0	0	0	0	[]	False	False	False	True	Franco Basaglia	0	0	Franco Basaglia|Basaglia			1989
<http://dbpedia.org/resource/Franco_Berardi>	Franco Berardi	0.3564654677282077	1	5	6	0	0	0	0	0	0	0	0	0	[]	False	False	False	True	Franco Berardi	0	0	Franco Berardi|Berardi			1990
<http://dbpedia.org/resource/François_Folie>	François Folie	0.2775	0	1	1	1	0	0	0	0	0	0	0	0	[]	False	False	False	True	Francois Folie	0	0	Francois Folie|Folie			1991
<http://dbpedia.org/resource/François_Noudelmann>	François Noudelmann	0.3311219412123042	0	3	3	0	0	0	0	0	0	0	0	0	[]	False	False	False	True	Francois Noudelmann	0	0	Francois Noudelmann|Noudelmann			1992
<http://dbpedia.org/resource/François_Picavet>	François Picavet	0.3502322323581273	1	2	3	0	0	0	0	0	0	0	0	0	[]	False	False	False	True	Francois Picavet	0	0	Francois Picavet|Picavet			1993
<http://dbpedia.org/resource/Frank_Cameron_Jackson>	Frank Cameron Jackson	0.4684733622076611	2	1	3	0	0	0	0	0	0	0	0	0	[]	False	False	False	True	Frank Cameron Jackson	0	0	Frank Cameron Jackson			1994
<http://dbpedia.org/resource/Frank_Edwin_Egler>	Frank Edwin Egler	0.3103069010416667	1	1	2	0	0	0	0	0	0	0	0	0	[]	False	False	False	True	Frank Edwin Egler	0	0	Frank Edwin Egler|Egler			1995
<http://dbpedia.org/resource/Frank_Moulaert>	Frank Moulaert	0.2955625	0	0	0	1	1	0	0	0	0	0	0	0	[]	False	False	False	True	Frank Moulaert	0	0	Frank Moulaert|Moulaert			1996
<http://dbpedia.org/resource/Frank_Pasquill>	Frank Pasquill	0.405	0	2	2	1	0	0	0	0	0	0	0	0	[]	False	False	False	True	Frank Pasquill	0	0	Frank Pasquill|Pasquill			1997
<http://dbpedia.org/resource/Frank_Shu>	Frank Shu	0.2934876192270861	0	0	0	0	2	0	0	0	0	0	0	0	[]	False	False	False	True	Frank Shu	0	0	Frank Shu			1998
<http://dbpedia.org/resource/Frank_Westheimer>	Frank Westheimer	0.32	1	0	1	2	0	0	0	0	0	0	0	0	[]	False	False	False	True	Frank Westheimer	0	0	Frank Westheimer|Westheimer			1999
<http://dbpedia.org/resource/Franklin_D._Roosevelt>	Franklin D. Roosevelt	0.737862125	0	1	1	2	0	0	0	0	0	0	0	0	[]	False	False	False	True	Franklin D. Roosevelt	0	0	Franklin D. Roosevelt			2000
<http://dbpedia.org/resource/Franson_Manjali>	Franson Manjali	0.2805249023100106	0	6	6	0	0	0	0	0	0	0	0	0	[]	False	False	False	True	Franson Manjali	0	0	Franson Manjali|Manjali			2001
<http://dbpedia.org/resource/Franz_Hermann_Schulze-Delitzsch>	Franz Hermann Schulze-Delitzsch	0.2775	4	2	6	2	0	0	0	0	0	0	0	0	[Microfinance, Microeconomics]	False	False	False	True	Franz Hermann Schulze-Delitzsch	0	0	Franz Hermann Schulze-Delitzsch|Schulze-Delitzsch			2002
<http://dbpedia.org/resource/Franz_Joseph_Emil_Fischer>	Franz Joseph Emil Fischer	0.2775	0	0	0	1	2	0	0	0	0	0	0	0	[]	False	False	False	True	Franz Joseph Emil Fischer	0	0	Franz Joseph Emil Fischer			2003
<http://dbpedia.org/resource/Fraser_Stoddart>	Fraser Stoddart	0.487778342013889	0	4	4	2	6	0	0	0	0	0	0	0	[]	False	False	False	True	Fraser Stoddart	0	0	Fraser Stoddart|Stoddart			2004
<http://dbpedia.org/resource/Fred_Allison>	Fred Allison	0.2775	0	0	0	2	2	0	0	0	0	0	0	0	[]	False	False	False	True	Fred Allison	0	0	Fred Allison|Allison			2005
<http://dbpedia.org/resource/Fred_Hampton>	Fred Hampton	0.34125	0	0	0	0	1	0	0	0	0	0	0	0	[]	False	False	False	True	Fred Hampton	0	0	Fred Hampton|Hampton			2006
<http://dbpedia.org/resource/Fred_Newman_(philosopher)>	Fred Newman (philosopher)	0.378297415907765	2	5	7	0	0	0	0	0	0	0	0	0	[]	False	False	False	True	Fred Newman	0	0	Fred Newman			2007
<http://dbpedia.org/resource/Fred_Rogers>	Fred Rogers	0.4230625	0	1	1	0	0	0	0	0	0	0	0	0	[]	False	False	False	True	Fred Rogers	0	0	Fred Rogers			2008
<http://dbpedia.org/resource/Frederic_M._Richards>	Frederic M. Richards	0.3991802570221451	2	2	4	2	2	0	0	0	0	0	0	0	[]	False	False	False	True	Frederic M. Richards	0	0	Frederic M. Richards|Richards			2009
<http://dbpedia.org/resource/Frederic_Sterling_Lee>	Frederic Sterling Lee	0.748309156629591	0	6	6	1	0	0	0	0	0	0	0	0	[]	False	False	False	True	Frederic Sterling Lee	0	0	Frederic Sterling Lee			2010
<http://dbpedia.org/resource/Frederick_Abel>	Frederick Abel	0.2775	0	0	0	2	1	0	0	0	0	0	0	0	[]	False	False	False	True	Frederick Abel	0	0	Frederick Abel|Abel			2011
<http://dbpedia.org/resource/Frederick_Gowland_Hopkins>	Frederick Gowland Hopkins	0.32	4	0	4	2	3	0	0	0	0	0	0	0	[]	False	False	False	True	Frederick Gowland Hopkins	0	0	Frederick Gowland Hopkins|Hopkins			2012
<http://dbpedia.org/resource/Frederick_Kenneth_McTaggart>	Frederick Kenneth McTaggart	0.4395174373204635	0	3	3	1	1	0	0	0	0	0	0	0	[]	False	False	False	True	Frederick Kenneth McTaggart	0	0	Frederick Kenneth McTaggart|McTaggart			2013
<http://dbpedia.org/resource/Frederick_N._Tebbe>	Frederick N. Tebbe	0.300875	1	1	2	2	2	0	0	0	0	0	0	0	[]	False	False	False	True	Frederick N. Tebbe	0	0	Frederick N. Tebbe|Tebbe			2014
<http://dbpedia.org/resource/Frederick_Vinton_Hunt>	Frederick Vinton Hunt	0.4009059399034444	0	0	0	2	1	0	0	0	0	0	0	0	[]	False	False	False	True	Frederick Vinton Hunt	0	0	Frederick Vinton Hunt|Hunt			2015
<http://dbpedia.org/resource/Frederick_Wherry>	Frederick Wherry	0.405	0	0	0	2	3	0	0	0	0	0	0	0	[]	False	False	False	True	Frederick Wherry	0	0	Frederick Wherry|Wherry			2016
<http://dbpedia.org/resource/Fredericka_Mandelbaum>	Fredericka Mandelbaum	0.2775	0	0	0	0	2	0	0	0	0	0	0	0	[]	False	False	False	True	Fredericka Mandelbaum	0	0	Fredericka Mandelbaum|Mandelbaum			2017
<http://dbpedia.org/resource/Fredrik_Barth>	Fredrik Barth	0.3573395087929034	1	0	1	2	0	0	0	0	0	0	0	0	[]	False	False	False	True	Fredrik Barth	0	0	Fredrik Barth			2018
<http://dbpedia.org/resource/Friedrich_Engel_(mathematician)>	Friedrich Engel (mathematician)	0.2843044651117708	0	0	0	2	3	0	0	0	0	0	0	0	[]	False	False	False	True	Friedrich Engel	0	0	Friedrich Engel|Engel			2019
<http://dbpedia.org/resource/Friedrich_Fröbel>	Friedrich Fröbel	0.3234704557160099	3	1	4	0	0	0	0	0	0	0	0	0	[]	False	False	False	True	Friedrich Frobel	0	0	Friedrich Frobel|Frobel			2020
<http://dbpedia.org/resource/Friedrich_Hartogs>	Friedrich Hartogs	0.2882769851148494	1	0	1	0	5	0	0	0	0	0	0	0	[]	False	False	False	True	Friedrich Hartogs	0	0	Friedrich Hartogs|Hartogs			2021
<http://dbpedia.org/resource/Friedrich_Meggendorfer>	Friedrich Meggendorfer	0.405	2	2	4	0	1	0	0	0	0	0	0	0	[]	False	False	False	True	Friedrich Meggendorfer	0	0	Friedrich Meggendorfer|Meggendorfer			2022
<http://dbpedia.org/resource/Friedrich_Stromeyer>	Friedrich Stromeyer	0.3363848757727405	1	0	1	1	1	0	0	0	0	0	0	0	[]	False	False	False	True	Friedrich Stromeyer	0	0	Friedrich Stromeyer|Stromeyer			2023
<http://dbpedia.org/resource/Friedrich_Tiedemann>	Friedrich Tiedemann	0.5954947977749552	0	2	2	0	0	0	0	0	0	0	0	0	[]	False	False	False	True	Friedrich Tiedemann	0	0	Friedrich Tiedemann|Tiedemann			2024
<http://dbpedia.org/resource/Fritjof_Capra>	Fritjof Capra	0.9472730595772972	1	10	11	1	2	0	0	0	0	0	0	0	[]	False	False	False	True	Fritjof Capra	0	0	Fritjof Capra|Capra			2025
<http://dbpedia.org/resource/Fritz_Müller_(glaciologist)__Fritz_Müller__1>	Fritz Müller (glaciologist)  Fritz Müller  1	0.2775	0	1	1	1	2	0	0	0	0	0	0	0	[]	False	False	False	True	Fritz Muller (glaciologist) Fritz Muller	0	0	Fritz Muller (glaciologist) Fritz Muller			2026
<http://dbpedia.org/resource/Fritz_Perls>	Fritz Perls	0.4145878055111933	1	6	7	0	1	0	0	0	0	0	0	0	[]	False	False	False	True	Fritz Perls	0	0	Fritz Perls|Perls			2027
<http://dbpedia.org/resource/Fritz_Sauter>	Fritz Sauter	0.3191631814766413	0	0	0	1	4	0	0	0	0	0	0	0	[]	False	False	False	True	Fritz Sauter	0	0	Fritz Sauter|Sauter			2028
<http://dbpedia.org/resource/Fritz_Ullmann>	Fritz Ullmann	0.283442478847787	0	0	0	1	2	0	0	0	0	0	0	0	[]	False	False	False	True	Fritz Ullmann	0	0	Fritz Ullmann|Ullmann			2029
<http://dbpedia.org/resource/Fulufhelo_Nelwamondo>	Fulufhelo Nelwamondo	0.2775	0	0	0	2	3	0	0	0	0	0	0	0	[]	False	False	False	True	Fulufhelo Nelwamondo	0	0	Fulufhelo Nelwamondo|Nelwamondo			2030
<http://dbpedia.org/resource/Fulvio_Melia>	Fulvio Melia	0.2775	0	0	0	2	3	0	0	0	0	0	0	0	[]	False	False	False	True	Fulvio Melia	0	0	Fulvio Melia|Melia			2031
<http://dbpedia.org/resource/G._Ainsworth_Harrison>	G. Ainsworth Harrison	0.4230625	0	1	1	0	0	0	0	0	0	0	0	0	[]	False	False	False	True	G. Ainsworth Harrison	0	0	G. Ainsworth Harrison			2032
<http://dbpedia.org/resource/G._Marius_Clore>	G. Marius Clore	0.6840950927049755	3	6	9	3	2	0	0	0	0	0	0	0	[]	False	False	False	True	G. Marius Clore	0	0	G. Marius Clore|Clore			2033
<http://dbpedia.org/resource/G._N._Ramachandran>	G. N. Ramachandran	0.2775	0	0	0	4	1	0	0	0	0	0	0	0	[]	False	False	False	True	G. N. Ramachandran	0	0	G. N. Ramachandran|Ramachandran			2034
<http://dbpedia.org/resource/G._William_Domhoff>	G. William Domhoff	0.3053257980598355	0	2	2	0	3	0	0	0	0	0	0	0	[]	False	False	False	True	G. William Domhoff	0	0	G. William Domhoff|Domhoff			2035
<http://dbpedia.org/resource/Gábor_Kornél_Tolnai>	Gábor Kornél Tolnai	0.2775	0	0	0	1	6	0	0	0	0	0	0	0	[]	False	False	False	True	Gabor Kornel Tolnai	0	0	Gabor Kornel Tolnai|Tolnai			2036
<http://dbpedia.org/resource/Gabriel_Bertrand>	Gabriel Bertrand	0.34125	0	0	0	0	2	0	0	0	0	0	0	0	[]	False	False	False	True	Gabriel Bertrand	0	0	Gabriel Bertrand|Bertrand			2037
<http://dbpedia.org/resource/Gabriel_Dover>	Gabriel Dover	0.2775	0	0	0	2	1	0	0	0	0	0	0	0	[]	False	False	False	True	Gabriel Dover	0	0	Gabriel Dover|Dover			2038
<http://dbpedia.org/resource/Gabriel_Salazar>	Gabriel Salazar	0.7276786364511437	0	4	4	2	0	0	0	0	0	0	0	0	[]	False	False	False	True	Gabriel Salazar	0	0	Gabriel Salazar			2039
<http://dbpedia.org/resource/Gabriele_Falloppio>	Gabriele Falloppio	0.4420209725950062	0	0	0	0	1	0	0	0	0	0	0	0	[]	False	False	False	True	Gabriele Falloppio	0	0	Gabriele Falloppio|Falloppio			2040
<http://dbpedia.org/resource/Gabrielle_Charlotte_Lévy>	Gabrielle Charlotte Lévy	0.4307656250000001	0	0	0	0	2	0	0	0	0	0	0	0	[]	False	False	False	True	Gabrielle Charlotte Levy	0	0	Gabrielle Charlotte Levy			2041
<http://dbpedia.org/resource/Gadge_Maharaj>	Gadge Maharaj	0.9872966847604088	0	5	5	0	0	0	0	0	0	0	0	0	[]	False	False	False	True	Gadge Maharaj	0	0	Gadge Maharaj|Maharaj			2042
<http://dbpedia.org/resource/Gaetano_da_Thiene_(philosopher)>	Gaetano da Thiene (philosopher)	0.397988427023961	0	2	2	0	0	0	0	0	0	0	0	0	[]	False	False	False	True	Gaetano da Thiene	0	0	Gaetano da Thiene|Thiene			2043
<http://dbpedia.org/resource/Gail_Carpenter>	Gail Carpenter	0.2876392798991866	0	0	0	2	2	0	0	0	0	0	0	0	[]	False	False	False	True	Gail Carpenter	0	0	Gail Carpenter			2044
<http://dbpedia.org/resource/Garth_Gibson>	Garth Gibson	0.3254993141680349	0	0	0	2	1	0	0	0	0	0	0	0	[]	False	False	False	True	Garth Gibson	0	0	Garth Gibson			2045
<http://dbpedia.org/resource/Gary_Greenberg_(psychologist)>	Gary Greenberg (psychologist)	0.29875	0	2	2	0	0	0	0	0	0	0	0	0	[]	False	False	False	True	Gary Greenberg	0	0	Gary Greenberg|Greenberg			2046
<http://dbpedia.org/resource/Gary_Kobinger>	Gary Kobinger	0.29875	0	0	0	3	1	0	0	0	0	0	0	0	[]	False	False	False	True	Gary Kobinger	0	0	Gary Kobinger|Kobinger			2047
<http://dbpedia.org/resource/Gary_Kohlman>	Gary Kohlman	0.2775	1	0	1	2	0	0	0	0	0	0	0	0	[]	False	False	False	True	Gary Kohlman	0	0	Gary Kohlman|Kohlman			2048
<http://dbpedia.org/resource/Gary_M._Feinman>	Gary M. Feinman	0.3364687500000001	0	0	0	3	2	0	0	0	0	0	0	0	[]	False	False	False	True	Gary M. Feinman	0	0	Gary M. Feinman|Feinman			2049
<http://dbpedia.org/resource/Gary_M._Mavko>	Gary M. Mavko	0.2775	0	0	0	2	3	0	0	0	0	0	0	0	[]	False	False	False	True	Gary M. Mavko	0	0	Gary M. Mavko|Mavko			2050
<http://dbpedia.org/resource/Gary_Seitz>	Gary Seitz	0.2881371064937902	0	0	0	2	1	0	0	0	0	0	0	0	[]	False	False	False	True	Gary Seitz	0	0	Gary Seitz|Seitz			2051
<http://dbpedia.org/resource/Gary_Snyder>	Gary Snyder	0.3617035223316185	0	1	1	1	0	1	0	0	0	0	0	0	[]	False	False	False	True	Gary Snyder	0	0	Gary Snyder			2052
<http://dbpedia.org/resource/Gaspare_Aselli>	Gaspare Aselli	0.3742848043691789	3	4	7	1	1	0	0	0	0	0	0	0	[]	False	False	False	True	Gaspare Aselli	0	0	Gaspare Aselli|Aselli			2053
<http://dbpedia.org/resource/Gaston_Gonnet>	Gaston Gonnet	0.3224095775262304	0	0	0	1	2	0	0	0	0	0	0	0	[]	False	False	False	True	Gaston Gonnet	0	0	Gaston Gonnet|Gonnet			2054
<http://dbpedia.org/resource/Geminiano_Montanari>	Geminiano Montanari	0.3521155630442448	2	3	5	1	1	0	0	0	0	0	0	0	[]	False	False	False	True	Geminiano Montanari	0	0	Geminiano Montanari|Montanari			2055
<http://dbpedia.org/resource/Gendai_Kamada>	Gendai Kamada	0.29025	0	1	1	0	0	0	0	0	0	0	0	0	[]	False	False	False	True	Gendai Kamada	0	0	Gendai Kamada|Kamada			2056
<http://dbpedia.org/resource/Gendün_Chöphel>	Gendün Chöphel	0.4740676681210203	0	1	1	0	0	0	0	0	0	0	0	0	[]	False	False	False	True	Gendun Chophel	0	0	Gendun Chophel|Chophel			2057
<http://dbpedia.org/resource/Gene_H._Golub>	Gene H. Golub	0.3131117842158565	3	0	3	1	0	0	0	0	0	0	0	0	[]	False	False	False	True	Gene H. Golub	0	0	Gene H. Golub|Golub			2058
<http://dbpedia.org/resource/Geneviève_Thiroux_d'Arconville>	Geneviève Thiroux d'Arconville	0.4270620535714285	1	3	4	0	0	0	0	0	0	0	0	0	[]	False	False	False	True	Genevieve Thiroux d'Arconville	0	0	Genevieve Thiroux d'Arconville|d'Arconville			2059
<http://dbpedia.org/resource/Gennadii_Rubinstein>	Gennadii Rubinstein	0.3015229921949836	3	0	3	2	3	0	0	0	0	0	0	0	[]	False	False	False	True	Gennadii Rubinstein	0	0	Gennadii Rubinstein|Rubinstein			2060
<http://dbpedia.org/resource/Geoffrey_W._Hoffmann>	Geoffrey W. Hoffmann	0.3149081970017431	0	2	2	0	1	0	0	0	0	0	0	0	[]	False	False	False	True	Geoffrey W. Hoffmann	0	0	Geoffrey W. Hoffmann			2061
<http://dbpedia.org/resource/Geoffrey_Wilkinson>	Geoffrey Wilkinson	0.3051116116682121	1	0	1	1	1	0	0	0	0	0	0	0	[]	False	False	False	True	Geoffrey Wilkinson	0	0	Geoffrey Wilkinson|Wilkinson			2062
<http://dbpedia.org/resource/Georg_Lunge>	Georg Lunge	0.2775	0	0	0	2	1	0	0	0	0	0	0	0	[]	False	False	False	True	Georg Lunge	0	0	Georg Lunge|Lunge			2063
<http://dbpedia.org/resource/Georg_Rasch>	Georg Rasch	0.34125	2	0	2	0	1	0	0	0	0	0	0	0	[]	False	False	False	True	Georg Rasch	0	0	Georg Rasch|Rasch			2064
<http://dbpedia.org/resource/Georg_Stenger>	Georg Stenger	0.2875397644229001	0	2	2	0	0	0	0	0	0	0	0	0	[]	False	False	False	True	Georg Stenger	0	0	Georg Stenger|Stenger			2065
<http://dbpedia.org/resource/Georg_Wüst>	Georg Wüst	0.301917668904211	0	0	0	1	2	0	0	0	0	0	0	0	[]	False	False	False	True	Georg Wust	0	0	Georg Wust|Wust			2066
<http://dbpedia.org/resource/George_A._Elliott>	George A. Elliott	0.2882223548061011	0	0	0	2	1	0	0	0	0	0	0	0	[]	False	False	False	True	George A. Elliott	0	0	George A. Elliott|Elliott			2067
<http://dbpedia.org/resource/George_Armitage_Miller>	George Armitage Miller	0.2775	1	0	1	2	2	0	0	0	0	0	0	0	[]	False	False	False	True	George Armitage Miller	0	0	George Armitage Miller			2068
<http://dbpedia.org/resource/George_Bard_Ermentrout>	George Bard Ermentrout	0.2775	0	0	0	1	1	0	0	0	0	0	0	0	[]	False	False	False	True	George Bard Ermentrout	0	0	George Bard Ermentrout|Ermentrout			2069
<http://dbpedia.org/resource/George_Bellas_Greenough>	George Bellas Greenough	0.3122116250220436	0	2	2	2	0	0	0	0	0	0	0	0	[]	False	False	False	True	George Bellas Greenough	0	0	George Bellas Greenough|Greenough			2070
<http://dbpedia.org/resource/George_Bonanno>	George Bonanno	52.689799093013264	0	0	0	2	2	0	0	0	0	0	0	0	[]	False	False	False	True	George Bonanno	0	0	George Bonanno|Bonanno			2071
<http://dbpedia.org/resource/George_Brock_(journalist)>	George Brock (journalist)	0.405	0	2	2	1	0	0	0	0	0	0	0	0	[]	False	False	False	True	George Brock	0	0	George Brock|Brock			2072
<http://dbpedia.org/resource/George_C._Clerk>	George C. Clerk	0.325790625	0	0	0	0	5	0	0	0	0	0	0	0	[]	False	False	False	True	George C. Clerk	0	0	George C. Clerk|Clerk			2073
<http://dbpedia.org/resource/George_C._Homans>	George C. Homans	0.5815998269042322	4	8	12	2	0	0	0	0	0	0	0	0	[]	False	False	False	True	George C. Homans	0	0	George C. Homans|Homans			2074
<http://dbpedia.org/resource/George_Doundoulakis>	George Doundoulakis	0.4390906649003072	2	3	5	1	1	0	0	0	0	0	0	0	[]	False	False	False	True	George Doundoulakis	0	0	George Doundoulakis|Doundoulakis			2075
<http://dbpedia.org/resource/George_Fitzhugh>	George Fitzhugh	0.70278917433906	6	14	20	0	0	0	0	0	0	0	0	0	[]	False	False	False	True	George Fitzhugh	0	0	George Fitzhugh|Fitzhugh			2076
<http://dbpedia.org/resource/George_Gurdjieff>	George Gurdjieff	0.405	15	2	17	0	0	0	0	0	0	0	0	0	[]	False	False	False	True	George Gurdjieff	0	0	George Gurdjieff|Gurdjieff			2077
<http://dbpedia.org/resource/George_Hill_Mathewson_Lawrence>	George Hill Mathewson Lawrence	0.3361417926796925	0	1	1	2	2	0	0	0	0	0	0	0	[]	False	False	False	True	George Hill Mathewson Lawrence	0	0	George Hill Mathewson Lawrence			2078
<http://dbpedia.org/resource/George_Kelly_(psychologist)>	George Kelly (psychologist)	0.3037418147821709	1	2	3	2	2	0	0	0	0	0	0	0	[]	False	False	False	True	George Kelly	0	0	George Kelly			2079
<http://dbpedia.org/resource/George_Langford>	George Langford	0.3228333333333334	0	1	1	2	0	0	0	0	0	0	0	0	[]	False	False	False	True	George Langford	0	0	George Langford|Langford			2080
<http://dbpedia.org/resource/George_M._Stratton>	George M. Stratton	0.2956955354258663	2	2	4	1	2	0	0	0	0	0	0	0	[]	False	False	False	True	George M. Stratton	0	0	George M. Stratton|Stratton			2081
<http://dbpedia.org/resource/George_Murdock>	George Murdock	0.2775	0	0	0	0	2	0	0	0	0	0	0	0	[]	False	False	False	True	George Murdock	0	0	George Murdock			2082
<http://dbpedia.org/resource/George_Perry_(neuroscientist)>	George Perry (neuroscientist)	0.34125	0	0	0	4	1	0	0	0	0	0	0	0	[]	False	False	False	True	George Perry	0	0	George Perry			2083
<http://dbpedia.org/resource/George_Porter>	George Porter	0.3168125	0	0	0	2	1	0	0	0	0	0	0	0	[]	False	False	False	True	George Porter	0	0	George Porter			2084
<http://dbpedia.org/resource/George_Reisman>	George Reisman	0.2979423118802603	0	7	7	0	0	0	0	0	0	0	0	0	[Economics]	False	False	False	True	George Reisman	0	0	George Reisman|Reisman			2085
<http://dbpedia.org/resource/George_S._Tolley>	George S. Tolley	0.3168125	1	2	3	1	0	0	0	0	0	0	0	0	[Agricultural economics, Resource economics]	False	False	False	True	George S. Tolley	0	0	George S. Tolley|Tolley			2086
<http://dbpedia.org/resource/George_Saliba>	George Saliba	0.2835540924505106	1	1	2	2	0	0	0	0	0	0	0	0	[]	False	False	False	True	George Saliba	0	0	George Saliba|Saliba			2087
<http://dbpedia.org/resource/George_Selgin>	George Selgin	0.5652807914772127	1	6	7	2	0	0	0	0	0	0	0	0	[Monetary theory, Macroeconomics]	False	False	False	True	George Selgin	0	0	George Selgin|Selgin			2088
<http://dbpedia.org/resource/George_Shevelov>	George Shevelov	0.2775	1	0	1	0	0	0	0	0	0	0	0	0	[]	False	False	False	True	George Shevelov	0	0	George Shevelov|Shevelov			2089
<http://dbpedia.org/resource/George_Siber>	George Siber	0.670625	0	6	6	1	0	0	0	0	0	0	0	0	[]	False	False	False	True	George Siber	0	0	George Siber|Siber			2090
<http://dbpedia.org/resource/George_Speake>	George Speake	0.2775	0	0	0	1	1	0	0	0	0	0	0	0	[]	False	False	False	True	George Speake	0	0	George Speake|Speake			2091
<http://dbpedia.org/resource/George_Stout>	George Stout	0.3364345275818654	2	6	8	0	0	0	0	0	0	0	0	0	[]	False	False	False	True	George Stout	0	0	George Stout|Stout			2092
<http://dbpedia.org/resource/George_Vernadsky>	George Vernadsky	0.4586406782823248	0	1	1	3	0	0	0	0	0	0	0	0	[]	False	False	False	True	George Vernadsky	0	0	George Vernadsky			2093
<http://dbpedia.org/resource/George_William_Hill>	George William Hill	0.405	2	2	4	1	3	0	0	0	0	0	0	0	[]	False	False	False	True	George William Hill	0	0	George William Hill			2094
<http://dbpedia.org/resource/George_Wilton_Field>	George Wilton Field	0.2775	0	0	0	3	1	0	0	0	0	0	0	0	[]	False	False	False	True	George Wilton Field	0	0	George Wilton Field|Field			2095
<http://dbpedia.org/resource/George_Zames>	George Zames	0.2903922176092982	0	0	0	3	1	0	0	0	0	0	0	0	[]	False	False	False	True	George Zames	0	0	George Zames|Zames			2096
<http://dbpedia.org/resource/Georges_Chapouthier>	Georges Chapouthier	0.4507876381401108	0	2	2	2	0	0	0	0	0	0	0	0	[]	False	False	False	True	Georges Chapouthier	0	0	Georges Chapouthier|Chapouthier			2097
<http://dbpedia.org/resource/Georges_Clemenceau>	Georges Clemenceau	0.289258733462697	0	1	1	1	0	0	0	0	0	0	0	0	[]	False	False	False	True	Georges Clemenceau	0	0	Georges Clemenceau|Clemenceau			2098
<http://dbpedia.org/resource/Georges_Friedel>	Georges Friedel	0.2775	0	0	0	0	3	0	0	0	0	0	0	0	[]	False	False	False	True	Georges Friedel	0	0	Georges Friedel|Friedel			2099
<http://dbpedia.org/resource/Georges_Friedmann>	Georges Friedmann	0.3796480953386524	0	5	5	2	0	0	0	0	0	0	0	0	[]	False	False	False	True	Georges Friedmann	0	0	Georges Friedmann|Friedmann			2100
<http://dbpedia.org/resource/Georges_J._F._Köhler>	Georges J. F. Köhler	0.2775	0	0	0	0	1	0	0	0	0	0	0	0	[]	False	False	False	True	Georges J. F. Kohler	0	0	Georges J. F. Kohler			2101
<http://dbpedia.org/resource/Georges_Vacher_de_Lapouge>	Georges Vacher de Lapouge	0.4025730239183135	10	5	15	0	0	0	0	0	0	0	0	0	[]	False	False	False	True	Georges Vacher de Lapouge	0	0	Georges Vacher de Lapouge|Lapouge			2102
<http://dbpedia.org/resource/Georgi_Efremov>	Georgi Efremov	0.2775	0	0	0	0	3	0	0	0	0	0	0	0	[]	False	False	False	True	Georgi Efremov	0	0	Georgi Efremov|Efremov			2103
<http://dbpedia.org/resource/Georgy_Chelpanov>	Georgy Chelpanov	0.602217798749993	2	6	8	1	0	0	0	0	0	0	0	0	[]	False	False	False	True	Georgy Chelpanov	0	0	Georgy Chelpanov|Chelpanov			2104
<http://dbpedia.org/resource/Gerald_Gabrielse>	Gerald Gabrielse	0.405	0	0	0	2	1	0	0	0	0	0	0	0	[]	False	False	False	True	Gerald Gabrielse	0	0	Gerald Gabrielse|Gabrielse			2105
<http://dbpedia.org/resource/Gerard_J._Holzmann>	Gerard J. Holzmann	0.32	0	0	0	1	1	0	0	0	0	0	0	0	[]	False	False	False	True	Gerard J. Holzmann	0	0	Gerard J. Holzmann|Holzmann			2106
<http://dbpedia.org/resource/Gérard_Laumon>	Gérard Laumon	0.2855471242944024	0	0	0	2	1	0	0	0	0	0	0	0	[]	False	False	False	True	Gerard Laumon	0	0	Gerard Laumon|Laumon			2107
<http://dbpedia.org/resource/Gerard_van_Swieten>	Gerard van Swieten	0.3368698380752841	1	0	1	2	0	0	0	0	0	0	0	0	[]	False	False	False	True	Gerard van Swieten	0	0	Gerard van Swieten|Swieten			2108
<http://dbpedia.org/resource/Gerardo_Chowell>	Gerardo Chowell	0.2775	0	0	0	0	1	0	0	0	0	0	0	0	[]	False	False	False	True	Gerardo Chowell	0	0	Gerardo Chowell|Chowell			2109
<http://dbpedia.org/resource/Gerardus_Mercator>	Gerardus Mercator	0.38375	2	3	5	0	3	0	0	0	0	0	0	0	[]	False	False	False	True	Gerardus Mercator	0	0	Gerardus Mercator|Mercator			2110
<http://dbpedia.org/resource/Gerd_B._Achenbach>	Gerd B. Achenbach	0.3290205574653941	0	1	1	0	0	0	0	0	0	0	0	0	[]	False	False	False	True	Gerd B. Achenbach	0	0	Gerd B. Achenbach			2111
<http://dbpedia.org/resource/Gerd_U._Auffarth>	Gerd U. Auffarth	0.38559828515625	0	3	3	3	3	0	0	0	0	0	0	0	[]	False	False	False	True	Gerd U. Auffarth	0	0	Gerd U. Auffarth|Auffarth			2112
<http://dbpedia.org/resource/Gerhard_Carl_Schmidt>	Gerhard Carl Schmidt	0.405	0	0	0	0	2	0	0	0	0	0	0	0	[]	False	False	False	True	Gerhard Carl Schmidt	0	0	Gerhard Carl Schmidt			2113
<http://dbpedia.org/resource/Gerhard_Ertl>	Gerhard Ertl	0.3539091083717109	0	0	0	2	1	0	0	0	0	0	0	0	[]	False	False	False	True	Gerhard Ertl	0	0	Gerhard Ertl|Ertl			2114
<http://dbpedia.org/resource/Germund_Dahlquist>	Germund Dahlquist	0.3055705993717964	0	0	0	1	1	0	0	0	0	0	0	0	[]	False	False	False	True	Germund Dahlquist	0	0	Germund Dahlquist|Dahlquist			2115
<http://dbpedia.org/resource/Gero_Decher>	Gero Decher	0.2775	0	0	0	1	3	0	0	0	0	0	0	0	[]	False	False	False	True	Gero Decher	0	0	Gero Decher|Decher			2116
<http://dbpedia.org/resource/Ghassem_Amoabediny>	Ghassem Amoabediny	0.2775	0	0	0	0	2	0	0	0	0	0	0	0	[]	False	False	False	True	Ghassem Amoabediny	0	0	Ghassem Amoabediny|Amoabediny			2117
<http://dbpedia.org/resource/Ghislain_Deslandes>	Ghislain Deslandes	0.4328722600590108	0	6	6	0	0	0	0	0	0	0	0	0	[]	False	False	False	True	Ghislain Deslandes	0	0	Ghislain Deslandes|Deslandes			2118
<http://dbpedia.org/resource/Gholam_Khiabany>	Gholam Khiabany	0.2775	0	0	0	0	1	0	0	0	0	0	0	0	[]	False	False	False	True	Gholam Khiabany	0	0	Gholam Khiabany|Khiabany			2119
<http://dbpedia.org/resource/Giacomo_Leopardi>	Giacomo Leopardi	1.343059045908468	10	19	29	0	0	0	0	0	0	0	0	0	[]	False	False	False	True	Giacomo Leopardi	0	0	Giacomo Leopardi			2120
<http://dbpedia.org/resource/Giani_Stuparich>	Giani Stuparich	0.2775	0	1	1	0	0	0	0	0	0	0	0	0	[]	False	False	False	True	Giani Stuparich	0	0	Giani Stuparich|Stuparich			2121
<http://dbpedia.org/resource/Gilbert_Blane>	Gilbert Blane	0.29566875	0	2	2	2	1	0	0	0	0	0	0	0	[]	False	False	False	True	Gilbert Blane	0	0	Gilbert Blane|Blane			2122
<http://dbpedia.org/resource/Gilbert_Daniel_Nessim>	Gilbert Daniel Nessim	0.2775	0	0	0	1	3	0	0	0	0	0	0	0	[]	False	False	False	True	Gilbert Daniel Nessim	0	0	Gilbert Daniel Nessim|Nessim			2123
<http://dbpedia.org/resource/Gilbert_Durand>	Gilbert Durand	0.4247310126580585	1	4	5	0	0	0	0	0	0	0	0	0	[]	False	False	False	True	Gilbert Durand	0	0	Gilbert Durand|Durand			2124
<http://dbpedia.org/resource/Gilbert_Gee>	Gilbert Gee	0.2775	0	0	0	0	2	0	0	0	0	0	0	0	[]	False	False	False	True	Gilbert Gee	0	0	Gilbert Gee			2125
<http://dbpedia.org/resource/Gilbert_Gottlieb>	Gilbert Gottlieb	0.2775	0	0	0	1	2	0	0	0	0	0	0	0	[]	False	False	False	True	Gilbert Gottlieb	0	0	Gilbert Gottlieb|Gottlieb			2126
<http://dbpedia.org/resource/Gilbert_N._Lewis>	Gilbert N. Lewis	0.3560233603622357	0	2	2	0	16	0	0	0	0	0	0	0	[]	False	False	False	True	Gilbert N. Lewis	0	0	Gilbert N. Lewis			2127
<http://dbpedia.org/resource/Gilbert_White>	Gilbert White	0.297945322265625	1	2	3	1	1	0	0	0	0	0	0	0	[]	False	False	False	True	Gilbert White	0	0	Gilbert White			2128
<http://dbpedia.org/resource/Gilles_Grelet>	Gilles Grelet	0.2783045870118681	0	1	1	0	0	0	0	0	0	0	0	0	[]	False	False	False	True	Gilles Grelet	0	0	Gilles Grelet|Grelet			2129
<http://dbpedia.org/resource/Gilles_de_Roberval>	Gilles de Roberval	0.3433839239237922	2	1	3	0	2	0	0	0	0	0	0	0	[]	False	False	False	True	Gilles de Roberval	0	0	Gilles de Roberval|Roberval			2130
<http://dbpedia.org/resource/Gillian_Wu>	Gillian Wu	0.405	0	0	0	1	1	0	0	0	0	0	0	0	[]	False	False	False	True	Gillian Wu	0	0	Gillian Wu			2131
<http://dbpedia.org/resource/Giordano_Dell'Amore>	Giordano Dell'Amore	0.2775	0	1	1	0	0	0	0	0	0	0	0	0	[]	False	False	False	True	Giordano Dell'Amore	0	0	Giordano Dell'Amore|Dell'Amore			2132
<http://dbpedia.org/resource/Giorgi_Dvali>	Giorgi Dvali	0.3168125	0	0	0	1	5	0	0	0	0	0	0	0	[]	False	False	False	True	Giorgi Dvali	0	0	Giorgi Dvali|Dvali			2133
<http://dbpedia.org/resource/Giovanni_Arrighi>	Giovanni Arrighi	0.5046142284978467	1	8	9	1	2	0	0	0	0	0	0	0	[]	False	False	False	True	Giovanni Arrighi	0	0	Giovanni Arrighi|Arrighi			2134
<http://dbpedia.org/resource/Giovanni_Domenico_Cassini>	Giovanni Domenico Cassini	0.3199554573721179	1	2	3	0	4	0	0	0	0	0	0	0	[]	False	False	False	True	Giovanni Domenico Cassini	0	0	Giovanni Domenico Cassini|Cassini			2135
<http://dbpedia.org/resource/Giovanni_Dosi>	Giovanni Dosi	0.6442797611050831	0	6	6	1	0	0	0	0	0	0	0	0	[Industrial Organization, Innovation Economics, Theory of the Firm]	False	False	False	True	Giovanni Dosi	0	0	Giovanni Dosi|Dosi			2136
<http://dbpedia.org/resource/Giuseppe_Chirichiello>	Giuseppe Chirichiello	0.2775	0	1	1	0	0	0	0	0	0	0	0	0	[]	False	False	False	True	Giuseppe Chirichiello	0	0	Giuseppe Chirichiello|Chirichiello			2137
<http://dbpedia.org/resource/Giuseppe_Sergi>	Giuseppe Sergi	0.3419152797749123	1	3	4	0	1	0	0	0	0	0	0	0	[]	False	False	False	True	Giuseppe Sergi	0	0	Giuseppe Sergi|Sergi			2138
<http://dbpedia.org/resource/Gladys_Anderson_Emerson>	Gladys Anderson Emerson	0.374665625	0	3	3	3	0	0	0	0	0	0	0	0	[]	False	False	False	True	Gladys Anderson Emerson	0	0	Gladys Anderson Emerson			2139
<http://dbpedia.org/resource/Glenn_Allan_Millikan>	Glenn Allan Millikan	0.2775	0	0	0	2	1	0	0	0	0	0	0	0	[]	False	False	False	True	Glenn Allan Millikan	0	0	Glenn Allan Millikan|Millikan			2140
<http://dbpedia.org/resource/Gloria_Álvarez>	Gloria Álvarez	0.3064964855147427	0	1	1	0	0	0	0	0	0	0	0	0	[]	False	False	False	True	Gloria Alvarez	0	0	Gloria Alvarez|Alvarez			2141
<http://dbpedia.org/resource/Godfrey_Hewitt>	Godfrey Hewitt	0.3848125	0	1	1	2	1	0	0	0	0	0	0	0	[]	False	False	False	True	Godfrey Hewitt	0	0	Godfrey Hewitt|Hewitt			2142
<http://dbpedia.org/resource/Golnaz_Modarresi_Ghavami>	Golnaz Modarresi Ghavami	0.6963375	0	0	0	0	1	0	0	0	0	0	0	0	[]	False	False	False	True	Golnaz Modarresi Ghavami	0	0	Golnaz Modarresi Ghavami|Ghavami			2143
<http://dbpedia.org/resource/Gonzalo_Arango>	Gonzalo Arango	0.2933820464851106	0	1	1	0	0	0	0	0	0	0	0	0	[]	False	False	False	True	Gonzalo Arango	0	0	Gonzalo Arango|Arango			2144
<http://dbpedia.org/resource/Gonzalo_Vial_Correa>	Gonzalo Vial Correa	0.3350617944781901	0	2	2	1	0	0	0	0	0	0	0	0	[]	False	False	False	True	Gonzalo Vial Correa	0	0	Gonzalo Vial Correa|Correa			2145
<http://dbpedia.org/resource/Gordon_Clark>	Gordon Clark	0.6057107554825183	6	8	14	0	0	0	0	0	0	0	0	0	[]	False	False	False	True	Gordon Clark	0	0	Gordon Clark			2146
<http://dbpedia.org/resource/Gordon_McVie>	Gordon McVie	0.2775	0	0	0	1	1	0	0	0	0	0	0	0	[]	False	False	False	True	Gordon McVie	0	0	Gordon McVie|McVie			2147
<http://dbpedia.org/resource/Gordon_Preston>	Gordon Preston	0.2775	0	0	0	1	1	0	0	0	0	0	0	0	[]	False	False	False	True	Gordon Preston	0	0	Gordon Preston|Preston			2148
<http://dbpedia.org/resource/Gottfried_Christoph_Beireis>	Gottfried Christoph Beireis	0.405	0	0	0	1	1	0	0	0	0	0	0	0	[]	False	False	False	True	Gottfried Christoph Beireis	0	0	Gottfried Christoph Beireis|Beireis			2149
<http://dbpedia.org/resource/Gottfried_Feder>	Gottfried Feder	0.5077613932263578	4	4	8	1	0	0	0	0	0	0	0	0	[Urbanism]	False	False	False	True	Gottfried Feder	0	0	Gottfried Feder|Feder			2150
<http://dbpedia.org/resource/Grace_Ji-Sun_Kim>	Grace Ji-Sun Kim	0.3403665938378747	0	2	2	0	0	0	0	0	0	0	0	0	[]	False	False	False	True	Grace Ji-Sun Kim	0	0	Grace Ji-Sun Kim			2151
<http://dbpedia.org/resource/Graciela_Chichilnisky>	Graciela Chichilnisky	0.4256305461919719	1	3	4	1	3	0	0	0	0	0	0	0	[]	False	False	False	True	Graciela Chichilnisky	0	0	Graciela Chichilnisky|Chichilnisky			2152
<http://dbpedia.org/resource/Grahame_Bulfield>	Grahame Bulfield	0.5325000000000001	0	0	0	1	1	0	0	0	0	0	0	0	[]	False	False	False	True	Grahame Bulfield	0	0	Grahame Bulfield|Bulfield			2153
<http://dbpedia.org/resource/Greg_Bahnsen>	Greg Bahnsen	0.5141934642428102	3	2	5	0	0	0	0	0	0	0	0	0	[]	False	False	False	True	Greg Bahnsen	0	0	Greg Bahnsen|Bahnsen			2154
<http://dbpedia.org/resource/Gregor_Luthe>	Gregor Luthe	0.2775	0	0	0	0	2	0	0	0	0	0	0	0	[]	False	False	False	True	Gregor Luthe	0	0	Gregor Luthe|Luthe			2155
<http://dbpedia.org/resource/Gregorio_Baro>	Gregorio Baro	2.750799833048827	0	0	0	1	5	0	0	0	0	0	0	0	[]	False	False	False	True	Gregorio Baro	0	0	Gregorio Baro			2156
<http://dbpedia.org/resource/Gregorio_Weber>	Gregorio Weber	0.3132607142857143	0	1	1	0	0	0	0	0	0	0	0	0	[]	False	False	False	True	Gregorio Weber	0	0	Gregorio Weber			2157
<http://dbpedia.org/resource/Gregory_Bateson>	Gregory Bateson	0.5919620334592087	34	7	41	0	2	0	0	0	0	0	0	0	[]	False	False	False	True	Gregory Bateson	0	0	Gregory Bateson|Bateson			2158
<http://dbpedia.org/resource/Gregory_Fernando_Pappas>	Gregory Fernando Pappas	0.4293312969536993	0	4	4	0	0	0	0	0	0	0	0	0	[]	False	False	False	True	Gregory Fernando Pappas	0	0	Gregory Fernando Pappas|Pappas			2159
<http://dbpedia.org/resource/Gregory_J._Moore>	Gregory J. Moore	0.3329625	0	1	1	0	0	0	0	0	0	0	0	0	[]	False	False	False	True	Gregory J. Moore	0	0	Gregory J. Moore			2160
<http://dbpedia.org/resource/Gregory_Retallack>	Gregory Retallack	0.4232142857142857	0	3	3	2	1	0	0	0	0	0	0	0	[]	False	False	False	True	Gregory Retallack	0	0	Gregory Retallack|Retallack			2161
<http://dbpedia.org/resource/Gregory_S._Brown>	Gregory S. Brown	0.2775	0	0	0	2	4	0	0	0	0	0	0	0	[]	False	False	False	True	Gregory S. Brown	0	0	Gregory S. Brown			2162
<http://dbpedia.org/resource/Gregory_S._Paul>	Gregory S. Paul	0.34125	1	2	3	0	2	0	0	0	0	0	0	0	[]	False	False	False	True	Gregory S. Paul	0	0	Gregory S. Paul			2163
<http://dbpedia.org/resource/Gretchen_Kalonji>	Gretchen Kalonji	0.3364687500000001	0	1	1	1	0	0	0	0	0	0	0	0	[]	False	False	False	True	Gretchen Kalonji	0	0	Gretchen Kalonji|Kalonji			2164
<http://dbpedia.org/resource/Grigor_Magistros>	Grigor Magistros	0.322125	0	1	1	0	0	0	0	0	0	0	0	0	[]	False	False	False	True	Grigor Magistros	0	0	Grigor Magistros|Magistros			2165
<http://dbpedia.org/resource/Grigore_T._Popa>	Grigore T. Popa	0.2803333333333334	0	0	0	1	1	0	0	0	0	0	0	0	[]	False	False	False	True	Grigore T. Popa	0	0	Grigore T. Popa|Popa			2166
<http://dbpedia.org/resource/Grigorii_Kozhevnikov>	Grigorii Kozhevnikov	0.2775	3	1	4	0	0	0	0	0	0	0	0	0	[]	False	False	False	True	Grigorii Kozhevnikov	0	0	Grigorii Kozhevnikov|Kozhevnikov			2167
<http://dbpedia.org/resource/Grover_C._Stephens>	Grover C. Stephens	0.3493437429657636	1	0	1	1	0	0	0	0	0	0	0	0	[]	False	False	False	True	Grover C. Stephens	0	0	Grover C. Stephens			2168
<http://dbpedia.org/resource/Gu_Jiegang>	Gu Jiegang	0.5325000000000001	1	5	6	1	1	0	0	0	0	0	0	0	[]	False	False	False	True	Gu Jiegang	0	0	Gu Jiegang|Jiegang			2169
<http://dbpedia.org/resource/Guido_Barbujani>	Guido Barbujani	0.354796875	0	2	2	1	1	0	0	0	0	0	0	0	[]	False	False	False	True	Guido Barbujani	0	0	Guido Barbujani|Barbujani			2170
<http://dbpedia.org/resource/Guillaume_Faye>	Guillaume Faye	1.146683617669495	0	20	20	0	0	0	0	0	0	0	0	0	[]	False	False	False	True	Guillaume Faye	0	0	Guillaume Faye|Faye			2171
<http://dbpedia.org/resource/Guillermo_Bazan>	Guillermo Bazan	0.3408451875	0	0	0	2	3	0	0	0	0	0	0	0	[]	False	False	False	True	Guillermo Bazan	0	0	Guillermo Bazan|Bazan			2172
<http://dbpedia.org/resource/Guillermo_Calvo>	Guillermo Calvo	0.3167896777274637	2	2	4	2	0	0	0	0	0	0	0	0	[Macroeconomics, Monetary economics]	False	False	False	True	Guillermo Calvo	0	0	Guillermo Calvo			2173
<http://dbpedia.org/resource/Guillermo_Gonzalez_(astronomer)>	Guillermo Gonzalez (astronomer)	0.2775	0	0	0	2	1	0	0	0	0	0	0	0	[]	False	False	False	True	Guillermo Gonzalez	0	0	Guillermo Gonzalez			2174
<http://dbpedia.org/resource/Guillermo_Rein>	Guillermo Rein	0.5325000000000001	0	3	3	3	0	0	0	0	0	0	0	0	[]	False	False	False	True	Guillermo Rein	0	0	Guillermo Rein|Rein			2175
<http://dbpedia.org/resource/Gunnar_Hägg>	Gunnar Hägg	0.3076199907799089	0	0	0	0	1	0	0	0	0	0	0	0	[]	False	False	False	True	Gunnar Hagg	0	0	Gunnar Hagg|Hagg			2176
<http://dbpedia.org/resource/Günter_M._Ziegler>	Günter M. Ziegler	0.2775	0	0	0	1	2	0	0	0	0	0	0	0	[]	False	False	False	True	Gunter M. Ziegler	0	0	Gunter M. Ziegler|Ziegler			2177
<http://dbpedia.org/resource/Guru_Tegh_Bahadur>	Guru Tegh Bahadur	0.2775	0	0	0	0	0	0	1	0	0	0	0	0	[]	False	False	False	True	Guru Tegh Bahadur	0	0	Guru Tegh Bahadur|Bahadur			2178
<http://dbpedia.org/resource/Gustaf_Kossinna>	Gustaf Kossinna	0.3354722078383534	3	2	5	0	1	0	0	0	0	0	0	0	[]	False	False	False	True	Gustaf Kossinna	0	0	Gustaf Kossinna|Kossinna			2179
<http://dbpedia.org/resource/Gustav_Nossal>	Gustav Nossal	0.3309133928571428	2	1	3	2	0	0	0	0	0	0	0	0	[]	False	False	False	True	Gustav Nossal	0	0	Gustav Nossal|Nossal			2180
<http://dbpedia.org/resource/Gustav_Shpet>	Gustav Shpet	0.3547539897514104	0	1	1	0	0	0	0	0	0	0	0	0	[]	False	False	False	True	Gustav Shpet	0	0	Gustav Shpet|Shpet			2181
<http://dbpedia.org/resource/Gustav_von_Escherich>	Gustav von Escherich	0.405	0	0	0	1	2	0	0	0	0	0	0	0	[]	False	False	False	True	Gustav von Escherich	0	0	Gustav von Escherich			2182
<http://dbpedia.org/resource/Gustave_Le_Bon>	Gustave Le Bon	0.3596789805207698	24	8	32	0	2	0	0	0	0	0	0	0	[]	False	False	False	True	Gustave Le Bon	0	0	Gustave Le Bon			2183
<http://dbpedia.org/resource/Gustave_Malécot>	Gustave Malécot	0.2775	0	0	0	1	1	0	0	0	0	0	0	0	[]	False	False	False	True	Gustave Malecot	0	0	Gustave Malecot|Malecot			2184
<http://dbpedia.org/resource/Guy_Hirsch>	Guy Hirsch	0.2775	0	0	0	1	1	0	0	0	0	0	0	0	[]	False	False	False	True	Guy Hirsch	0	0	Guy Hirsch			2185
<http://dbpedia.org/resource/Gwen_Alston>	Gwen Alston	0.2775	0	0	0	2	1	0	0	0	0	0	0	0	[]	False	False	False	True	Gwen Alston	0	0	Gwen Alston|Alston			2186
<http://dbpedia.org/resource/H._R._Krishnamurthy>	H. R. Krishnamurthy	0.2904124756826975	0	0	0	1	6	0	0	0	0	0	0	0	[]	False	False	False	True	H. R. Krishnamurthy	0	0	H. R. Krishnamurthy|Krishnamurthy			2187
<http://dbpedia.org/resource/H._V._Thulasiram>	H. V. Thulasiram	0.2775	0	0	0	0	3	0	0	0	0	0	0	0	[]	False	False	False	True	H. V. Thulasiram	0	0	H. V. Thulasiram|Thulasiram			2188
<http://dbpedia.org/resource/Ha-Joon_Chang>	Ha-Joon Chang	0.4290485177773576	0	9	9	2	0	0	0	0	0	0	0	0	[Development economics]	False	False	False	True	Ha-Joon Chang	0	0	Ha-Joon Chang			2189
<http://dbpedia.org/resource/Halvor_Solberg>	Halvor Solberg	0.2782750063289299	1	1	2	0	0	0	0	0	0	0	0	0	[]	False	False	False	True	Halvor Solberg	0	0	Halvor Solberg|Solberg			2190
<http://dbpedia.org/resource/Hamid_Ashraf>	Hamid Ashraf	0.2934351696466095	0	1	1	0	0	0	0	0	0	0	0	0	[]	False	False	False	True	Hamid Ashraf	0	0	Hamid Ashraf|Ashraf			2191
<http://dbpedia.org/resource/Hamidreza_Jalaeipour>	Hamidreza Jalaeipour	0.34125	1	0	1	1	0	0	0	0	0	0	0	0	[]	False	False	False	True	Hamidreza Jalaeipour	0	0	Hamidreza Jalaeipour			2192
<http://dbpedia.org/resource/Hamish_Watson_(paediatrician)>	Hamish Watson (paediatrician)	0.2775	0	1	1	1	1	0	0	0	0	0	0	0	[]	False	False	False	True	Hamish Watson	0	0	Hamish Watson			2193
<http://dbpedia.org/resource/Han_F._de_Wit>	Han F. de Wit	0.3722515165795298	0	2	2	2	1	0	0	0	0	0	0	0	[]	False	False	False	True	Han F. de Wit	0	0	Han F. de Wit			2194
<http://dbpedia.org/resource/Han_Ryner>	Han Ryner	0.3460420175390321	4	5	9	0	0	0	0	0	0	0	0	0	[]	False	False	False	True	Han Ryner	0	0	Han Ryner|Ryner			2195
<http://dbpedia.org/resource/Hanaoka_Seishū>	Hanaoka Seishū	0.66	3	3	6	0	1	0	0	0	0	0	0	0	[]	False	False	False	True	Hanaoka Seishu	0	0	Hanaoka Seishu|Seishu			2196
<http://dbpedia.org/resource/Hannah_Riddell>	Hannah Riddell	0.405	0	0	0	0	1	0	0	0	0	0	0	0	[]	False	False	False	True	Hannah Riddell	0	0	Hannah Riddell|Riddell			2197
<http://dbpedia.org/resource/Hannah_Ritchie>	Hannah Ritchie	0.2775	0	0	0	1	1	0	0	0	0	0	0	0	[]	False	False	False	True	Hannah Ritchie	0	0	Hannah Ritchie			2198
<http://dbpedia.org/resource/Hans_Baruch>	Hans Baruch	0.2896125	0	2	2	1	0	0	0	0	0	0	0	0	[]	False	False	False	True	Hans Baruch	0	0	Hans Baruch|Baruch			2199
<http://dbpedia.org/resource/Hans_Chiari>	Hans Chiari	0.405	0	2	2	0	3	0	0	0	0	0	0	0	[]	False	False	False	True	Hans Chiari	0	0	Hans Chiari|Chiari			2200
<http://dbpedia.org/resource/Hans_Duistermaat>	Hans Duistermaat	0.28105266351058	0	0	0	1	1	0	0	0	0	0	0	0	[]	False	False	False	True	Hans Duistermaat	0	0	Hans Duistermaat|Duistermaat			2201
<http://dbpedia.org/resource/Hans_Eysenck>	Hans Eysenck	0.3137636086209193	3	1	4	1	7	0	0	0	0	0	0	0	[]	False	False	False	True	Hans Eysenck	0	0	Hans Eysenck|Eysenck			2202
<http://dbpedia.org/resource/Hans_Geiger>	Hans Geiger	0.28175	1	2	3	0	5	0	0	0	0	0	0	0	[]	False	False	False	True	Hans Geiger	0	0	Hans Geiger|Geiger			2203
<http://dbpedia.org/resource/Hans_Georg_Feichtinger>	Hans Georg Feichtinger	0.2893604576356848	0	0	0	1	5	0	0	0	0	0	0	0	[]	False	False	False	True	Hans Georg Feichtinger	0	0	Hans Georg Feichtinger|Feichtinger			2204
<http://dbpedia.org/resource/Hans_Jenny_(pedologist)>	Hans Jenny (pedologist)	0.2775	0	0	0	1	1	0	0	0	0	0	0	0	[]	False	False	False	True	Hans Jenny	0	0	Hans Jenny|Jenny			2205
<http://dbpedia.org/resource/Hans_Rådström>	Hans Rådström	0.3275491117647575	1	2	3	1	1	0	0	0	0	0	0	0	[]	False	False	False	True	Hans Radstrom	0	0	Hans Radstrom|Radstrom			2206
<http://dbpedia.org/resource/Hans_Rohrbach>	Hans Rohrbach	1.018711204236188	0	18	18	0	0	0	0	0	0	0	0	0	[]	False	False	False	True	Hans Rohrbach	0	0	Hans Rohrbach|Rohrbach			2207
<http://dbpedia.org/resource/Hans_Stille>	Hans Stille	0.2775	0	0	0	0	2	0	0	0	0	0	0	0	[]	False	False	False	True	Hans Stille	0	0	Hans Stille|Stille			2208
<http://dbpedia.org/resource/Hans_Tropsch>	Hans Tropsch	0.377746875	0	0	0	1	1	0	0	0	0	0	0	0	[]	False	False	False	True	Hans Tropsch	0	0	Hans Tropsch|Tropsch			2209
<http://dbpedia.org/resource/Hans_Tuppy>	Hans Tuppy	0.3076698563239887	0	3	3	1	1	0	0	0	0	0	0	0	[]	False	False	False	True	Hans Tuppy	0	0	Hans Tuppy|Tuppy			2210
<http://dbpedia.org/resource/Hans-Hermann_Hoppe>	Hans-Hermann Hoppe	0.782504090777534	7	12	19	1	0	0	0	0	0	0	0	0	[Economics, Political philosophy, Epistemology, Philosophy and economics, Philosophy of culture]	False	False	False	True	Hans-Hermann Hoppe	0	0	Hans-Hermann Hoppe|Hoppe			2211
<http://dbpedia.org/resource/Hans-Rudolf_Wiedemann>	Hans-Rudolf Wiedemann	0.2775	0	0	0	0	1	0	0	0	0	0	0	0	[]	False	False	False	True	Hans-Rudolf Wiedemann	0	0	Hans-Rudolf Wiedemann|Wiedemann			2212
<http://dbpedia.org/resource/Hanumant_Shankar_Sawant>	Hanumant Shankar Sawant	0.2775	0	0	0	1	1	0	0	0	0	0	0	0	[]	False	False	False	True	Hanumant Shankar Sawant	0	0	Hanumant Shankar Sawant|Sawant			2213
<http://dbpedia.org/resource/Harden_M._McConnell>	Harden M. McConnell	0.3018817142416372	0	1	1	0	0	0	0	0	0	0	0	0	[]	False	False	False	True	Harden M. McConnell	0	0	Harden M. McConnell			2214
<http://dbpedia.org/resource/Hardy_Hanappi>	Hardy Hanappi	0.2966365093973615	0	4	4	0	0	0	0	0	0	0	0	0	[Game Theory, Political Economy, Simulation]	False	False	False	True	Hardy Hanappi	0	0	Hardy Hanappi|Hanappi			2215
<http://dbpedia.org/resource/Harland_G._Wood>	Harland G. Wood	0.2775	1	1	2	0	0	0	0	0	0	0	0	0	[]	False	False	False	True	Harland G. Wood	0	0	Harland G. Wood|Wood			2216
<http://dbpedia.org/resource/Harley_Flanders>	Harley Flanders	0.3002415501788065	0	0	0	1	1	0	0	0	0	0	0	0	[]	False	False	False	True	Harley Flanders	0	0	Harley Flanders			2217
<http://dbpedia.org/resource/Harold_Bloom>	Harold Bloom	0.3006743232493216	0	4	4	0	0	0	0	0	0	0	0	0	[]	False	False	False	True	Harold Bloom	0	0	Harold Bloom			2218
<http://dbpedia.org/resource/Harold_J._Brodie>	Harold J. Brodie	1.474180957091434	0	0	0	1	1	0	0	0	0	0	0	0	[]	False	False	False	True	Harold J. Brodie	0	0	Harold J. Brodie|Brodie			2219
<http://dbpedia.org/resource/Harold_McGee>	Harold McGee	0.4430648082742681	6	1	7	2	1	0	0	0	0	0	0	0	[]	False	False	False	True	Harold McGee	0	0	Harold McGee|McGee			2220
<http://dbpedia.org/resource/Harold_Scheraga>	Harold Scheraga	0.2775	0	0	0	0	1	0	0	0	0	0	0	0	[]	False	False	False	True	Harold Scheraga	0	0	Harold Scheraga|Scheraga			2221
<http://dbpedia.org/resource/Harold_Williams_(geologist)>	Harold Williams (geologist)	0.3091431680470424	0	0	0	2	1	0	0	0	0	0	0	0	[]	False	False	False	True	Harold Williams	0	0	Harold Williams			2222
<http://dbpedia.org/resource/Harris_Hawthorne_Wilder>	Harris Hawthorne Wilder	0.2775	0	1	1	0	0	0	0	0	0	0	0	0	[]	False	False	False	True	Harris Hawthorne Wilder	0	0	Harris Hawthorne Wilder|Wilder			2223
<http://dbpedia.org/resource/Harrison_Echols>	Harrison Echols	0.3521616442997685	0	0	0	2	1	0	0	0	0	0	0	0	[]	False	False	False	True	Harrison Echols	0	0	Harrison Echols|Echols			2224
<http://dbpedia.org/resource/Harry_B._Whittington>	Harry B. Whittington	0.405	0	0	0	1	2	0	0	0	0	0	0	0	[]	False	False	False	True	Harry B. Whittington	0	0	Harry B. Whittington|Whittington			2225
<http://dbpedia.org/resource/Harry_Buhrman>	Harry Buhrman	0.3360817508654624	0	2	2	1	4	0	0	0	0	0	0	0	[]	False	False	False	True	Harry Buhrman	0	0	Harry Buhrman|Buhrman			2226
<http://dbpedia.org/resource/Harry_Hammond_Hess>	Harry Hammond Hess	0.340106973849282	1	1	2	1	1	0	0	0	0	0	0	0	[]	False	False	False	True	Harry Hammond Hess	0	0	Harry Hammond Hess|Hess			2227
<http://dbpedia.org/resource/Harry_Julius_Emeléus>	Harry Julius Emeléus	0.3062174995775611	1	0	1	0	0	0	0	0	0	0	0	0	[]	False	False	False	True	Harry Julius Emeleus	0	0	Harry Julius Emeleus|Emeleus			2228
<http://dbpedia.org/resource/Harry_Lee_Poe>	Harry Lee Poe	0.558	0	2	2	0	0	0	0	0	0	0	0	0	[]	False	False	False	True	Harry Lee Poe	0	0	Harry Lee Poe			2229
<http://dbpedia.org/resource/Harry_McSween>	Harry McSween	0.2775	0	0	0	2	1	0	0	0	0	0	0	0	[]	False	False	False	True	Harry McSween	0	0	Harry McSween|McSween			2230
<http://dbpedia.org/resource/Harry_Schachter>	Harry Schachter	0.2775	0	0	0	1	3	0	0	0	0	0	0	0	[]	False	False	False	True	Harry Schachter	0	0	Harry Schachter|Schachter			2231
<http://dbpedia.org/resource/Harry_Smith_(botanist)>	Harry Smith (botanist)	0.385875	1	0	1	2	1	0	0	0	0	0	0	0	[]	False	False	False	True	Harry Smith	0	0	Harry Smith			2232
<http://dbpedia.org/resource/Harry_Swinney>	Harry Swinney	0.2775	0	0	0	2	2	0	0	0	0	0	0	0	[]	False	False	False	True	Harry Swinney	0	0	Harry Swinney|Swinney			2233
<http://dbpedia.org/resource/Harvey_J._Levin>	Harvey J. Levin	0.3379342820118236	5	4	9	2	0	0	0	0	0	0	0	0	[Regulatory economics]	False	False	False	True	Harvey J. Levin	0	0	Harvey J. Levin|Levin			2234
<http://dbpedia.org/resource/Harvey_Monroe_Hall>	Harvey Monroe Hall	0.774816822742493	0	3	3	1	0	0	0	0	0	0	0	0	[]	False	False	False	True	Harvey Monroe Hall	0	0	Harvey Monroe Hall			2235
<http://dbpedia.org/resource/Hassan_Mustafa_Osama_Nasr>	Hassan Mustafa Osama Nasr	0.2775	0	0	0	0	0	0	1	0	0	0	0	0	[]	False	False	False	True	Hassan Mustafa Osama Nasr	0	0	Hassan Mustafa Osama Nasr			2236
<http://dbpedia.org/resource/Hava_Siegelmann>	Hava Siegelmann	0.3622005681818182	0	0	0	1	1	0	0	0	0	0	0	0	[]	False	False	False	True	Hava Siegelmann	0	0	Hava Siegelmann|Siegelmann			2237
<http://dbpedia.org/resource/Hayashi_Gahō>	Hayashi Gahō	0.2841658551404626	0	1	1	0	0	0	0	0	0	0	0	0	[]	False	False	False	True	Hayashi Gaho	0	0	Hayashi Gaho|Gaho			2238
<http://dbpedia.org/resource/Hayashi_Ōen>	Hayashi Ōen	1.2914105597514556	0	1	1	0	0	0	0	0	0	0	0	0	[]	False	False	False	True	Hayashi Oen	0	0	Hayashi Oen			2239
<http://dbpedia.org/resource/Hazrat_Babajan>	Hazrat Babajan	0.2775	1	1	2	0	0	0	0	0	0	0	0	0	[]	False	False	False	True	Hazrat Babajan	0	0	Hazrat Babajan|Babajan			2240
<http://dbpedia.org/resource/Hecato_of_Rhodes>	Hecato of Rhodes	0.2843252427433516	0	1	1	0	0	0	0	0	0	0	0	0	[]	False	False	False	True	Hecato of Rhodes	0	0	Hecato of Rhodes			2241
<http://dbpedia.org/resource/Hector_Clare_Cameron>	Hector Clare Cameron	0.2775	0	1	1	0	0	0	0	0	0	0	0	0	[]	False	False	False	True	Hector Clare Cameron	0	0	Hector Clare Cameron|Cameron			2242
<http://dbpedia.org/resource/Hee_Oh>	Hee Oh	0.2967876288000542	0	0	0	2	1	0	0	0	0	0	0	0	[]	False	False	False	True	Hee Oh	0	0	Hee Oh			2243
<http://dbpedia.org/resource/Heike_Hofmann__Heike_Hofmann__1>	Heike Hofmann  Heike Hofmann  1	0.2775	0	0	0	1	2	0	0	0	0	0	0	0	[]	False	False	False	True	Heike Hofmann	0	0	Heike Hofmann|Hofmann			2244
<http://dbpedia.org/resource/Heike_Kamerlingh_Onnes>	Heike Kamerlingh Onnes	0.3725407290637211	2	1	3	2	6	0	0	0	0	0	0	0	[]	False	False	False	True	Heike Kamerlingh Onnes	0	0	Heike Kamerlingh Onnes|Onnes			2245
<http://dbpedia.org/resource/Heino_Finkelmann>	Heino Finkelmann	0.2775	0	0	0	1	2	0	0	0	0	0	0	0	[]	False	False	False	True	Heino Finkelmann	0	0	Heino Finkelmann|Finkelmann			2246
<http://dbpedia.org/resource/Heinrich_Anton_de_Bary>	Heinrich Anton de Bary	0.2775	1	1	2	0	0	0	0	0	0	0	0	0	[]	False	False	False	True	Heinrich Anton de Bary	0	0	Heinrich Anton de Bary|Bary			2247
<http://dbpedia.org/resource/Heinrich_Johann_Nepomuk_von_Crantz>	Heinrich Johann Nepomuk von Crantz	0.4765848137827413	0	3	3	1	0	0	0	0	0	0	0	0	[]	False	False	False	True	Heinrich Johann Nepomuk von Crantz	0	0	Heinrich Johann Nepomuk von Crantz|Crantz			2248
<http://dbpedia.org/resource/Heinrich_Scherk>	Heinrich Scherk	0.4244197394595554	0	0	0	1	2	0	0	0	0	0	0	0	[]	False	False	False	True	Heinrich Scherk	0	0	Heinrich Scherk|Scherk			2249
<http://dbpedia.org/resource/Heinrich_Zimmer>	Heinrich Zimmer	0.3964143451901768	1	1	2	0	0	0	0	0	0	0	0	0	[]	False	False	False	True	Heinrich Zimmer	0	0	Heinrich Zimmer|Zimmer			2250
<http://dbpedia.org/resource/Heinz_Billing>	Heinz Billing	0.3497504610081354	0	0	0	1	2	0	0	0	0	0	0	0	[]	False	False	False	True	Heinz Billing	0	0	Heinz Billing|Billing			2251
<http://dbpedia.org/resource/Heinz_Maier-Leibnitz>	Heinz Maier-Leibnitz	0.2967664956898934	0	0	0	0	2	0	0	0	0	0	0	0	[]	False	False	False	True	Heinz Maier-Leibnitz	0	0	Heinz Maier-Leibnitz|Maier-Leibnitz			2252
<http://dbpedia.org/resource/Heinz_Pose>	Heinz Pose	0.3516831293824792	0	0	0	4	2	0	0	0	0	0	0	0	[]	False	False	False	True	Heinz Pose	0	0	Heinz Pose|Pose			2253
<http://dbpedia.org/resource/Helen_Hart_(plant_pathologist)>	Helen Hart (plant pathologist)	0.2900375	0	0	0	1	1	0	0	0	0	0	0	0	[]	False	False	False	True	Helen Hart	0	0	Helen Hart|Hart			2254
<http://dbpedia.org/resource/Helen_M._Berman>	Helen M. Berman	0.2775	1	0	1	2	0	0	0	0	0	0	0	0	[]	False	False	False	True	Helen M. Berman	0	0	Helen M. Berman|Berman			2255
<http://dbpedia.org/resource/Helena_Blavatsky>	Helena Blavatsky	0.6484132038315963	5	3	8	0	0	0	0	0	0	0	0	0	[]	False	False	False	True	Helena Blavatsky	0	0	Helena Blavatsky|Blavatsky			2256
<http://dbpedia.org/resource/Helena_Roerich>	Helena Roerich	0.7044906395978394	6	5	11	0	0	0	0	0	0	0	0	0	[]	False	False	False	True	Helena Roerich	0	0	Helena Roerich|Roerich			2257
<http://dbpedia.org/resource/Helmut_Maier>	Helmut Maier	0.2775	0	0	0	2	2	0	0	0	0	0	0	0	[]	False	False	False	True	Helmut Maier	0	0	Helmut Maier|Maier			2258
<http://dbpedia.org/resource/Helmut_Wautischer>	Helmut Wautischer	0.3395627319529389	0	4	4	0	0	0	0	0	0	0	0	0	[]	False	False	False	True	Helmut Wautischer	0	0	Helmut Wautischer|Wautischer			2259
<http://dbpedia.org/resource/Hendrik_Schatz>	Hendrik Schatz	0.2775	0	0	0	1	1	0	0	0	0	0	0	0	[]	False	False	False	True	Hendrik Schatz	0	0	Hendrik Schatz|Schatz			2260
<http://dbpedia.org/resource/Hendrika_Johanna_van_Leeuwen>	Hendrika Johanna van Leeuwen	0.2833225000000001	0	0	0	1	1	0	0	0	0	0	0	0	[]	False	False	False	True	Hendrika Johanna van Leeuwen	0	0	Hendrika Johanna van Leeuwen|Leeuwen			2261
<http://dbpedia.org/resource/Henk_Broer>	Henk Broer	0.3216228379946643	0	0	0	1	1	0	0	0	0	0	0	0	[]	False	False	False	True	Henk Broer	0	0	Henk Broer|Broer			2262
<http://dbpedia.org/resource/Henri_Bénard>	Henri Bénard	0.309375	0	0	0	2	3	0	0	0	0	0	0	0	[]	False	False	False	True	Henri Benard	0	0	Henri Benard|Benard			2263
<http://dbpedia.org/resource/Henri_Charrière>	Henri Charrière	0.2775	0	0	0	0	2	0	0	0	0	0	0	0	[]	False	False	False	True	Henri Charriere	0	0	Henri Charriere|Charriere			2264
<http://dbpedia.org/resource/Henri_Moissan>	Henri Moissan	0.2775	0	0	0	0	1	0	0	0	0	0	0	0	[]	False	False	False	True	Henri Moissan	0	0	Henri Moissan|Moissan			2265
<http://dbpedia.org/resource/Henrik_Steffens>	Henrik Steffens	0.2809393932861519	4	4	8	0	0	0	0	0	0	0	0	0	[]	False	False	False	True	Henrik Steffens	0	0	Henrik Steffens|Steffens			2266
<http://dbpedia.org/resource/Henry_Augustus_Pilsbry>	Henry Augustus Pilsbry	0.3509142500530245	0	1	1	1	0	0	0	0	0	0	0	0	[]	False	False	False	True	Henry Augustus Pilsbry	0	0	Henry Augustus Pilsbry|Pilsbry			2267
<http://dbpedia.org/resource/Henry_Byerly>	Henry Byerly	0.3726853093025828	0	2	2	0	0	0	0	0	0	0	0	0	[]	False	False	False	True	Henry Byerly	0	0	Henry Byerly|Byerly			2268
<http://dbpedia.org/resource/Henry_Drysdale_Dakin>	Henry Drysdale Dakin	0.2908520833333333	0	0	0	1	3	0	0	0	0	0	0	0	[]	False	False	False	True	Henry Drysdale Dakin	0	0	Henry Drysdale Dakin|Dakin			2269
<http://dbpedia.org/resource/Henry_Harrington_Janeway>	Henry Harrington Janeway	0.4887826699908648	0	0	0	6	1	0	0	0	0	0	0	0	[]	False	False	False	True	Henry Harrington Janeway	0	0	Henry Harrington Janeway|Janeway			2270
<http://dbpedia.org/resource/Henry_Ludwell_Moore>	Henry Ludwell Moore	0.2941017270917694	0	4	4	2	0	0	0	0	0	0	0	0	[Econometrics]	False	False	False	True	Henry Ludwell Moore	0	0	Henry Ludwell Moore			2271
<http://dbpedia.org/resource/Henry_Paul_Hansen>	Henry Paul Hansen	0.2775	0	0	0	2	2	0	0	0	0	0	0	0	[]	False	False	False	True	Henry Paul Hansen	0	0	Henry Paul Hansen			2272
<http://dbpedia.org/resource/Henry_Scheffé>	Henry Scheffé	0.2839703146471229	1	0	1	2	3	0	0	0	0	0	0	0	[]	False	False	False	True	Henry Scheffe	0	0	Henry Scheffe|Scheffe			2273
<http://dbpedia.org/resource/Henryk_Grossman>	Henryk Grossman	0.5010562447656504	2	4	6	0	0	0	0	0	0	0	0	0	[]	False	False	False	True	Henryk Grossman	0	0	Henryk Grossman|Grossman			2274
<http://dbpedia.org/resource/Herbert_Blumer>	Herbert Blumer	0.6511008294793618	4	7	11	0	0	0	0	0	0	0	0	0	[]	False	False	False	True	Herbert Blumer	0	0	Herbert Blumer|Blumer			2275
<http://dbpedia.org/resource/Herbert_Callen>	Herbert Callen	0.29875	0	0	0	2	2	0	0	0	0	0	0	0	[]	False	False	False	True	Herbert Callen	0	0	Herbert Callen|Callen			2276
<http://dbpedia.org/resource/Herbert_Hyman>	Herbert Hyman	0.405	0	2	2	0	1	0	0	0	0	0	0	0	[]	False	False	False	True	Herbert Hyman	0	0	Herbert Hyman|Hyman			2277
<http://dbpedia.org/resource/Herbert_Kroemer>	Herbert Kroemer	0.3294150396298103	0	2	2	2	3	0	0	0	0	0	0	0	[]	False	False	False	True	Herbert Kroemer	0	0	Herbert Kroemer|Kroemer			2278
<http://dbpedia.org/resource/Heremba_Bailung>	Heremba Bailung	0.351875	0	0	0	2	2	0	0	0	0	0	0	0	[]	False	False	False	True	Heremba Bailung	0	0	Heremba Bailung|Bailung			2279
<http://dbpedia.org/resource/Hergé>	Hergé	0.34125	1	0	1	0	0	0	0	0	0	0	0	0	[]	False	False	False	True	Herge	0	0	Herge			2280
<http://dbpedia.org/resource/Herman_Boerhaave>	Herman Boerhaave	0.41908140485799	2	0	2	0	0	0	0	0	0	0	0	0	[]	False	False	False	True	Herman Boerhaave	0	0	Herman Boerhaave|Boerhaave			2281
<http://dbpedia.org/resource/Herman_Tønnessen>	Herman Tønnessen	0.3127829412161746	0	1	1	0	0	0	0	0	0	0	0	0	[]	False	False	False	True	Herman Tønnessen	0	0	Herman Tønnessen|Tønnessen			2282
<http://dbpedia.org/resource/Hermann_August_Hagen>	Hermann August Hagen	0.405	0	2	2	0	0	0	0	0	0	0	0	0	[]	False	False	False	True	Hermann August Hagen	0	0	Hermann August Hagen			2283
<http://dbpedia.org/resource/Hermann_Haken>	Hermann Haken	0.295320081622167	0	0	0	1	2	0	0	0	0	0	0	0	[]	False	False	False	True	Hermann Haken	0	0	Hermann Haken|Haken			2284
<http://dbpedia.org/resource/Hermann_Lebert>	Hermann Lebert	0.418169601255085	0	3	3	0	1	0	0	0	0	0	0	0	[]	False	False	False	True	Hermann Lebert	0	0	Hermann Lebert|Lebert			2285
<http://dbpedia.org/resource/Hermann_Oppenheim>	Hermann Oppenheim	0.2775	0	0	0	0	1	0	0	0	0	0	0	0	[]	False	False	False	True	Hermann Oppenheim	0	0	Hermann Oppenheim			2286
<http://dbpedia.org/resource/Hermann_Schlichting>	Hermann Schlichting	0.2845371651785714	0	0	0	1	3	0	0	0	0	0	0	0	[]	False	False	False	True	Hermann Schlichting	0	0	Hermann Schlichting|Schlichting			2287
<http://dbpedia.org/resource/Hermann_Senator>	Hermann Senator	0.3045963052507734	0	2	2	0	0	0	0	0	0	0	0	0	[]	False	False	False	True	Hermann Senator	0	0	Hermann Senator|Senator			2288
<http://dbpedia.org/resource/Hertha_Wambacher>	Hertha Wambacher	0.2775	0	0	0	0	1	0	0	0	0	0	0	0	[]	False	False	False	True	Hertha Wambacher	0	0	Hertha Wambacher|Wambacher			2289
<http://dbpedia.org/resource/Hervé_Moulin>	Hervé Moulin	0.3158830510609877	0	3	3	2	0	0	0	0	0	0	0	0	[Mathematical economics, Game theory, Social choice, Fair division]	False	False	False	True	Herve Moulin	0	0	Herve Moulin|Moulin			2290
<http://dbpedia.org/resource/Hideki_Sakurai>	Hideki Sakurai	0.2775	0	0	0	1	1	0	0	0	0	0	0	0	[]	False	False	False	True	Hideki Sakurai	0	0	Hideki Sakurai|Sakurai			2291
<http://dbpedia.org/resource/Hildegarde_Howard>	Hildegarde Howard	0.4195833258301478	0	0	0	1	1	0	0	0	0	0	0	0	[]	False	False	False	True	Hildegarde Howard	0	0	Hildegarde Howard|Howard			2292
<http://dbpedia.org/resource/Hillel_Zeitlin>	Hillel Zeitlin	0.2775	1	1	2	0	0	0	0	0	0	0	0	0	[]	False	False	False	True	Hillel Zeitlin	0	0	Hillel Zeitlin|Zeitlin			2293
<http://dbpedia.org/resource/Hiroaki_Terao>	Hiroaki Terao	0.2775	0	0	0	2	1	0	0	0	0	0	0	0	[]	False	False	False	True	Hiroaki Terao	0	0	Hiroaki Terao|Terao			2294
<http://dbpedia.org/resource/Hirofumi_Uzawa>	Hirofumi Uzawa	0.4256841117198626	6	4	10	2	0	0	0	0	0	0	0	0	[Mathematical economics]	False	False	False	True	Hirofumi Uzawa	0	0	Hirofumi Uzawa|Uzawa			2295
<http://dbpedia.org/resource/Hiroki_Azuma>	Hiroki Azuma	1.2565832658649962	1	12	13	0	0	0	0	0	0	0	0	0	[]	False	False	False	True	Hiroki Azuma	0	0	Hiroki Azuma|Azuma			2296
<http://dbpedia.org/resource/Hongkun_Park>	Hongkun Park	0.440517976897374	0	0	0	3	1	0	0	0	0	0	0	0	[]	False	False	False	True	Hongkun Park	0	0	Hongkun Park|Park			2297
<http://dbpedia.org/resource/Honor_Fell>	Honor Fell	0.32903125	2	1	3	1	2	0	0	0	0	0	0	0	[]	False	False	False	True	Honor Fell	0	0	Honor Fell|Fell			2298
<http://dbpedia.org/resource/Horace_Lamb>	Horace Lamb	0.3721302524779806	1	0	1	1	7	0	0	0	0	0	0	0	[]	False	False	False	True	Horace Lamb	0	0	Horace Lamb|Lamb			2299
<http://dbpedia.org/resource/Horst_Dreier>	Horst Dreier	0.3090285212571765	0	1	1	2	0	0	0	0	0	0	0	0	[]	False	False	False	True	Horst Dreier	0	0	Horst Dreier|Dreier			2300
<http://dbpedia.org/resource/Horst_Ludwig_Störmer>	Horst Ludwig Störmer	0.2775	0	0	0	2	1	0	0	0	0	0	0	0	[]	False	False	False	True	Horst Ludwig Stormer	0	0	Horst Ludwig Stormer|Stormer			2301
<http://dbpedia.org/resource/Hosahalli_Ramaswamy>	Hosahalli Ramaswamy	27.72173594089719	0	0	0	2	3	0	0	0	0	0	0	0	[]	False	False	False	True	Hosahalli Ramaswamy	0	0	Hosahalli Ramaswamy|Ramaswamy			2302
<http://dbpedia.org/resource/Hossein_Elahi_Ghomshei>	Hossein Elahi Ghomshei	2.1209902386619515	0	18	18	0	0	0	0	0	0	0	0	0	[]	False	False	False	True	Hossein Elahi Ghomshei	0	0	Hossein Elahi Ghomshei|Ghomshei			2303
<http://dbpedia.org/resource/Hosur_Narasimhaiah>	Hosur Narasimhaiah	0.2790904533217913	0	1	1	2	1	0	0	0	0	0	0	0	[]	False	False	False	True	Hosur Narasimhaiah	0	0	Hosur Narasimhaiah|Narasimhaiah			2304
<http://dbpedia.org/resource/Hovhannes_Imastaser>	Hovhannes Imastaser	0.322125	0	1	1	0	0	0	0	0	0	0	0	0	[]	False	False	False	True	Hovhannes Imastaser	0	0	Hovhannes Imastaser|Imastaser			2305
<http://dbpedia.org/resource/Howard_Brandt>	Howard Brandt	0.2775	0	0	0	2	3	0	0	0	0	0	0	0	[]	False	False	False	True	Howard Brandt	0	0	Howard Brandt|Brandt			2306
<http://dbpedia.org/resource/Howard_Carter>	Howard Carter	0.309375	0	0	0	0	1	0	0	0	0	0	0	0	[]	False	False	False	True	Howard Carter	0	0	Howard Carter|Carter			2307
<http://dbpedia.org/resource/Howard_Florey>	Howard Florey	0.2775	3	1	4	3	1	0	0	0	0	0	0	0	[]	False	False	False	True	Howard Florey	0	0	Howard Florey|Florey			2308
<http://dbpedia.org/resource/Howard_Levi__Howard_Levi__1>	Howard Levi  Howard Levi  1	0.2775	0	0	0	1	1	0	0	0	0	0	0	0	[]	False	False	False	True	Howard Levi	0	0	Howard Levi			2309
<http://dbpedia.org/resource/Howard_S._Becker>	Howard S. Becker	0.2925621303929225	0	2	2	0	0	0	0	0	0	0	0	0	[]	False	False	False	True	Howard S. Becker	0	0	Howard S. Becker			2310
<http://dbpedia.org/resource/Howard_Wilson_Emmons>	Howard Wilson Emmons	0.405	0	0	0	2	1	0	0	0	0	0	0	0	[]	False	False	False	True	Howard Wilson Emmons	0	0	Howard Wilson Emmons|Emmons			2311
<http://dbpedia.org/resource/Howell_Tong>	Howell Tong	0.3373322398445749	1	3	4	1	9	0	0	0	0	0	0	0	[]	False	False	False	True	Howell Tong	0	0	Howell Tong|Tong			2312
<http://dbpedia.org/resource/Hugh_Iltis>	Hugh Iltis	0.390975	0	0	0	0	2	0	0	0	0	0	0	0	[]	False	False	False	True	Hugh Iltis	0	0	Hugh Iltis|Iltis			2313
<http://dbpedia.org/resource/Hugo_Herrera_(Chilean_philosopher)>	Hugo Herrera (Chilean philosopher)	0.3377680123949297	0	2	2	2	0	0	0	0	0	0	0	0	[]	False	False	False	True	Hugo Herrera	0	0	Hugo Herrera|Herrera			2314
<http://dbpedia.org/resource/Humberto_Maturana>	Humberto Maturana	0.3070480836498231	0	2	2	3	0	0	0	0	0	0	0	0	[]	False	False	False	True	Humberto Maturana	0	0	Humberto Maturana|Maturana			2315
<http://dbpedia.org/resource/Humiaki_Huzita>	Humiaki Huzita	0.2775	0	1	1	1	1	0	0	0	0	0	0	0	[]	False	False	False	True	Humiaki Huzita	0	0	Humiaki Huzita|Huzita			2316
<http://dbpedia.org/resource/Hunter_S._Thompson>	Hunter S. Thompson	0.2775	0	0	0	0	0	5	0	0	0	0	0	0	[]	False	False	False	True	Hunter S. Thompson	0	0	Hunter S. Thompson			2317
<http://dbpedia.org/resource/Huw_Dixon>	Huw Dixon	0.3572949402987144	0	4	4	3	0	0	0	0	0	0	0	0	[Economics]	False	False	False	True	Huw Dixon	0	0	Huw Dixon|Dixon			2318
<http://dbpedia.org/resource/Iain_Mattaj>	Iain Mattaj	0.3132455357142857	0	2	2	2	0	0	0	0	0	0	0	0	[]	False	False	False	True	Iain Mattaj	0	0	Iain Mattaj|Mattaj			2319
<http://dbpedia.org/resource/Ian_A._Young>	Ian A. Young	0.300875	0	0	0	2	1	0	0	0	0	0	0	0	[]	False	False	False	True	Ian A. Young	0	0	Ian A. Young			2320
<http://dbpedia.org/resource/Ian_Donald>	Ian Donald	0.34125	1	2	3	0	1	0	0	0	0	0	0	0	[]	False	False	False	True	Ian Donald	0	0	Ian Donald			2321
<http://dbpedia.org/resource/Ian_Goldberg>	Ian Goldberg	0.29875	0	0	0	0	1	0	0	0	0	0	0	0	[]	False	False	False	True	Ian Goldberg	0	0	Ian Goldberg|Goldberg			2322
<http://dbpedia.org/resource/Ian_Stirling_(biologist)>	Ian Stirling (biologist)	0.28653125	0	0	0	0	1	0	0	0	0	0	0	0	[]	False	False	False	True	Ian Stirling	0	0	Ian Stirling|Stirling			2323
<http://dbpedia.org/resource/Ibn_Abd_al-Hadi>	Ibn Abd al-Hadi	0.5962500000000002	0	4	4	0	0	0	0	0	0	0	0	0	[]	False	False	False	True	Ibn Abd al-Hadi	0	0	Ibn Abd al-Hadi|al-Hadi			2324
<http://dbpedia.org/resource/Ibn_Abi_Jumhur_al-Ahsa'i>	Ibn Abi Jumhur al-Ahsa'i	0.2775	0	1	1	0	0	0	0	0	0	0	0	0	[]	False	False	False	True	Ibn Abi Jumhur al-Ahsa'i	0	0	Ibn Abi Jumhur al-Ahsa'i|al-Ahsa'i			2325
<http://dbpedia.org/resource/Ibn_Arabi__Ibn_ʿArabī__1>	Ibn Arabi  Ibn ʿArabī  1	1.0352142192760945	38	11	49	0	0	0	0	0	0	0	0	0	[]	False	False	False	True	Ibn Arabi Ibn ʿArabi	0	0	Ibn Arabi Ibn ʿArabi|ʿArabi			2326
<http://dbpedia.org/resource/Ibn_Barrajan>	Ibn Barrajan	0.92378547979798	3	9	12	0	0	0	0	0	0	0	0	0	[]	False	False	False	True	Ibn Barrajan	0	0	Ibn Barrajan|Barrajan			2327
<http://dbpedia.org/resource/Ibn_Hajar_al-Asqalani>	Ibn Hajar al-Asqalani	0.3674522856308794	1	1	2	0	0	0	1	0	0	0	0	0	[]	False	False	False	True	Ibn Hajar al-Asqalani	0	0	Ibn Hajar al-Asqalani|al-Asqalani			2328
<http://dbpedia.org/resource/Ibn_Mada'>	Ibn Mada'	0.5941166064783322	1	4	5	0	0	0	0	0	0	0	0	0	[]	False	False	False	True	Ibn Mada	0	0	Ibn Mada|Mada			2329
<http://dbpedia.org/resource/Ibn_Sab'in>	Ibn Sab'in	1.0613835023320335	6	13	19	0	0	0	0	0	0	0	0	0	[]	False	False	False	True	Ibn Sab'in	0	0	Ibn Sab'in|Sab'in			2330
<http://dbpedia.org/resource/Ibn_al-Adami>	Ibn al-Adami	0.2775	2	1	3	0	0	0	0	0	0	0	0	0	[]	False	False	False	True	Ibn al-Adami	0	0	Ibn al-Adami|al-Adami			2331
<http://dbpedia.org/resource/Ibn_al-Baytar>	Ibn al-Baytar	0.2938760821980254	3	2	5	0	1	0	0	0	0	0	0	0	[]	False	False	False	True	Ibn al-Baytar	0	0	Ibn al-Baytar|al-Baytar			2332
<http://dbpedia.org/resource/Ibn_al-Salah>	Ibn al-Salah	0.313625	0	1	1	0	0	0	1	0	0	0	0	0	[]	False	False	False	True	Ibn al-Salah	0	0	Ibn al-Salah|al-Salah			2333
<http://dbpedia.org/resource/Ibrahim_ibn_Ya'qub_al-Juzajani>	Ibrahim ibn Ya'qub al-Juzajani	0.385875	0	1	1	0	0	0	1	0	0	0	0	0	[]	False	False	False	True	Ibrahim ibn Ya'qub al-Juzajani	0	0	Ibrahim ibn Ya'qub al-Juzajani|al-Juzajani			2334
<http://dbpedia.org/resource/Ida_Halpern>	Ida Halpern	0.405	0	0	0	1	1	0	0	0	0	0	0	0	[]	False	False	False	True	Ida Halpern	0	0	Ida Halpern|Halpern			2335
<http://dbpedia.org/resource/Ignacio_Matte_Blanco>	Ignacio Matte Blanco	0.3726584929104027	0	4	4	1	1	0	0	0	0	0	0	0	[]	False	False	False	True	Ignacio Matte Blanco	0	0	Ignacio Matte Blanco|Blanco			2336
<http://dbpedia.org/resource/Ignacio_Tinoco_Jr.>	Ignacio Tinoco Jr.	0.34125	2	0	2	3	0	0	0	0	0	0	0	0	[]	False	False	False	True	Ignacio Tinoco Jr.	0	0	Ignacio Tinoco Jr.			2337
<http://dbpedia.org/resource/Ignaz_Semmelweis>	Ignaz Semmelweis	0.2775	0	1	1	2	1	0	0	0	0	0	0	0	[]	False	False	False	True	Ignaz Semmelweis	0	0	Ignaz Semmelweis|Semmelweis			2338
<http://dbpedia.org/resource/Igor_Ternov>	Igor Ternov	0.3270833333333334	0	0	0	1	1	0	0	0	0	0	0	0	[]	False	False	False	True	Igor Ternov	0	0	Igor Ternov|Ternov			2339
<http://dbpedia.org/resource/Ihsan_Abbas>	Ihsan Abbas	0.2840159842608728	0	1	1	0	0	0	0	0	0	0	0	0	[]	False	False	False	True	Ihsan Abbas	0	0	Ihsan Abbas|Abbas			2340
<http://dbpedia.org/resource/İhsan_Eliaçık>	İhsan Eliaçık	1.147409976731362	0	5	5	0	0	0	0	0	0	0	0	0	[]	False	False	False	True	Ihsan Eliacık	0	0	Ihsan Eliacık|Eliacık			2341
<http://dbpedia.org/resource/Ingar_Roggen>	Ingar Roggen	0.405	0	0	0	0	1	0	0	0	0	0	0	0	[]	False	False	False	True	Ingar Roggen	0	0	Ingar Roggen|Roggen			2342
<http://dbpedia.org/resource/Inge_Kaul>	Inge Kaul	0.5241938850927805	0	6	6	1	0	0	0	0	0	0	0	0	[Development economics, Global public good]	False	False	False	True	Inge Kaul	0	0	Inge Kaul|Kaul			2343
<http://dbpedia.org/resource/Ingeborg_Beling>	Ingeborg Beling	0.29503125	0	1	1	0	0	0	0	0	0	0	0	0	[]	False	False	False	True	Ingeborg Beling	0	0	Ingeborg Beling|Beling			2344
<http://dbpedia.org/resource/Ingrid_Daubechies>	Ingrid Daubechies	0.405	0	0	0	1	1	0	0	0	0	0	0	0	[]	False	False	False	True	Ingrid Daubechies	0	0	Ingrid Daubechies|Daubechies			2345
<http://dbpedia.org/resource/Ingrid_Semmingsen>	Ingrid Semmingsen	0.405	2	0	2	1	0	0	0	0	0	0	0	0	[]	False	False	False	True	Ingrid Semmingsen	0	0	Ingrid Semmingsen|Semmingsen			2346
<http://dbpedia.org/resource/Insha-Allah_Rahmati>	Insha-Allah Rahmati	0.40116881405312	0	6	6	0	0	0	0	0	0	0	0	0	[]	False	False	False	True	Insha-Allah Rahmati	0	0	Insha-Allah Rahmati|Rahmati			2347
<http://dbpedia.org/resource/Ioannis_Kottounios>	Ioannis Kottounios	0.3505088073198099	0	2	2	0	0	0	0	0	0	0	0	0	[]	False	False	False	True	Ioannis Kottounios	0	0	Ioannis Kottounios|Kottounios			2348
<http://dbpedia.org/resource/Ioannis_Papadakis>	Ioannis Papadakis	0.4179753787878788	2	2	4	4	0	0	0	0	0	0	0	0	[]	False	False	False	True	Ioannis Papadakis	0	0	Ioannis Papadakis|Papadakis			2349
<http://dbpedia.org/resource/Ion_Dragoumis>	Ion Dragoumis	1.3648149272524266	10	18	28	0	0	0	0	0	0	0	0	0	[]	False	False	False	True	Ion Dragoumis	0	0	Ion Dragoumis|Dragoumis			2350
<http://dbpedia.org/resource/Iorgu_Iordan>	Iorgu Iordan	0.8412187379386856	0	1	1	0	0	0	0	0	0	0	0	0	[]	False	False	False	True	Iorgu Iordan	0	0	Iorgu Iordan|Iordan			2351
<http://dbpedia.org/resource/Iraklis_Mitsopoulos>	Iraklis Mitsopoulos	0.6018667230845551	2	5	7	2	1	0	0	0	0	0	0	0	[]	False	False	False	True	Iraklis Mitsopoulos	0	0	Iraklis Mitsopoulos			2352
<http://dbpedia.org/resource/Iravatham_Mahadevan>	Iravatham Mahadevan	0.46396875	0	3	3	0	0	0	0	0	0	0	0	0	[]	False	False	False	True	Iravatham Mahadevan	0	0	Iravatham Mahadevan|Mahadevan			2353
<http://dbpedia.org/resource/Irene_Claremont_de_Castillejo>	Irene Claremont de Castillejo	0.3927864316158586	0	3	3	2	0	0	0	0	0	0	0	0	[]	False	False	False	True	Irene Claremont de Castillejo	0	0	Irene Claremont de Castillejo|Castillejo			2354
<http://dbpedia.org/resource/Irvin_D._Yalom>	Irvin D. Yalom	0.3091583023042617	0	6	6	2	0	0	0	0	0	0	0	0	[]	False	False	False	True	Irvin D. Yalom	0	0	Irvin D. Yalom|Yalom			2355
<http://dbpedia.org/resource/Irving_Langmuir>	Irving Langmuir	0.2884646850740993	1	0	1	2	2	0	0	0	0	0	0	0	[]	False	False	False	True	Irving Langmuir	0	0	Irving Langmuir|Langmuir			2356
<http://dbpedia.org/resource/Irwin_Berg>	Irwin Berg	0.2902719224937751	0	0	0	1	1	0	0	0	0	0	0	0	[]	False	False	False	True	Irwin Berg	0	0	Irwin Berg			2357
<http://dbpedia.org/resource/Irwin_Fridovich>	Irwin Fridovich	0.3048693819360955	0	0	0	2	2	0	0	0	0	0	0	0	[]	False	False	False	True	Irwin Fridovich	0	0	Irwin Fridovich|Fridovich			2358
<http://dbpedia.org/resource/Isa_ibn_Aban>	Isa ibn Aban	0.4232142857142858	0	4	4	0	0	0	0	0	0	0	0	0	[]	False	False	False	True	Isa ibn Aban	0	0	Isa ibn Aban|Aban			2359
<http://dbpedia.org/resource/Isaac_B._Bersuker>	Isaac B. Bersuker	0.5325000000000001	0	3	3	2	9	0	0	0	0	0	0	0	[]	False	False	False	True	Isaac B. Bersuker	0	0	Isaac B. Bersuker|Bersuker			2360
<http://dbpedia.org/resource/Isaac_Elishakoff>	Isaac Elishakoff	0.2775	0	0	0	1	5	0	0	0	0	0	0	0	[]	False	False	False	True	Isaac Elishakoff	0	0	Isaac Elishakoff|Elishakoff			2361
<http://dbpedia.org/resource/Isaak_Russman>	Isaak Russman	0.2775	0	0	0	0	2	0	0	0	0	0	0	0	[]	False	False	False	True	Isaak Russman	0	0	Isaak Russman|Russman			2362
<http://dbpedia.org/resource/István_Rosztóczy>	István Rosztóczy	0.2775	2	1	3	1	1	0	0	0	0	0	0	0	[]	False	False	False	True	Istvan Rosztoczy	0	0	Istvan Rosztoczy			2363
<http://dbpedia.org/resource/Ivan_Ergić>	Ivan Ergić	0.576861793439825	0	1	1	0	0	0	0	0	0	0	0	0	[]	False	False	False	True	Ivan Ergic	0	0	Ivan Ergic|Ergic			2364
<http://dbpedia.org/resource/Ivan_Regen>	Ivan Regen	0.349912008982407	0	1	1	1	0	0	0	0	0	0	0	0	[]	False	False	False	True	Ivan Regen	0	0	Ivan Regen|Regen			2365
<http://dbpedia.org/resource/Ivan_Sechenov>	Ivan Sechenov	0.5859518237663012	5	6	11	2	0	0	0	0	0	0	0	0	[]	False	False	False	True	Ivan Sechenov	0	0	Ivan Sechenov|Sechenov			2366
<http://dbpedia.org/resource/Ivan_Sviták>	Ivan Sviták	0.4833949234019952	0	2	2	0	0	0	0	0	0	0	0	0	[]	False	False	False	True	Ivan Svitak	0	0	Ivan Svitak|Svitak			2367
<http://dbpedia.org/resource/Ivan_Đaja>	Ivan Đaja	0.2775	0	1	1	1	1	0	0	0	0	0	0	0	[]	False	False	False	True	Ivan Đaja	0	0	Ivan Đaja|Đaja			2368
<http://dbpedia.org/resource/Iwao_Taki>	Iwao Taki	0.405	0	2	2	1	0	0	0	0	0	0	0	0	[]	False	False	False	True	Iwao Taki	0	0	Iwao Taki|Taki			2369
<http://dbpedia.org/resource/Izaak_Kolthoff>	Izaak Kolthoff	0.2775	0	0	0	1	2	0	0	0	0	0	0	0	[]	False	False	False	True	Izaak Kolthoff	0	0	Izaak Kolthoff|Kolthoff			2370
<http://dbpedia.org/resource/J._Ernest_Wilkins_Jr.>	J. Ernest Wilkins Jr.	0.3259828916955033	0	3	3	1	2	0	0	0	0	0	0	0	[]	False	False	False	True	J. Ernest Wilkins Jr.	0	0	J. Ernest Wilkins Jr.			2371
<http://dbpedia.org/resource/J._K._Mehta>	J. K. Mehta	0.3649341244427962	0	2	2	1	0	0	0	0	0	0	0	0	[]	False	False	False	True	J. K. Mehta	0	0	J. K. Mehta|Mehta			2372
<http://dbpedia.org/resource/J._M._Barrie>	J. M. Barrie	0.7875000000000001	0	0	0	1	0	3	0	0	0	0	0	0	[]	False	False	False	True	J. M. Barrie	0	0	J. M. Barrie|Barrie			2373
<http://dbpedia.org/resource/J._M._R._Parrondo>	J. M. R. Parrondo	0.4480268674719631	1	1	2	1	3	0	0	0	0	0	0	0	[]	False	False	False	True	J. M. R. Parrondo	0	0	J. M. R. Parrondo|Parrondo			2374
<http://dbpedia.org/resource/J._Michael_Kosterlitz>	J. Michael Kosterlitz	0.2775	0	0	0	2	2	0	0	0	0	0	0	0	[]	False	False	False	True	J. Michael Kosterlitz	0	0	J. Michael Kosterlitz|Kosterlitz			2375
<http://dbpedia.org/resource/J._Moufawad-Paul>	J. Moufawad-Paul	0.5980092280306126	0	8	8	0	0	0	0	0	0	0	0	0	[]	False	False	False	True	J. Moufawad-Paul	0	0	J. Moufawad-Paul|Moufawad-Paul			2376
<http://dbpedia.org/resource/J._N._Reddy_(engineer)>	J. N. Reddy (engineer)	0.309375	0	0	0	3	4	0	0	0	0	0	0	0	[]	False	False	False	True	J. N. Reddy	0	0	J. N. Reddy|Reddy			2377
<http://dbpedia.org/resource/J._Neil_Schulman>	J. Neil Schulman	0.3127046477704169	0	1	1	0	0	0	0	0	0	0	0	0	[]	False	False	False	True	J. Neil Schulman	0	0	J. Neil Schulman|Schulman			2378
<http://dbpedia.org/resource/J._R._Martin>	J. R. Martin	0.3273415644646409	0	3	3	0	3	0	0	0	0	0	0	0	[]	False	False	False	True	J. R. Martin	0	0	J. R. Martin			2379
<http://dbpedia.org/resource/Jack_A._Apsche>	Jack A. Apsche	0.34125	1	2	3	2	0	0	0	0	0	0	0	0	[]	False	False	False	True	Jack A. Apsche	0	0	Jack A. Apsche|Apsche			2380
<http://dbpedia.org/resource/Jack_Amariglio>	Jack Amariglio	0.4702426961055313	0	7	7	3	0	0	0	0	0	0	0	0	[]	False	False	False	True	Jack Amariglio	0	0	Jack Amariglio|Amariglio			2381
<http://dbpedia.org/resource/Jack_London>	Jack London	0.4142573825554259	0	1	1	0	0	2	0	0	0	0	0	0	[]	False	False	False	True	Jack London	0	0	Jack London|London			2382
<http://dbpedia.org/resource/Jacob_Appelbaum>	Jacob Appelbaum	0.3965655808053114	0	0	0	0	4	0	0	0	0	0	0	0	[]	False	False	False	True	Jacob Appelbaum	0	0	Jacob Appelbaum|Appelbaum			2383
<http://dbpedia.org/resource/Jacob_Biamonte>	Jacob Biamonte	0.2935857068079311	0	3	3	3	2	0	0	0	0	0	0	0	[]	False	False	False	True	Jacob Biamonte	0	0	Jacob Biamonte|Biamonte			2384
<http://dbpedia.org/resource/Jacob_Rubinovitz>	Jacob Rubinovitz	0.2775	0	0	0	2	2	0	0	0	0	0	0	0	[]	False	False	False	True	Jacob Rubinovitz	0	0	Jacob Rubinovitz|Rubinovitz			2385
<http://dbpedia.org/resource/Jacob_Volhard>	Jacob Volhard	0.3031054269061061	0	0	0	0	3	0	0	0	0	0	0	0	[]	False	False	False	True	Jacob Volhard	0	0	Jacob Volhard|Volhard			2386
<http://dbpedia.org/resource/Jacobus_Verhoeff>	Jacobus Verhoeff	0.29715625	0	0	0	1	2	0	0	0	0	0	0	0	[]	False	False	False	True	Jacobus Verhoeff	0	0	Jacobus Verhoeff|Verhoeff			2387
<http://dbpedia.org/resource/Jacques_Camatte>	Jacques Camatte	0.3497997625559156	4	4	8	0	0	0	0	0	0	0	0	0	[]	False	False	False	True	Jacques Camatte	0	0	Jacques Camatte|Camatte			2388
<http://dbpedia.org/resource/Jacques_Drèze>	Jacques Drèze	0.3872816875711466	4	7	11	2	0	0	0	0	0	0	0	0	[Econometrics, Economic policy, Economic theory, Operations research]	False	False	False	True	Jacques Dreze	0	0	Jacques Dreze|Dreze			2389
<http://dbpedia.org/resource/Jacques_Dubois>	Jacques Dubois	0.8745849701952932	1	2	3	0	0	0	0	0	0	0	0	0	[]	False	False	False	True	Jacques Dubois	0	0	Jacques Dubois|Dubois			2390
<http://dbpedia.org/resource/Jacques-André_Mallet>	Jacques-André Mallet	0.3217005220644663	0	0	0	2	1	0	0	0	0	0	0	0	[]	False	False	False	True	Jacques-Andre Mallet	0	0	Jacques-Andre Mallet|Mallet			2391
<http://dbpedia.org/resource/Jahm_bin_Safwan>	Jahm bin Safwan	0.2775	0	1	1	0	0	0	0	0	0	0	0	0	[]	False	False	False	True	Jahm bin Safwan	0	0	Jahm bin Safwan|Safwan			2392
<http://dbpedia.org/resource/Jaime_Eyzaguirre>	Jaime Eyzaguirre	0.5524720081205406	4	4	8	0	0	0	0	0	0	0	0	0	[]	False	False	False	True	Jaime Eyzaguirre	0	0	Jaime Eyzaguirre|Eyzaguirre			2393
<http://dbpedia.org/resource/Jaime_Guzmán>	Jaime Guzmán	1.381761108537478	0	2	2	1	0	0	0	0	0	0	0	0	[]	False	False	False	True	Jaime Guzman	0	0	Jaime Guzman			2394
<http://dbpedia.org/resource/Jakob_Klaesi>	Jakob Klaesi	0.5472322776524122	0	5	5	2	3	0	0	0	0	0	0	0	[]	False	False	False	True	Jakob Klaesi	0	0	Jakob Klaesi|Klaesi			2395
<http://dbpedia.org/resource/Jakob_Meisenheimer>	Jakob Meisenheimer	0.3039641287969268	0	0	0	1	2	0	0	0	0	0	0	0	[]	False	False	False	True	Jakob Meisenheimer	0	0	Jakob Meisenheimer|Meisenheimer			2396
<http://dbpedia.org/resource/Jakob_Schegk>	Jakob Schegk	0.5499113916720464	2	3	5	0	0	0	0	0	0	0	0	0	[]	False	False	False	True	Jakob Schegk	0	0	Jakob Schegk|Schegk			2397
<http://dbpedia.org/resource/Jakob_Sigismund_Beck>	Jakob Sigismund Beck	0.3681220220257427	0	3	3	0	0	0	0	0	0	0	0	0	[]	False	False	False	True	Jakob Sigismund Beck	0	0	Jakob Sigismund Beck			2398
<http://dbpedia.org/resource/James_A._Ibers>	James A. Ibers	0.405	0	0	0	1	1	0	0	0	0	0	0	0	[]	False	False	False	True	James A. Ibers	0	0	James A. Ibers|Ibers			2399
<http://dbpedia.org/resource/James_A._Michener>	James A. Michener	0.414894349948096	0	1	1	3	0	1	0	0	0	0	0	0	[]	False	False	False	True	James A. Michener	0	0	James A. Michener|Michener			2400
<http://dbpedia.org/resource/James_Bayley_Butler>	James Bayley Butler	0.2775	1	1	2	1	1	0	0	0	0	0	0	0	[]	False	False	False	True	James Bayley Butler	0	0	James Bayley Butler			2401
<http://dbpedia.org/resource/James_Colliander>	James Colliander	0.359341065497228	0	4	4	1	1	0	0	0	0	0	0	0	[]	False	False	False	True	James Colliander	0	0	James Colliander|Colliander			2402
<http://dbpedia.org/resource/James_Cordy>	James Cordy	0.2775	0	0	0	2	4	0	0	0	0	0	0	0	[]	False	False	False	True	James Cordy	0	0	James Cordy|Cordy			2403
<http://dbpedia.org/resource/James_Crichton-Browne>	James Crichton-Browne	1.040401745438728	0	11	11	1	6	0	0	0	0	0	0	0	[]	False	False	False	True	James Crichton-Browne	0	0	James Crichton-Browne|Crichton-Browne			2404
<http://dbpedia.org/resource/James_D._Lawrey>	James D. Lawrey	0.361299375	0	1	1	1	0	0	0	0	0	0	0	0	[]	False	False	False	True	James D. Lawrey	0	0	James D. Lawrey|Lawrey			2405
<http://dbpedia.org/resource/James_Doull>	James Doull	0.3163675952257631	0	1	1	0	0	0	0	0	0	0	0	0	[]	False	False	False	True	James Doull	0	0	James Doull|Doull			2406
<http://dbpedia.org/resource/James_Duesenberry>	James Duesenberry	0.3150578739167384	2	4	6	1	0	0	0	0	0	0	0	0	[Microeconomics, Behavioral economics]	False	False	False	True	James Duesenberry	0	0	James Duesenberry|Duesenberry			2407
<http://dbpedia.org/resource/James_F._Conant>	James F. Conant	0.3448950329179314	1	5	6	0	0	0	0	0	0	0	0	0	[]	False	False	False	True	James F. Conant	0	0	James F. Conant|Conant			2408
<http://dbpedia.org/resource/James_Fenton>	James Fenton	0.6263818397770262	0	1	1	1	0	0	0	0	0	0	0	0	[]	False	False	False	True	James Fenton	0	0	James Fenton|Fenton			2409
<http://dbpedia.org/resource/James_Giles_(philosopher)>	James Giles (philosopher)	29.54905893329654	0	5	5	0	0	0	0	0	0	0	0	0	[]	False	False	False	True	James Giles	0	0	James Giles|Giles			2410
<http://dbpedia.org/resource/James_Greeno>	James Greeno	0.8246375881148033	0	5	5	0	4	0	0	0	0	0	0	0	[]	False	False	False	True	James Greeno	0	0	James Greeno|Greeno			2411
<http://dbpedia.org/resource/James_Hall_(paleontologist)>	James Hall (paleontologist)	0.2916666666666667	2	0	2	0	0	0	0	0	0	0	0	0	[]	False	False	False	True	James Hall	0	0	James Hall			2412
<http://dbpedia.org/resource/James_Hardy_(surgeon)>	James Hardy (surgeon)	0.29875	1	3	4	0	0	0	0	0	0	0	0	0	[]	False	False	False	True	James Hardy	0	0	James Hardy|Hardy			2413
<http://dbpedia.org/resource/James_Hendler>	James Hendler	0.6126594124084992	1	7	8	3	1	0	0	0	0	0	0	0	[]	False	False	False	True	James Hendler	0	0	James Hendler|Hendler			2414
<http://dbpedia.org/resource/James_Henry_Breasted>	James Henry Breasted	0.2775	0	0	0	0	2	0	0	0	0	0	0	0	[]	False	False	False	True	James Henry Breasted	0	0	James Henry Breasted|Breasted			2415
<http://dbpedia.org/resource/James_Hillman>	James Hillman	0.2979734461250228	2	3	5	0	0	0	0	0	0	0	0	0	[]	False	False	False	True	James Hillman	0	0	James Hillman			2416
<http://dbpedia.org/resource/James_Israel>	James Israel	0.405	0	1	1	1	3	0	0	0	0	0	0	0	[]	False	False	False	True	James Israel	0	0	James Israel			2417
<http://dbpedia.org/resource/James_Jurin>	James Jurin	0.3254187257608971	0	1	1	1	2	0	0	0	0	0	0	0	[]	False	False	False	True	James Jurin	0	0	James Jurin|Jurin			2418
<http://dbpedia.org/resource/James_Keener>	James Keener	0.6339370502565523	0	1	1	1	2	0	0	0	0	0	0	0	[]	False	False	False	True	James Keener	0	0	James Keener|Keener			2419
<http://dbpedia.org/resource/James_L._Green>	James L. Green	0.3168125	0	0	0	1	1	0	0	0	0	0	0	0	[]	False	False	False	True	James L. Green	0	0	James L. Green			2420
<http://dbpedia.org/resource/James_L._Patton>	James L. Patton	0.4009206332514785	0	4	4	1	0	0	0	0	0	0	0	0	[]	False	False	False	True	James L. Patton	0	0	James L. Patton|Patton			2421
<http://dbpedia.org/resource/James_Logan_(statesman)>	James Logan (statesman)	0.32	0	0	0	0	1	0	0	0	0	0	0	0	[]	False	False	False	True	James Logan	0	0	James Logan|Logan			2422
<http://dbpedia.org/resource/James_Naismith_(chemist)>	James Naismith (chemist)	0.34125	0	0	0	3	1	0	0	0	0	0	0	0	[]	False	False	False	True	James Naismith	0	0	James Naismith|Naismith			2423
<http://dbpedia.org/resource/James_Prescott_Joule>	James Prescott Joule	0.513375	0	2	2	0	9	0	0	0	0	0	0	0	[]	False	False	False	True	James Prescott Joule	0	0	James Prescott Joule|Joule			2424
<http://dbpedia.org/resource/James_Reist_Stoner_Jr.>	James Reist Stoner Jr.	0.3361205795731873	0	1	1	1	0	0	0	0	0	0	0	0	[]	False	False	False	True	James Reist Stoner Jr.	0	0	James Reist Stoner Jr.			2425
<http://dbpedia.org/resource/James_Samuel_Coleman>	James Samuel Coleman	0.3595975246787306	1	3	4	2	0	0	0	0	0	0	0	0	[]	False	False	False	True	James Samuel Coleman	0	0	James Samuel Coleman|Coleman			2426
<http://dbpedia.org/resource/James_Sinclair_(botanist)>	James Sinclair (botanist)	0.2775	0	1	1	1	0	0	0	0	0	0	0	0	[]	False	False	False	True	James Sinclair	0	0	James Sinclair|Sinclair			2427
<http://dbpedia.org/resource/James_Van_Allen>	James Van Allen	0.2775	1	0	1	0	2	0	0	0	0	0	0	0	[]	False	False	False	True	James Van Allen	0	0	James Van Allen			2428
<http://dbpedia.org/resource/Jamgön_Ju_Mipham_Gyatso>	Jamgön Ju Mipham Gyatso	1.525024342021249	4	12	16	0	0	0	0	0	0	0	0	0	[]	False	False	False	True	Jamgon Ju Mipham Gyatso	0	0	Jamgon Ju Mipham Gyatso|Gyatso			2429
<http://dbpedia.org/resource/Jan_D._Achenbach>	Jan D. Achenbach	0.2775	0	0	0	2	1	0	0	0	0	0	0	0	[]	False	False	False	True	Jan D. Achenbach	0	0	Jan D. Achenbach			2430
<http://dbpedia.org/resource/Jan_Hatzius>	Jan Hatzius	0.303	0	2	2	4	0	0	0	0	0	0	0	0	[Macroeconomics, Economic forecasting]	False	False	False	True	Jan Hatzius	0	0	Jan Hatzius|Hatzius			2431
<http://dbpedia.org/resource/Jan_Karski>	Jan Karski	0.2775	0	0	0	0	2	0	0	0	0	0	0	0	[]	False	False	False	True	Jan Karski	0	0	Jan Karski|Karski			2432
<http://dbpedia.org/resource/Jan_Oort>	Jan Oort	0.2916666666666667	1	0	1	0	3	0	0	0	0	0	0	0	[]	False	False	False	True	Jan Oort	0	0	Jan Oort|Oort			2433
<http://dbpedia.org/resource/Jan_Patočka>	Jan Patočka	0.4893822448210738	5	8	13	0	0	0	0	0	0	0	0	0	[]	False	False	False	True	Jan Patocka	0	0	Jan Patocka|Patocka			2434
<http://dbpedia.org/resource/Jan_Śniadecki>	Jan Śniadecki	0.5299280354433504	0	4	4	0	0	0	0	0	0	0	0	0	[]	False	False	False	True	Jan Sniadecki	0	0	Jan Sniadecki|Sniadecki			2435
<http://dbpedia.org/resource/Jan_Stachniuk>	Jan Stachniuk	0.3650579329305675	0	4	4	0	0	0	0	0	0	0	0	0	[]	False	False	False	True	Jan Stachniuk	0	0	Jan Stachniuk|Stachniuk			2436
<http://dbpedia.org/resource/Jan_Waszkiewicz>	Jan Waszkiewicz	0.3385258141732343	0	0	0	3	2	0	0	0	0	0	0	0	[]	False	False	False	True	Jan Waszkiewicz	0	0	Jan Waszkiewicz|Waszkiewicz			2437
<http://dbpedia.org/resource/Jan_van_Hest>	Jan van Hest	0.3086022157118055	0	0	0	1	4	0	0	0	0	0	0	0	[]	False	False	False	True	Jan van Hest	0	0	Jan van Hest|Hest			2438
<http://dbpedia.org/resource/Jandino_Asporaat>	Jandino Asporaat	0.5962500000000002	0	4	4	0	0	0	0	0	0	0	0	0	[]	False	False	False	True	Jandino Asporaat	0	0	Jandino Asporaat|Asporaat			2439
<http://dbpedia.org/resource/Jane_Bennett_(political_theorist)>	Jane Bennett (political theorist)	0.4667449231140033	0	8	8	0	0	0	0	0	0	0	0	0	[]	False	False	False	True	Jane Bennett	0	0	Jane Bennett			2440
<http://dbpedia.org/resource/Jane_Stephens>	Jane Stephens	0.4442713271370181	0	4	4	1	0	0	0	0	0	0	0	0	[]	False	False	False	True	Jane Stephens	0	0	Jane Stephens			2441
<http://dbpedia.org/resource/Jane_Ye>	Jane Ye	0.2775	0	0	0	1	1	0	0	0	0	0	0	0	[]	False	False	False	True	Jane Ye	0	0	Jane Ye			2442
<http://dbpedia.org/resource/Janelle_Knox-Hayes>	Janelle Knox-Hayes	0.2775	0	0	0	2	2	0	0	0	0	0	0	0	[]	False	False	False	True	Janelle Knox-Hayes	0	0	Janelle Knox-Hayes|Knox-Hayes			2443
<http://dbpedia.org/resource/Janet_E._Mertz>	Janet E. Mertz	0.3271959077380952	0	0	0	2	2	0	0	0	0	0	0	0	[]	False	False	False	True	Janet E. Mertz	0	0	Janet E. Mertz|Mertz			2444
<http://dbpedia.org/resource/Janet_Rideout>	Janet Rideout	0.2775	0	1	1	2	0	0	0	0	0	0	0	0	[]	False	False	False	True	Janet Rideout	0	0	Janet Rideout|Rideout			2445
<http://dbpedia.org/resource/Janos_Kirz>	Janos Kirz	0.285425	0	0	0	1	2	0	0	0	0	0	0	0	[]	False	False	False	True	Janos Kirz	0	0	Janos Kirz|Kirz			2446
<http://dbpedia.org/resource/Japetus_Steenstrup>	Japetus Steenstrup	0.46875	0	3	3	1	0	0	0	0	0	0	0	0	[]	False	False	False	True	Japetus Steenstrup	0	0	Japetus Steenstrup|Steenstrup			2447
<http://dbpedia.org/resource/Jarrett_Zigon>	Jarrett Zigon	0.433294611343736	0	7	7	0	0	0	0	0	0	0	0	0	[]	False	False	False	True	Jarrett Zigon	0	0	Jarrett Zigon|Zigon			2448
<http://dbpedia.org/resource/Jason_Behrstock>	Jason Behrstock	0.2852715506270699	0	0	0	1	1	0	0	0	0	0	0	0	[]	False	False	False	True	Jason Behrstock	0	0	Jason Behrstock|Behrstock			2449
<http://dbpedia.org/resource/Jason_Jorjani>	Jason Jorjani	0.2975135421542631	0	1	1	0	0	0	0	0	0	0	0	0	[]	False	False	False	True	Jason Jorjani	0	0	Jason Jorjani|Jorjani			2450
<http://dbpedia.org/resource/Jason_Josephson_Storm>	Jason Josephson Storm	0.3698498720159168	0	2	2	0	0	0	0	0	0	0	0	0	[]	False	False	False	True	Jason Josephson Storm	0	0	Jason Josephson Storm|Storm			2451
<http://dbpedia.org/resource/Javier_Mariátegui>	Javier Mariátegui	0.6671116243241427	0	5	5	2	0	0	0	0	0	0	0	0	[]	False	False	False	True	Javier Mariategui	0	0	Javier Mariategui			2452
<http://dbpedia.org/resource/Javier_Milei>	Javier Milei	0.3064964855147427	0	1	1	2	0	0	0	0	0	0	0	0	[]	False	False	False	True	Javier Milei	0	0	Javier Milei|Milei			2453
<http://dbpedia.org/resource/Jawdat_Said>	Jawdat Said	0.6172620445839333	0	2	2	0	0	0	0	0	0	0	0	0	[]	False	False	False	True	Jawdat Said	0	0	Jawdat Said			2454
<http://dbpedia.org/resource/Jay_Bakker>	Jay Bakker	0.3243116376524768	0	1	1	0	0	0	0	0	0	0	0	0	[]	False	False	False	True	Jay Bakker	0	0	Jay Bakker|Bakker			2455
<http://dbpedia.org/resource/Jay_Laurence_Lush>	Jay Laurence Lush	0.3079228828126062	0	2	2	3	1	0	0	0	0	0	0	0	[]	False	False	False	True	Jay Laurence Lush	0	0	Jay Laurence Lush|Lush			2456
<http://dbpedia.org/resource/Jay_Shareef>	Jay Shareef	0.5200378542892238	0	3	3	0	0	0	0	0	0	0	0	0	[]	False	False	False	True	Jay Shareef	0	0	Jay Shareef|Shareef			2457
<http://dbpedia.org/resource/Jayme_Luiz_Szwarcfiter>	Jayme Luiz Szwarcfiter	0.2775	0	0	0	1	2	0	0	0	0	0	0	0	[]	False	False	False	True	Jayme Luiz Szwarcfiter	0	0	Jayme Luiz Szwarcfiter|Szwarcfiter			2458
<http://dbpedia.org/resource/Jean_Baudoin_(translator)>	Jean Baudoin (translator)	0.2781117227011428	1	1	2	0	0	0	0	0	0	0	0	0	[]	False	False	False	True	Jean Baudoin	0	0	Jean Baudoin|Baudoin			2459
<http://dbpedia.org/resource/Jean_Bernard_(physician)>	Jean Bernard (physician)	0.2775	0	1	1	0	0	0	0	0	0	0	0	0	[]	False	False	False	True	Jean Bernard	0	0	Jean Bernard|Bernard			2460
<http://dbpedia.org/resource/Jean_Bourgain>	Jean Bourgain	0.4876546300818324	2	4	6	1	5	0	0	0	0	0	0	0	[]	False	False	False	True	Jean Bourgain	0	0	Jean Bourgain|Bourgain			2461
<http://dbpedia.org/resource/Jean_Charles_Léonard_de_Sismondi>	Jean Charles Léonard de Sismondi	0.4488305034057173	4	5	9	0	0	0	0	0	0	0	0	0	[Political economy]	False	False	False	True	Jean Charles Leonard de Sismondi	0	0	Jean Charles Leonard de Sismondi|Sismondi			2462
<http://dbpedia.org/resource/Jean_Dalby_Clift>	Jean Dalby Clift	0.3412622828416356	0	3	3	2	7	0	0	0	0	0	0	0	[]	False	False	False	True	Jean Dalby Clift	0	0	Jean Dalby Clift|Clift			2463
<http://dbpedia.org/resource/Jean_Gebser>	Jean Gebser	0.5267055255839144	9	9	18	0	0	0	0	0	0	0	0	0	[]	False	False	False	True	Jean Gebser	0	0	Jean Gebser|Gebser			2464
<http://dbpedia.org/resource/Jean_Prestet>	Jean Prestet	0.3246512712033673	1	1	2	0	0	0	0	0	0	0	0	0	[]	False	False	False	True	Jean Prestet	0	0	Jean Prestet|Prestet			2465
<http://dbpedia.org/resource/Jean_Senebier>	Jean Senebier	0.3759668875563034	3	5	8	0	0	0	0	0	0	0	0	0	[]	False	False	False	True	Jean Senebier	0	0	Jean Senebier|Senebier			2466
<http://dbpedia.org/resource/Jean-Baptiste_Boussingault>	Jean-Baptiste Boussingault	0.2862445977267452	0	1	1	0	0	0	0	0	0	0	0	0	[]	False	False	False	True	Jean-Baptiste Boussingault	0	0	Jean-Baptiste Boussingault|Boussingault			2467
<http://dbpedia.org/resource/Jean-Étienne_Dominique_Esquirol>	Jean-Étienne Dominique Esquirol	0.2775	0	1	1	0	0	0	0	0	0	0	0	0	[]	False	False	False	True	Jean-Etienne Dominique Esquirol	0	0	Jean-Etienne Dominique Esquirol|Esquirol			2468
<http://dbpedia.org/resource/Jean-Étienne_Guettard>	Jean-Étienne Guettard	0.2775	0	2	2	0	0	0	0	0	0	0	0	0	[]	False	False	False	True	Jean-Etienne Guettard	0	0	Jean-Etienne Guettard|Guettard			2469
<http://dbpedia.org/resource/Jean-Lou_Justine>	Jean-Lou Justine	0.405	0	0	0	2	2	0	0	0	0	0	0	0	[]	False	False	False	True	Jean-Lou Justine	0	0	Jean-Lou Justine|Justine			2470
<http://dbpedia.org/resource/Jean-Louis_Arcand>	Jean-Louis Arcand	0.3382652291141081	0	4	4	1	0	0	0	0	0	0	0	0	[Development economics, Microeconomics]	False	False	False	True	Jean-Louis Arcand	0	0	Jean-Louis Arcand|Arcand			2471
<http://dbpedia.org/resource/Jean-Louis_Michon>	Jean-Louis Michon	0.3881516252908055	0	3	3	0	0	0	0	0	0	0	0	0	[]	False	False	False	True	Jean-Louis Michon	0	0	Jean-Louis Michon|Michon			2472
<http://dbpedia.org/resource/Jean-Marie_Guyau>	Jean-Marie Guyau	0.6801514157065672	3	8	11	0	0	0	0	0	0	0	0	0	[]	False	False	False	True	Jean-Marie Guyau	0	0	Jean-Marie Guyau|Guyau			2473
<http://dbpedia.org/resource/Jean-Marie_Lehn>	Jean-Marie Lehn	0.2775	1	0	1	1	1	0	0	0	0	0	0	0	[]	False	False	False	True	Jean-Marie Lehn	0	0	Jean-Marie Lehn|Lehn			2474
<http://dbpedia.org/resource/Jean-Marie_Souriau>	Jean-Marie Souriau	0.3384610744712563	0	0	0	2	6	0	0	0	0	0	0	0	[]	False	False	False	True	Jean-Marie Souriau	0	0	Jean-Marie Souriau|Souriau			2475
<http://dbpedia.org/resource/Jean-Paul_Marat>	Jean-Paul Marat	0.2904732010399314	0	1	1	1	0	0	0	0	0	0	0	0	[]	False	False	False	True	Jean-Paul Marat	0	0	Jean-Paul Marat|Marat			2476
<http://dbpedia.org/resource/Jean-Philippe_Bouchaud>	Jean-Philippe Bouchaud	0.4760312798218642	0	4	4	1	0	0	0	0	0	0	0	0	[]	False	False	False	True	Jean-Philippe Bouchaud	0	0	Jean-Philippe Bouchaud|Bouchaud			2477
<http://dbpedia.org/resource/Jean-Pierre_Florens>	Jean-Pierre Florens	0.2816390559701032	0	2	2	1	0	0	0	0	0	0	0	0	[]	False	False	False	True	Jean-Pierre Florens	0	0	Jean-Pierre Florens|Florens			2478
<http://dbpedia.org/resource/Jean-Robert_Chouet>	Jean-Robert Chouet	0.4393764494564337	0	2	2	1	0	0	0	0	0	0	0	0	[]	False	False	False	True	Jean-Robert Chouet	0	0	Jean-Robert Chouet|Chouet			2479
<http://dbpedia.org/resource/Jeanne_Achterberg>	Jeanne Achterberg	0.2775	0	1	1	1	1	0	0	0	0	0	0	0	[]	False	False	False	True	Jeanne Achterberg	0	0	Jeanne Achterberg|Achterberg			2480
<http://dbpedia.org/resource/Jeanne_Block>	Jeanne Block	0.3671732688471332	0	3	3	1	0	0	0	0	0	0	0	0	[]	False	False	False	True	Jeanne Block	0	0	Jeanne Block			2481
<http://dbpedia.org/resource/Jeff_Cheeger>	Jeff Cheeger	0.2891551029687284	0	0	0	2	3	0	0	0	0	0	0	0	[]	False	False	False	True	Jeff Cheeger	0	0	Jeff Cheeger|Cheeger			2482
<http://dbpedia.org/resource/Jeff_Stilwell>	Jeff Stilwell	0.7947305194805195	0	7	7	0	0	0	0	0	0	0	0	0	[]	False	False	False	True	Jeff Stilwell	0	0	Jeff Stilwell|Stilwell			2483
<http://dbpedia.org/resource/Jeffrey_Bluestone>	Jeffrey Bluestone	0.29875	0	0	0	2	2	0	0	0	0	0	0	0	[]	False	False	False	True	Jeffrey Bluestone	0	0	Jeffrey Bluestone|Bluestone			2484
<http://dbpedia.org/resource/Jeffrey_C._Hall>	Jeffrey C. Hall	0.2954565430261366	0	0	0	0	1	0	0	0	0	0	0	0	[]	False	False	False	True	Jeffrey C. Hall	0	0	Jeffrey C. Hall			2485
<http://dbpedia.org/resource/Jeffrey_Shallit>	Jeffrey Shallit	0.281606711784452	0	0	0	1	2	0	0	0	0	0	0	0	[]	False	False	False	True	Jeffrey Shallit	0	0	Jeffrey Shallit|Shallit			2486
<http://dbpedia.org/resource/Jeffrey_Shapiro>	Jeffrey Shapiro	0.2775	0	0	0	1	3	0	0	0	0	0	0	0	[]	False	False	False	True	Jeffrey Shapiro	0	0	Jeffrey Shapiro			2487
<http://dbpedia.org/resource/Jeffry_D._Madura>	Jeffry D. Madura	0.2775	0	0	0	2	2	0	0	0	0	0	0	0	[]	False	False	False	True	Jeffry D. Madura	0	0	Jeffry D. Madura|Madura			2488
<http://dbpedia.org/resource/Jen_Dziura>	Jen Dziura	0.9612404689154856	0	0	0	0	1	0	0	0	0	0	0	0	[]	False	False	False	True	Jen Dziura	0	0	Jen Dziura|Dziura			2489
<http://dbpedia.org/resource/Jen_Golbeck>	Jen Golbeck	0.3235868144171635	0	1	1	0	0	0	0	0	0	0	0	0	[]	False	False	False	True	Jen Golbeck	0	0	Jen Golbeck|Golbeck			2490
<http://dbpedia.org/resource/Jen-Chieh_Peng>	Jen-Chieh Peng	0.2775	0	0	0	1	1	0	0	0	0	0	0	0	[]	False	False	False	True	Jen-Chieh Peng	0	0	Jen-Chieh Peng|Peng			2491
<http://dbpedia.org/resource/Jennarong_Muengtaweepongsa>	Jennarong Muengtaweepongsa	0.9612404689154856	0	0	0	0	1	0	0	0	0	0	0	0	[]	False	False	False	True	Jennarong Muengtaweepongsa	0	0	Jennarong Muengtaweepongsa|Muengtaweepongsa			2492
<http://dbpedia.org/resource/Jennifer_Biddle>	Jennifer Biddle	0.2775	0	1	1	2	0	0	0	0	0	0	0	0	[]	False	False	False	True	Jennifer Biddle	0	0	Jennifer Biddle|Biddle			2493
<http://dbpedia.org/resource/Jennifer_Raff>	Jennifer Raff	0.2775	0	0	0	1	1	0	0	0	0	0	0	0	[]	False	False	False	True	Jennifer Raff	0	0	Jennifer Raff|Raff			2494
<http://dbpedia.org/resource/Jens_Arup_Seip>	Jens Arup Seip	0.2775	1	1	2	0	0	0	0	0	0	0	0	0	[]	False	False	False	True	Jens Arup Seip	0	0	Jens Arup Seip|Seip			2495
<http://dbpedia.org/resource/Jeremy_C._Smith>	Jeremy C. Smith	0.34125	0	0	0	2	6	0	0	0	0	0	0	0	[]	False	False	False	True	Jeremy C. Smith	0	0	Jeremy C. Smith			2496
<http://dbpedia.org/resource/Jeremy_Sanders>	Jeremy Sanders	0.2775	0	0	0	2	1	0	0	0	0	0	0	0	[]	False	False	False	True	Jeremy Sanders	0	0	Jeremy Sanders|Sanders			2497
<http://dbpedia.org/resource/Jeremy_Yoder>	Jeremy Yoder	0.66	0	3	3	2	0	0	0	0	0	0	0	0	[]	False	False	False	True	Jeremy Yoder	0	0	Jeremy Yoder|Yoder			2498
<http://dbpedia.org/resource/Jérôme_Lalande>	Jérôme Lalande	0.4347136470314559	0	1	1	0	0	0	0	0	0	0	0	0	[]	False	False	False	True	Jerome Lalande	0	0	Jerome Lalande|Lalande			2499
<http://dbpedia.org/resource/Jerome_Lettvin>	Jerome Lettvin	0.5455463455713725	1	7	8	1	1	0	0	0	0	0	0	0	[]	False	False	False	True	Jerome Lettvin	0	0	Jerome Lettvin|Lettvin			2500
<http://dbpedia.org/resource/Jerome_W._Conn>	Jerome W. Conn	0.2775	0	0	0	1	1	0	0	0	0	0	0	0	[]	False	False	False	True	Jerome W. Conn	0	0	Jerome W. Conn|Conn			2501
<http://dbpedia.org/resource/Jerry_Hirsch>	Jerry Hirsch	0.3596817305494367	0	3	3	1	0	0	0	0	0	0	0	0	[]	False	False	False	True	Jerry Hirsch	0	0	Jerry Hirsch			2502
<http://dbpedia.org/resource/Jerry_Straka>	Jerry Straka	0.2775	0	0	0	2	2	0	0	0	0	0	0	0	[]	False	False	False	True	Jerry Straka	0	0	Jerry Straka|Straka			2503
<http://dbpedia.org/resource/Jess_Wade>	Jess Wade	0.4057519801996556	0	4	4	1	3	0	0	0	0	0	0	0	[]	False	False	False	True	Jess Wade	0	0	Jess Wade|Wade			2504
<http://dbpedia.org/resource/Jesse_Rothstein>	Jesse Rothstein	0.2775	0	1	1	2	0	0	0	0	0	0	0	0	[Labor economics, Education economics]	False	False	False	True	Jesse Rothstein	0	0	Jesse Rothstein|Rothstein			2505
<http://dbpedia.org/resource/Jesse_Shapiro>	Jesse Shapiro	0.3599205839452717	0	3	3	1	0	0	0	0	0	0	0	0	[Political economy, Behavioral economics]	False	False	False	True	Jesse Shapiro	0	0	Jesse Shapiro			2506
<http://dbpedia.org/resource/Jesús_Huerta_de_Soto>	Jesús Huerta de Soto	0.3095500571387152	0	6	6	0	0	0	0	0	0	0	0	0	[Political economics]	False	False	False	True	Jesus Huerta de Soto	0	0	Jesus Huerta de Soto|Soto			2507
<http://dbpedia.org/resource/Jetti_A._Oliver>	Jetti A. Oliver	0.322125	0	1	1	1	1	0	0	0	0	0	0	0	[]	False	False	False	True	Jetti A. Oliver	0	0	Jetti A. Oliver|Oliver			2508
<http://dbpedia.org/resource/Ji_Chaoding>	Ji Chaoding	0.2775	0	1	1	0	0	0	0	0	0	0	0	0	[]	False	False	False	True	Ji Chaoding	0	0	Ji Chaoding|Chaoding			2509
<http://dbpedia.org/resource/Jiddu_Krishnamurti>	Jiddu Krishnamurti	0.6043686794692436	12	3	15	0	0	0	0	0	0	0	0	0	[]	False	False	False	True	Jiddu Krishnamurti	0	0	Jiddu Krishnamurti|Krishnamurti			2510
<http://dbpedia.org/resource/Jill_Tarter>	Jill Tarter	0.3015908029900389	4	3	7	0	1	0	0	0	0	0	0	0	[]	False	False	False	True	Jill Tarter	0	0	Jill Tarter|Tarter			2511
<http://dbpedia.org/resource/Jill_Walker_Rettberg>	Jill Walker Rettberg	0.553623219649573	0	3	3	0	2	0	0	0	0	0	0	0	[]	False	False	False	True	Jill Walker Rettberg	0	0	Jill Walker Rettberg|Rettberg			2512
<http://dbpedia.org/resource/Jim_Waldo>	Jim Waldo	0.2873277832792524	0	0	0	2	2	0	0	0	0	0	0	0	[]	False	False	False	True	Jim Waldo	0	0	Jim Waldo|Waldo			2513
<http://dbpedia.org/resource/Jo_Phelan>	Jo Phelan	0.2775	0	0	0	0	1	0	0	0	0	0	0	0	[]	False	False	False	True	Jo Phelan	0	0	Jo Phelan|Phelan			2514
<http://dbpedia.org/resource/JoAnne_Flynn>	JoAnne Flynn	0.46875	0	2	2	2	0	0	0	0	0	0	0	0	[]	False	False	False	True	JoAnne Flynn	0	0	JoAnne Flynn|Flynn			2515
<http://dbpedia.org/resource/Joachim_Frank>	Joachim Frank	0.405	0	0	0	0	2	0	0	0	0	0	0	0	[]	False	False	False	True	Joachim Frank	0	0	Joachim Frank			2516
<http://dbpedia.org/resource/Joakim_Edsjö>	Joakim Edsjö	0.34635	0	0	0	1	3	0	0	0	0	0	0	0	[]	False	False	False	True	Joakim Edsjo	0	0	Joakim Edsjo|Edsjo			2517
<http://dbpedia.org/resource/Joan_Bailey-Wilson>	Joan Bailey-Wilson	0.5325000000000001	0	2	2	2	0	0	0	0	0	0	0	0	[]	False	False	False	True	Joan Bailey-Wilson	0	0	Joan Bailey-Wilson|Bailey-Wilson			2518
<http://dbpedia.org/resource/Joan_Beauchamp_Procter>	Joan Beauchamp Procter	0.4475	0	2	2	0	1	0	0	0	0	0	0	0	[]	False	False	False	True	Joan Beauchamp Procter	0	0	Joan Beauchamp Procter|Procter			2519
<http://dbpedia.org/resource/Joannes_Antonides_van_der_Linden>	Joannes Antonides van der Linden	0.4909161452898266	0	4	4	1	0	0	0	0	0	0	0	0	[]	False	False	False	True	Joannes Antonides van der Linden	0	0	Joannes Antonides van der Linden			2520
<http://dbpedia.org/resource/João_Murça_Pires>	João Murça Pires	0.5484375	0	1	1	1	0	0	0	0	0	0	0	0	[]	False	False	False	True	Joao Murca Pires	0	0	Joao Murca Pires|Pires			2521
<http://dbpedia.org/resource/Joaquim_Veà_Baró>	Joaquim Veà Baró	0.405	0	1	1	1	0	0	0	0	0	0	0	0	[]	False	False	False	True	Joaquim Vea Baro	0	0	Joaquim Vea Baro			2522
<http://dbpedia.org/resource/Joaquín_V._González>	Joaquín V. González	0.3064964855147427	0	1	1	0	0	0	0	0	0	0	0	0	[]	False	False	False	True	Joaquin V. Gonzalez	0	0	Joaquin V. Gonzalez			2523
<http://dbpedia.org/resource/Joe_Erich>	Joe Erich	0.9612404689154856	0	0	0	0	1	0	0	0	0	0	0	0	[]	False	False	False	True	Joe Erich	0	0	Joe Erich|Erich			2524
<http://dbpedia.org/resource/Joe_L._Kincheloe>	Joe L. Kincheloe	0.8789589595638161	0	11	11	1	2	0	0	0	0	0	0	0	[]	False	False	False	True	Joe L. Kincheloe	0	0	Joe L. Kincheloe|Kincheloe			2525
<http://dbpedia.org/resource/Joel_Emer>	Joel Emer	0.2775	0	0	0	2	1	0	0	0	0	0	0	0	[]	False	False	False	True	Joel Emer	0	0	Joel Emer|Emer			2526
<http://dbpedia.org/resource/Joel_Nigg>	Joel Nigg	0.3286328125	0	0	0	0	1	0	0	0	0	0	0	0	[]	False	False	False	True	Joel Nigg	0	0	Joel Nigg|Nigg			2527
<http://dbpedia.org/resource/Joel_Tropp>	Joel Tropp	0.4137612087180106	0	0	0	1	2	0	0	0	0	0	0	0	[]	False	False	False	True	Joel Tropp	0	0	Joel Tropp|Tropp			2528
<http://dbpedia.org/resource/Jofish_Kaye>	Jofish Kaye	0.5805704587196804	0	0	0	2	2	0	0	0	0	0	0	0	[]	False	False	False	True	Jofish Kaye	0	0	Jofish Kaye|Kaye			2529
<http://dbpedia.org/resource/Johann_Andreas_Segner>	Johann Andreas Segner	0.3123622760900381	0	0	0	0	1	0	0	0	0	0	0	0	[]	False	False	False	True	Johann Andreas Segner	0	0	Johann Andreas Segner|Segner			2530
<http://dbpedia.org/resource/Johann_Friedrich_Gmelin>	Johann Friedrich Gmelin	0.406418283203125	0	2	2	1	1	0	0	0	0	0	0	0	[]	False	False	False	True	Johann Friedrich Gmelin	0	0	Johann Friedrich Gmelin|Gmelin			2531
<http://dbpedia.org/resource/Johann_Friedrich_Pfaff>	Johann Friedrich Pfaff	0.4590674075561395	0	0	0	1	5	0	0	0	0	0	0	0	[]	False	False	False	True	Johann Friedrich Pfaff	0	0	Johann Friedrich Pfaff|Pfaff			2532
<http://dbpedia.org/resource/Johann_Kaspar_Bluntschli>	Johann Kaspar Bluntschli	0.301432312875196	3	4	7	0	0	0	0	0	0	0	0	0	[]	False	False	False	True	Johann Kaspar Bluntschli	0	0	Johann Kaspar Bluntschli|Bluntschli			2533
<http://dbpedia.org/resource/Johann_Lukas_Schönlein>	Johann Lukas Schönlein	0.767961937671801	2	0	2	0	2	0	0	0	0	0	0	0	[]	False	False	False	True	Johann Lukas Schonlein	0	0	Johann Lukas Schonlein|Schonlein			2534
<http://dbpedia.org/resource/Johann_Makowsky>	Johann Makowsky	0.4171214814152928	0	0	0	1	5	0	0	0	0	0	0	0	[]	False	False	False	True	Johann Makowsky	0	0	Johann Makowsky|Makowsky			2535
<http://dbpedia.org/resource/Johann_Schweigger>	Johann Schweigger	0.4454519445131099	0	0	0	1	1	0	0	0	0	0	0	0	[]	False	False	False	True	Johann Schweigger	0	0	Johann Schweigger|Schweigger			2536
<http://dbpedia.org/resource/Johann_Spurzheim>	Johann Spurzheim	0.2775	0	1	1	0	0	0	0	0	0	0	0	0	[]	False	False	False	True	Johann Spurzheim	0	0	Johann Spurzheim|Spurzheim			2537
<http://dbpedia.org/resource/Johann_Winter_von_Andernach>	Johann Winter von Andernach	0.5452425119118752	2	2	4	0	0	0	0	0	0	0	0	0	[]	False	False	False	True	Johann Winter von Andernach	0	0	Johann Winter von Andernach|Andernach			2538
<http://dbpedia.org/resource/Johannes_Baptista_Montanus>	Johannes Baptista Montanus	0.4677902762775381	1	1	2	0	1	0	0	0	0	0	0	0	[]	False	False	False	True	Johannes Baptista Montanus	0	0	Johannes Baptista Montanus|Montanus			2539
<http://dbpedia.org/resource/Johannes_Martin_Bijvoet>	Johannes Martin Bijvoet	0.3171377164288073	0	0	0	0	2	0	0	0	0	0	0	0	[]	False	False	False	True	Johannes Martin Bijvoet	0	0	Johannes Martin Bijvoet|Bijvoet			2540
<http://dbpedia.org/resource/Johannes_Peter_Müller>	Johannes Peter Müller	0.7543811823178438	8	0	8	0	0	0	0	0	0	0	0	0	[]	False	False	False	True	Johannes Peter Muller	0	0	Johannes Peter Muller			2541
<http://dbpedia.org/resource/Johannes_Stark>	Johannes Stark	0.2775	0	0	0	1	1	0	0	0	0	0	0	0	[]	False	False	False	True	Johannes Stark	0	0	Johannes Stark|Stark			2542
<http://dbpedia.org/resource/John_A._Eddy>	John A. Eddy	0.4569536548086145	0	4	4	2	0	0	0	0	0	0	0	0	[]	False	False	False	True	John A. Eddy	0	0	John A. Eddy|Eddy			2543
<http://dbpedia.org/resource/John_Akeroyd>	John Akeroyd	0.3891913174932923	0	3	3	0	1	0	0	0	0	0	0	0	[]	False	False	False	True	John Akeroyd	0	0	John Akeroyd|Akeroyd			2544
<http://dbpedia.org/resource/John_Allen_Williams>	John Allen Williams	0.3543674667902061	0	2	2	0	0	0	0	0	0	0	0	0	[]	False	False	False	True	John Allen Williams	0	0	John Allen Williams			2545
<http://dbpedia.org/resource/John_Ambrose_Fleming>	John Ambrose Fleming	0.345268628688929	0	0	0	2	3	0	0	0	0	0	0	0	[]	False	False	False	True	John Ambrose Fleming	0	0	John Ambrose Fleming|Fleming			2546
<http://dbpedia.org/resource/John_Anthony_Nevin>	John Anthony Nevin	0.3411785436396569	0	3	3	2	1	0	0	0	0	0	0	0	[]	False	False	False	True	John Anthony Nevin	0	0	John Anthony Nevin|Nevin			2547
<http://dbpedia.org/resource/John_Antoniadis>	John Antoniadis	0.2929821428571428	0	0	0	2	1	0	0	0	0	0	0	0	[]	False	False	False	True	John Antoniadis	0	0	John Antoniadis|Antoniadis			2548
<http://dbpedia.org/resource/John_Argyropoulos>	John Argyropoulos	0.2792582215429974	6	2	8	0	0	0	0	0	0	0	0	0	[]	False	False	False	True	John Argyropoulos	0	0	John Argyropoulos|Argyropoulos			2549
<http://dbpedia.org/resource/John_Bell_Hatcher>	John Bell Hatcher	0.5267312152777778	0	5	5	3	0	0	0	0	0	0	0	0	[]	False	False	False	True	John Bell Hatcher	0	0	John Bell Hatcher|Hatcher			2550
<http://dbpedia.org/resource/John_Bockris>	John Bockris	0.2775	0	0	0	0	4	0	0	0	0	0	0	0	[]	False	False	False	True	John Bockris	0	0	John Bockris|Bockris			2551
<http://dbpedia.org/resource/John_Bonvillian>	John Bonvillian	0.4601661819911238	0	4	4	0	0	0	0	0	0	0	0	0	[]	False	False	False	True	John Bonvillian	0	0	John Bonvillian|Bonvillian			2552
<http://dbpedia.org/resource/John_Bowlby>	John Bowlby	0.4146628108963349	9	7	16	2	1	0	0	0	0	0	0	0	[]	False	False	False	True	John Bowlby	0	0	John Bowlby|Bowlby			2553
<http://dbpedia.org/resource/John_Boyd_Orr>	John Boyd Orr	0.405	0	2	2	1	0	0	0	0	0	0	0	0	[]	False	False	False	True	John Boyd Orr	0	0	John Boyd Orr			2554
<http://dbpedia.org/resource/John_Burton_Cleland>	John Burton Cleland	0.7396875	0	0	0	2	1	0	0	0	0	0	0	0	[]	False	False	False	True	John Burton Cleland	0	0	John Burton Cleland|Cleland			2555
<http://dbpedia.org/resource/John_C._H._Spence>	John C. H. Spence	0.5272994419642858	0	1	1	1	0	0	0	0	0	0	0	0	[]	False	False	False	True	John C. H. Spence	0	0	John C. H. Spence|Spence			2556
<http://dbpedia.org/resource/John_Charles_Lounsbury_Fish>	John Charles Lounsbury Fish	0.5325000000000001	1	3	4	1	0	0	0	0	0	0	0	0	[]	False	False	False	True	John Charles Lounsbury Fish	0	0	John Charles Lounsbury Fish|Fish			2557
<http://dbpedia.org/resource/John_Collier_Jr.>	John Collier Jr.	0.5325000000000001	0	3	3	0	2	0	0	0	0	0	0	0	[]	False	False	False	True	John Collier Jr.	0	0	John Collier Jr.			2558
<http://dbpedia.org/resource/John_Conybeare>	John Conybeare	0.2783713015018961	0	1	1	1	0	0	1	0	0	0	0	0	[]	False	False	False	True	John Conybeare	0	0	John Conybeare|Conybeare			2559
<http://dbpedia.org/resource/John_D._Boice_Jr.>	John D. Boice Jr.	0.378013122693088	0	0	0	10	2	0	0	0	0	0	0	0	[]	False	False	False	True	John D. Boice Jr.	0	0	John D. Boice Jr.			2560
<http://dbpedia.org/resource/John_D._Hawks>	John D. Hawks	0.2775	0	0	0	2	1	0	0	0	0	0	0	0	[]	False	False	False	True	John D. Hawks	0	0	John D. Hawks|Hawks			2561
<http://dbpedia.org/resource/John_E._Bercaw>	John E. Bercaw	0.405	0	0	0	0	1	0	0	0	0	0	0	0	[]	False	False	False	True	John E. Bercaw	0	0	John E. Bercaw|Bercaw			2562
<http://dbpedia.org/resource/John_E._Osborn_(mathematician)>	John E. Osborn (mathematician)	0.32626875	0	0	0	1	1	0	0	0	0	0	0	0	[]	False	False	False	True	John E. Osborn	0	0	John E. Osborn|Osborn			2563
<http://dbpedia.org/resource/John_Everett_Millais>	John Everett Millais	0.2775	0	0	0	0	0	2	0	0	0	0	0	0	[Printmaking]	False	False	False	True	John Everett Millais	0	0	John Everett Millais|Millais			2564
<http://dbpedia.org/resource/John_Fauvel>	John Fauvel	0.3948277767514445	2	2	4	2	1	0	0	0	0	0	0	0	[]	False	False	False	True	John Fauvel	0	0	John Fauvel|Fauvel			2565
<http://dbpedia.org/resource/John_Frame_(theologian)>	John Frame (theologian)	0.5958340965875957	0	4	4	0	0	0	0	0	0	0	0	0	[]	False	False	False	True	John Frame	0	0	John Frame|Frame			2566
<http://dbpedia.org/resource/John_Frederick_Clarke>	John Frederick Clarke	0.2775	0	0	0	1	2	0	0	0	0	0	0	0	[]	False	False	False	True	John Frederick Clarke	0	0	John Frederick Clarke|Clarke			2567
<http://dbpedia.org/resource/John_Goldkamp>	John Goldkamp	0.405	0	2	2	0	1	0	0	0	0	0	0	0	[]	False	False	False	True	John Goldkamp	0	0	John Goldkamp|Goldkamp			2568
<http://dbpedia.org/resource/John_Goodricke>	John Goodricke	0.2775	0	1	1	0	1	0	0	0	0	0	0	0	[]	False	False	False	True	John Goodricke	0	0	John Goodricke|Goodricke			2569
<http://dbpedia.org/resource/John_Grinder>	John Grinder	1.0276209464813095	5	11	16	0	0	0	0	0	0	0	0	0	[]	False	False	False	True	John Grinder	0	0	John Grinder|Grinder			2570
<http://dbpedia.org/resource/John_H._Miller_Jr.>	John H. Miller Jr.	0.5045526525421627	0	4	4	2	2	0	0	0	0	0	0	0	[]	False	False	False	True	John H. Miller Jr.	0	0	John H. Miller Jr.			2571
<http://dbpedia.org/resource/John_Harnad>	John Harnad	0.6143559949170565	0	6	6	2	0	0	0	0	0	0	0	0	[]	False	False	False	True	John Harnad	0	0	John Harnad|Harnad			2572
<http://dbpedia.org/resource/John_Jaenike>	John Jaenike	0.32903125	0	0	0	1	2	0	0	0	0	0	0	0	[]	False	False	False	True	John Jaenike	0	0	John Jaenike|Jaenike			2573
<http://dbpedia.org/resource/John_Jost>	John Jost	0.3561250000000001	0	0	0	1	2	0	0	0	0	0	0	0	[]	False	False	False	True	John Jost	0	0	John Jost|Jost			2574
<http://dbpedia.org/resource/John_Krebs,_Baron_Krebs>	John Krebs, Baron Krebs	0.3137137025616885	0	1	1	1	0	0	0	0	0	0	0	0	[]	False	False	False	True	John Krebs, Baron Krebs	0	0	John Krebs, Baron Krebs			2575
<http://dbpedia.org/resource/John_Leonard_Watling>	John Leonard Watling	0.2775	0	1	1	0	0	0	0	0	0	0	0	0	[]	False	False	False	True	John Leonard Watling	0	0	John Leonard Watling|Watling			2576
<http://dbpedia.org/resource/John_Levi_Martin>	John Levi Martin	0.32	1	0	1	2	4	0	0	0	0	0	0	0	[]	False	False	False	True	John Levi Martin	0	0	John Levi Martin			2577
<http://dbpedia.org/resource/John_Lightfoot_(biologist)>	John Lightfoot (biologist)	0.3266191704363809	0	2	2	0	0	0	0	0	0	0	0	0	[]	False	False	False	True	John Lightfoot	0	0	John Lightfoot|Lightfoot			2578
<http://dbpedia.org/resource/John_M._Olson_(biophysicist)>	John M. Olson (biophysicist)	0.4232142857142858	0	0	0	2	1	0	0	0	0	0	0	0	[]	False	False	False	True	John M. Olson	0	0	John M. Olson			2579
<http://dbpedia.org/resource/John_M._Scholes>	John M. Scholes	0.2882775411540765	0	3	3	0	2	0	0	0	0	0	0	0	[]	False	False	False	True	John M. Scholes	0	0	John M. Scholes|Scholes			2580
<http://dbpedia.org/resource/John_MacVicar>	John MacVicar	0.29503125	0	1	1	0	1	0	0	0	0	0	0	0	[]	False	False	False	True	John MacVicar	0	0	John MacVicar|MacVicar			2581
<http://dbpedia.org/resource/John_Moorfield>	John Moorfield	0.405	0	2	2	0	0	0	0	0	0	0	0	0	[]	False	False	False	True	John Moorfield	0	0	John Moorfield|Moorfield			2582
<http://dbpedia.org/resource/John_Nardi>	John Nardi	0.9612404689154856	0	0	0	0	1	0	0	0	0	0	0	0	[]	False	False	False	True	John Nardi	0	0	John Nardi|Nardi			2583
<http://dbpedia.org/resource/John_Nesselroade>	John Nesselroade	5.122426101480103	0	0	0	0	2	0	0	0	0	0	0	0	[]	False	False	False	True	John Nesselroade	0	0	John Nesselroade|Nesselroade			2584
<http://dbpedia.org/resource/John_O'Neill_(philosopher)>	John O'Neill (philosopher)	0.2854168675336533	0	3	3	0	0	0	0	0	0	0	0	0	[]	False	False	False	True	John O'Neill	0	0	John O'Neill			2585
<http://dbpedia.org/resource/John_Pendlebury>	John Pendlebury	0.3564816964285714	0	1	1	2	1	0	0	0	0	0	0	0	[]	False	False	False	True	John Pendlebury	0	0	John Pendlebury|Pendlebury			2586
<http://dbpedia.org/resource/John_R._Coryell>	John R. Coryell	0.405	0	0	0	0	2	0	0	0	0	0	0	0	[]	False	False	False	True	John R. Coryell	0	0	John R. Coryell|Coryell			2587
<http://dbpedia.org/resource/John_R._Hillman>	John R. Hillman	0.2775	0	1	1	2	0	0	0	0	0	0	0	0	[]	False	False	False	True	John R. Hillman	0	0	John R. Hillman			2588
<http://dbpedia.org/resource/John_R._Meyer>	John R. Meyer	0.285734375	0	2	2	1	0	0	0	0	0	0	0	0	[]	False	False	False	True	John R. Meyer	0	0	John R. Meyer			2589
<http://dbpedia.org/resource/John_Rainwater>	John Rainwater	0.4679210494348533	1	3	4	0	2	0	0	0	0	0	0	0	[]	False	False	False	True	John Rainwater	0	0	John Rainwater|Rainwater			2590
<http://dbpedia.org/resource/John_Richard_Farre>	John Richard Farre	0.2775	0	1	1	0	1	0	0	0	0	0	0	0	[]	False	False	False	True	John Richard Farre	0	0	John Richard Farre|Farre			2591
<http://dbpedia.org/resource/John_Shawe-Taylor>	John Shawe-Taylor	0.3178674066750136	0	0	0	2	2	0	0	0	0	0	0	0	[]	False	False	False	True	John Shawe-Taylor	0	0	John Shawe-Taylor|Shawe-Taylor			2592
<http://dbpedia.org/resource/John_Steiner_(psychoanalyst)>	John Steiner (psychoanalyst)	0.2981175335598814	0	1	1	0	0	0	0	0	0	0	0	0	[]	False	False	False	True	John Steiner	0	0	John Steiner			2593
<http://dbpedia.org/resource/John_W._Cahn>	John W. Cahn	0.2775	1	0	1	2	1	0	0	0	0	0	0	0	[]	False	False	False	True	John W. Cahn	0	0	John W. Cahn|Cahn			2594
<http://dbpedia.org/resource/John_W._Farley>	John W. Farley	0.2775	0	0	0	0	3	0	0	0	0	0	0	0	[]	False	False	False	True	John W. Farley	0	0	John W. Farley|Farley			2595
<http://dbpedia.org/resource/John_Wilkes_Booth>	John Wilkes Booth	0.2775	0	0	0	0	1	0	0	0	0	0	0	0	[]	False	False	False	True	John Wilkes Booth	0	0	John Wilkes Booth|Booth			2596
<http://dbpedia.org/resource/John_William_Helton>	John William Helton	0.2775	0	0	0	1	4	0	0	0	0	0	0	0	[]	False	False	False	True	John William Helton	0	0	John William Helton|Helton			2597
<http://dbpedia.org/resource/John_William_Strutt,_3rd_Baron_Rayleigh>	John William Strutt, 3rd Baron Rayleigh	0.2946646996910195	0	0	0	2	55	0	0	0	0	0	0	0	[]	False	False	False	True	John William Strutt, 3rd Baron Rayleigh	0	0	John William Strutt, 3rd Baron Rayleigh|Rayleigh			2598
<http://dbpedia.org/resource/John_Zeleny>	John Zeleny	0.2865902777777778	0	0	0	3	3	0	0	0	0	0	0	0	[]	False	False	False	True	John Zeleny	0	0	John Zeleny|Zeleny			2599
<http://dbpedia.org/resource/John_Zubek>	John Zubek	0.385875	0	0	0	0	3	0	0	0	0	0	0	0	[]	False	False	False	True	John Zubek	0	0	John Zubek|Zubek			2600
<http://dbpedia.org/resource/Johnjoe_McFadden>	Johnjoe McFadden	0.2775	0	0	0	1	3	0	0	0	0	0	0	0	[]	False	False	False	True	Johnjoe McFadden	0	0	Johnjoe McFadden|McFadden			2601
<http://dbpedia.org/resource/Jon_David_Erickson>	Jon David Erickson	0.2775	0	0	0	1	2	0	0	0	0	0	0	0	[]	False	False	False	True	Jon David Erickson	0	0	Jon David Erickson|Erickson			2602
<http://dbpedia.org/resource/Jon_Levine_(neuroscientist)>	Jon Levine (neuroscientist)	0.2775	0	1	1	3	0	0	0	0	0	0	0	0	[]	False	False	False	True	Jon Levine	0	0	Jon Levine			2603
<http://dbpedia.org/resource/Jon_Michael_Dunn>	Jon Michael Dunn	0.4288167701500472	0	0	0	2	1	0	0	0	0	0	0	0	[]	False	False	False	True	Jon Michael Dunn	0	0	Jon Michael Dunn|Dunn			2604
<http://dbpedia.org/resource/Jon_Sudbø>	Jon Sudbø	0.297549375	0	0	0	0	1	0	0	0	0	0	0	0	[]	False	False	False	True	Jon Sudbø	0	0	Jon Sudbø|Sudbø			2605
<http://dbpedia.org/resource/Jonas_Obleser>	Jonas Obleser	0.2775	0	0	0	0	3	0	0	0	0	0	0	0	[]	False	False	False	True	Jonas Obleser	0	0	Jonas Obleser|Obleser			2606
<http://dbpedia.org/resource/Jonathan_A._C._Brown>	Jonathan A. C. Brown	0.6397874076451804	0	5	5	2	0	0	0	0	0	0	0	0	[]	False	False	False	True	Jonathan A. C. Brown	0	0	Jonathan A. C. Brown			2607
<http://dbpedia.org/resource/Jonathan_Ashmore>	Jonathan Ashmore	0.3791969073715889	0	2	2	3	0	0	0	0	0	0	0	0	[]	False	False	False	True	Jonathan Ashmore	0	0	Jonathan Ashmore|Ashmore			2608
<http://dbpedia.org/resource/Jonathan_Bowen>	Jonathan Bowen	0.6962438681982718	3	10	13	2	3	0	0	0	0	0	0	0	[]	False	False	False	True	Jonathan Bowen	0	0	Jonathan Bowen			2609
<http://dbpedia.org/resource/Jonathan_D._G._Jones>	Jonathan D. G. Jones	0.3076041666666667	0	1	1	1	1	0	0	0	0	0	0	0	[]	False	False	False	True	Jonathan D. G. Jones	0	0	Jonathan D. G. Jones			2610
<http://dbpedia.org/resource/Jonathan_Dowling>	Jonathan Dowling	0.2775	0	0	0	1	2	0	0	0	0	0	0	0	[]	False	False	False	True	Jonathan Dowling	0	0	Jonathan Dowling|Dowling			2611
<http://dbpedia.org/resource/Jonathan_Fruoco>	Jonathan Fruoco	0.5758364898987063	0	2	2	2	1	0	0	0	0	0	0	0	[]	False	False	False	True	Jonathan Fruoco	0	0	Jonathan Fruoco|Fruoco			2612
<http://dbpedia.org/resource/Jonathan_McCollum>	Jonathan McCollum	0.2775	0	1	1	3	1	0	0	0	0	0	0	0	[]	False	False	False	True	Jonathan McCollum	0	0	Jonathan McCollum|McCollum			2613
<http://dbpedia.org/resource/Jonathan_Shay>	Jonathan Shay	0.429490625	0	3	3	1	2	0	0	0	0	0	0	0	[]	False	False	False	True	Jonathan Shay	0	0	Jonathan Shay|Shay			2614
<http://dbpedia.org/resource/Jonathan_Weissman>	Jonathan Weissman	0.29875	0	0	0	3	2	0	0	0	0	0	0	0	[]	False	False	False	True	Jonathan Weissman	0	0	Jonathan Weissman|Weissman			2615
<http://dbpedia.org/resource/Jöns_Jacob_Berzelius>	Jöns Jacob Berzelius	0.3750375	0	0	0	1	7	0	0	0	0	0	0	0	[]	False	False	False	True	Jons Jacob Berzelius	0	0	Jons Jacob Berzelius|Berzelius			2616
<http://dbpedia.org/resource/Jordan_Peterson>	Jordan Peterson	0.3948138002473242	0	3	3	0	0	0	0	0	0	0	0	0	[]	False	False	False	True	Jordan Peterson	0	0	Jordan Peterson|Peterson			2617
<http://dbpedia.org/resource/Jordi_Pigem>	Jordi Pigem	0.5620145735520249	0	5	5	0	0	0	0	0	0	0	0	0	[]	False	False	False	True	Jordi Pigem	0	0	Jordi Pigem|Pigem			2618
<http://dbpedia.org/resource/Jörg_Guido_Hülsmann>	Jörg Guido Hülsmann	0.966224643143656	0	9	9	2	0	0	0	0	0	0	0	0	[Financial economics, Macroeconomics, Monetary economics, History of economic thought]	False	False	False	True	Jorg Guido Hulsmann	0	0	Jorg Guido Hulsmann|Hulsmann			2619
<http://dbpedia.org/resource/Jorge_Ángel_Livraga_Rizzi>	Jorge Ángel Livraga Rizzi	0.3489158676570776	0	3	3	0	0	0	0	0	0	0	0	0	[]	False	False	False	True	Jorge Angel Livraga Rizzi	0	0	Jorge Angel Livraga Rizzi|Rizzi			2620
<http://dbpedia.org/resource/Jorge_Ferrer>	Jorge Ferrer	0.4512092725499377	0	1	1	0	0	0	0	0	0	0	0	0	[]	False	False	False	True	Jorge Ferrer	0	0	Jorge Ferrer|Ferrer			2621
<http://dbpedia.org/resource/Jorge_Sotomayor_Tello>	Jorge Sotomayor Tello	0.405	0	0	0	2	2	0	0	0	0	0	0	0	[]	False	False	False	True	Jorge Sotomayor Tello	0	0	Jorge Sotomayor Tello|Tello			2622
<http://dbpedia.org/resource/José_Guilherme_Merquior>	José Guilherme Merquior	0.8448096089636578	0	12	12	0	0	0	0	0	0	0	0	0	[]	False	False	False	True	Jose Guilherme Merquior	0	0	Jose Guilherme Merquior|Merquior			2623
<http://dbpedia.org/resource/José_Ignacio_García_Hamilton>	José Ignacio García Hamilton	0.3064964855147427	0	1	1	0	0	0	0	0	0	0	0	0	[]	False	False	False	True	Jose Ignacio Garcia Hamilton	0	0	Jose Ignacio Garcia Hamilton			2624
<http://dbpedia.org/resource/José_Luis_Espert>	José Luis Espert	0.3064964855147427	0	1	1	0	0	0	0	0	0	0	0	0	[]	False	False	False	True	Jose Luis Espert	0	0	Jose Luis Espert|Espert			2625
<http://dbpedia.org/resource/José_Luis_Rodríguez_Zapatero>	José Luis Rodríguez Zapatero	0.7105469754720324	0	1	1	1	0	0	0	0	0	0	0	0	[]	False	False	False	True	Jose Luis Rodriguez Zapatero	0	0	Jose Luis Rodriguez Zapatero|Zapatero			2626
<http://dbpedia.org/resource/José_Manuel_Briceño_Guerrero>	José Manuel Briceño Guerrero	0.5562630134338543	1	4	5	0	0	0	0	0	0	0	0	0	[]	False	False	False	True	Jose Manuel Briceno Guerrero	0	0	Jose Manuel Briceno Guerrero|Guerrero			2627
<http://dbpedia.org/resource/José_María_Hugo_de_la_Fuente_Morales>	José María Hugo de la Fuente Morales	0.2775	0	1	1	0	0	0	0	0	0	0	0	0	[]	False	False	False	True	Jose Maria Hugo de la Fuente Morales	0	0	Jose Maria Hugo de la Fuente Morales|Morales			2628
<http://dbpedia.org/resource/José_Mendes_(physicist)>	José Mendes (physicist)	0.2775	0	0	0	1	5	0	0	0	0	0	0	0	[]	False	False	False	True	Jose Mendes	0	0	Jose Mendes|Mendes			2629
<http://dbpedia.org/resource/José_Scheinkman>	José Scheinkman	0.3117646758343768	0	2	2	1	0	0	0	0	0	0	0	0	[Economics]	False	False	False	True	Jose Scheinkman	0	0	Jose Scheinkman|Scheinkman			2630
<http://dbpedia.org/resource/José-Carlos_Mariátegui>	José-Carlos Mariátegui	0.6175000000000002	0	4	4	2	0	0	0	0	0	0	0	0	[]	False	False	False	True	Jose-Carlos Mariategui	0	0	Jose-Carlos Mariategui			2631
<http://dbpedia.org/resource/Josef_Dobrovský>	Josef Dobrovský	0.2889263463629647	0	1	1	0	0	0	0	0	0	0	0	0	[]	False	False	False	True	Josef Dobrovsky	0	0	Josef Dobrovsky|Dobrovsky			2632
<http://dbpedia.org/resource/Josef_Gitelson>	Josef Gitelson	0.2775	0	0	0	2	4	0	0	0	0	0	0	0	[]	False	False	False	True	Josef Gitelson	0	0	Josef Gitelson|Gitelson			2633
<http://dbpedia.org/resource/Josef_Pieper>	Josef Pieper	0.5510607090893203	4	8	12	0	0	0	0	0	0	0	0	0	[]	False	False	False	True	Josef Pieper	0	0	Josef Pieper|Pieper			2634
<http://dbpedia.org/resource/Josef_von_Fodor>	Josef von Fodor	0.4443275266237579	0	0	0	1	2	0	0	0	0	0	0	0	[]	False	False	False	True	Josef von Fodor	0	0	Josef von Fodor|Fodor			2635
<http://dbpedia.org/resource/Josef-Maria_Jauch>	Josef-Maria Jauch	0.284680525058058	0	0	0	1	2	0	0	0	0	0	0	0	[]	False	False	False	True	Josef-Maria Jauch	0	0	Josef-Maria Jauch|Jauch			2636
<http://dbpedia.org/resource/Joseph_B._Klemp>	Joseph B. Klemp	0.6868192708333335	1	4	5	1	1	0	0	0	0	0	0	0	[]	False	False	False	True	Joseph B. Klemp	0	0	Joseph B. Klemp|Klemp			2637
<http://dbpedia.org/resource/Joseph_Bernstein>	Joseph Bernstein	0.2889045759174121	0	0	0	1	5	0	0	0	0	0	0	0	[]	False	False	False	True	Joseph Bernstein	0	0	Joseph Bernstein|Bernstein			2638
<http://dbpedia.org/resource/Joseph_Diestel>	Joseph Diestel	0.2825776146080074	0	1	1	0	1	0	0	0	0	0	0	0	[]	False	False	False	True	Joseph Diestel	0	0	Joseph Diestel|Diestel			2639
<http://dbpedia.org/resource/Joseph_Engelberger>	Joseph Engelberger	0.2775	0	0	0	3	1	0	0	0	0	0	0	0	[]	False	False	False	True	Joseph Engelberger	0	0	Joseph Engelberger|Engelberger			2640
<http://dbpedia.org/resource/Joseph_G._Gall>	Joseph G. Gall	0.2775	3	0	3	1	1	0	0	0	0	0	0	0	[]	False	False	False	True	Joseph G. Gall	0	0	Joseph G. Gall|Gall			2641
<http://dbpedia.org/resource/Joseph_Kitagawa>	Joseph Kitagawa	0.2775	0	1	1	0	0	0	0	0	0	0	0	0	[]	False	False	False	True	Joseph Kitagawa	0	0	Joseph Kitagawa|Kitagawa			2642
<http://dbpedia.org/resource/Joseph_Liouville>	Joseph Liouville	0.3883703871026777	0	0	0	1	3	0	0	0	0	0	0	0	[]	False	False	False	True	Joseph Liouville	0	0	Joseph Liouville|Liouville			2643
<http://dbpedia.org/resource/Joseph_P._LaSalle>	Joseph P. LaSalle	0.2775	0	0	0	1	2	0	0	0	0	0	0	0	[]	False	False	False	True	Joseph P. LaSalle	0	0	Joseph P. LaSalle|LaSalle			2644
<http://dbpedia.org/resource/Joseph_R._Shoenfield>	Joseph R. Shoenfield	0.287663775981859	0	0	0	1	1	0	0	0	0	0	0	0	[]	False	False	False	True	Joseph R. Shoenfield	0	0	Joseph R. Shoenfield|Shoenfield			2645
<http://dbpedia.org/resource/Joseph_Takahashi>	Joseph Takahashi	0.5783147343750001	0	4	4	2	1	0	0	0	0	0	0	0	[]	False	False	False	True	Joseph Takahashi	0	0	Joseph Takahashi|Takahashi			2646
<http://dbpedia.org/resource/Joseph_Veverka>	Joseph Veverka	0.2775	0	0	0	2	2	0	0	0	0	0	0	0	[]	False	False	False	True	Joseph Veverka	0	0	Joseph Veverka|Veverka			2647
<http://dbpedia.org/resource/Joseph-Nicolas_Delisle>	Joseph-Nicolas Delisle	0.2921539272068514	0	0	0	0	1	0	0	0	0	0	0	0	[]	False	False	False	True	Joseph-Nicolas Delisle	0	0	Joseph-Nicolas Delisle|Delisle			2648
<http://dbpedia.org/resource/Josephine_Pemberton>	Josephine Pemberton	0.3527441471354167	0	1	1	2	0	0	0	0	0	0	0	0	[]	False	False	False	True	Josephine Pemberton	0	0	Josephine Pemberton|Pemberton			2649
<http://dbpedia.org/resource/Josh_Widdicombe>	Josh Widdicombe	0.5325000000000001	1	4	5	0	0	0	0	0	0	0	0	0	[]	False	False	False	True	Josh Widdicombe	0	0	Josh Widdicombe|Widdicombe			2650
<http://dbpedia.org/resource/Josh_Willis>	Josh Willis	0.2775	0	0	0	1	1	0	0	0	0	0	0	0	[]	False	False	False	True	Josh Willis	0	0	Josh Willis|Willis			2651
<http://dbpedia.org/resource/Joshua_Correll>	Joshua Correll	0.2775	0	0	0	1	1	0	0	0	0	0	0	0	[]	False	False	False	True	Joshua Correll	0	0	Joshua Correll|Correll			2652
<http://dbpedia.org/resource/Joshua_Harold_Burn>	Joshua Harold Burn	0.3550397321428572	0	4	4	0	0	0	0	0	0	0	0	0	[]	False	False	False	True	Joshua Harold Burn	0	0	Joshua Harold Burn|Burn			2653
<http://dbpedia.org/resource/Joshua_Melko>	Joshua Melko	0.2775	0	0	0	2	1	0	0	0	0	0	0	0	[]	False	False	False	True	Joshua Melko	0	0	Joshua Melko|Melko			2654
<http://dbpedia.org/resource/Jovan_Kantul>	Jovan Kantul	0.2775	0	0	0	0	0	0	1	0	0	0	0	0	[]	False	False	False	True	Jovan Kantul	0	0	Jovan Kantul|Kantul			2655
<http://dbpedia.org/resource/Joyce_Taylor-Papadimitriou>	Joyce Taylor-Papadimitriou	0.3316875	0	1	1	2	1	0	0	0	0	0	0	0	[]	False	False	False	True	Joyce Taylor-Papadimitriou	0	0	Joyce Taylor-Papadimitriou|Taylor-Papadimitriou			2656
<http://dbpedia.org/resource/Jože_Pučnik>	Jože Pučnik	0.2860337304660514	0	1	1	0	0	0	0	0	0	0	0	0	[]	False	False	False	True	Joze Pucnik	0	0	Joze Pucnik|Pucnik			2657
<http://dbpedia.org/resource/Józef_Maria_Hoene-Wroński>	Józef Maria Hoene-Wroński	0.4494706224051876	3	4	7	0	0	0	0	0	0	0	0	0	[]	False	False	False	True	Jozef Maria Hoene-Wronski	0	0	Jozef Maria Hoene-Wronski|Hoene-Wronski			2658
<http://dbpedia.org/resource/Józef_Retinger>	Józef Retinger	0.513375	3	2	5	0	2	0	0	0	0	0	0	0	[]	False	False	False	True	Jozef Retinger	0	0	Jozef Retinger|Retinger			2659
<http://dbpedia.org/resource/Juan_B._Justo>	Juan B. Justo	0.3064964855147427	0	1	1	0	0	0	0	0	0	0	0	0	[]	False	False	False	True	Juan B. Justo	0	0	Juan B. Justo|Justo			2660
<http://dbpedia.org/resource/Juan_Bautista_Ambrosetti>	Juan Bautista Ambrosetti	0.3889422408563004	0	1	1	0	0	0	0	0	0	0	0	0	[]	False	False	False	True	Juan Bautista Ambrosetti	0	0	Juan Bautista Ambrosetti|Ambrosetti			2661
<http://dbpedia.org/resource/Juan_Donoso_Cortés>	Juan Donoso Cortés	0.6510920075532134	7	9	16	0	0	0	0	0	0	0	0	0	[]	False	False	False	True	Juan Donoso Cortes	0	0	Juan Donoso Cortes|Cortes			2662
<http://dbpedia.org/resource/Juan_José_Sebreli>	Juan José Sebreli	1.069812649780961	0	10	10	0	0	0	0	0	0	0	0	0	[]	False	False	False	True	Juan Jose Sebreli	0	0	Juan Jose Sebreli|Sebreli			2663
<http://dbpedia.org/resource/Juan_Pascual-Leone>	Juan Pascual-Leone	0.292083670460456	0	0	0	0	1	0	0	0	0	0	0	0	[]	False	False	False	True	Juan Pascual-Leone	0	0	Juan Pascual-Leone|Pascual-Leone			2664
<http://dbpedia.org/resource/Juan_Rosai>	Juan Rosai	0.3681666666666667	0	2	2	2	1	0	0	0	0	0	0	0	[]	False	False	False	True	Juan Rosai	0	0	Juan Rosai|Rosai			2665
<http://dbpedia.org/resource/Judith_H._Myers>	Judith H. Myers	0.4212661360437896	0	1	1	0	0	0	0	0	0	0	0	0	[]	False	False	False	True	Judith H. Myers	0	0	Judith H. Myers|Myers			2666
<http://dbpedia.org/resource/Judith_Revel>	Judith Revel	1.2474377824230745	0	6	6	0	0	0	0	0	0	0	0	0	[]	False	False	False	True	Judith Revel	0	0	Judith Revel|Revel			2667
<http://dbpedia.org/resource/Jules_Tinel>	Jules Tinel	0.51125	0	0	0	0	2	0	0	0	0	0	0	0	[]	False	False	False	True	Jules Tinel	0	0	Jules Tinel|Tinel			2668
<http://dbpedia.org/resource/Julia_C._Gage>	Julia C. Gage	0.66	0	3	3	3	0	0	0	0	0	0	0	0	[]	False	False	False	True	Julia C. Gage	0	0	Julia C. Gage|Gage			2669
<http://dbpedia.org/resource/Julia_Cagé>	Julia Cagé	0.405	0	2	2	4	0	0	0	0	0	0	0	0	[Economics]	False	False	False	True	Julia Cage	0	0	Julia Cage|Cage			2670
<http://dbpedia.org/resource/Julian_Rotter>	Julian Rotter	0.4375199958038452	2	4	6	3	3	0	0	0	0	0	0	0	[]	False	False	False	True	Julian Rotter	0	0	Julian Rotter|Rotter			2671
<http://dbpedia.org/resource/Julie_Favre>	Julie Favre	0.2948609255233872	0	5	5	0	0	0	0	0	0	0	0	0	[]	False	False	False	True	Julie Favre	0	0	Julie Favre|Favre			2672
<http://dbpedia.org/resource/Julien_Freund>	Julien Freund	0.3179117658274938	1	6	7	0	0	0	0	0	0	0	0	0	[]	False	False	False	True	Julien Freund	0	0	Julien Freund			2673
<http://dbpedia.org/resource/Julien_Offray_de_La_Mettrie>	Julien Offray de La Mettrie	0.3501775150705711	2	3	5	0	0	0	0	0	0	0	0	0	[]	False	False	False	True	Julien Offray de La Mettrie	0	0	Julien Offray de La Mettrie|Mettrie			2674
<http://dbpedia.org/resource/Julio_Gea-Banacloche>	Julio Gea-Banacloche	0.2899099995675904	0	0	0	2	1	0	0	0	0	0	0	0	[]	False	False	False	True	Julio Gea-Banacloche	0	0	Julio Gea-Banacloche|Gea-Banacloche			2675
<http://dbpedia.org/resource/Julius_Adler_(biochemist)>	Julius Adler (biochemist)	0.32265625	0	0	0	4	1	0	0	0	0	0	0	0	[]	False	False	False	True	Julius Adler	0	0	Julius Adler			2676
<http://dbpedia.org/resource/Julius_Axelrod>	Julius Axelrod	0.2775	0	0	0	5	1	0	0	0	0	0	0	0	[]	False	False	False	True	Julius Axelrod	0	0	Julius Axelrod|Axelrod			2677
<http://dbpedia.org/resource/Julius_Büdel>	Julius Büdel	0.3062266875194193	0	2	2	1	2	0	0	0	0	0	0	0	[]	False	False	False	True	Julius Budel	0	0	Julius Budel|Budel			2678
<http://dbpedia.org/resource/Julius_Evola>	Julius Evola	1.0985297850264155	7	17	24	0	0	0	0	0	0	0	0	0	[]	False	False	False	True	Julius Evola	0	0	Julius Evola|Evola			2679
<http://dbpedia.org/resource/Jun_Tsuji>	Jun Tsuji	0.4742758773764157	2	6	8	0	0	0	0	0	0	0	0	0	[]	False	False	False	True	Jun Tsuji	0	0	Jun Tsuji|Tsuji			2680
<http://dbpedia.org/resource/Jur_P._van_den_Berg>	Jur P. van den Berg	0.4681938197160598	0	4	4	2	0	0	0	0	0	0	0	0	[]	False	False	False	True	Jur P. van den Berg	0	0	Jur P. van den Berg			2681
<http://dbpedia.org/resource/Jürg_Fröhlich>	Jürg Fröhlich	0.2957253509824853	0	1	1	1	0	0	0	0	0	0	0	0	[]	False	False	False	True	Jurg Frohlich	0	0	Jurg Frohlich|Frohlich			2682
<http://dbpedia.org/resource/Justine_Cassell>	Justine Cassell	0.2938625	0	0	0	4	3	0	0	0	0	0	0	0	[]	False	False	False	True	Justine Cassell	0	0	Justine Cassell|Cassell			2683
<http://dbpedia.org/resource/Jyotiprasad_Medhi>	Jyotiprasad Medhi	0.324941857348202	1	0	1	4	3	0	0	0	0	0	0	0	[]	False	False	False	True	Jyotiprasad Medhi	0	0	Jyotiprasad Medhi|Medhi			2684
<http://dbpedia.org/resource/Jyotirao_Phule>	Jyotirao Phule	0.296177466298136	1	1	2	0	0	0	0	0	0	0	0	1	[]	False	False	False	True	Jyotirao Phule	0	0	Jyotirao Phule|Phule			2685
<http://dbpedia.org/resource/K._A._Nilakanta_Sastri>	K. A. Nilakanta Sastri	0.2775	3	1	4	1	0	0	0	0	0	0	0	0	[]	False	False	False	True	K. A. Nilakanta Sastri	0	0	K. A. Nilakanta Sastri|Sastri			2686
<http://dbpedia.org/resource/K._C._Sreedharan_Pillai>	K. C. Sreedharan Pillai	0.2775	0	0	0	2	1	0	0	0	0	0	0	0	[]	False	False	False	True	K. C. Sreedharan Pillai	0	0	K. C. Sreedharan Pillai|Pillai			2687
<http://dbpedia.org/resource/K._George_Thomas>	K. George Thomas	0.2775	0	0	0	0	1	0	0	0	0	0	0	0	[]	False	False	False	True	K. George Thomas	0	0	K. George Thomas			2688
<http://dbpedia.org/resource/K._S._Krishnan>	K. S. Krishnan	0.2775	0	0	0	3	2	0	0	0	0	0	0	0	[]	False	False	False	True	K. S. Krishnan	0	0	K. S. Krishnan|Krishnan			2689
<http://dbpedia.org/resource/Kai_Behrend>	Kai Behrend	0.3605822778133618	0	0	0	2	3	0	0	0	0	0	0	0	[]	False	False	False	True	Kai Behrend	0	0	Kai Behrend|Behrend			2690
<http://dbpedia.org/resource/Kalanos>	Kalanos	0.2775	3	1	4	0	0	0	0	0	0	0	0	0	[]	False	False	False	True	Kalanos	0	0	Kalanos			2691
<http://dbpedia.org/resource/Kameshwar_Poolla>	Kameshwar Poolla	0.2775	0	0	0	2	2	0	0	0	0	0	0	0	[]	False	False	False	True	Kameshwar Poolla	0	0	Kameshwar Poolla|Poolla			2692
<http://dbpedia.org/resource/Kamran_Eshraghian>	Kamran Eshraghian	0.3183940254261309	0	0	0	1	1	0	0	0	0	0	0	0	[]	False	False	False	True	Kamran Eshraghian	0	0	Kamran Eshraghian|Eshraghian			2693
<http://dbpedia.org/resource/Kamrun_Nahar>	Kamrun Nahar	0.334875	0	0	0	3	3	0	0	0	0	0	0	0	[]	False	False	False	True	Kamrun Nahar	0	0	Kamrun Nahar|Nahar			2694
<http://dbpedia.org/resource/Karen_Alter>	Karen Alter	0.32	0	2	2	0	0	0	0	0	0	0	0	0	[]	False	False	False	True	Karen Alter	0	0	Karen Alter|Alter			2695
<http://dbpedia.org/resource/Kari_Bruwelheide>	Kari Bruwelheide	0.530228044216586	0	1	1	2	0	0	0	0	0	0	0	0	[]	False	False	False	True	Kari Bruwelheide	0	0	Kari Bruwelheide|Bruwelheide			2696
<http://dbpedia.org/resource/Karl_Deisseroth>	Karl Deisseroth	0.32	1	0	1	2	2	0	0	0	0	0	0	0	[]	False	False	False	True	Karl Deisseroth	0	0	Karl Deisseroth|Deisseroth			2697
<http://dbpedia.org/resource/Karl_Ewald_Hasse>	Karl Ewald Hasse	0.277850424247521	1	0	1	1	0	0	0	0	0	0	0	0	[]	False	False	False	True	Karl Ewald Hasse	0	0	Karl Ewald Hasse|Hasse			2698
<http://dbpedia.org/resource/Karl_Georg_Christian_von_Staudt>	Karl Georg Christian von Staudt	0.2775	3	1	4	1	1	0	0	0	0	0	0	0	[]	False	False	False	True	Karl Georg Christian von Staudt	0	0	Karl Georg Christian von Staudt|Staudt			2699
<http://dbpedia.org/resource/Karl_H._Pribram__Karl_H._Pribram__1>	Karl H. Pribram  Karl H. Pribram  1	0.3348805314297629	0	3	3	2	1	0	0	0	0	0	0	0	[]	False	False	False	True	Karl H. Pribram	0	0	Karl H. Pribram|Pribram			2700
<http://dbpedia.org/resource/Karl_Hugo_Huppert>	Karl Hugo Huppert	0.2775	3	1	4	2	0	0	0	0	0	0	0	0	[]	False	False	False	True	Karl Hugo Huppert	0	0	Karl Hugo Huppert|Huppert			2701
<http://dbpedia.org/resource/Karl_Lashley>	Karl Lashley	0.323221013299463	2	1	3	1	2	0	0	0	0	0	0	0	[]	False	False	False	True	Karl Lashley	0	0	Karl Lashley|Lashley			2702
<http://dbpedia.org/resource/Karl_Ludwig_von_Haller>	Karl Ludwig von Haller	0.7508868152293562	7	5	12	0	0	0	0	0	0	0	0	0	[]	False	False	False	True	Karl Ludwig von Haller	0	0	Karl Ludwig von Haller			2703
<http://dbpedia.org/resource/Karl_O._Christe>	Karl O. Christe	0.31132993359375	0	0	0	1	2	0	0	0	0	0	0	0	[]	False	False	False	True	Karl O. Christe	0	0	Karl O. Christe|Christe			2704
<http://dbpedia.org/resource/Karl_Polanyi>	Karl Polanyi	0.5714954903102909	30	13	43	0	0	0	0	0	0	0	0	0	[Economic history, Economic anthropology, Economic sociology]	False	False	False	True	Karl Polanyi	0	0	Karl Polanyi|Polanyi			2705
<http://dbpedia.org/resource/Karl_Rudolphi>	Karl Rudolphi	0.4780004691769585	0	0	0	0	2	0	0	0	0	0	0	0	[]	False	False	False	True	Karl Rudolphi	0	0	Karl Rudolphi|Rudolphi			2706
<http://dbpedia.org/resource/Karl_V._Teeter>	Karl V. Teeter	0.2775	0	0	0	0	1	0	0	0	0	0	0	0	[]	False	False	False	True	Karl V. Teeter	0	0	Karl V. Teeter|Teeter			2707
<http://dbpedia.org/resource/Karl_Wilhelm_Gottlob_Kastner>	Karl Wilhelm Gottlob Kastner	0.4686744114699026	0	0	0	1	1	0	0	0	0	0	0	0	[]	False	False	False	True	Karl Wilhelm Gottlob Kastner	0	0	Karl Wilhelm Gottlob Kastner|Kastner			2708
<http://dbpedia.org/resource/Karl_Wilhelm_Rosenmund>	Karl Wilhelm Rosenmund	0.3087434999155122	0	0	0	1	3	0	0	0	0	0	0	0	[]	False	False	False	True	Karl Wilhelm Rosenmund	0	0	Karl Wilhelm Rosenmund|Rosenmund			2709
<http://dbpedia.org/resource/Kassim_Ahmad>	Kassim Ahmad	0.3533567170590926	0	4	4	0	0	0	0	0	0	0	0	0	[]	False	False	False	True	Kassim Ahmad	0	0	Kassim Ahmad			2710
<http://dbpedia.org/resource/Kat_Holt>	Kat Holt	0.32	0	1	1	3	0	0	0	0	0	0	0	0	[]	False	False	False	True	Kat Holt	0	0	Kat Holt|Holt			2711
<http://dbpedia.org/resource/Katalin_Marton>	Katalin Marton	0.3525245936441765	1	3	4	1	3	0	0	0	0	0	0	0	[]	False	False	False	True	Katalin Marton	0	0	Katalin Marton|Marton			2712
<http://dbpedia.org/resource/Katarina_Juselius>	Katarina Juselius	0.4178323127929483	3	3	6	1	0	0	0	0	0	0	0	0	[Statistics]	False	False	False	True	Katarina Juselius	0	0	Katarina Juselius|Juselius			2713
<http://dbpedia.org/resource/Kate_Buchanan>	Kate Buchanan	0.2775	0	0	0	1	1	0	0	0	0	0	0	0	[]	False	False	False	True	Kate Buchanan	0	0	Kate Buchanan			2714
<http://dbpedia.org/resource/Kate_Raworth>	Kate Raworth	0.2947693421383928	0	2	2	2	0	0	0	0	0	0	0	0	[]	False	False	False	True	Kate Raworth	0	0	Kate Raworth|Raworth			2715
<http://dbpedia.org/resource/Katerina_Kolozova>	Katerina Kolozova	0.2783045870118681	0	1	1	0	0	0	0	0	0	0	0	0	[]	False	False	False	True	Katerina Kolozova	0	0	Katerina Kolozova|Kolozova			2716
<http://dbpedia.org/resource/Katharine_Blodgett_Gebbie>	Katharine Blodgett Gebbie	0.2868953960961762	4	2	6	2	1	0	0	0	0	0	0	0	[]	False	False	False	True	Katharine Blodgett Gebbie	0	0	Katharine Blodgett Gebbie|Gebbie			2717
<http://dbpedia.org/resource/Käthe_Rosenthal>	Käthe Rosenthal	0.5325000000000001	0	3	3	0	0	0	0	0	0	0	0	0	[]	False	False	False	True	Kathe Rosenthal	0	0	Kathe Rosenthal|Rosenthal			2718
<http://dbpedia.org/resource/Katherine_Mansfield>	Katherine Mansfield	0.30045	0	1	1	1	0	0	0	0	0	0	0	0	[]	False	False	False	True	Katherine Mansfield	0	0	Katherine Mansfield			2719
<http://dbpedia.org/resource/Katherine_Pollard>	Katherine Pollard	0.2926986537034512	0	2	2	2	0	0	0	0	0	0	0	0	[]	False	False	False	True	Katherine Pollard	0	0	Katherine Pollard			2720
<http://dbpedia.org/resource/Kathleen_Curtis>	Kathleen Curtis	0.34125	0	0	0	1	1	0	0	0	0	0	0	0	[]	False	False	False	True	Kathleen Curtis	0	0	Kathleen Curtis|Curtis			2721
<http://dbpedia.org/resource/Kathrin_Jansen>	Kathrin Jansen	0.34125	0	1	1	1	0	0	0	0	0	0	0	0	[]	False	False	False	True	Kathrin Jansen	0	0	Kathrin Jansen|Jansen			2722
<http://dbpedia.org/resource/Kazem_Sadegh-Zadeh>	Kazem Sadegh-Zadeh	0.4038058494917803	0	4	4	0	0	0	0	0	0	0	0	0	[]	False	False	False	True	Kazem Sadegh-Zadeh	0	0	Kazem Sadegh-Zadeh|Sadegh-Zadeh			2723
<http://dbpedia.org/resource/Kazimierz_Łyszczyński>	Kazimierz Łyszczyński	0.2949847663383617	1	1	2	0	0	0	0	0	0	0	0	0	[]	False	False	False	True	Kazimierz Łyszczynski	0	0	Kazimierz Łyszczynski|Łyszczynski			2724
<http://dbpedia.org/resource/Kazlaser>	Kazlaser	0.9612404689154856	0	0	0	0	1	0	0	0	0	0	0	0	[]	False	False	False	True	Kazlaser	0	0	Kazlaser			2725
<http://dbpedia.org/resource/Keiji_Nishitani>	Keiji Nishitani	0.3339825944325605	1	6	7	0	0	0	0	0	0	0	0	0	[]	False	False	False	True	Keiji Nishitani	0	0	Keiji Nishitani|Nishitani			2726
<http://dbpedia.org/resource/Keith_A._Nelson>	Keith A. Nelson	0.3151421217713745	0	0	0	1	2	0	0	0	0	0	0	0	[]	False	False	False	True	Keith A. Nelson	0	0	Keith A. Nelson			2727
<http://dbpedia.org/resource/Keith_Joseph>	Keith Joseph	0.3254350715505533	0	1	1	1	0	0	0	0	0	0	0	0	[]	False	False	False	True	Keith Joseph	0	0	Keith Joseph|Joseph			2728
<http://dbpedia.org/resource/Keith_Lewin>	Keith Lewin	0.2900269347321717	0	5	5	2	0	0	0	0	0	0	0	0	[]	False	False	False	True	Keith Lewin	0	0	Keith Lewin			2729
<http://dbpedia.org/resource/Keith_Stewartson>	Keith Stewartson	0.3092466418484352	0	1	1	1	4	0	0	0	0	0	0	0	[]	False	False	False	True	Keith Stewartson	0	0	Keith Stewartson|Stewartson			2730
<http://dbpedia.org/resource/Kelly_A._Frazer>	Kelly A. Frazer	0.2775	0	0	0	1	1	0	0	0	0	0	0	0	[]	False	False	False	True	Kelly A. Frazer	0	0	Kelly A. Frazer			2731
<http://dbpedia.org/resource/Kelvyn_Jones>	Kelvyn Jones	0.5643750000000001	0	4	4	1	2	0	0	0	0	0	0	0	[]	False	False	False	True	Kelvyn Jones	0	0	Kelvyn Jones			2732
<http://dbpedia.org/resource/Ken_Wilber>	Ken Wilber	0.7688766939948006	2	11	13	0	0	0	0	0	0	0	0	0	[]	False	False	False	True	Ken Wilber	0	0	Ken Wilber|Wilber			2733
<http://dbpedia.org/resource/Ken-Ichi_Kojima>	Ken-Ichi Kojima	0.2856767667993399	0	0	0	0	1	0	0	0	0	0	0	0	[]	False	False	False	True	Ken-Ichi Kojima	0	0	Ken-Ichi Kojima|Kojima			2734
<http://dbpedia.org/resource/Kenneth_L._Schmitz>	Kenneth L. Schmitz	0.6204316814553279	0	10	10	0	0	0	0	0	0	0	0	0	[]	False	False	False	True	Kenneth L. Schmitz	0	0	Kenneth L. Schmitz|Schmitz			2735
<http://dbpedia.org/resource/Kenneth_Lane_(physicist)>	Kenneth Lane (physicist)	0.2775	0	0	0	2	3	0	0	0	0	0	0	0	[]	False	False	False	True	Kenneth Lane	0	0	Kenneth Lane|Lane			2736
<http://dbpedia.org/resource/Kenneth_M._Golden>	Kenneth M. Golden	0.3507100574087469	0	1	1	2	0	0	0	0	0	0	0	0	[]	False	False	False	True	Kenneth M. Golden	0	0	Kenneth M. Golden|Golden			2737
<http://dbpedia.org/resource/Kenneth_Stanley>	Kenneth Stanley	0.2775	0	0	0	1	1	0	0	0	0	0	0	0	[]	False	False	False	True	Kenneth Stanley	0	0	Kenneth Stanley			2738
<http://dbpedia.org/resource/Kensuke_Mitsuda>	Kensuke Mitsuda	0.34125	0	0	0	0	1	0	0	0	0	0	0	0	[]	False	False	False	True	Kensuke Mitsuda	0	0	Kensuke Mitsuda|Mitsuda			2739
<http://dbpedia.org/resource/Kevan_Shokat>	Kevan Shokat	0.2980904971449766	0	0	0	2	1	0	0	0	0	0	0	0	[]	False	False	False	True	Kevan Shokat	0	0	Kevan Shokat|Shokat			2740
<http://dbpedia.org/resource/Kevin_Carson>	Kevin Carson	0.3339559906439221	0	3	3	0	0	0	0	0	0	0	0	0	[]	False	False	False	True	Kevin Carson	0	0	Kevin Carson			2741
<http://dbpedia.org/resource/Kevin_Karplus>	Kevin Karplus	0.2966250000000001	0	0	0	1	3	0	0	0	0	0	0	0	[]	False	False	False	True	Kevin Karplus	0	0	Kevin Karplus|Karplus			2742
<http://dbpedia.org/resource/Kevin_M._Murphy>	Kevin M. Murphy	0.4440983575971279	1	4	5	2	0	0	0	0	0	0	0	0	[Social economics]	False	False	False	True	Kevin M. Murphy	0	0	Kevin M. Murphy			2743
<http://dbpedia.org/resource/Khurshid_Ahmad_(scholar)>	Khurshid Ahmad (scholar)	0.8610781250000001	1	2	3	3	0	0	0	0	0	0	0	0	[Economics]	False	False	False	True	Khurshid Ahmad	0	0	Khurshid Ahmad			2744
<http://dbpedia.org/resource/Khwaja_Abdul_Ghaffar_Naqshbandi>	Khwaja Abdul Ghaffar Naqshbandi	0.2896980217633929	0	1	1	0	0	0	0	0	0	0	0	0	[]	False	False	False	True	Khwaja Abdul Ghaffar Naqshbandi	0	0	Khwaja Abdul Ghaffar Naqshbandi|Naqshbandi			2745
<http://dbpedia.org/resource/Kikuo_Arakawa>	Kikuo Arakawa	0.2775	0	1	1	1	2	0	0	0	0	0	0	0	[]	False	False	False	True	Kikuo Arakawa	0	0	Kikuo Arakawa|Arakawa			2746
<http://dbpedia.org/resource/Killer_Beaz>	Killer Beaz	0.405	0	2	2	0	0	0	0	0	0	0	0	0	[]	False	False	False	True	Killer Beaz	0	0	Killer Beaz|Beaz			2747
<http://dbpedia.org/resource/Kim_Kwang-soo>	Kim Kwang-soo	0.2775	0	0	0	2	2	0	0	0	0	0	0	0	[]	False	False	False	True	Kim Kwang-soo	0	0	Kim Kwang-soo|Kwang-soo			2748
<http://dbpedia.org/resource/Kim_Kyu-won>	Kim Kyu-won	0.2775	0	0	0	1	2	0	0	0	0	0	0	0	[]	False	False	False	True	Kim Kyu-won	0	0	Kim Kyu-won|Kyu-won			2749
<http://dbpedia.org/resource/Kim_Nasmyth>	Kim Nasmyth	0.2775	0	0	0	2	1	0	0	0	0	0	0	0	[]	False	False	False	True	Kim Nasmyth	0	0	Kim Nasmyth|Nasmyth			2750
<http://dbpedia.org/resource/Kirsten_Bos>	Kirsten Bos	0.2775	0	0	0	0	1	0	0	0	0	0	0	0	[]	False	False	False	True	Kirsten Bos	0	0	Kirsten Bos			2751
<http://dbpedia.org/resource/Kit_Burns>	Kit Burns	0.9612404689154856	0	0	0	0	1	0	0	0	0	0	0	0	[]	False	False	False	True	Kit Burns	0	0	Kit Burns			2752
<http://dbpedia.org/resource/Kiyoo_Wadati>	Kiyoo Wadati	0.2775	0	1	1	1	1	0	0	0	0	0	0	0	[]	False	False	False	True	Kiyoo Wadati	0	0	Kiyoo Wadati|Wadati			2753
<http://dbpedia.org/resource/Klaus_Fischer_(mathematician)>	Klaus Fischer (mathematician)	0.2775	0	0	0	1	4	0	0	0	0	0	0	0	[]	False	False	False	True	Klaus Fischer	0	0	Klaus Fischer			2754
<http://dbpedia.org/resource/Klaus_Roth__Klaus_Roth__1>	Klaus Roth  Klaus Roth  1	0.2868321254807692	0	0	0	0	3	0	0	0	0	0	0	0	[]	False	False	False	True	Klaus Roth	0	0	Klaus Roth			2755
<http://dbpedia.org/resource/Klaus_Schmidt_(archaeologist)>	Klaus Schmidt (archaeologist)	0.2775	0	0	0	2	1	0	0	0	0	0	0	0	[]	False	False	False	True	Klaus Schmidt	0	0	Klaus Schmidt			2756
<http://dbpedia.org/resource/Klaus-Jürgen_Bathe>	Klaus-Jürgen Bathe	0.2775	0	0	0	3	2	0	0	0	0	0	0	0	[]	False	False	False	True	Klaus-Jurgen Bathe	0	0	Klaus-Jurgen Bathe|Bathe			2757
<http://dbpedia.org/resource/Knud_Ejler_Løgstrup>	Knud Ejler Løgstrup	0.3740287168608787	0	2	2	1	0	0	0	0	0	0	0	0	[]	False	False	False	True	Knud Ejler Løgstrup	0	0	Knud Ejler Løgstrup|Løgstrup			2758
<http://dbpedia.org/resource/Kode9>	Kode9	0.2975135421542631	0	1	1	0	0	0	0	0	0	0	0	0	[]	False	False	False	True	Kode9	0	0	Kode9			2759
<http://dbpedia.org/resource/Konrad_Nielsen>	Konrad Nielsen	0.405	0	2	2	2	0	0	0	0	0	0	0	0	[]	False	False	False	True	Konrad Nielsen	0	0	Konrad Nielsen			2760
<http://dbpedia.org/resource/Konstantinos_M._Mitsopoulos>	Konstantinos M. Mitsopoulos	0.4383593795270605	0	5	5	2	0	0	0	0	0	0	0	0	[]	False	False	False	True	Konstantinos M. Mitsopoulos	0	0	Konstantinos M. Mitsopoulos			2761
<http://dbpedia.org/resource/Konstantinos_Negris>	Konstantinos Negris	0.3032575757575758	0	3	3	1	0	0	0	0	0	0	0	0	[]	False	False	False	True	Konstantinos Negris	0	0	Konstantinos Negris|Negris			2762
<http://dbpedia.org/resource/Kostas_Axelos>	Kostas Axelos	0.3519951901682594	3	6	9	0	0	0	0	0	0	0	0	0	[]	False	False	False	True	Kostas Axelos	0	0	Kostas Axelos|Axelos			2763
<http://dbpedia.org/resource/Kotcherlakota_Rangadhama_Rao>	Kotcherlakota Rangadhama Rao	0.2775	0	0	0	1	2	0	0	0	0	0	0	0	[]	False	False	False	True	Kotcherlakota Rangadhama Rao	0	0	Kotcherlakota Rangadhama Rao			2764
<http://dbpedia.org/resource/Krishnendu_Chatterjee>	Krishnendu Chatterjee	0.2988062167906039	0	0	0	2	2	0	0	0	0	0	0	0	[]	False	False	False	True	Krishnendu Chatterjee	0	0	Krishnendu Chatterjee|Chatterjee			2765
<http://dbpedia.org/resource/Krista_S._Walton>	Krista S. Walton	0.2775	0	0	0	0	5	0	0	0	0	0	0	0	[]	False	False	False	True	Krista S. Walton	0	0	Krista S. Walton			2766
<http://dbpedia.org/resource/Kristian_Skrede_Gleditsch>	Kristian Skrede Gleditsch	0.2775	0	0	0	2	2	0	0	0	0	0	0	0	[]	False	False	False	True	Kristian Skrede Gleditsch	0	0	Kristian Skrede Gleditsch|Gleditsch			2767
<http://dbpedia.org/resource/Kristie_Boering>	Kristie Boering	0.405	0	1	1	2	0	0	0	0	0	0	0	0	[]	False	False	False	True	Kristie Boering	0	0	Kristie Boering|Boering			2768
<http://dbpedia.org/resource/Krysta_Svore>	Krysta Svore	0.377793372213115	0	0	0	2	1	0	0	0	0	0	0	0	[]	False	False	False	True	Krysta Svore	0	0	Krysta Svore|Svore			2769
<http://dbpedia.org/resource/Kurt_Diebner>	Kurt Diebner	0.2775	0	0	0	2	1	0	0	0	0	0	0	0	[]	False	False	False	True	Kurt Diebner	0	0	Kurt Diebner|Diebner			2770
<http://dbpedia.org/resource/Kurt_Mendelssohn>	Kurt Mendelssohn	0.3451625856456252	1	0	1	1	0	0	0	0	0	0	0	0	[]	False	False	False	True	Kurt Mendelssohn	0	0	Kurt Mendelssohn|Mendelssohn			2771
<http://dbpedia.org/resource/Kuruvilla_Pandikattu>	Kuruvilla Pandikattu	0.6713144054398789	0	6	6	0	0	0	0	0	0	0	0	0	[]	False	False	False	True	Kuruvilla Pandikattu	0	0	Kuruvilla Pandikattu|Pandikattu			2772
<http://dbpedia.org/resource/Ladislaus_Bortkiewicz>	Ladislaus Bortkiewicz	0.5892092893999786	2	3	5	4	2	0	0	0	0	0	0	0	[]	False	False	False	True	Ladislaus Bortkiewicz	0	0	Ladislaus Bortkiewicz|Bortkiewicz			2773
<http://dbpedia.org/resource/Lajos_Markusovszky>	Lajos Markusovszky	0.34125	0	0	0	0	1	0	0	0	0	0	0	0	[]	False	False	False	True	Lajos Markusovszky	0	0	Lajos Markusovszky|Markusovszky			2774
<http://dbpedia.org/resource/Lara_Estroff>	Lara Estroff	0.2802052970694853	0	2	2	2	0	0	0	0	0	0	0	0	[]	False	False	False	True	Lara Estroff	0	0	Lara Estroff|Estroff			2775
<http://dbpedia.org/resource/Larry_Abbott>	Larry Abbott	0.2775	0	0	0	2	1	0	0	0	0	0	0	0	[]	False	False	False	True	Larry Abbott	0	0	Larry Abbott			2776
<http://dbpedia.org/resource/Larry_J._Sechrest>	Larry J. Sechrest	0.3077386912507923	0	5	5	3	0	0	0	0	0	0	0	0	[Economics]	False	False	False	True	Larry J. Sechrest	0	0	Larry J. Sechrest|Sechrest			2777
<http://dbpedia.org/resource/Larry_Squire>	Larry Squire	0.32	0	1	1	2	0	0	0	0	0	0	0	0	[]	False	False	False	True	Larry Squire	0	0	Larry Squire|Squire			2778
<http://dbpedia.org/resource/Larry_Wilson_(meteorologist)>	Larry Wilson (meteorologist)	0.2775	0	1	1	1	1	0	0	0	0	0	0	0	[]	False	False	False	True	Larry Wilson	0	0	Larry Wilson			2779
<http://dbpedia.org/resource/Lars_Ahlfors>	Lars Ahlfors	0.2955936608658358	0	0	0	1	8	0	0	0	0	0	0	0	[]	False	False	False	True	Lars Ahlfors	0	0	Lars Ahlfors|Ahlfors			2780
<http://dbpedia.org/resource/Lars_Fredrik_Nilson>	Lars Fredrik Nilson	0.2775	0	0	0	1	1	0	0	0	0	0	0	0	[]	False	False	False	True	Lars Fredrik Nilson	0	0	Lars Fredrik Nilson|Nilson			2781
<http://dbpedia.org/resource/Laszlo_Lorand>	Laszlo Lorand	0.2789786458333333	0	3	3	1	0	0	0	0	0	0	0	0	[]	False	False	False	True	Laszlo Lorand	0	0	Laszlo Lorand|Lorand			2782
<http://dbpedia.org/resource/Latinka_Perović>	Latinka Perović	0.2775	0	1	1	2	0	0	0	0	0	0	0	0	[]	False	False	False	True	Latinka Perovic	0	0	Latinka Perovic|Perovic			2783
<http://dbpedia.org/resource/Lauren_Ackerman>	Lauren Ackerman	0.32	1	2	3	1	1	0	0	0	0	0	0	0	[]	False	False	False	True	Lauren Ackerman	0	0	Lauren Ackerman|Ackerman			2784
<http://dbpedia.org/resource/Lauren_Y._Atlas>	Lauren Y. Atlas	0.405	0	1	1	2	0	0	0	0	0	0	0	0	[]	False	False	False	True	Lauren Y. Atlas	0	0	Lauren Y. Atlas|Atlas			2785
<http://dbpedia.org/resource/Laurens_de_Haan>	Laurens de Haan	0.3061419642857143	0	0	0	1	1	0	0	0	0	0	0	0	[]	False	False	False	True	Laurens de Haan	0	0	Laurens de Haan|Haan			2786
<http://dbpedia.org/resource/Laurent_Cleenewerck>	Laurent Cleenewerck	0.5131265883332301	0	3	3	4	4	0	0	0	0	0	0	0	[]	False	False	False	True	Laurent Cleenewerck	0	0	Laurent Cleenewerck|Cleenewerck			2787
<http://dbpedia.org/resource/Laurie_Bauer>	Laurie Bauer	1.1062500000000002	0	0	0	0	1	0	0	0	0	0	0	0	[]	False	False	False	True	Laurie Bauer	0	0	Laurie Bauer			2788
<http://dbpedia.org/resource/Laurie_Glimcher>	Laurie Glimcher	0.2775	0	1	1	0	0	0	0	0	0	0	0	0	[]	False	False	False	True	Laurie Glimcher	0	0	Laurie Glimcher|Glimcher			2789
<http://dbpedia.org/resource/Lawrence_A._Mysak>	Lawrence A. Mysak	0.2775	0	0	0	3	1	0	0	0	0	0	0	0	[]	False	False	False	True	Lawrence A. Mysak	0	0	Lawrence A. Mysak|Mysak			2790
<http://dbpedia.org/resource/Lawton_Burns>	Lawton Burns	0.3284429668063434	0	2	2	2	0	0	0	0	0	0	0	0	[Sociology, Healthcare management, Management science]	False	False	False	True	Lawton Burns	0	0	Lawton Burns			2791
<http://dbpedia.org/resource/Lazăr_Șăineanu>	Lazăr Șăineanu	0.8131986125379093	1	7	8	0	0	0	0	0	0	0	0	0	[]	False	False	False	True	Lazar Saineanu	0	0	Lazar Saineanu|Saineanu			2792
<http://dbpedia.org/resource/Lazarus_Fuchs>	Lazarus Fuchs	0.3008606870489131	4	1	5	1	3	0	0	0	0	0	0	0	[]	False	False	False	True	Lazarus Fuchs	0	0	Lazarus Fuchs|Fuchs			2793
<http://dbpedia.org/resource/Lei_Stanley_Qi>	Lei Stanley Qi	0.3375464285714286	0	0	0	2	2	0	0	0	0	0	0	0	[]	False	False	False	True	Lei Stanley Qi	0	0	Lei Stanley Qi			2794
<http://dbpedia.org/resource/Lenora_Fulani>	Lenora Fulani	0.3107763497088939	0	1	1	1	0	0	0	0	0	0	0	0	[]	False	False	False	True	Lenora Fulani	0	0	Lenora Fulani|Fulani			2795
<http://dbpedia.org/resource/Leo_Beranek>	Leo Beranek	0.2903356685506694	0	1	1	2	1	0	0	0	0	0	0	0	[]	False	False	False	True	Leo Beranek	0	0	Leo Beranek|Beranek			2796
<http://dbpedia.org/resource/Leo_Brewer>	Leo Brewer	0.2775	0	0	0	2	1	0	0	0	0	0	0	0	[]	False	False	False	True	Leo Brewer	0	0	Leo Brewer|Brewer			2797
<http://dbpedia.org/resource/Leo_Kadanoff>	Leo Kadanoff	0.2907288690763515	0	0	0	1	5	0	0	0	0	0	0	0	[]	False	False	False	True	Leo Kadanoff	0	0	Leo Kadanoff|Kadanoff			2798
<http://dbpedia.org/resource/Leo_Petrović>	Leo Petrović	0.51975	4	2	6	1	1	0	0	0	0	0	0	0	[]	False	False	False	True	Leo Petrovic	0	0	Leo Petrovic|Petrovic			2799
<http://dbpedia.org/resource/Leo_Srole>	Leo Srole	0.37259375	0	1	1	0	0	0	0	0	0	0	0	0	[]	False	False	False	True	Leo Srole	0	0	Leo Srole|Srole			2800
<http://dbpedia.org/resource/Leo_VI_the_Wise>	Leo VI the Wise	0.6925107999680135	0	1	1	0	0	0	0	0	0	0	0	0	[]	False	False	False	True	Leo VI the Wise	0	0	Leo VI the Wise|Wise			2801
<http://dbpedia.org/resource/Leon_M._Lederman>	Leon M. Lederman	0.2775	0	0	0	0	2	0	0	0	0	0	0	0	[]	False	False	False	True	Leon M. Lederman	0	0	Leon M. Lederman|Lederman			2802
<http://dbpedia.org/resource/Leona_Woods>	Leona Woods	0.405	0	0	0	1	1	0	0	0	0	0	0	0	[]	False	False	False	True	Leona Woods	0	0	Leona Woods			2803
<http://dbpedia.org/resource/Leonard_Carlitz>	Leonard Carlitz	0.2839703146471229	1	0	1	1	4	0	0	0	0	0	0	0	[]	False	False	False	True	Leonard Carlitz	0	0	Leonard Carlitz|Carlitz			2804
<http://dbpedia.org/resource/Leonard_L._Northrup_Jr.>	Leonard L. Northrup Jr.	0.46875	0	3	3	3	0	0	0	0	0	0	0	0	[]	False	False	False	True	Leonard L. Northrup Jr.	0	0	Leonard L. Northrup Jr.			2805
<http://dbpedia.org/resource/Leonard_Pearlin>	Leonard Pearlin	0.322125	0	0	0	0	1	0	0	0	0	0	0	0	[]	False	False	False	True	Leonard Pearlin	0	0	Leonard Pearlin|Pearlin			2806
<http://dbpedia.org/resource/Leonard_Read>	Leonard Read	0.3938676600317715	0	8	8	0	0	0	0	0	0	0	0	0	[]	False	False	False	True	Leonard Read	0	0	Leonard Read			2807
<http://dbpedia.org/resource/Leonardo_López_Luján>	Leonardo López Luján	0.436875	0	0	0	2	1	0	0	0	0	0	0	0	[]	False	False	False	True	Leonardo Lopez Lujan	0	0	Leonardo Lopez Lujan|Lujan			2808
<http://dbpedia.org/resource/Leonardo_Polo>	Leonardo Polo	0.3335152161199982	0	8	8	0	0	0	0	0	0	0	0	0	[]	False	False	False	True	Leonardo Polo	0	0	Leonardo Polo|Polo			2809
<http://dbpedia.org/resource/Leonid_Kantorovich>	Leonid Kantorovich	0.3956730136350921	0	0	0	1	10	0	0	0	0	0	0	0	[]	False	False	False	True	Leonid Kantorovich	0	0	Leonid Kantorovich|Kantorovich			2810
<http://dbpedia.org/resource/Leonid_Vaserstein>	Leonid Vaserstein	0.2775	2	0	2	1	2	0	0	0	0	0	0	0	[]	False	False	False	True	Leonid Vaserstein	0	0	Leonid Vaserstein|Vaserstein			2811
<http://dbpedia.org/resource/Leonidas_Alaoglu>	Leonidas Alaoglu	0.2895416666666667	0	1	1	0	1	0	0	0	0	0	0	0	[]	False	False	False	True	Leonidas Alaoglu	0	0	Leonidas Alaoglu|Alaoglu			2812
<http://dbpedia.org/resource/Leonore_Herzenberg>	Leonore Herzenberg	0.5654865267857144	1	7	8	0	0	0	0	0	0	0	0	0	[]	False	False	False	True	Leonore Herzenberg	0	0	Leonore Herzenberg|Herzenberg			2813
<http://dbpedia.org/resource/Leslie_Gordon_Chandler>	Leslie Gordon Chandler	0.405	0	2	2	0	2	0	0	0	0	0	0	0	[]	False	False	False	True	Leslie Gordon Chandler	0	0	Leslie Gordon Chandler			2814
<http://dbpedia.org/resource/Leslie_Kish>	Leslie Kish	0.2775	0	0	0	2	1	0	0	0	0	0	0	0	[]	False	False	False	True	Leslie Kish	0	0	Leslie Kish|Kish			2815
<http://dbpedia.org/resource/Leslie_P._Kaelbling>	Leslie P. Kaelbling	0.3750717102575081	0	0	0	1	2	0	0	0	0	0	0	0	[]	False	False	False	True	Leslie P. Kaelbling	0	0	Leslie P. Kaelbling|Kaelbling			2816
<http://dbpedia.org/resource/Levi_Bryant>	Levi Bryant	0.9805820791970692	0	12	12	0	0	0	0	0	0	0	0	0	[]	False	False	False	True	Levi Bryant	0	0	Levi Bryant			2817
<http://dbpedia.org/resource/Lewis_E._Kay>	Lewis E. Kay	0.4260614685632223	0	3	3	0	0	0	0	0	0	0	0	0	[]	False	False	False	True	Lewis E. Kay	0	0	Lewis E. Kay			2818
<http://dbpedia.org/resource/Lexemuel_Ray_Hesler>	Lexemuel Ray Hesler	0.2775	0	0	0	0	1	0	0	0	0	0	0	0	[]	False	False	False	True	Lexemuel Ray Hesler	0	0	Lexemuel Ray Hesler|Hesler			2819
<http://dbpedia.org/resource/Li_Minqi>	Li Minqi	0.4318373272635915	0	5	5	2	2	0	0	0	0	0	0	0	[]	False	False	False	True	Li Minqi	0	0	Li Minqi|Minqi			2820
<http://dbpedia.org/resource/Li_Shu-hua>	Li Shu-hua	0.405	0	3	3	2	0	0	0	0	0	0	0	0	[]	False	False	False	True	Li Shu-hua	0	0	Li Shu-hua|Shu-hua			2821
<http://dbpedia.org/resource/Li_Zhensheng_(geneticist)>	Li Zhensheng (geneticist)	1.6650010416666663	0	1	1	1	0	0	0	0	0	0	0	0	[]	False	False	False	True	Li Zhensheng	0	0	Li Zhensheng|Zhensheng			2822
<http://dbpedia.org/resource/Lia_Addadi>	Lia Addadi	0.2957142857142857	1	1	2	2	0	0	0	0	0	0	0	0	[]	False	False	False	True	Lia Addadi	0	0	Lia Addadi|Addadi			2823
<http://dbpedia.org/resource/Liam_McCarthy_and_John_D._O'Callaghan>	Liam McCarthy and John D. O'Callaghan	0.2775	0	1	1	0	0	0	0	0	0	0	0	0	[]	False	False	False	True	Liam McCarthy and John D. O'Callaghan	0	0	Liam McCarthy and John D. O'Callaghan|O'Callaghan			2824
<http://dbpedia.org/resource/Liberty_Hyde_Bailey>	Liberty Hyde Bailey	0.3488464021906945	0	4	4	1	0	0	0	0	0	0	0	0	[]	False	False	False	True	Liberty Hyde Bailey	0	0	Liberty Hyde Bailey			2825
<http://dbpedia.org/resource/Liborio_Zerda>	Liborio Zerda	0.6984871651785716	1	6	7	1	3	0	0	0	0	0	0	0	[]	False	False	False	True	Liborio Zerda	0	0	Liborio Zerda|Zerda			2826
<http://dbpedia.org/resource/Libuše_Dušková>	Libuše Dušková	0.46875	0	3	3	1	0	0	0	0	0	0	0	0	[]	False	False	False	True	Libuse Duskova	0	0	Libuse Duskova|Duskova			2827
<http://dbpedia.org/resource/Liguri_Mosulishvili>	Liguri Mosulishvili	0.2775	0	0	0	1	4	0	0	0	0	0	0	0	[]	False	False	False	True	Liguri Mosulishvili	0	0	Liguri Mosulishvili|Mosulishvili			2828
<http://dbpedia.org/resource/Lily_May_Perry>	Lily May Perry	0.4209375	0	3	3	3	0	0	0	0	0	0	0	0	[]	False	False	False	True	Lily May Perry	0	0	Lily May Perry			2829
<http://dbpedia.org/resource/Linda_B._Buck>	Linda B. Buck	0.2775	0	0	0	2	1	0	0	0	0	0	0	0	[]	False	False	False	True	Linda B. Buck	0	0	Linda B. Buck|Buck			2830
<http://dbpedia.org/resource/Lindsay_Morton>	Lindsay Morton	0.373125	0	1	1	2	0	0	0	0	0	0	0	0	[]	False	False	False	True	Lindsay Morton	0	0	Lindsay Morton			2831
<http://dbpedia.org/resource/Lionel_Snell>	Lionel Snell	0.5929605183940915	1	6	7	0	0	0	0	0	0	0	0	0	[]	False	False	False	True	Lionel Snell	0	0	Lionel Snell			2832
<http://dbpedia.org/resource/Liu_Junning>	Liu Junning	0.358891719943689	0	5	5	0	0	0	0	0	0	0	0	0	[]	False	False	False	True	Liu Junning	0	0	Liu Junning|Junning			2833
<http://dbpedia.org/resource/Livia_Puljak>	Livia Puljak	0.405	0	2	2	1	0	0	0	0	0	0	0	0	[]	False	False	False	True	Livia Puljak	0	0	Livia Puljak|Puljak			2834
<http://dbpedia.org/resource/Ljubodrag_Simonović>	Ljubodrag Simonović	1.0043808263146052	2	16	18	0	0	0	0	0	0	0	0	0	[]	False	False	False	True	Ljubodrag Simonovic	0	0	Ljubodrag Simonovic|Simonovic			2835
<http://dbpedia.org/resource/Ljubomir_Nedić>	Ljubomir Nedić	0.2865977677129332	0	1	1	0	0	0	0	0	0	0	0	0	[]	False	False	False	True	Ljubomir Nedic	0	0	Ljubomir Nedic|Nedic			2836
<http://dbpedia.org/resource/Lloyd_M._Smith>	Lloyd M. Smith	0.2782996862250406	0	0	0	1	1	0	0	0	0	0	0	0	[]	False	False	False	True	Lloyd M. Smith	0	0	Lloyd M. Smith			2837
<http://dbpedia.org/resource/Lois_Holzman>	Lois Holzman	0.3107763497088939	0	1	1	0	0	0	0	0	0	0	0	0	[]	False	False	False	True	Lois Holzman	0	0	Lois Holzman|Holzman			2838
<http://dbpedia.org/resource/Lora_Aroyo>	Lora Aroyo	0.2775	0	0	0	1	1	0	0	0	0	0	0	0	[]	False	False	False	True	Lora Aroyo	0	0	Lora Aroyo|Aroyo			2839
<http://dbpedia.org/resource/Loredana_Marcello>	Loredana Marcello	0.2775	0	1	1	0	1	0	0	0	0	0	0	0	[]	False	False	False	True	Loredana Marcello	0	0	Loredana Marcello|Marcello			2840
<http://dbpedia.org/resource/Lorella_Cedroni>	Lorella Cedroni	0.3827210780188036	0	2	2	0	0	0	0	0	0	0	0	0	[]	False	False	False	True	Lorella Cedroni	0	0	Lorella Cedroni|Cedroni			2841
<http://dbpedia.org/resource/Loren_Eiseley>	Loren Eiseley	0.3875794818293264	0	5	5	2	3	0	0	0	0	0	0	0	[]	False	False	False	True	Loren Eiseley	0	0	Loren Eiseley|Eiseley			2842
<http://dbpedia.org/resource/Lorenz_Bruno_Puntel>	Lorenz Bruno Puntel	0.6832228459828165	2	5	7	0	0	0	0	0	0	0	0	0	[]	False	False	False	True	Lorenz Bruno Puntel	0	0	Lorenz Bruno Puntel|Puntel			2843
<http://dbpedia.org/resource/Lorraine_Eden>	Lorraine Eden	0.7237500000000001	0	5	5	3	0	0	0	0	0	0	0	0	[International Economics, International Political Economy, International Business, International Strategic Management]	False	False	False	True	Lorraine Eden	0	0	Lorraine Eden|Eden			2844
<http://dbpedia.org/resource/Louis_Agassiz_Fuertes>	Louis Agassiz Fuertes	0.5962500000000002	0	4	4	0	0	0	0	0	0	0	0	0	[]	False	False	False	True	Louis Agassiz Fuertes	0	0	Louis Agassiz Fuertes|Fuertes			2845
<http://dbpedia.org/resource/Louis_Augustin_Guillaume_Bosc>	Louis Augustin Guillaume Bosc	0.5962500000000002	0	3	3	0	0	0	0	0	0	0	0	0	[]	False	False	False	True	Louis Augustin Guillaume Bosc	0	0	Louis Augustin Guillaume Bosc|Bosc			2846
<http://dbpedia.org/resource/Louis_François_Antoine_Arbogast>	Louis François Antoine Arbogast	0.2775	0	1	1	0	0	0	0	0	0	0	0	0	[]	False	False	False	True	Louis Francois Antoine Arbogast	0	0	Louis Francois Antoine Arbogast|Arbogast			2847
<http://dbpedia.org/resource/Louis_Hodes>	Louis Hodes	0.2886976534279348	0	2	2	0	3	0	0	0	0	0	0	0	[]	False	False	False	True	Louis Hodes	0	0	Louis Hodes|Hodes			2848
<http://dbpedia.org/resource/Louis_J._Mordell>	Louis J. Mordell	0.2910613636363636	0	0	0	1	5	0	0	0	0	0	0	0	[]	False	False	False	True	Louis J. Mordell	0	0	Louis J. Mordell|Mordell			2849
<http://dbpedia.org/resource/Louis_Nicolas_Vauquelin>	Louis Nicolas Vauquelin	0.7039898337053572	1	0	1	0	2	0	0	0	0	0	0	0	[]	False	False	False	True	Louis Nicolas Vauquelin	0	0	Louis Nicolas Vauquelin|Vauquelin			2850
<http://dbpedia.org/resource/Louis_Wicker>	Louis Wicker	0.4006979462733214	0	3	3	2	0	0	0	0	0	0	0	0	[]	False	False	False	True	Louis Wicker	0	0	Louis Wicker|Wicker			2851
<http://dbpedia.org/resource/Louis_de_Bonald>	Louis de Bonald	0.6947072893014846	18	14	32	0	0	0	0	0	0	0	0	0	[]	False	False	False	True	Louis de Bonald	0	0	Louis de Bonald|Bonald			2852
<http://dbpedia.org/resource/Louis-Anne-Jean_Brocq>	Louis-Anne-Jean Brocq	0.79005	0	4	4	0	2	0	0	0	0	0	0	0	[]	False	False	False	True	Louis-Anne-Jean Brocq	0	0	Louis-Anne-Jean Brocq|Brocq			2853
<http://dbpedia.org/resource/Louise_A._Brinton>	Louise A. Brinton	0.3139285714285714	0	1	1	2	0	0	0	0	0	0	0	0	[]	False	False	False	True	Louise A. Brinton	0	0	Louise A. Brinton|Brinton			2854
<http://dbpedia.org/resource/Louise_Natrajan>	Louise Natrajan	0.3032148154803472	0	0	0	2	2	0	0	0	0	0	0	0	[]	False	False	False	True	Louise Natrajan	0	0	Louise Natrajan|Natrajan			2855
<http://dbpedia.org/resource/Luc_Montagnier>	Luc Montagnier	0.328315354310124	0	1	1	2	1	0	0	0	0	0	0	0	[]	False	False	False	True	Luc Montagnier	0	0	Luc Montagnier|Montagnier			2856
<http://dbpedia.org/resource/Lucian_Pye>	Lucian Pye	0.2775	0	1	1	0	0	0	0	0	0	0	0	0	[]	False	False	False	True	Lucian Pye	0	0	Lucian Pye			2857
<http://dbpedia.org/resource/Luciano_Marraffini>	Luciano Marraffini	0.309375	0	0	0	2	1	0	0	0	0	0	0	0	[]	False	False	False	True	Luciano Marraffini	0	0	Luciano Marraffini|Marraffini			2858
<http://dbpedia.org/resource/Lucie_Cheng>	Lucie Cheng	0.3105534964844249	0	3	3	3	0	0	0	0	0	0	0	0	[]	False	False	False	True	Lucie Cheng	0	0	Lucie Cheng|Cheng			2859
<http://dbpedia.org/resource/Lucien_Szpiro>	Lucien Szpiro	0.2969510505801032	0	1	1	1	1	0	0	0	0	0	0	0	[]	False	False	False	True	Lucien Szpiro	0	0	Lucien Szpiro|Szpiro			2860
<http://dbpedia.org/resource/Ludovico_Settala>	Ludovico Settala	0.3104132101557962	1	4	5	1	1	0	0	0	0	0	0	0	[]	False	False	False	True	Ludovico Settala	0	0	Ludovico Settala|Settala			2861
<http://dbpedia.org/resource/Ludvig_Faddeev>	Ludvig Faddeev	0.2883497018102549	0	0	0	1	4	0	0	0	0	0	0	0	[]	False	False	False	True	Ludvig Faddeev	0	0	Ludvig Faddeev|Faddeev			2862
<http://dbpedia.org/resource/Ludwig_Danzer>	Ludwig Danzer	0.3364687500000001	0	0	0	1	1	0	0	0	0	0	0	0	[]	False	False	False	True	Ludwig Danzer	0	0	Ludwig Danzer|Danzer			2863
<http://dbpedia.org/resource/Ludwig_Lachmann>	Ludwig Lachmann	0.3582843325799945	4	5	9	0	0	0	0	0	0	0	0	0	[Economic history, Economics]	False	False	False	True	Ludwig Lachmann	0	0	Ludwig Lachmann|Lachmann			2864
<http://dbpedia.org/resource/Luigi_Taparelli>	Luigi Taparelli	0.6171361528307668	5	6	11	0	0	0	0	0	0	0	0	0	[]	False	False	False	True	Luigi Taparelli	0	0	Luigi Taparelli|Taparelli			2865
<http://dbpedia.org/resource/Luis_Santaló>	Luis Santaló	0.2973948954526038	0	0	0	1	1	0	0	0	0	0	0	0	[]	False	False	False	True	Luis Santalo	0	0	Luis Santalo|Santalo			2866
<http://dbpedia.org/resource/Luise_Drüke>	Luise Drüke	0.5732717072833013	0	2	2	1	0	0	0	0	0	0	0	0	[]	False	False	False	True	Luise Druke	0	0	Luise Druke|Druke			2867
<http://dbpedia.org/resource/Luiz_Carlos_Bresser-Pereira>	Luiz Carlos Bresser-Pereira	0.31874841532336	0	6	6	1	0	0	0	0	0	0	0	0	[]	False	False	False	True	Luiz Carlos Bresser-Pereira	0	0	Luiz Carlos Bresser-Pereira|Bresser-Pereira			2868
<http://dbpedia.org/resource/Luiz_Felipe_Pondé>	Luiz Felipe Pondé	1.287959244735527	0	14	14	0	0	0	0	0	0	0	0	0	[]	False	False	False	True	Luiz Felipe Ponde	0	0	Luiz Felipe Ponde|Ponde			2869
<http://dbpedia.org/resource/Lukáš_Plank>	Lukáš Plank	0.4305	0	3	3	1	1	0	0	0	0	0	0	0	[]	False	False	False	True	Lukas Plank	0	0	Lukas Plank			2870
<http://dbpedia.org/resource/Lydia_Cabrera>	Lydia Cabrera	0.2775	0	1	1	0	1	0	0	0	0	0	0	0	[]	False	False	False	True	Lydia Cabrera	0	0	Lydia Cabrera|Cabrera			2871
<http://dbpedia.org/resource/Lynette_Spillman>	Lynette Spillman	0.3325870380642072	0	0	0	2	3	0	0	0	0	0	0	0	[]	False	False	False	True	Lynette Spillman	0	0	Lynette Spillman|Spillman			2872
<http://dbpedia.org/resource/Lynn_Conway>	Lynn Conway	0.456757259779127	0	8	8	1	2	0	0	0	0	0	0	0	[]	False	False	False	True	Lynn Conway	0	0	Lynn Conway|Conway			2873
<http://dbpedia.org/resource/Lynn_Dalgarno>	Lynn Dalgarno	0.2775	0	0	0	1	1	0	0	0	0	0	0	0	[]	False	False	False	True	Lynn Dalgarno	0	0	Lynn Dalgarno|Dalgarno			2874
<http://dbpedia.org/resource/Lynnae_Quick>	Lynnae Quick	0.28175	0	3	3	3	0	0	0	0	0	0	0	0	[]	False	False	False	True	Lynnae Quick	0	0	Lynnae Quick|Quick			2875
<http://dbpedia.org/resource/M._Hiriyanna>	M. Hiriyanna	0.4939610242744774	1	5	6	0	0	0	0	0	0	0	0	0	[]	False	False	False	True	M. Hiriyanna	0	0	M. Hiriyanna|Hiriyanna			2876
<http://dbpedia.org/resource/M._M._Sharif>	M. M. Sharif	0.333704494767119	0	4	4	0	0	0	0	0	0	0	0	0	[]	False	False	False	True	M. M. Sharif	0	0	M. M. Sharif|Sharif			2877
<http://dbpedia.org/resource/M._R._S._Rao>	M. R. S. Rao	0.2775	0	0	0	1	1	0	0	0	0	0	0	0	[]	False	False	False	True	M. R. S. Rao	0	0	M. R. S. Rao			2878
<http://dbpedia.org/resource/M._Shahid_Qureshi>	M. Shahid Qureshi	0.2813164442744513	0	1	1	1	3	0	0	0	0	0	0	0	[]	False	False	False	True	M. Shahid Qureshi	0	0	M. Shahid Qureshi			2879
<http://dbpedia.org/resource/M._Stanley_Whittingham>	M. Stanley Whittingham	0.2775	0	0	0	1	1	0	0	0	0	0	0	0	[]	False	False	False	True	M. Stanley Whittingham	0	0	M. Stanley Whittingham|Whittingham			2880
<http://dbpedia.org/resource/Madam_C._J._Walker>	Madam C. J. Walker	0.2775	0	0	0	0	1	0	0	0	0	0	0	0	[]	False	False	False	True	Madam C. J. Walker	0	0	Madam C. J. Walker			2881
<http://dbpedia.org/resource/Mahadev_Satyanarayanan>	Mahadev Satyanarayanan	0.2957142857142857	0	0	0	2	4	0	0	0	0	0	0	0	[]	False	False	False	True	Mahadev Satyanarayanan	0	0	Mahadev Satyanarayanan|Satyanarayanan			2882
<http://dbpedia.org/resource/Majid_Naficy>	Majid Naficy	0.4223145923733898	0	2	2	0	0	0	0	0	0	0	0	0	[]	False	False	False	True	Majid Naficy	0	0	Majid Naficy|Naficy			2883
<http://dbpedia.org/resource/Makoto_Yano>	Makoto Yano	0.3055661644258853	0	3	3	2	0	0	0	0	0	0	0	0	[General Equilibrium Theory, International trade theory, Market Quality Economics]	False	False	False	True	Makoto Yano	0	0	Makoto Yano|Yano			2884
<http://dbpedia.org/resource/Malcolm_Bolton>	Malcolm Bolton	0.42869375	0	1	1	1	1	0	0	0	0	0	0	0	[]	False	False	False	True	Malcolm Bolton	0	0	Malcolm Bolton|Bolton			2885
<http://dbpedia.org/resource/Malcolm_Green_(chemist)>	Malcolm Green (chemist)	0.3456019567497904	0	2	2	4	3	0	0	0	0	0	0	0	[]	False	False	False	True	Malcolm Green	0	0	Malcolm Green			2886
<http://dbpedia.org/resource/Malcolm_H._Chisholm>	Malcolm H. Chisholm	0.4886995933446316	1	1	2	0	0	0	0	0	0	0	0	0	[]	False	False	False	True	Malcolm H. Chisholm	0	0	Malcolm H. Chisholm			2887
<http://dbpedia.org/resource/Malek_Bennabi>	Malek Bennabi	0.5056222632159394	1	4	5	0	0	0	0	0	0	0	0	0	[]	False	False	False	True	Malek Bennabi	0	0	Malek Bennabi|Bennabi			2888
<http://dbpedia.org/resource/Malek_Shojaee>	Malek Shojaee	0.2964453929674217	0	3	3	0	0	0	0	0	0	0	0	0	[]	False	False	False	True	Malek Shojaee	0	0	Malek Shojaee|Shojaee			2889
<http://dbpedia.org/resource/Malik_ibn_Anas>	Malik ibn Anas	0.3678125	0	1	1	0	0	0	1	0	0	0	0	0	[]	False	False	False	True	Malik ibn Anas	0	0	Malik ibn Anas|Anas			2890
<http://dbpedia.org/resource/Manfred_K._Warmuth>	Manfred K. Warmuth	0.2775	0	0	0	1	1	0	0	0	0	0	0	0	[]	False	False	False	True	Manfred K. Warmuth	0	0	Manfred K. Warmuth|Warmuth			2891
<http://dbpedia.org/resource/Manuel_Arturo_Izquierdo_Peña>	Manuel Arturo Izquierdo Peña	0.3324928180803572	0	2	2	0	1	0	0	0	0	0	0	0	[]	False	False	False	True	Manuel Arturo Izquierdo Pena	0	0	Manuel Arturo Izquierdo Pena|Pena			2892
<http://dbpedia.org/resource/Manuel_Isaías_López>	Manuel Isaías López	0.2775	0	1	1	2	0	0	0	0	0	0	0	0	[]	False	False	False	True	Manuel Isaias Lopez	0	0	Manuel Isaias Lopez|Lopez			2893
<http://dbpedia.org/resource/Mara_Selvini_Palazzoli>	Mara Selvini Palazzoli	0.699640832889899	1	3	4	0	1	0	0	0	0	0	0	0	[]	False	False	False	True	Mara Selvini Palazzoli	0	0	Mara Selvini Palazzoli|Palazzoli			2894
<http://dbpedia.org/resource/Marc_Jongen>	Marc Jongen	0.2907346867081024	0	1	1	0	0	0	0	0	0	0	0	0	[]	False	False	False	True	Marc Jongen	0	0	Marc Jongen|Jongen			2895
<http://dbpedia.org/resource/Marc_Lavoie>	Marc Lavoie	0.4720626755882839	1	8	9	1	0	0	0	0	0	0	0	0	[Economics]	False	False	False	True	Marc Lavoie	0	0	Marc Lavoie|Lavoie			2896
<http://dbpedia.org/resource/Marc_Potenza>	Marc Potenza	0.2775	0	0	0	0	1	0	0	0	0	0	0	0	[]	False	False	False	True	Marc Potenza	0	0	Marc Potenza|Potenza			2897
<http://dbpedia.org/resource/Marc_Stevens_(cryptology)>	Marc Stevens (cryptology)	0.4493738798810232	0	0	0	2	1	0	0	0	0	0	0	0	[]	False	False	False	True	Marc Stevens	0	0	Marc Stevens|Stevens			2898
<http://dbpedia.org/resource/Marc_Wilkins_(geneticist)>	Marc Wilkins (geneticist)	0.309375	0	2	2	1	1	0	0	0	0	0	0	0	[]	False	False	False	True	Marc Wilkins	0	0	Marc Wilkins|Wilkins			2899
<http://dbpedia.org/resource/Marc_Yor>	Marc Yor	0.2966981755428059	0	2	2	1	3	0	0	0	0	0	0	0	[]	False	False	False	True	Marc Yor	0	0	Marc Yor			2900
<http://dbpedia.org/resource/Marcel_Gauchet>	Marcel Gauchet	0.4669279287832077	1	7	8	0	0	0	0	0	0	0	0	0	[]	False	False	False	True	Marcel Gauchet	0	0	Marcel Gauchet|Gauchet			2901
<http://dbpedia.org/resource/Marcel_Paquet>	Marcel Paquet	0.3311830738652848	0	6	6	0	0	0	0	0	0	0	0	0	[]	False	False	False	True	Marcel Paquet	0	0	Marcel Paquet|Paquet			2902
<http://dbpedia.org/resource/Marcel_van_Meerhaeghe>	Marcel van Meerhaeghe	0.4771463405531227	0	3	3	2	0	0	0	0	0	0	0	0	[]	False	False	False	True	Marcel van Meerhaeghe	0	0	Marcel van Meerhaeghe|Meerhaeghe			2903
<http://dbpedia.org/resource/Marcello_Siniscalco>	Marcello Siniscalco	0.29524375	0	0	0	1	1	0	0	0	0	0	0	0	[]	False	False	False	True	Marcello Siniscalco	0	0	Marcello Siniscalco|Siniscalco			2904
<http://dbpedia.org/resource/Marcelo_González_Godoy>	Marcelo González Godoy	0.2775	0	1	1	1	8	0	0	0	0	0	0	0	[]	False	False	False	True	Marcelo Gonzalez Godoy	0	0	Marcelo Gonzalez Godoy|Godoy			2905
<http://dbpedia.org/resource/Marcelo_Osvaldo_Magnasco>	Marcelo Osvaldo Magnasco	0.4854114422462436	0	0	0	1	3	0	0	0	0	0	0	0	[]	False	False	False	True	Marcelo Osvaldo Magnasco	0	0	Marcelo Osvaldo Magnasco|Magnasco			2906
<http://dbpedia.org/resource/Marcey_Waters>	Marcey Waters	0.2775	0	0	0	1	7	0	0	0	0	0	0	0	[]	False	False	False	True	Marcey Waters	0	0	Marcey Waters|Waters			2907
<http://dbpedia.org/resource/Marco_Tarchi>	Marco Tarchi	0.8660227273116959	0	1	1	0	0	0	0	0	0	0	0	0	[]	False	False	False	True	Marco Tarchi	0	0	Marco Tarchi|Tarchi			2908
<http://dbpedia.org/resource/Marcus_Thomas_Pius_Gilbert>	Marcus Thomas Pius Gilbert	0.3759914031697248	0	2	2	3	4	0	0	0	0	0	0	0	[]	False	False	False	True	Marcus Thomas Pius Gilbert	0	0	Marcus Thomas Pius Gilbert			2909
<http://dbpedia.org/resource/Margaret_Brown_(ichthyologist)>	Margaret Brown (ichthyologist)	0.489734375	0	2	2	2	0	0	0	0	0	0	0	0	[]	False	False	False	True	Margaret Brown	0	0	Margaret Brown			2910
<http://dbpedia.org/resource/Margaret_D._Lowman>	Margaret D. Lowman	0.3417824045003255	0	2	2	4	0	0	0	0	0	0	0	0	[]	False	False	False	True	Margaret D. Lowman	0	0	Margaret D. Lowman|Lowman			2911
<http://dbpedia.org/resource/Margaret_Marrs>	Margaret Marrs	0.2775	0	1	1	1	2	0	0	0	0	0	0	0	[]	False	False	False	True	Margaret Marrs	0	0	Margaret Marrs|Marrs			2912
<http://dbpedia.org/resource/Margaret_Pericak-Vance>	Margaret Pericak-Vance	0.34125	0	0	0	0	1	0	0	0	0	0	0	0	[]	False	False	False	True	Margaret Pericak-Vance	0	0	Margaret Pericak-Vance|Pericak-Vance			2913
<http://dbpedia.org/resource/Margaret_Robinson>	Margaret Robinson	0.2775	0	0	0	2	1	0	0	0	0	0	0	0	[]	False	False	False	True	Margaret Robinson	0	0	Margaret Robinson			2914
<http://dbpedia.org/resource/Margaret_Wise_Brown>	Margaret Wise Brown	0.2775	0	0	0	1	0	3	0	0	0	0	0	0	[]	False	False	False	True	Margaret Wise Brown	0	0	Margaret Wise Brown			2915
<http://dbpedia.org/resource/Margarita_Salas>	Margarita Salas	0.3316875	0	1	1	1	1	0	0	0	0	0	0	0	[]	False	False	False	True	Margarita Salas	0	0	Margarita Salas|Salas			2916
<http://dbpedia.org/resource/Margret_Grebowicz>	Margret Grebowicz	0.3005071667372443	0	1	1	0	0	0	0	0	0	0	0	0	[]	False	False	False	True	Margret Grebowicz	0	0	Margret Grebowicz|Grebowicz			2917
<http://dbpedia.org/resource/Maria_Angela_Ardinghelli>	Maria Angela Ardinghelli	0.2775	0	1	1	0	1	0	0	0	0	0	0	0	[]	False	False	False	True	Maria Angela Ardinghelli	0	0	Maria Angela Ardinghelli|Ardinghelli			2918
<http://dbpedia.org/resource/Maria_Kobel>	Maria Kobel	0.2775	0	1	1	1	0	0	0	0	0	0	0	0	[]	False	False	False	True	Maria Kobel	0	0	Maria Kobel|Kobel			2919
<http://dbpedia.org/resource/Maria_von_Linden>	Maria von Linden	0.2935202924887572	0	1	1	0	0	0	0	0	0	0	0	0	[]	False	False	False	True	Maria von Linden	0	0	Maria von Linden			2920
<http://dbpedia.org/resource/Marian_Koshland>	Marian Koshland	0.3582596590909092	0	4	4	3	2	0	0	0	0	0	0	0	[]	False	False	False	True	Marian Koshland	0	0	Marian Koshland|Koshland			2921
<http://dbpedia.org/resource/Mariana_Wolfner>	Mariana Wolfner	0.295130859375	0	1	1	2	0	0	0	0	0	0	0	0	[]	False	False	False	True	Mariana Wolfner	0	0	Mariana Wolfner|Wolfner			2922
<http://dbpedia.org/resource/Mariano_Grondona>	Mariano Grondona	0.3064964855147427	0	1	1	0	0	0	0	0	0	0	0	0	[]	False	False	False	True	Mariano Grondona	0	0	Mariano Grondona|Grondona			2923
<http://dbpedia.org/resource/Mariel_Vázquez>	Mariel Vázquez	0.2775	0	0	0	1	1	0	0	0	0	0	0	0	[]	False	False	False	True	Mariel Vazquez	0	0	Mariel Vazquez|Vazquez			2924
<http://dbpedia.org/resource/Marilyn_Kozak>	Marilyn Kozak	0.309375	0	0	0	1	1	0	0	0	0	0	0	0	[]	False	False	False	True	Marilyn Kozak	0	0	Marilyn Kozak|Kozak			2925
<http://dbpedia.org/resource/Marin_Soljačić>	Marin Soljačić	0.2775	0	0	0	1	2	0	0	0	0	0	0	0	[]	False	False	False	True	Marin Soljacic	0	0	Marin Soljacic|Soljacic			2926
<http://dbpedia.org/resource/Mário_A._Perini>	Mário A. Perini	0.2775	0	0	0	0	1	0	0	0	0	0	0	0	[]	False	False	False	True	Mario A. Perini	0	0	Mario A. Perini|Perini			2927
<http://dbpedia.org/resource/Mario_Christian_Meyer>	Mario Christian Meyer	0.9607885537549492	0	18	18	0	2	0	0	0	0	0	0	0	[]	False	False	False	True	Mario Christian Meyer	0	0	Mario Christian Meyer			2928
<http://dbpedia.org/resource/Mário_Ferreira_dos_Santos>	Mário Ferreira dos Santos	2.197551248915698	3	47	50	0	0	0	0	0	0	0	0	0	[]	False	False	False	True	Mario Ferreira dos Santos	0	0	Mario Ferreira dos Santos|Santos			2929
<http://dbpedia.org/resource/Mario_Javier_Saban>	Mario Javier Saban	0.5784102426362312	0	4	4	0	0	0	0	0	0	0	0	0	[]	False	False	False	True	Mario Javier Saban	0	0	Mario Javier Saban|Saban			2930
<http://dbpedia.org/resource/Mario_Kopić>	Mario Kopić	0.4294930633602076	0	7	7	0	0	0	0	0	0	0	0	0	[]	False	False	False	True	Mario Kopic	0	0	Mario Kopic|Kopic			2931
<http://dbpedia.org/resource/Marion_C._Thurnauer>	Marion C. Thurnauer	0.2775	0	0	0	1	3	0	0	0	0	0	0	0	[]	False	False	False	True	Marion C. Thurnauer	0	0	Marion C. Thurnauer|Thurnauer			2932
<http://dbpedia.org/resource/Marion_Elizabeth_Stilwell_Cave>	Marion Elizabeth Stilwell Cave	0.5325000000000001	3	1	4	3	0	0	0	0	0	0	0	0	[]	False	False	False	True	Marion Elizabeth Stilwell Cave	0	0	Marion Elizabeth Stilwell Cave|Cave			2933
<http://dbpedia.org/resource/Marion_Milner>	Marion Milner	0.34125	0	2	2	0	0	0	0	0	0	0	0	0	[]	False	False	False	True	Marion Milner	0	0	Marion Milner			2934
<http://dbpedia.org/resource/Marisa_Bartolomei>	Marisa Bartolomei	0.2775	0	1	1	2	0	0	0	0	0	0	0	0	[]	False	False	False	True	Marisa Bartolomei	0	0	Marisa Bartolomei|Bartolomei			2935
<http://dbpedia.org/resource/Marius_Sudol>	Marius Sudol	0.6855000000000001	0	0	0	1	1	0	0	0	0	0	0	0	[]	False	False	False	True	Marius Sudol	0	0	Marius Sudol|Sudol			2936
<http://dbpedia.org/resource/Marjorie_Bick>	Marjorie Bick	0.3280458820221452	0	2	2	1	0	0	0	0	0	0	0	0	[]	False	False	False	True	Marjorie Bick	0	0	Marjorie Bick|Bick			2937
<http://dbpedia.org/resource/Mark_D._McDonnell>	Mark D. McDonnell	0.3295220484798959	0	0	0	1	1	0	0	0	0	0	0	0	[]	False	False	False	True	Mark D. McDonnell	0	0	Mark D. McDonnell|McDonnell			2938
<http://dbpedia.org/resource/Mark_Fisher>	Mark Fisher	0.9750557189536668	1	14	15	0	0	0	0	0	0	0	0	0	[]	False	False	False	True	Mark Fisher	0	0	Mark Fisher			2939
<http://dbpedia.org/resource/Mark_Galassi>	Mark Galassi	0.2775	0	0	0	2	1	0	0	0	0	0	0	0	[]	False	False	False	True	Mark Galassi	0	0	Mark Galassi|Galassi			2940
<http://dbpedia.org/resource/Mark_Lepper>	Mark Lepper	0.405	4	1	5	1	6	0	0	0	0	0	0	0	[]	False	False	False	True	Mark Lepper	0	0	Mark Lepper|Lepper			2941
<http://dbpedia.org/resource/Mark_Norell>	Mark Norell	0.37471875	0	3	3	4	0	0	0	0	0	0	0	0	[]	False	False	False	True	Mark Norell	0	0	Mark Norell|Norell			2942
<http://dbpedia.org/resource/Mark_S._Miller>	Mark S. Miller	0.32	0	1	1	1	3	0	0	0	0	0	0	0	[]	False	False	False	True	Mark S. Miller	0	0	Mark S. Miller			2943
<http://dbpedia.org/resource/Mark_Sapir>	Mark Sapir	0.2775	0	0	0	1	1	0	0	0	0	0	0	0	[]	False	False	False	True	Mark Sapir	0	0	Mark Sapir|Sapir			2944
<http://dbpedia.org/resource/Mark_Thornton>	Mark Thornton	0.4168516048256406	0	4	4	0	0	0	0	0	0	0	0	0	[Economic history, Political economy, History of economic thought, Prohibitionism]	False	False	False	True	Mark Thornton	0	0	Mark Thornton|Thornton			2945
<http://dbpedia.org/resource/Markus_Kemmelmeier>	Markus Kemmelmeier	0.2979821895427496	0	0	0	2	2	0	0	0	0	0	0	0	[]	False	False	False	True	Markus Kemmelmeier	0	0	Markus Kemmelmeier|Kemmelmeier			2946
<http://dbpedia.org/resource/Marla_Feller>	Marla Feller	0.3638155845421457	0	2	2	1	0	0	0	0	0	0	0	0	[]	False	False	False	True	Marla Feller	0	0	Marla Feller			2947
<http://dbpedia.org/resource/Marshall_Sahlins>	Marshall Sahlins	0.3360305896711837	2	3	5	2	0	0	0	0	0	0	0	0	[]	False	False	False	True	Marshall Sahlins	0	0	Marshall Sahlins|Sahlins			2948
<http://dbpedia.org/resource/Martín_Abadi>	Martín Abadi	0.3143026572870742	0	0	0	0	2	0	0	0	0	0	0	0	[]	False	False	False	True	Martin Abadi	0	0	Martin Abadi|Abadi			2949
<http://dbpedia.org/resource/Martin_Amis>	Martin Amis	0.6263818397770262	0	1	1	1	0	0	0	0	0	0	0	0	[]	False	False	False	True	Martin Amis	0	0	Martin Amis|Amis			2950
<http://dbpedia.org/resource/Martin_C._J._Maiden>	Martin C. J. Maiden	0.2775	0	0	0	0	1	0	0	0	0	0	0	0	[]	False	False	False	True	Martin C. J. Maiden	0	0	Martin C. J. Maiden|Maiden			2951
<http://dbpedia.org/resource/Martin_D._Dawson>	Martin D. Dawson	0.2775	0	0	0	1	1	0	0	0	0	0	0	0	[]	False	False	False	True	Martin D. Dawson	0	0	Martin D. Dawson			2952
<http://dbpedia.org/resource/Martin_Deutsch>	Martin Deutsch	0.2775	0	0	0	1	1	0	0	0	0	0	0	0	[]	False	False	False	True	Martin Deutsch	0	0	Martin Deutsch			2953
<http://dbpedia.org/resource/Martin_Gruebele>	Martin Gruebele	0.32903125	0	0	0	2	3	0	0	0	0	0	0	0	[]	False	False	False	True	Martin Gruebele	0	0	Martin Gruebele|Gruebele			2954
<http://dbpedia.org/resource/Martin_Hägglund>	Martin Hägglund	0.3855807564616801	0	5	5	0	0	0	0	0	0	0	0	0	[]	False	False	False	True	Martin Hagglund	0	0	Martin Hagglund|Hagglund			2955
<http://dbpedia.org/resource/Martin_Kutta>	Martin Kutta	0.42465625	0	0	0	2	4	0	0	0	0	0	0	0	[]	False	False	False	True	Martin Kutta	0	0	Martin Kutta|Kutta			2956
<http://dbpedia.org/resource/Martin_Lewis_Perl>	Martin Lewis Perl	0.2775	0	0	0	2	1	0	0	0	0	0	0	0	[]	False	False	False	True	Martin Lewis Perl	0	0	Martin Lewis Perl|Perl			2957
<http://dbpedia.org/resource/Martin_Löb>	Martin Löb	0.2971447779581221	0	0	0	1	1	0	0	0	0	0	0	0	[]	False	False	False	True	Martin Lob	0	0	Martin Lob			2958
<http://dbpedia.org/resource/Martin_Lowry>	Martin Lowry	0.2837824110832695	0	0	0	0	1	0	0	0	0	0	0	0	[]	False	False	False	True	Martin Lowry	0	0	Martin Lowry			2959
<http://dbpedia.org/resource/Martin_Vetterli>	Martin Vetterli	0.2775	0	0	0	0	2	0	0	0	0	0	0	0	[]	False	False	False	True	Martin Vetterli	0	0	Martin Vetterli|Vetterli			2960
<http://dbpedia.org/resource/Marvin_Chester>	Marvin Chester	0.405	0	0	0	1	1	0	0	0	0	0	0	0	[]	False	False	False	True	Marvin Chester	0	0	Marvin Chester|Chester			2961
<http://dbpedia.org/resource/Marvin_Zuckerman__Marvin_Zuckerman__1>	Marvin Zuckerman  Marvin Zuckerman  1	0.4595487260328202	0	4	4	1	3	0	0	0	0	0	0	0	[]	False	False	False	True	Marvin Zuckerman	0	0	Marvin Zuckerman|Zuckerman			2962
<http://dbpedia.org/resource/Mary_Cassatt>	Mary Cassatt	0.34125	0	0	0	0	1	0	0	0	0	0	0	0	[]	False	False	False	True	Mary Cassatt	0	0	Mary Cassatt|Cassatt			2963
<http://dbpedia.org/resource/Mary_Dasso>	Mary Dasso	0.7495156250000001	0	5	5	2	1	0	0	0	0	0	0	0	[]	False	False	False	True	Mary Dasso	0	0	Mary Dasso|Dasso			2964
<http://dbpedia.org/resource/Mary_G._Dietz>	Mary G. Dietz	0.7127079156064656	0	8	8	0	0	0	0	0	0	0	0	0	[]	False	False	False	True	Mary G. Dietz	0	0	Mary G. Dietz|Dietz			2965
<http://dbpedia.org/resource/Mary_Gertrude_Haseman>	Mary Gertrude Haseman	0.3023625000000001	0	0	0	2	1	0	0	0	0	0	0	0	[]	False	False	False	True	Mary Gertrude Haseman	0	0	Mary Gertrude Haseman|Haseman			2966
<http://dbpedia.org/resource/Mary_J._Rathbun>	Mary J. Rathbun	0.2775	0	2	2	1	0	0	0	0	0	0	0	0	[]	False	False	False	True	Mary J. Rathbun	0	0	Mary J. Rathbun|Rathbun			2967
<http://dbpedia.org/resource/Mary_Jeanne_Kreek>	Mary Jeanne Kreek	0.34125	0	2	2	1	0	0	0	0	0	0	0	0	[]	False	False	False	True	Mary Jeanne Kreek	0	0	Mary Jeanne Kreek|Kreek			2968
<http://dbpedia.org/resource/Mary_Jo_Ondrechen>	Mary Jo Ondrechen	0.2775	0	0	0	2	1	0	0	0	0	0	0	0	[]	False	False	False	True	Mary Jo Ondrechen	0	0	Mary Jo Ondrechen|Ondrechen			2969
<http://dbpedia.org/resource/Mary_Leebody>	Mary Leebody	0.308150118629161	1	2	3	0	0	0	0	0	0	0	0	0	[]	False	False	False	True	Mary Leebody	0	0	Mary Leebody|Leebody			2970
<http://dbpedia.org/resource/Mary_Seacole>	Mary Seacole	0.405	0	0	0	0	1	0	0	0	0	0	0	0	[]	False	False	False	True	Mary Seacole	0	0	Mary Seacole|Seacole			2971
<http://dbpedia.org/resource/Masolino_da_Panicale>	Masolino da Panicale	0.436875	0	3	3	0	0	1	0	0	0	0	0	0	[Painting, Fresco]	False	False	False	True	Masolino da Panicale	0	0	Masolino da Panicale|Panicale			2972
<http://dbpedia.org/resource/Masoud_Ahmadzadeh>	Masoud Ahmadzadeh	0.6749891454103206	4	7	11	0	0	0	0	0	0	0	0	0	[]	False	False	False	True	Masoud Ahmadzadeh	0	0	Masoud Ahmadzadeh|Ahmadzadeh			2973
<http://dbpedia.org/resource/Massoud_Pedram>	Massoud Pedram	0.2775	0	0	0	2	1	0	0	0	0	0	0	0	[]	False	False	False	True	Massoud Pedram	0	0	Massoud Pedram|Pedram			2974
<http://dbpedia.org/resource/Matatarō_Matsumoto>	Matatarō Matsumoto	0.3454618531619546	0	3	3	0	0	0	0	0	0	0	0	0	[]	False	False	False	True	Matataro Matsumoto	0	0	Matataro Matsumoto|Matsumoto			2975
<http://dbpedia.org/resource/Mathieu_Bock-Côté>	Mathieu Bock-Côté	0.3128084162738359	0	2	2	2	3	0	0	0	0	0	0	0	[]	False	False	False	True	Mathieu Bock-Cote	0	0	Mathieu Bock-Cote|Bock-Cote			2976
<http://dbpedia.org/resource/Matias_Aires>	Matias Aires	0.3065981674752976	0	2	2	0	0	0	0	0	0	0	0	0	[]	False	False	False	True	Matias Aires	0	0	Matias Aires|Aires			2977
<http://dbpedia.org/resource/Matilda_Cullen_Knowles>	Matilda Cullen Knowles	0.4938917458927734	2	3	5	1	0	0	0	0	0	0	0	0	[]	False	False	False	True	Matilda Cullen Knowles	0	0	Matilda Cullen Knowles|Knowles			2978
<http://dbpedia.org/resource/Matthew_Dalby>	Matthew Dalby	0.32	0	0	0	1	1	0	0	0	0	0	0	0	[]	False	False	False	True	Matthew Dalby	0	0	Matthew Dalby|Dalby			2979
<http://dbpedia.org/resource/Matthew_P._Scott>	Matthew P. Scott	0.2775	1	0	1	1	1	0	0	0	0	0	0	0	[]	False	False	False	True	Matthew P. Scott	0	0	Matthew P. Scott			2980
<http://dbpedia.org/resource/Matthias_Mann>	Matthias Mann	0.2775	0	0	0	0	1	0	0	0	0	0	0	0	[]	False	False	False	True	Matthias Mann	0	0	Matthias Mann			2981
<http://dbpedia.org/resource/Maude_Delap>	Maude Delap	0.3316383141116834	0	3	3	0	0	0	0	0	0	0	0	0	[]	False	False	False	True	Maude Delap	0	0	Maude Delap|Delap			2982
<http://dbpedia.org/resource/Maulvi_Sher_Ali>	Maulvi Sher Ali	0.405	0	2	2	0	0	0	0	0	0	0	0	0	[]	False	False	False	True	Maulvi Sher Ali	0	0	Maulvi Sher Ali			2983
<http://dbpedia.org/resource/Maura_Scannell>	Maura Scannell	0.4966679757720181	0	3	3	1	0	0	0	0	0	0	0	0	[]	False	False	False	True	Maura Scannell	0	0	Maura Scannell|Scannell			2984
<http://dbpedia.org/resource/Maurice_Bardèche>	Maurice Bardèche	0.8689150011026113	0	5	5	0	0	0	0	0	0	0	0	0	[]	False	False	False	True	Maurice Bardeche	0	0	Maurice Bardeche|Bardeche			2985
<http://dbpedia.org/resource/Maurice_Berger>	Maurice Berger	0.5468554030285038	0	5	5	2	0	0	0	0	0	0	0	0	[]	False	False	False	True	Maurice Berger	0	0	Maurice Berger|Berger			2986
<http://dbpedia.org/resource/Maurice_Kugler>	Maurice Kugler	0.4764799349746795	0	5	5	2	0	0	0	0	0	0	0	0	[]	False	False	False	True	Maurice Kugler	0	0	Maurice Kugler|Kugler			2987
<http://dbpedia.org/resource/Mauro_Baranzini>	Mauro Baranzini	0.405	0	2	2	0	0	0	0	0	0	0	0	0	[]	False	False	False	True	Mauro Baranzini	0	0	Mauro Baranzini|Baranzini			2988
<http://dbpedia.org/resource/Max_Auerbach>	Max Auerbach	0.2775	0	1	1	0	0	0	0	0	0	0	0	0	[]	False	False	False	True	Max Auerbach	0	0	Max Auerbach			2989
<http://dbpedia.org/resource/Max_Bennett_(scientist)>	Max Bennett (scientist)	0.5320268454422113	1	1	2	0	0	0	0	0	0	0	0	0	[]	False	False	False	True	Max Bennett	0	0	Max Bennett			2990
<http://dbpedia.org/resource/Max_Garagnani>	Max Garagnani	0.405	0	0	0	2	1	0	0	0	0	0	0	0	[]	False	False	False	True	Max Garagnani	0	0	Max Garagnani|Garagnani			2991
<http://dbpedia.org/resource/Max_Roser>	Max Roser	0.3084279389301468	0	4	4	0	0	0	0	0	0	0	0	0	[Global health, International development, Income distribution, Poverty]	False	False	False	True	Max Roser	0	0	Max Roser|Roser			2992
<http://dbpedia.org/resource/Maxie_Clarence_Maultsby_Jr.>	Maxie Clarence Maultsby Jr.	0.2840667107656868	0	4	4	2	1	0	0	0	0	0	0	0	[]	False	False	False	True	Maxie Clarence Maultsby Jr.	0	0	Maxie Clarence Maultsby Jr.			2993
<http://dbpedia.org/resource/Maxim_Gorky>	Maxim Gorky	0.2775	0	0	0	0	0	4	0	0	0	0	0	0	[]	False	False	False	True	Maxim Gorky	0	0	Maxim Gorky|Gorky			2994
<http://dbpedia.org/resource/Maxime_Steinberg>	Maxime Steinberg	0.2775	0	0	0	0	1	0	0	0	0	0	0	0	[]	False	False	False	True	Maxime Steinberg	0	0	Maxime Steinberg			2995
<http://dbpedia.org/resource/May_Mandelbaum_Edel>	May Mandelbaum Edel	0.5828944183016829	0	4	4	2	1	0	0	0	0	0	0	0	[]	False	False	False	True	May Mandelbaum Edel	0	0	May Mandelbaum Edel|Edel			2996
<http://dbpedia.org/resource/Maya_Deren>	Maya Deren	0.2775	0	0	0	0	0	3	0	0	0	0	0	0	[Choreography, Film, Dancing]	False	False	False	True	Maya Deren	0	0	Maya Deren|Deren			2997
<http://dbpedia.org/resource/Mayo_Fuster_Morell>	Mayo Fuster Morell	0.5285193421383925	1	3	4	3	0	0	0	0	0	0	0	0	[]	False	False	False	True	Mayo Fuster Morell	0	0	Mayo Fuster Morell|Morell			2998
<http://dbpedia.org/resource/Mehdi_Ashraphijuo>	Mehdi Ashraphijuo	0.2959457214344355	0	0	0	0	1	0	0	0	0	0	0	0	[]	False	False	False	True	Mehdi Ashraphijuo	0	0	Mehdi Ashraphijuo|Ashraphijuo			2999
<http://dbpedia.org/resource/Meher_Baba>	Meher Baba	0.9288125000000004	2	6	8	0	0	0	0	0	0	0	0	0	[]	False	False	False	True	Meher Baba	0	0	Meher Baba|Baba			3000
<http://dbpedia.org/resource/Meinrad_Busslinger>	Meinrad Busslinger	0.2775	0	0	0	2	1	0	0	0	0	0	0	0	[]	False	False	False	True	Meinrad Busslinger	0	0	Meinrad Busslinger|Busslinger			3001
<http://dbpedia.org/resource/Melvin_Seeman>	Melvin Seeman	0.463439192486377	0	4	4	2	0	0	0	0	0	0	0	0	[]	False	False	False	True	Melvin Seeman	0	0	Melvin Seeman|Seeman			3002
<http://dbpedia.org/resource/Mely_G._Tan>	Mely G. Tan	0.6481000000000001	0	0	0	3	1	0	0	0	0	0	0	0	[]	False	False	False	True	Mely G. Tan	0	0	Mely G. Tan			3003
<http://dbpedia.org/resource/Merritt_Ruhlen>	Merritt Ruhlen	0.6078661163806901	0	4	4	0	1	0	0	0	0	0	0	0	[]	False	False	False	True	Merritt Ruhlen	0	0	Merritt Ruhlen|Ruhlen			3004
<http://dbpedia.org/resource/Miaki_Ishii>	Miaki Ishii	0.405	0	2	2	2	0	0	0	0	0	0	0	0	[]	False	False	False	True	Miaki Ishii	0	0	Miaki Ishii|Ishii			3005
<http://dbpedia.org/resource/Michael_Aschbacher>	Michael Aschbacher	0.3153521989436	0	0	0	2	1	0	0	0	0	0	0	0	[]	False	False	False	True	Michael Aschbacher	0	0	Michael Aschbacher|Aschbacher			3006
<http://dbpedia.org/resource/Michael_Butler_(computer_scientist)>	Michael Butler (computer scientist)	0.435121875	0	3	3	3	1	0	0	0	0	0	0	0	[]	False	False	False	True	Michael Butler	0	0	Michael Butler			3007
<http://dbpedia.org/resource/Michael_C._O'Donovan>	Michael C. O'Donovan	0.405	0	2	2	0	1	0	0	0	0	0	0	0	[]	False	False	False	True	Michael C. O'Donovan	0	0	Michael C. O'Donovan|O'Donovan			3008
<http://dbpedia.org/resource/Michael_Christopher_Wendl>	Michael Christopher Wendl	0.2973145396938131	0	0	0	0	3	0	0	0	0	0	0	0	[]	False	False	False	True	Michael Christopher Wendl	0	0	Michael Christopher Wendl|Wendl			3009
<http://dbpedia.org/resource/Michael_Clemens>	Michael Clemens	0.3546496273494265	0	3	3	2	0	0	0	0	0	0	0	0	[]	False	False	False	True	Michael Clemens	0	0	Michael Clemens|Clemens			3010
<http://dbpedia.org/resource/Michael_Creeth>	Michael Creeth	0.405	0	0	0	1	2	0	0	0	0	0	0	0	[]	False	False	False	True	Michael Creeth	0	0	Michael Creeth|Creeth			3011
<http://dbpedia.org/resource/Michael_D._Fried>	Michael D. Fried	0.2887400891626696	0	0	0	1	1	0	0	0	0	0	0	0	[]	False	False	False	True	Michael D. Fried	0	0	Michael D. Fried|Fried			3012
<http://dbpedia.org/resource/Michael_Dowd>	Michael Dowd	0.7566578430830976	0	7	7	1	1	0	0	0	0	0	0	0	[]	False	False	False	True	Michael Dowd	0	0	Michael Dowd|Dowd			3013
<http://dbpedia.org/resource/Michael_E._Sobel>	Michael E. Sobel	0.2775	0	0	0	0	1	0	0	0	0	0	0	0	[]	False	False	False	True	Michael E. Sobel	0	0	Michael E. Sobel|Sobel			3014
<http://dbpedia.org/resource/Michael_Fordham>	Michael Fordham	0.3557845276531614	1	4	5	2	1	0	0	0	0	0	0	0	[]	False	False	False	True	Michael Fordham	0	0	Michael Fordham|Fordham			3015
<http://dbpedia.org/resource/Michael_Gerzon>	Michael Gerzon	0.2775	0	1	1	1	5	0	0	0	0	0	0	0	[]	False	False	False	True	Michael Gerzon	0	0	Michael Gerzon|Gerzon			3016
<http://dbpedia.org/resource/Michael_Halliday>	Michael Halliday	0.5349356716022752	8	4	12	2	1	0	0	0	0	0	0	0	[]	False	False	False	True	Michael Halliday	0	0	Michael Halliday|Halliday			3017
<http://dbpedia.org/resource/Michael_Hanack>	Michael Hanack	0.2775	0	0	0	1	2	0	0	0	0	0	0	0	[]	False	False	False	True	Michael Hanack	0	0	Michael Hanack|Hanack			3018
<http://dbpedia.org/resource/Michael_Herman_(mathematician)>	Michael Herman (mathematician)	0.2894287039426183	0	1	1	1	0	0	0	0	0	0	0	0	[]	False	False	False	True	Michael Herman	0	0	Michael Herman|Herman			3019
<http://dbpedia.org/resource/Michael_James_Farrell>	Michael James Farrell	0.405	2	2	4	0	0	0	0	0	0	0	0	0	[]	False	False	False	True	Michael James Farrell	0	0	Michael James Farrell|Farrell			3020
<http://dbpedia.org/resource/Michael_Katehakis>	Michael Katehakis	0.3074375016990521	0	1	1	2	7	0	0	0	0	0	0	0	[]	False	False	False	True	Michael Katehakis	0	0	Michael Katehakis|Katehakis			3021
<http://dbpedia.org/resource/Michael_Keane_(economist)>	Michael Keane (economist)	0.4274334333206244	0	3	3	2	0	0	0	0	0	0	0	0	[Econometrics]	False	False	False	True	Michael Keane	0	0	Michael Keane|Keane			3022
<http://dbpedia.org/resource/Michael_Lewis-Beck>	Michael Lewis-Beck	0.2775	0	0	0	2	3	0	0	0	0	0	0	0	[]	False	False	False	True	Michael Lewis-Beck	0	0	Michael Lewis-Beck|Lewis-Beck			3023
<http://dbpedia.org/resource/Michael_Mayerfeld_Bell>	Michael Mayerfeld Bell	0.3423152367295218	0	1	1	2	6	0	0	0	0	0	0	0	[]	False	False	False	True	Michael Mayerfeld Bell	0	0	Michael Mayerfeld Bell			3024
<http://dbpedia.org/resource/Michael_Muhammad_Knight>	Michael Muhammad Knight	0.9745980992401898	0	2	2	0	0	0	0	0	0	0	0	0	[]	False	False	False	True	Michael Muhammad Knight	0	0	Michael Muhammad Knight			3025
<http://dbpedia.org/resource/Michael_Patrick_Stuart_Irwin>	Michael Patrick Stuart Irwin	0.405	0	2	2	0	0	0	0	0	0	0	0	0	[]	False	False	False	True	Michael Patrick Stuart Irwin	0	0	Michael Patrick Stuart Irwin|Irwin			3026
<http://dbpedia.org/resource/Michael_Peters_(education_academic)>	Michael Peters (education academic)	0.4328927482457294	0	5	5	1	0	0	0	0	0	0	0	0	[]	False	False	False	True	Michael Peters	0	0	Michael Peters|Peters			3027
<http://dbpedia.org/resource/Michael_Plank>	Michael Plank	0.2775	0	0	0	1	1	0	0	0	0	0	0	0	[]	False	False	False	True	Michael Plank	0	0	Michael Plank			3028
<http://dbpedia.org/resource/Michael_R._Gold>	Michael R. Gold	0.4523668402777778	0	0	0	3	1	0	0	0	0	0	0	0	[]	False	False	False	True	Michael R. Gold	0	0	Michael R. Gold|Gold			3029
<http://dbpedia.org/resource/Michael_Stal>	Michael Stal	0.2775	0	0	0	1	1	0	0	0	0	0	0	0	[]	False	False	False	True	Michael Stal	0	0	Michael Stal|Stal			3030
<http://dbpedia.org/resource/Michał_Misiurewicz>	Michał Misiurewicz	0.2775	0	0	0	1	1	0	0	0	0	0	0	0	[]	False	False	False	True	Michał Misiurewicz	0	0	Michał Misiurewicz|Misiurewicz			3031
<http://dbpedia.org/resource/Michel_Aflaq__1>	Michel Aflaq  1	1.6561713633357686	15	18	33	0	0	0	0	0	0	0	0	0	[]	False	False	False	True	Michel Aflaq	0	0	Michel Aflaq|Aflaq			3032
<http://dbpedia.org/resource/Michel_Bréal__Michel_Bréal__1>	Michel Bréal  Michel Bréal  1	0.340939558453866	2	2	4	0	0	0	0	0	0	0	0	0	[]	False	False	False	True	Michel Breal	0	0	Michel Breal|Breal			3033
<http://dbpedia.org/resource/Michel_Clouscard>	Michel Clouscard	0.3554328164934975	0	5	5	0	0	0	0	0	0	0	0	0	[]	False	False	False	True	Michel Clouscard	0	0	Michel Clouscard|Clouscard			3034
<http://dbpedia.org/resource/Michel_Ferlus>	Michel Ferlus	0.6551860858516043	0	5	5	0	3	0	0	0	0	0	0	0	[]	False	False	False	True	Michel Ferlus	0	0	Michel Ferlus|Ferlus			3035
<http://dbpedia.org/resource/Michele_Mahone>	Michele Mahone	0.915	0	6	6	0	0	0	0	0	0	0	0	0	[]	False	False	False	True	Michele Mahone	0	0	Michele Mahone|Mahone			3036
<http://dbpedia.org/resource/Michele_Troja>	Michele Troja	0.2775	0	1	1	1	0	0	0	0	0	0	0	0	[]	False	False	False	True	Michele Troja	0	0	Michele Troja|Troja			3037
<http://dbpedia.org/resource/Michiel_Hazewinkel>	Michiel Hazewinkel	0.2957142857142857	0	0	0	1	1	0	0	0	0	0	0	0	[]	False	False	False	True	Michiel Hazewinkel	0	0	Michiel Hazewinkel|Hazewinkel			3038
<http://dbpedia.org/resource/Miguel_Alcubierre>	Miguel Alcubierre	0.2825166885585608	0	0	0	2	1	0	0	0	0	0	0	0	[]	False	False	False	True	Miguel Alcubierre	0	0	Miguel Alcubierre|Alcubierre			3039
<http://dbpedia.org/resource/Miguel_Ángel_Martínez-González>	Miguel Ángel Martínez-González	0.405	0	0	0	1	1	0	0	0	0	0	0	0	[]	False	False	False	True	Miguel Angel Martinez-Gonzalez	0	0	Miguel Angel Martinez-Gonzalez|Martinez-Gonzalez			3040
<http://dbpedia.org/resource/Miguel_Antonio_Caro__Joseph_de_Maistre_Louis_de_Bonald_Jaime_Balmes__1>	Miguel Antonio Caro  Joseph de Maistre Louis de Bonald Jaime Balmes  1	0.3480674347217767	0	4	4	0	0	0	0	0	0	0	0	0	[]	False	False	False	True	Miguel Antonio Caro Joseph de Maistre Louis de Bonald Jaime Balmes	0	0	Miguel Antonio Caro Joseph de Maistre Louis de Bonald Jaime Balmes|Balmes			3041
<http://dbpedia.org/resource/Miguel_Figueroa>	Miguel Figueroa	0.3969474737490396	0	1	1	0	0	0	0	0	0	0	0	0	[]	False	False	False	True	Miguel Figueroa	0	0	Miguel Figueroa|Figueroa			3042
<http://dbpedia.org/resource/Miguel_Ondetti>	Miguel Ondetti	0.2775	0	0	0	1	1	0	0	0	0	0	0	0	[]	False	False	False	True	Miguel Ondetti	0	0	Miguel Ondetti|Ondetti			3043
<http://dbpedia.org/resource/Miguel_Serrano>	Miguel Serrano	0.2956064937736612	0	2	2	1	0	0	0	0	0	0	0	0	[]	False	False	False	True	Miguel Serrano	0	0	Miguel Serrano|Serrano			3044
<http://dbpedia.org/resource/Mihai_Gavrilă>	Mihai Gavrilă	0.2808544033544876	0	0	0	1	1	0	0	0	0	0	0	0	[]	False	False	False	True	Mihai Gavrila	0	0	Mihai Gavrila|Gavrila			3045
<http://dbpedia.org/resource/Mik_Kersten>	Mik Kersten	0.373125	0	4	4	1	6	0	0	0	0	0	0	0	[]	False	False	False	True	Mik Kersten	0	0	Mik Kersten|Kersten			3046
<http://dbpedia.org/resource/Mika_McKinnon>	Mika McKinnon	0.2775	0	0	0	2	2	0	0	0	0	0	0	0	[]	False	False	False	True	Mika McKinnon	0	0	Mika McKinnon|McKinnon			3047
<http://dbpedia.org/resource/Mikhail_Bakunin>	Mikhail Bakunin	0.4813959196108054	18	9	27	0	0	0	0	0	0	0	0	0	[]	False	False	False	True	Mikhail Bakunin	0	0	Mikhail Bakunin|Bakunin			3048
<http://dbpedia.org/resource/Mikhail_Lidov>	Mikhail Lidov	0.2775	0	0	0	1	1	0	0	0	0	0	0	0	[]	False	False	False	True	Mikhail Lidov	0	0	Mikhail Lidov|Lidov			3049
<http://dbpedia.org/resource/Mikhail_Shifman>	Mikhail Shifman	0.5325000000000001	0	0	0	1	4	0	0	0	0	0	0	0	[]	False	False	False	True	Mikhail Shifman	0	0	Mikhail Shifman|Shifman			3050
<http://dbpedia.org/resource/Mikko_Tuomi>	Mikko Tuomi	0.2775	0	1	1	1	2	0	0	0	0	0	0	0	[]	False	False	False	True	Mikko Tuomi	0	0	Mikko Tuomi|Tuomi			3051
<http://dbpedia.org/resource/Mikky_Lafey>	Mikky Lafey	0.4250188658579172	0	8	8	0	0	0	0	0	0	0	0	0	[]	False	False	False	True	Mikky Lafey	0	0	Mikky Lafey|Lafey			3052
<http://dbpedia.org/resource/Miklos_Porkolab>	Miklos Porkolab	0.2775	0	0	0	2	2	0	0	0	0	0	0	0	[]	False	False	False	True	Miklos Porkolab	0	0	Miklos Porkolab|Porkolab			3053
<http://dbpedia.org/resource/Mikołaj_Bojańczyk>	Mikołaj Bojańczyk	0.2775	0	0	0	1	1	0	0	0	0	0	0	0	[]	False	False	False	True	Mikołaj Bojanczyk	0	0	Mikołaj Bojanczyk|Bojanczyk			3054
<http://dbpedia.org/resource/Milan_Komar>	Milan Komar	0.4781140294266611	3	7	10	0	0	0	0	0	0	0	0	0	[]	False	False	False	True	Milan Komar	0	0	Milan Komar|Komar			3055
<http://dbpedia.org/resource/Mildred_Parten_Newhall>	Mildred Parten Newhall	0.2775	0	0	0	1	1	0	0	0	0	0	0	0	[]	False	False	False	True	Mildred Parten Newhall	0	0	Mildred Parten Newhall|Newhall			3056
<http://dbpedia.org/resource/Miloje_Vasić>	Miloje Vasić	0.2775	3	0	3	1	1	0	0	0	0	0	0	0	[]	False	False	False	True	Miloje Vasic	0	0	Miloje Vasic|Vasic			3057
<http://dbpedia.org/resource/Milton_Antony>	Milton Antony	0.2775	0	0	0	1	2	0	0	0	0	0	0	0	[]	False	False	False	True	Milton Antony	0	0	Milton Antony			3058
<http://dbpedia.org/resource/Milton_Hearn>	Milton Hearn	0.34125	0	0	0	1	1	0	0	0	0	0	0	0	[]	False	False	False	True	Milton Hearn	0	0	Milton Hearn|Hearn			3059
<http://dbpedia.org/resource/Minakata_Kumagusu>	Minakata Kumagusu	0.34125	0	2	2	0	0	0	0	0	0	0	0	0	[]	False	False	False	True	Minakata Kumagusu	0	0	Minakata Kumagusu|Kumagusu			3060
<http://dbpedia.org/resource/Minerva_Cordero>	Minerva Cordero	0.2775	0	0	0	3	1	0	0	0	0	0	0	0	[]	False	False	False	True	Minerva Cordero	0	0	Minerva Cordero|Cordero			3061
<http://dbpedia.org/resource/Mingming_Wu>	Mingming Wu	0.2775	0	0	0	2	4	0	0	0	0	0	0	0	[]	False	False	False	True	Mingming Wu	0	0	Mingming Wu			3062
<http://dbpedia.org/resource/Minor_J._Coon>	Minor J. Coon	0.2775	0	0	0	2	1	0	0	0	0	0	0	0	[]	False	False	False	True	Minor J. Coon	0	0	Minor J. Coon|Coon			3063
<http://dbpedia.org/resource/Miriam_Zach>	Miriam Zach	0.2775	0	0	0	3	4	0	0	0	0	0	0	0	[]	False	False	False	True	Miriam Zach	0	0	Miriam Zach|Zach			3064
<http://dbpedia.org/resource/Mirza_Mazhar_Jan-e-Janaan>	Mirza Mazhar Jan-e-Janaan	0.5666517857142858	4	5	9	0	0	0	0	0	0	0	0	0	[]	False	False	False	True	Mirza Mazhar Jan-e-Janaan	0	0	Mirza Mazhar Jan-e-Janaan|Jan-e-Janaan			3065
<http://dbpedia.org/resource/Mitchell_Joachim>	Mitchell Joachim	0.2775	0	0	0	3	3	0	0	0	0	0	0	0	[]	False	False	False	True	Mitchell Joachim	0	0	Mitchell Joachim|Joachim			3066
<http://dbpedia.org/resource/Mitio_Nagumo>	Mitio Nagumo	0.2775	0	0	0	1	3	0	0	0	0	0	0	0	[]	False	False	False	True	Mitio Nagumo	0	0	Mitio Nagumo|Nagumo			3067
<http://dbpedia.org/resource/Mitrofan_Lodyzhensky>	Mitrofan Lodyzhensky	0.7396875	2	3	5	0	0	0	0	0	0	0	0	0	[]	False	False	False	True	Mitrofan Lodyzhensky	0	0	Mitrofan Lodyzhensky|Lodyzhensky			3068
<http://dbpedia.org/resource/Mitsuo_Tasumi>	Mitsuo Tasumi	0.2775	0	0	0	1	2	0	0	0	0	0	0	0	[]	False	False	False	True	Mitsuo Tasumi	0	0	Mitsuo Tasumi|Tasumi			3069
<http://dbpedia.org/resource/Mladen_Dolar>	Mladen Dolar	0.567636174923098	2	7	9	0	0	0	0	0	0	0	0	0	[]	False	False	False	True	Mladen Dolar	0	0	Mladen Dolar|Dolar			3070
<http://dbpedia.org/resource/Mo_Gilligan>	Mo Gilligan	0.5962500000000002	0	4	4	0	0	0	0	0	0	0	0	0	[]	False	False	False	True	Mo Gilligan	0	0	Mo Gilligan|Gilligan			3071
<http://dbpedia.org/resource/Mohammad_Baba_As-Samasi>	Mohammad Baba As-Samasi	0.47799375	1	1	2	0	0	0	0	0	0	0	0	0	[]	False	False	False	True	Mohammad Baba As-Samasi	0	0	Mohammad Baba As-Samasi|As-Samasi			3072
<http://dbpedia.org/resource/Mohammad_Sal_Moslehian>	Mohammad Sal Moslehian	0.2775	0	0	0	0	1	0	0	0	0	0	0	0	[]	False	False	False	True	Mohammad Sal Moslehian	0	0	Mohammad Sal Moslehian|Moslehian			3073
<http://dbpedia.org/resource/Mohammad_Sami_(professor)>	Mohammad Sami (professor)	0.4246532976304853	0	0	0	2	1	0	0	0	0	0	0	0	[]	False	False	False	True	Mohammad Sami	0	0	Mohammad Sami|Sami			3074
<http://dbpedia.org/resource/Mohammad_Tahir_Shah>	Mohammad Tahir Shah	0.2775	0	0	0	4	1	0	0	0	0	0	0	0	[]	False	False	False	True	Mohammad Tahir Shah	0	0	Mohammad Tahir Shah			3075
<http://dbpedia.org/resource/Mohammadreza_Jalaeipour>	Mohammadreza Jalaeipour	0.4225312500000001	0	1	1	3	0	0	0	0	0	0	0	0	[]	False	False	False	True	Mohammadreza Jalaeipour	0	0	Mohammadreza Jalaeipour			3076
<http://dbpedia.org/resource/Mohsen_Adeli>	Mohsen Adeli	0.34125	0	0	0	0	1	0	0	0	0	0	0	0	[]	False	False	False	True	Mohsen Adeli	0	0	Mohsen Adeli|Adeli			3077
<http://dbpedia.org/resource/Monaldo_Leopardi>	Monaldo Leopardi	0.5851309748238102	4	7	11	0	0	0	0	0	0	0	0	0	[]	False	False	False	True	Monaldo Leopardi	0	0	Monaldo Leopardi			3078
<http://dbpedia.org/resource/Monica_Furlong>	Monica Furlong	0.3617035223316185	0	1	1	0	0	0	0	0	0	0	0	0	[]	False	False	False	True	Monica Furlong	0	0	Monica Furlong|Furlong			3079
<http://dbpedia.org/resource/Monica_Olvera_de_la_Cruz>	Monica Olvera de la Cruz	0.2895262446148651	0	0	0	0	2	0	0	0	0	0	0	0	[]	False	False	False	True	Monica Olvera de la Cruz	0	0	Monica Olvera de la Cruz|Cruz			3080
<http://dbpedia.org/resource/Monimus>	Monimus	0.3140295418411691	0	1	1	0	0	0	0	0	0	0	0	0	[]	False	False	False	True	Monimus	0	0	Monimus			3081
<http://dbpedia.org/resource/Montrose_Wolf>	Montrose Wolf	0.3121419712392331	0	2	2	2	2	0	0	0	0	0	0	0	[]	False	False	False	True	Montrose Wolf	0	0	Montrose Wolf			3082
<http://dbpedia.org/resource/Mookie_Tenembaum>	Mookie Tenembaum	2.4140922604422768	0	31	31	0	0	0	0	0	0	0	0	0	[]	False	False	False	True	Mookie Tenembaum	0	0	Mookie Tenembaum|Tenembaum			3083
<http://dbpedia.org/resource/Moriba_Jah>	Moriba Jah	0.426675	0	0	0	0	3	0	0	0	0	0	0	0	[]	False	False	False	True	Moriba Jah	0	0	Moriba Jah			3084
<http://dbpedia.org/resource/Morris_Copeland>	Morris Copeland	0.4146622181971804	2	4	6	0	0	0	0	0	0	0	0	0	[Political economics]	False	False	False	True	Morris Copeland	0	0	Morris Copeland|Copeland			3085
<http://dbpedia.org/resource/Mortimer_Wheeler>	Mortimer Wheeler	0.405	1	2	3	1	0	0	0	0	0	0	0	0	[]	False	False	False	True	Mortimer Wheeler	0	0	Mortimer Wheeler|Wheeler			3086
<http://dbpedia.org/resource/Moses_Gomberg>	Moses Gomberg	0.2775	0	0	0	1	1	0	0	0	0	0	0	0	[]	False	False	False	True	Moses Gomberg	0	0	Moses Gomberg|Gomberg			3087
<http://dbpedia.org/resource/Moshe_Sharon>	Moshe Sharon	0.49425	0	0	0	1	1	0	0	0	0	0	0	0	[]	False	False	False	True	Moshe Sharon	0	0	Moshe Sharon|Sharon			3088
<http://dbpedia.org/resource/Mourad_Ismail>	Mourad Ismail	0.3031460464838419	0	0	0	2	4	0	0	0	0	0	0	0	[]	False	False	False	True	Mourad Ismail	0	0	Mourad Ismail|Ismail			3089
<http://dbpedia.org/resource/Mubarak_Ahmad_Khan>	Mubarak Ahmad Khan	0.405	0	0	0	1	4	0	0	0	0	0	0	0	[]	False	False	False	True	Mubarak Ahmad Khan	0	0	Mubarak Ahmad Khan			3090
<http://dbpedia.org/resource/Muhammad_Din_Fauq>	Muhammad Din Fauq	0.3561250000000001	0	2	2	0	0	0	0	0	0	0	0	0	[]	False	False	False	True	Muhammad Din Fauq	0	0	Muhammad Din Fauq|Fauq			3091
<http://dbpedia.org/resource/Muhammad_Farooq_Khan>	Muhammad Farooq Khan	0.5546235401998753	0	5	5	0	0	0	0	0	0	0	0	0	[]	False	False	False	True	Muhammad Farooq Khan	0	0	Muhammad Farooq Khan			3092
<http://dbpedia.org/resource/Muhammad_Usman_Damani>	Muhammad Usman Damani	0.3116517857142857	2	3	5	0	0	0	0	0	0	0	0	0	[]	False	False	False	True	Muhammad Usman Damani	0	0	Muhammad Usman Damani|Damani			3093
<http://dbpedia.org/resource/Muhammad_al-Qunawi>	Muhammad al-Qunawi	0.7235906250000002	1	4	5	0	0	0	0	0	0	0	0	0	[]	False	False	False	True	Muhammad al-Qunawi	0	0	Muhammad al-Qunawi|al-Qunawi			3094
<http://dbpedia.org/resource/Mujaddid_Ahmed_Ijaz>	Mujaddid Ahmed Ijaz	0.8111493404995659	0	3	3	3	3	0	0	0	0	0	0	0	[]	False	False	False	True	Mujaddid Ahmed Ijaz	0	0	Mujaddid Ahmed Ijaz|Ijaz			3095
<http://dbpedia.org/resource/Mulford_B._Foster>	Mulford B. Foster	0.5643750000000001	0	5	5	0	0	0	0	0	0	0	0	0	[]	False	False	False	True	Mulford B. Foster	0	0	Mulford B. Foster|Foster			3096
<http://dbpedia.org/resource/Murray_A._Straus>	Murray A. Straus	0.2775	2	0	2	1	1	0	0	0	0	0	0	0	[]	False	False	False	True	Murray A. Straus	0	0	Murray A. Straus|Straus			3097
<http://dbpedia.org/resource/Murray_Jarvik>	Murray Jarvik	0.3076305474798084	0	0	0	4	1	0	0	0	0	0	0	0	[]	False	False	False	True	Murray Jarvik	0	0	Murray Jarvik|Jarvik			3098
<http://dbpedia.org/resource/Murtada_Sharif_'Askari>	Murtada Sharif 'Askari	0.3694934924025759	0	3	3	0	0	0	0	0	0	0	0	0	[]	False	False	False	True	Murtada Sharif 'Askari	0	0	Murtada Sharif 'Askari|'Askari			3099
<http://dbpedia.org/resource/Mustafa_Emirbayer>	Mustafa Emirbayer	0.4486350058799864	0	1	1	2	2	0	0	0	0	0	0	0	[]	False	False	False	True	Mustafa Emirbayer	0	0	Mustafa Emirbayer|Emirbayer			3100
<http://dbpedia.org/resource/Mustafa_İslamoğlu>	Mustafa İslamoğlu	0.8065051084109344	1	1	2	0	0	0	0	0	0	0	0	0	[]	False	False	False	True	Mustafa Islamoglu	0	0	Mustafa Islamoglu|Islamoglu			3101
<http://dbpedia.org/resource/Mustafa_Kemal_Atatürk>	Mustafa Kemal Atatürk	0.3373133063091783	1	2	3	0	0	0	0	0	0	0	0	0	[]	False	False	False	True	Mustafa Kemal Ataturk	0	0	Mustafa Kemal Ataturk|Ataturk			3102
<http://dbpedia.org/resource/Mustafa_ibn_Ali_al-Muwaqqit>	Mustafa ibn Ali al-Muwaqqit	0.76505203125	0	1	1	0	0	0	0	0	0	0	0	0	[]	False	False	False	True	Mustafa ibn Ali al-Muwaqqit	0	0	Mustafa ibn Ali al-Muwaqqit|al-Muwaqqit			3103
<http://dbpedia.org/resource/Myron_L._Bender>	Myron L. Bender	0.5325000000000001	0	0	0	0	1	0	0	0	0	0	0	0	[]	False	False	False	True	Myron L. Bender	0	0	Myron L. Bender			3104
<http://dbpedia.org/resource/Na'im_Akbar>	Na'im Akbar	0.3625	0	3	3	1	1	0	0	0	0	0	0	0	[]	False	False	False	True	Na'im Akbar	0	0	Na'im Akbar|Akbar			3105
<http://dbpedia.org/resource/Nader_Habibi>	Nader Habibi	0.2775	0	0	0	0	3	0	0	0	0	0	0	0	[]	False	False	False	True	Nader Habibi	0	0	Nader Habibi|Habibi			3106
<http://dbpedia.org/resource/Naguib_Mahfouz>	Naguib Mahfouz	0.3246816935209535	0	1	1	0	0	3	0	0	0	0	0	0	[]	False	False	False	True	Naguib Mahfouz	0	0	Naguib Mahfouz|Mahfouz			3107
<http://dbpedia.org/resource/Nahar_The_Mask>	Nahar The Mask	0.7141875	0	4	4	0	0	0	0	0	0	0	0	0	[]	False	False	False	True	Nahar The Mask	0	0	Nahar The Mask|Mask			3108
<http://dbpedia.org/resource/Nalin_de_Silva>	Nalin de Silva	24.52502297962584	0	1	1	0	0	0	0	0	0	0	0	0	[]	False	False	False	True	Nalin de Silva	0	0	Nalin de Silva			3109
<http://dbpedia.org/resource/Nam-Trung_Nguyen>	Nam-Trung Nguyen	0.2775	0	0	0	1	7	0	0	0	0	0	0	0	[]	False	False	False	True	Nam-Trung Nguyen	0	0	Nam-Trung Nguyen			3110
<http://dbpedia.org/resource/Nancy_Andrews_(biologist)>	Nancy Andrews (biologist)	0.4165909090909091	0	0	0	3	1	0	0	0	0	0	0	0	[]	False	False	False	True	Nancy Andrews	0	0	Nancy Andrews|Andrews			3111
<http://dbpedia.org/resource/Nancy_Kleckner>	Nancy Kleckner	0.2775	0	0	0	2	1	0	0	0	0	0	0	0	[]	False	False	False	True	Nancy Kleckner	0	0	Nancy Kleckner|Kleckner			3112
<http://dbpedia.org/resource/Naomi_Meara>	Naomi Meara	0.2775	0	0	0	1	2	0	0	0	0	0	0	0	[]	False	False	False	True	Naomi Meara	0	0	Naomi Meara|Meara			3113
<http://dbpedia.org/resource/Narayana_Guru>	Narayana Guru	0.2775	0	0	0	0	0	0	1	0	0	0	0	0	[]	False	False	False	True	Narayana Guru	0	0	Narayana Guru|Guru			3114
<http://dbpedia.org/resource/Nastulus>	Nastulus	0.34125	1	2	3	0	0	0	0	0	0	0	0	0	[]	False	False	False	True	Nastulus	0	0	Nastulus			3115
<http://dbpedia.org/resource/Nathan_Paget>	Nathan Paget	0.2775	3	1	4	0	1	0	0	0	0	0	0	0	[]	False	False	False	True	Nathan Paget	0	0	Nathan Paget|Paget			3116
<http://dbpedia.org/resource/Nathan_Widder>	Nathan Widder	0.5998035620023069	0	5	5	0	0	0	0	0	0	0	0	0	[]	False	False	False	True	Nathan Widder	0	0	Nathan Widder|Widder			3117
<http://dbpedia.org/resource/Nathaniel_Colgan>	Nathaniel Colgan	0.34125	0	2	2	0	1	0	0	0	0	0	0	0	[]	False	False	False	True	Nathaniel Colgan	0	0	Nathaniel Colgan|Colgan			3118
<http://dbpedia.org/resource/Nathaniel_J._Fisch>	Nathaniel J. Fisch	0.2775	0	1	1	0	0	0	0	0	0	0	0	0	[]	False	False	False	True	Nathaniel J. Fisch	0	0	Nathaniel J. Fisch|Fisch			3119
<http://dbpedia.org/resource/Natsu_Ando>	Natsu Ando	0.9612404689154856	0	0	0	0	1	0	0	0	0	0	0	0	[]	False	False	False	True	Natsu Ando	0	0	Natsu Ando|Ando			3120
<http://dbpedia.org/resource/Navin_M._Singhi>	Navin M. Singhi	0.2775	0	0	0	1	2	0	0	0	0	0	0	0	[]	False	False	False	True	Navin M. Singhi	0	0	Navin M. Singhi|Singhi			3121
<http://dbpedia.org/resource/Necip_Fazıl_Kısakürek>	Necip Fazıl Kısakürek	0.2963675368039907	6	3	9	0	0	0	0	0	0	0	0	0	[]	False	False	False	True	Necip Fazıl Kısakurek	0	0	Necip Fazıl Kısakurek|Kısakurek			3122
<http://dbpedia.org/resource/Needhi_Bhalla>	Needhi Bhalla	0.773633669023278	0	1	1	2	0	0	0	0	0	0	0	0	[]	False	False	False	True	Needhi Bhalla	0	0	Needhi Bhalla|Bhalla			3123
<http://dbpedia.org/resource/Neena_Schwartz>	Neena Schwartz	0.2775	0	0	0	2	2	0	0	0	0	0	0	0	[]	False	False	False	True	Neena Schwartz	0	0	Neena Schwartz|Schwartz			3124
<http://dbpedia.org/resource/Neil_Ashcroft>	Neil Ashcroft	0.2941633022462868	0	0	0	2	1	0	0	0	0	0	0	0	[]	False	False	False	True	Neil Ashcroft	0	0	Neil Ashcroft|Ashcroft			3125
<http://dbpedia.org/resource/Neil_Burgess_(neuroscientist)>	Neil Burgess (neuroscientist)	0.3584038220161756	0	4	4	2	0	0	0	0	0	0	0	0	[]	False	False	False	True	Neil Burgess	0	0	Neil Burgess|Burgess			3126
<http://dbpedia.org/resource/Neil_Cohn>	Neil Cohn	0.4517105301967474	0	0	0	3	2	0	0	0	0	0	0	0	[]	False	False	False	True	Neil Cohn	0	0	Neil Cohn			3127
<http://dbpedia.org/resource/Neil_Gordon_(paediatrician)>	Neil Gordon (paediatrician)	0.51975	0	3	3	0	0	0	0	0	0	0	0	0	[]	False	False	False	True	Neil Gordon	0	0	Neil Gordon			3128
<http://dbpedia.org/resource/Neil_J._Gunther>	Neil J. Gunther	0.34968365652072	0	0	0	2	4	0	0	0	0	0	0	0	[]	False	False	False	True	Neil J. Gunther	0	0	Neil J. Gunther|Gunther			3129
<http://dbpedia.org/resource/Neil_Kelleher_(scientist)>	Neil Kelleher (scientist)	0.2983960140306123	0	0	0	4	3	0	0	0	0	0	0	0	[]	False	False	False	True	Neil Kelleher	0	0	Neil Kelleher|Kelleher			3130
<http://dbpedia.org/resource/Neil_Postman>	Neil Postman	0.2948213762277656	0	3	3	0	0	0	0	0	0	0	0	0	[]	False	False	False	True	Neil Postman	0	0	Neil Postman|Postman			3131
<http://dbpedia.org/resource/Neil_Siegel>	Neil Siegel	0.2775	0	0	0	1	5	0	0	0	0	0	0	0	[]	False	False	False	True	Neil Siegel	0	0	Neil Siegel|Siegel			3132
<http://dbpedia.org/resource/Neil_deGrasse_Tyson>	Neil deGrasse Tyson	0.385875	1	0	1	0	0	0	0	0	0	0	0	0	[]	False	False	False	True	Neil deGrasse Tyson	0	0	Neil deGrasse Tyson|Tyson			3133
<http://dbpedia.org/resource/Nelson_Cowan>	Nelson Cowan	0.2775	0	0	0	0	3	0	0	0	0	0	0	0	[]	False	False	False	True	Nelson Cowan	0	0	Nelson Cowan|Cowan			3134
<http://dbpedia.org/resource/Nesrin_Özören>	Nesrin Özören	0.405	0	1	1	2	0	0	0	0	0	0	0	0	[]	False	False	False	True	Nesrin Ozoren	0	0	Nesrin Ozoren|Ozoren			3135
<http://dbpedia.org/resource/Nevill_Francis_Mott>	Nevill Francis Mott	0.2877554347826087	1	0	1	1	17	0	0	0	0	0	0	0	[]	False	False	False	True	Nevill Francis Mott	0	0	Nevill Francis Mott|Mott			3136
<http://dbpedia.org/resource/Nia_Imara>	Nia Imara	0.2775	1	0	1	2	0	0	0	0	0	0	0	0	[]	False	False	False	True	Nia Imara	0	0	Nia Imara|Imara			3137
<http://dbpedia.org/resource/Niall_Ferguson>	Niall Ferguson	0.3679916198505796	0	2	2	0	0	0	0	0	0	0	0	0	[]	False	False	False	True	Niall Ferguson	0	0	Niall Ferguson			3138
<http://dbpedia.org/resource/Nib_Soehendra>	Nib Soehendra	0.2775	1	1	2	1	1	0	0	0	0	0	0	0	[]	False	False	False	True	Nib Soehendra	0	0	Nib Soehendra|Soehendra			3139
<http://dbpedia.org/resource/Nicholas_Ambraseys>	Nicholas Ambraseys	0.2875603571428571	3	1	4	2	0	0	0	0	0	0	0	0	[]	False	False	False	True	Nicholas Ambraseys	0	0	Nicholas Ambraseys|Ambraseys			3140
<http://dbpedia.org/resource/Nicholas_Georgescu-Roegen>	Nicholas Georgescu-Roegen	0.2886132277972921	8	5	13	3	5	0	0	0	0	0	0	0	[]	False	False	False	True	Nicholas Georgescu-Roegen	0	0	Nicholas Georgescu-Roegen|Georgescu-Roegen			3141
<http://dbpedia.org/resource/Nicholas_Hanges>	Nicholas Hanges	0.3103848259893338	0	0	0	2	1	0	0	0	0	0	0	0	[]	False	False	False	True	Nicholas Hanges	0	0	Nicholas Hanges|Hanges			3142
<http://dbpedia.org/resource/Nicholas_Harrison_(physicist)>	Nicholas Harrison (physicist)	0.405	0	0	0	1	2	0	0	0	0	0	0	0	[]	False	False	False	True	Nicholas Harrison	0	0	Nicholas Harrison			3143
<http://dbpedia.org/resource/Nick_Land>	Nick Land	1.041272119254678	6	15	21	0	0	0	0	0	0	0	0	0	[]	False	False	False	True	Nick Land	0	0	Nick Land|Land			3144
<http://dbpedia.org/resource/Nico_Habermann>	Nico Habermann	0.2921286931818182	0	0	0	0	9	0	0	0	0	0	0	0	[]	False	False	False	True	Nico Habermann	0	0	Nico Habermann|Habermann			3145
<http://dbpedia.org/resource/Nicola_Acocella>	Nicola Acocella	0.3742951348809991	1	7	8	1	0	0	0	0	0	0	0	0	[Macroeconomics, Microeconomics, Public Policy]	False	False	False	True	Nicola Acocella	0	0	Nicola Acocella|Acocella			3146
<http://dbpedia.org/resource/Nicolaas_Bloembergen>	Nicolaas Bloembergen	0.340622449215862	1	0	1	2	7	0	0	0	0	0	0	0	[]	False	False	False	True	Nicolaas Bloembergen	0	0	Nicolaas Bloembergen|Bloembergen			3147
<http://dbpedia.org/resource/Nicolaas_Govert_de_Bruijn>	Nicolaas Govert de Bruijn	0.2775	0	0	0	1	4	0	0	0	0	0	0	0	[]	False	False	False	True	Nicolaas Govert de Bruijn	0	0	Nicolaas Govert de Bruijn|Bruijn			3148
<http://dbpedia.org/resource/Nicolas_Gisin>	Nicolas Gisin	0.3729566795721347	0	0	0	1	4	0	0	0	0	0	0	0	[]	False	False	False	True	Nicolas Gisin	0	0	Nicolas Gisin|Gisin			3149
<http://dbpedia.org/resource/Nicolás_Gómez_Dávila>	Nicolás Gómez Dávila	0.373146655371847	5	4	9	0	0	0	0	0	0	0	0	0	[]	False	False	False	True	Nicolas Gomez Davila	0	0	Nicolas Gomez Davila|Davila			3150
<http://dbpedia.org/resource/Nicolas_Le_Novère>	Nicolas Le Novère	0.3190703125	0	0	0	3	4	0	0	0	0	0	0	0	[]	False	False	False	True	Nicolas Le Novere	0	0	Nicolas Le Novere|Novere			3151
<http://dbpedia.org/resource/Nicolas_Rasmussen__Nicolas_Rasmussen__1>	Nicolas Rasmussen  Nicolas Rasmussen  1	0.374871393200844	0	2	2	0	0	0	0	0	0	0	0	0	[]	False	False	False	True	Nicolas Rasmussen	0	0	Nicolas Rasmussen|Rasmussen			3152
<http://dbpedia.org/resource/Nicolas_Théodore_de_Saussure>	Nicolas Théodore de Saussure	0.3205755606257336	2	3	5	0	0	0	0	0	0	0	0	0	[]	False	False	False	True	Nicolas Theodore de Saussure	0	0	Nicolas Theodore de Saussure			3153
<http://dbpedia.org/resource/Nicole_C._Rust>	Nicole C. Rust	0.5272426783121203	0	0	0	3	2	0	0	0	0	0	0	0	[]	False	False	False	True	Nicole C. Rust	0	0	Nicole C. Rust|Rust			3154
<http://dbpedia.org/resource/Nicole_Leeper_Piquero>	Nicole Leeper Piquero	0.2775	0	0	0	1	1	0	0	0	0	0	0	0	[]	False	False	False	True	Nicole Leeper Piquero	0	0	Nicole Leeper Piquero|Piquero			3155
<http://dbpedia.org/resource/Niftawayh>	Niftawayh	0.3911875	0	1	1	0	0	0	1	0	0	0	0	0	[]	False	False	False	True	Niftawayh	0	0	Niftawayh			3156
<http://dbpedia.org/resource/Nigel_Hitchin>	Nigel Hitchin	0.2818578537017552	0	0	0	2	9	0	0	0	0	0	0	0	[]	False	False	False	True	Nigel Hitchin	0	0	Nigel Hitchin|Hitchin			3157
<http://dbpedia.org/resource/Niki_Moutsopoulos>	Niki Moutsopoulos	0.405	0	1	1	2	0	0	0	0	0	0	0	0	[]	False	False	False	True	Niki Moutsopoulos	0	0	Niki Moutsopoulos|Moutsopoulos			3158
<http://dbpedia.org/resource/Nikola_Pašić>	Nikola Pašić	0.293732079654529	0	1	1	2	0	0	0	0	0	0	0	0	[]	False	False	False	True	Nikola Pasic	0	0	Nikola Pasic|Pasic			3159
<http://dbpedia.org/resource/Nikolai_Brashman>	Nikolai Brashman	0.3996804180670235	1	0	1	2	2	0	0	0	0	0	0	0	[]	False	False	False	True	Nikolai Brashman	0	0	Nikolai Brashman|Brashman			3160
<http://dbpedia.org/resource/Nikolai_Ivanov_(mathematician)>	Nikolai Ivanov (mathematician)	0.4354875664016479	0	1	1	1	1	0	0	0	0	0	0	0	[]	False	False	False	True	Nikolai Ivanov	0	0	Nikolai Ivanov|Ivanov			3161
<http://dbpedia.org/resource/Nikolai_Kondratiev>	Nikolai Kondratiev	0.32	7	2	9	1	0	0	0	0	0	0	0	0	[Macroeconomics]	False	False	False	True	Nikolai Kondratiev	0	0	Nikolai Kondratiev|Kondratiev			3162
<http://dbpedia.org/resource/Nikolai_Korotkov>	Nikolai Korotkov	0.46875	0	0	0	1	1	0	0	0	0	0	0	0	[]	False	False	False	True	Nikolai Korotkov	0	0	Nikolai Korotkov|Korotkov			3163
<http://dbpedia.org/resource/Nikolas_Kompridis>	Nikolas Kompridis	1.253638975750211	0	12	12	0	0	0	0	0	0	0	0	0	[]	False	False	False	True	Nikolas Kompridis	0	0	Nikolas Kompridis|Kompridis			3164
<http://dbpedia.org/resource/Nikolay_Bogolyubov>	Nikolay Bogolyubov	0.3722788627809116	0	1	1	0	9	0	0	0	0	0	0	0	[]	False	False	False	True	Nikolay Bogolyubov	0	0	Nikolay Bogolyubov|Bogolyubov			3165
<http://dbpedia.org/resource/Nikolay_Chernyshevsky>	Nikolay Chernyshevsky	0.8809436650732662	14	18	32	0	0	0	0	0	0	0	0	0	[]	False	False	False	True	Nikolay Chernyshevsky	0	0	Nikolay Chernyshevsky|Chernyshevsky			3166
<http://dbpedia.org/resource/Nikolay_Korobov>	Nikolay Korobov	0.2775	0	0	0	1	1	0	0	0	0	0	0	0	[]	False	False	False	True	Nikolay Korobov	0	0	Nikolay Korobov|Korobov			3167
<http://dbpedia.org/resource/Nikolay_Lossky>	Nikolay Lossky	0.3589631724829343	2	5	7	0	0	0	0	0	0	0	0	0	[]	False	False	False	True	Nikolay Lossky	0	0	Nikolay Lossky			3168
<http://dbpedia.org/resource/Nikolay_Zhukovsky_(scientist)>	Nikolay Zhukovsky (scientist)	0.3899827663669794	0	3	3	1	0	0	0	0	0	0	0	0	[]	False	False	False	True	Nikolay Zhukovsky	0	0	Nikolay Zhukovsky|Zhukovsky			3169
<http://dbpedia.org/resource/Nikša_Gligo>	Nikša Gligo	0.5962500000000002	0	3	3	2	2	0	0	0	0	0	0	0	[]	False	False	False	True	Niksa Gligo	0	0	Niksa Gligo|Gligo			3170
<http://dbpedia.org/resource/Nina_Dyakonova>	Nina Dyakonova	0.2775	0	1	1	1	2	0	0	0	0	0	0	0	[]	False	False	False	True	Nina Dyakonova	0	0	Nina Dyakonova|Dyakonova			3171
<http://dbpedia.org/resource/Ning_Xiang>	Ning Xiang	0.3243716507913832	3	0	3	2	0	0	0	0	0	0	0	0	[]	False	False	False	True	Ning Xiang	0	0	Ning Xiang|Xiang			3172
<http://dbpedia.org/resource/Nir_Shaviv>	Nir Shaviv	0.34125	0	2	2	0	0	0	0	0	0	0	0	0	[]	False	False	False	True	Nir Shaviv	0	0	Nir Shaviv|Shaviv			3173
<http://dbpedia.org/resource/Noah_Diffenbaugh>	Noah Diffenbaugh	0.6770828810920417	0	9	9	2	2	0	0	0	0	0	0	0	[]	False	False	False	True	Noah Diffenbaugh	0	0	Noah Diffenbaugh|Diffenbaugh			3174
<http://dbpedia.org/resource/Noam_Soker>	Noam Soker	0.4040892857142857	0	0	0	1	5	0	0	0	0	0	0	0	[]	False	False	False	True	Noam Soker	0	0	Noam Soker|Soker			3175
<http://dbpedia.org/resource/Norbert_Bolz>	Norbert Bolz	0.4585013151015769	0	5	5	0	0	0	0	0	0	0	0	0	[]	False	False	False	True	Norbert Bolz	0	0	Norbert Bolz|Bolz			3176
<http://dbpedia.org/resource/Norma_Ford_Walker>	Norma Ford Walker	0.2775	1	0	1	1	2	0	0	0	0	0	0	0	[]	False	False	False	True	Norma Ford Walker	0	0	Norma Ford Walker			3177
<http://dbpedia.org/resource/Norman_Borlaug>	Norman Borlaug	0.2900375	0	0	0	3	2	0	0	0	0	0	0	0	[]	False	False	False	True	Norman Borlaug	0	0	Norman Borlaug|Borlaug			3178
<http://dbpedia.org/resource/Norman_Geschwind>	Norman Geschwind	0.5595714249172378	1	3	4	1	1	0	0	0	0	0	0	0	[]	False	False	False	True	Norman Geschwind	0	0	Norman Geschwind|Geschwind			3179
<http://dbpedia.org/resource/Norman_Greenwood>	Norman Greenwood	0.2801424373204635	0	0	0	2	2	0	0	0	0	0	0	0	[]	False	False	False	True	Norman Greenwood	0	0	Norman Greenwood|Greenwood			3180
<http://dbpedia.org/resource/Norman_Johnson_(mathematician)>	Norman Johnson (mathematician)	0.2972052272727273	0	0	0	1	1	0	0	0	0	0	0	0	[]	False	False	False	True	Norman Johnson	0	0	Norman Johnson			3181
<http://dbpedia.org/resource/Norman_L._Bowen>	Norman L. Bowen	0.3364687500000001	1	0	1	2	1	0	0	0	0	0	0	0	[]	False	False	False	True	Norman L. Bowen	0	0	Norman L. Bowen			3182
<http://dbpedia.org/resource/Norman_O._Brown>	Norman O. Brown	0.343382263759255	1	4	5	0	0	0	0	0	0	0	0	0	[]	False	False	False	True	Norman O. Brown	0	0	Norman O. Brown			3183
<http://dbpedia.org/resource/Norman_P._Barry>	Norman P. Barry	0.3640764465831979	0	3	3	0	0	0	0	0	0	0	0	0	[]	False	False	False	True	Norman P. Barry	0	0	Norman P. Barry|Barry			3184
<http://dbpedia.org/resource/Norman_Percy_Allen>	Norman Percy Allen	0.2775	0	0	0	1	1	0	0	0	0	0	0	0	[]	False	False	False	True	Norman Percy Allen	0	0	Norman Percy Allen			3185
<http://dbpedia.org/resource/Norris_Bradbury>	Norris Bradbury	0.460009722694032	0	0	0	2	1	0	0	0	0	0	0	0	[]	False	False	False	True	Norris Bradbury	0	0	Norris Bradbury|Bradbury			3186
<http://dbpedia.org/resource/Nouriel_Roubini>	Nouriel Roubini	0.337382836771268	0	4	4	2	0	0	0	0	0	0	0	0	[International economics]	False	False	False	True	Nouriel Roubini	0	0	Nouriel Roubini|Roubini			3187
<http://dbpedia.org/resource/Nund_Rishi>	Nund Rishi	0.5325000000000001	0	0	0	0	0	0	1	0	0	0	0	0	[]	False	False	False	True	Nund Rishi	0	0	Nund Rishi|Rishi			3188
<http://dbpedia.org/resource/O._W._Wolters>	O. W. Wolters	0.34125	0	1	1	2	0	0	0	0	0	0	0	0	[]	False	False	False	True	O. W. Wolters	0	0	O. W. Wolters|Wolters			3189
<http://dbpedia.org/resource/Obaid_Siddiqi>	Obaid Siddiqi	0.305697759843341	1	1	2	3	0	0	0	0	0	0	0	0	[]	False	False	False	True	Obaid Siddiqi	0	0	Obaid Siddiqi|Siddiqi			3190
<http://dbpedia.org/resource/Odest_Chadwicke_Jenkins>	Odest Chadwicke Jenkins	0.3229218750000001	0	1	1	3	0	0	0	0	0	0	0	0	[]	False	False	False	True	Odest Chadwicke Jenkins	0	0	Odest Chadwicke Jenkins			3191
<http://dbpedia.org/resource/Oets_Kolk_Bouwsma>	Oets Kolk Bouwsma	0.3471463123418122	1	4	5	0	0	0	0	0	0	0	0	0	[]	False	False	False	True	Oets Kolk Bouwsma	0	0	Oets Kolk Bouwsma|Bouwsma			3192
<http://dbpedia.org/resource/Oksana_Zabuzhko>	Oksana Zabuzhko	0.385875	0	1	1	0	0	0	0	0	0	0	0	0	[]	False	False	False	True	Oksana Zabuzhko	0	0	Oksana Zabuzhko|Zabuzhko			3193
<http://dbpedia.org/resource/Olavo_de_Carvalho>	Olavo de Carvalho	1.2575208348289522	0	7	7	0	0	0	0	0	0	0	0	0	[]	False	False	False	True	Olavo de Carvalho	0	0	Olavo de Carvalho|Carvalho			3194
<http://dbpedia.org/resource/Olga_Tufnell>	Olga Tufnell	0.2775	0	1	1	0	1	0	0	0	0	0	0	0	[]	False	False	False	True	Olga Tufnell	0	0	Olga Tufnell|Tufnell			3195
<http://dbpedia.org/resource/Oliver_E._Williamson>	Oliver E. Williamson	0.4334014441892215	3	7	10	6	0	0	0	0	0	0	0	0	[Microeconomics]	False	False	False	True	Oliver E. Williamson	0	0	Oliver E. Williamson|Williamson			3196
<http://dbpedia.org/resource/Oliver_H._Lowry>	Oliver H. Lowry	0.2775	0	0	0	2	2	0	0	0	0	0	0	0	[]	False	False	False	True	Oliver H. Lowry	0	0	Oliver H. Lowry			3197
<http://dbpedia.org/resource/Oliver_Smithies>	Oliver Smithies	0.3002375	0	2	2	1	2	0	0	0	0	0	0	0	[]	False	False	False	True	Oliver Smithies	0	0	Oliver Smithies|Smithies			3198
<http://dbpedia.org/resource/Olke_C._Uhlenbeck>	Olke C. Uhlenbeck	0.3137578125	0	1	1	2	0	0	0	0	0	0	0	0	[]	False	False	False	True	Olke C. Uhlenbeck	0	0	Olke C. Uhlenbeck|Uhlenbeck			3199
<http://dbpedia.org/resource/Olof_Swartz>	Olof Swartz	0.2775	0	0	0	1	1	0	0	0	0	0	0	0	[]	False	False	False	True	Olof Swartz	0	0	Olof Swartz|Swartz			3200
<http://dbpedia.org/resource/Ono_Ranzan>	Ono Ranzan	0.3702812810010313	0	1	1	0	0	0	0	0	0	0	0	0	[]	False	False	False	True	Ono Ranzan	0	0	Ono Ranzan|Ranzan			3201
<http://dbpedia.org/resource/Oscar_Kempthorne>	Oscar Kempthorne	0.7554838074128517	1	3	4	1	4	0	0	0	0	0	0	0	[]	False	False	False	True	Oscar Kempthorne	0	0	Oscar Kempthorne|Kempthorne			3202
<http://dbpedia.org/resource/Ōshio_Heihachirō>	Ōshio Heihachirō	0.2793646663831792	0	2	2	0	0	0	0	0	0	0	0	0	[]	False	False	False	True	Oshio Heihachiro	0	0	Oshio Heihachiro|Heihachiro			3203
<http://dbpedia.org/resource/Oskar_Klein>	Oskar Klein	0.320425	0	1	1	2	7	0	0	0	0	0	0	0	[]	False	False	False	True	Oskar Klein	0	0	Oskar Klein			3204
<http://dbpedia.org/resource/Oskar_Minkowski>	Oskar Minkowski	0.2775	1	1	2	0	2	0	0	0	0	0	0	0	[]	False	False	False	True	Oskar Minkowski	0	0	Oskar Minkowski			3205
<http://dbpedia.org/resource/Oswald_Schmiedeberg>	Oswald Schmiedeberg	0.29875	0	2	2	1	0	0	0	0	0	0	0	0	[]	False	False	False	True	Oswald Schmiedeberg	0	0	Oswald Schmiedeberg|Schmiedeberg			3206
<http://dbpedia.org/resource/Oswald_von_Nell-Breuning>	Oswald von Nell-Breuning	0.3138818869726922	0	2	2	0	0	0	0	0	0	0	0	0	[]	False	False	False	True	Oswald von Nell-Breuning	0	0	Oswald von Nell-Breuning|Nell-Breuning			3207
<http://dbpedia.org/resource/Othmar_Spann>	Othmar Spann	0.4621706556029575	5	1	6	0	0	0	0	0	0	0	0	0	[]	False	False	False	True	Othmar Spann	0	0	Othmar Spann|Spann			3208
<http://dbpedia.org/resource/Otto_Finsch>	Otto Finsch	0.2775	0	1	1	0	0	0	0	0	0	0	0	0	[]	False	False	False	True	Otto Finsch	0	0	Otto Finsch|Finsch			3209
<http://dbpedia.org/resource/Otto_Folin>	Otto Folin	0.2968729166666666	0	1	1	2	0	0	0	0	0	0	0	0	[]	False	False	False	True	Otto Folin	0	0	Otto Folin|Folin			3210
<http://dbpedia.org/resource/Otto_Heinrich_Warburg>	Otto Heinrich Warburg	0.2911339382620483	0	0	0	2	3	0	0	0	0	0	0	0	[]	False	False	False	True	Otto Heinrich Warburg	0	0	Otto Heinrich Warburg|Warburg			3211
<http://dbpedia.org/resource/Otto_Heurnius>	Otto Heurnius	0.4920536125876995	1	0	1	0	0	0	0	0	0	0	0	0	[]	False	False	False	True	Otto Heurnius	0	0	Otto Heurnius|Heurnius			3212
<http://dbpedia.org/resource/Otto_Rank>	Otto Rank	0.2862860600749671	21	5	26	1	4	0	0	0	0	0	0	0	[]	False	False	False	True	Otto Rank	0	0	Otto Rank|Rank			3213
<http://dbpedia.org/resource/Otto_Toeplitz>	Otto Toeplitz	0.2856562167267422	1	0	1	0	3	0	0	0	0	0	0	0	[]	False	False	False	True	Otto Toeplitz	0	0	Otto Toeplitz|Toeplitz			3214
<http://dbpedia.org/resource/P._D._Ouspensky>	P. D. Ouspensky	0.4643671875	1	1	2	0	0	0	0	0	0	0	0	0	[]	False	False	False	True	P. D. Ouspensky	0	0	P. D. Ouspensky|Ouspensky			3215
<http://dbpedia.org/resource/P._D._Premasiri>	P. D. Premasiri	0.5943375000000002	0	3	3	0	2	0	0	0	0	0	0	0	[]	False	False	False	True	P. D. Premasiri	0	0	P. D. Premasiri|Premasiri			3216
<http://dbpedia.org/resource/P._K._Iyengar>	P. K. Iyengar	0.2775	0	0	0	0	5	0	0	0	0	0	0	0	[]	False	False	False	True	P. K. Iyengar	0	0	P. K. Iyengar|Iyengar			3217
<http://dbpedia.org/resource/Pankaj_Joshi_(physicist)>	Pankaj Joshi (physicist)	0.405	0	0	0	2	2	0	0	0	0	0	0	0	[]	False	False	False	True	Pankaj Joshi	0	0	Pankaj Joshi|Joshi			3218
<http://dbpedia.org/resource/Paolo_Di_Vecchia>	Paolo Di Vecchia	0.328315354310124	1	0	1	0	0	0	0	0	0	0	0	0	[]	False	False	False	True	Paolo Di Vecchia	0	0	Paolo Di Vecchia|Vecchia			3219
<http://dbpedia.org/resource/Paolo_Piccione>	Paolo Piccione	0.4296390904819986	0	1	1	2	0	0	0	0	0	0	0	0	[]	False	False	False	True	Paolo Piccione	0	0	Paolo Piccione|Piccione			3220
<http://dbpedia.org/resource/Parounak_Zelveian>	Parounak Zelveian	0.5325000000000001	0	0	0	1	2	0	0	0	0	0	0	0	[]	False	False	False	True	Parounak Zelveian	0	0	Parounak Zelveian|Zelveian			3221
<http://dbpedia.org/resource/Patricia_Benner>	Patricia Benner	0.3655197976857646	0	4	4	3	0	0	0	0	0	0	0	0	[]	False	False	False	True	Patricia Benner	0	0	Patricia Benner|Benner			3222
<http://dbpedia.org/resource/Patricia_McKinsey_Crittenden>	Patricia McKinsey Crittenden	0.3916198436509422	0	4	4	1	0	0	0	0	0	0	0	0	[]	False	False	False	True	Patricia McKinsey Crittenden	0	0	Patricia McKinsey Crittenden|Crittenden			3223
<http://dbpedia.org/resource/Patrick_Humphrey>	Patrick Humphrey	0.2775	0	0	0	1	1	0	0	0	0	0	0	0	[]	False	False	False	True	Patrick Humphrey	0	0	Patrick Humphrey|Humphrey			3224
<http://dbpedia.org/resource/Pattie_Maes>	Pattie Maes	0.281414777102465	0	0	0	1	3	0	0	0	0	0	0	0	[]	False	False	False	True	Pattie Maes	0	0	Pattie Maes|Maes			3225
<http://dbpedia.org/resource/Paul_A._Libby>	Paul A. Libby	0.2819493863467263	0	2	2	1	1	0	0	0	0	0	0	0	[]	False	False	False	True	Paul A. Libby	0	0	Paul A. Libby|Libby			3226
<http://dbpedia.org/resource/Paul_B._Preciado>	Paul B. Preciado	0.7264492706351732	0	6	6	0	0	0	0	0	0	0	0	0	[]	False	False	False	True	Paul B. Preciado	0	0	Paul B. Preciado|Preciado			3227
<http://dbpedia.org/resource/Paul_Bert>	Paul Bert	0.3034553571428572	0	2	2	1	1	0	0	0	0	0	0	0	[]	False	False	False	True	Paul Bert	0	0	Paul Bert|Bert			3228
<http://dbpedia.org/resource/Paul_Brouardel>	Paul Brouardel	0.2775	0	1	1	0	0	0	0	0	0	0	0	0	[]	False	False	False	True	Paul Brouardel	0	0	Paul Brouardel|Brouardel			3229
<http://dbpedia.org/resource/Paul_Busch_(physicist)>	Paul Busch (physicist)	0.2775	0	0	0	1	2	0	0	0	0	0	0	0	[]	False	False	False	True	Paul Busch	0	0	Paul Busch|Busch			3230
<http://dbpedia.org/resource/Paul_Davidson_(economist)>	Paul Davidson (economist)	0.2850850093310071	0	2	2	3	0	0	0	0	0	0	0	0	[Macroeconomics]	False	False	False	True	Paul Davidson	0	0	Paul Davidson			3231
<http://dbpedia.org/resource/Paul_Englund>	Paul Englund	0.29715625	0	0	0	0	1	0	0	0	0	0	0	0	[]	False	False	False	True	Paul Englund	0	0	Paul Englund|Englund			3232
<http://dbpedia.org/resource/Paul_Flory>	Paul Flory	0.2775	0	0	0	2	11	0	0	0	0	0	0	0	[]	False	False	False	True	Paul Flory	0	0	Paul Flory|Flory			3233
<http://dbpedia.org/resource/Paul_Gottfried>	Paul Gottfried	0.4912277340260657	1	8	9	0	0	0	0	0	0	0	0	0	[]	False	False	False	True	Paul Gottfried	0	0	Paul Gottfried|Gottfried			3234
<http://dbpedia.org/resource/Paul_Kalas>	Paul Kalas	0.297549375	0	0	0	2	3	0	0	0	0	0	0	0	[]	False	False	False	True	Paul Kalas	0	0	Paul Kalas|Kalas			3235
<http://dbpedia.org/resource/Paul_Kei_Matsuda>	Paul Kei Matsuda	0.2775	0	0	0	1	1	0	0	0	0	0	0	0	[]	False	False	False	True	Paul Kei Matsuda	0	0	Paul Kei Matsuda|Matsuda			3236
<http://dbpedia.org/resource/Paul_Leonardi>	Paul Leonardi	0.8951800180304108	0	6	6	3	0	0	0	0	0	0	0	0	[]	False	False	False	True	Paul Leonardi	0	0	Paul Leonardi|Leonardi			3237
<http://dbpedia.org/resource/Paul_Markowski>	Paul Markowski	0.3917737934027778	0	1	1	2	1	0	0	0	0	0	0	0	[]	False	False	False	True	Paul Markowski	0	0	Paul Markowski|Markowski			3238
<http://dbpedia.org/resource/Paul_McCulley>	Paul McCulley	0.3026090331998393	0	3	3	2	0	0	0	0	0	0	0	0	[Financial economics]	False	False	False	True	Paul McCulley	0	0	Paul McCulley|McCulley			3239
<http://dbpedia.org/resource/Paul_McHugh_(legal_scholar)>	Paul McHugh (legal scholar)	0.3569222885970631	0	1	1	1	0	0	0	0	0	0	0	0	[]	False	False	False	True	Paul McHugh	0	0	Paul McHugh|McHugh			3240
<http://dbpedia.org/resource/Paul_Monsky>	Paul Monsky	0.3135339860010845	0	0	0	2	2	0	0	0	0	0	0	0	[]	False	False	False	True	Paul Monsky	0	0	Paul Monsky|Monsky			3241
<http://dbpedia.org/resource/Paul_Otlet>	Paul Otlet	0.38375	16	3	19	2	1	0	0	0	0	0	0	0	[]	False	False	False	True	Paul Otlet	0	0	Paul Otlet|Otlet			3242
<http://dbpedia.org/resource/Paul_Resnick>	Paul Resnick	0.2775	0	0	0	2	2	0	0	0	0	0	0	0	[]	False	False	False	True	Paul Resnick	0	0	Paul Resnick|Resnick			3243
<http://dbpedia.org/resource/Paul_Sally>	Paul Sally	0.2840160481077528	0	0	0	3	1	0	0	0	0	0	0	0	[]	False	False	False	True	Paul Sally	0	0	Paul Sally|Sally			3244
<http://dbpedia.org/resource/Paul_T._Baker>	Paul T. Baker	0.3062760416666667	0	1	1	3	0	0	0	0	0	0	0	0	[]	False	False	False	True	Paul T. Baker	0	0	Paul T. Baker			3245
<http://dbpedia.org/resource/Paul_Viola>	Paul Viola	0.3549203906249999	0	0	0	1	1	0	0	0	0	0	0	0	[]	False	False	False	True	Paul Viola	0	0	Paul Viola|Viola			3246
<http://dbpedia.org/resource/Paul_Watzlawick>	Paul Watzlawick	0.4308571594635857	2	3	5	0	0	0	0	0	0	0	0	0	[]	False	False	False	True	Paul Watzlawick	0	0	Paul Watzlawick|Watzlawick			3247
<http://dbpedia.org/resource/Paul_Werbos>	Paul Werbos	0.3440596255095398	0	0	0	1	1	0	0	0	0	0	0	0	[]	False	False	False	True	Paul Werbos	0	0	Paul Werbos|Werbos			3248
<http://dbpedia.org/resource/Paul_Wolfowitz>	Paul Wolfowitz	0.2922538712158108	0	2	2	0	0	0	0	0	0	0	0	0	[]	False	False	False	True	Paul Wolfowitz	0	0	Paul Wolfowitz|Wolfowitz			3249
<http://dbpedia.org/resource/Paul-André_Meyer>	Paul-André Meyer	0.5441515103212228	0	3	3	1	2	0	0	0	0	0	0	0	[]	False	False	False	True	Paul-Andre Meyer	0	0	Paul-Andre Meyer			3250
<http://dbpedia.org/resource/Paula_Kahumbu>	Paula Kahumbu	0.2775	0	1	1	4	0	0	0	0	0	0	0	0	[]	False	False	False	True	Paula Kahumbu	0	0	Paula Kahumbu|Kahumbu			3251
<http://dbpedia.org/resource/Pavel_Cherenkov>	Pavel Cherenkov	0.2775	0	0	0	1	1	0	0	0	0	0	0	0	[]	False	False	False	True	Pavel Cherenkov	0	0	Pavel Cherenkov|Cherenkov			3252
<http://dbpedia.org/resource/Penn_&_Teller>	Penn & Teller	0.2775	0	0	0	0	3	0	0	0	0	0	0	0	[]	False	False	False	True	Penn & Teller	0	0	Penn & Teller|Teller			3253
<http://dbpedia.org/resource/Per_Enflo>	Per Enflo	0.2931547811806484	0	3	3	1	7	0	0	0	0	0	0	0	[]	False	False	False	True	Per Enflo	0	0	Per Enflo|Enflo			3254
<http://dbpedia.org/resource/Per-Olov_Löwdin>	Per-Olov Löwdin	0.2775	0	0	0	1	6	0	0	0	0	0	0	0	[]	False	False	False	True	Per-Olov Lowdin	0	0	Per-Olov Lowdin|Lowdin			3255
<http://dbpedia.org/resource/Percival_Bailey>	Percival Bailey	0.9515770158149844	1	12	13	3	0	0	0	0	0	0	0	0	[]	False	False	False	True	Percival Bailey	0	0	Percival Bailey			3256
<http://dbpedia.org/resource/Perry_Bartlett>	Perry Bartlett	0.2775	0	1	1	1	0	0	0	0	0	0	0	0	[]	False	False	False	True	Perry Bartlett	0	0	Perry Bartlett|Bartlett			3257
<http://dbpedia.org/resource/Persi_Diaconis>	Persi Diaconis	0.3415683393515483	1	1	2	0	1	0	0	0	0	0	0	0	[]	False	False	False	True	Persi Diaconis	0	0	Persi Diaconis|Diaconis			3258
<http://dbpedia.org/resource/Pervez_Hoodbhoy>	Pervez Hoodbhoy	0.4561069352016119	0	5	5	6	5	0	0	0	0	0	0	0	[]	False	False	False	True	Pervez Hoodbhoy	0	0	Pervez Hoodbhoy|Hoodbhoy			3259
<http://dbpedia.org/resource/Pervez_Musharraf>	Pervez Musharraf	0.3989571169299486	0	1	1	4	0	0	0	0	0	0	0	0	[]	False	False	False	True	Pervez Musharraf	0	0	Pervez Musharraf|Musharraf			3260
<http://dbpedia.org/resource/Peter_B._de_Menocal>	Peter B. de Menocal	0.2775	0	0	0	3	1	0	0	0	0	0	0	0	[]	False	False	False	True	Peter B. de Menocal	0	0	Peter B. de Menocal|Menocal			3261
<http://dbpedia.org/resource/Peter_Beilharz>	Peter Beilharz	0.2797202003860561	0	1	1	0	0	0	0	0	0	0	0	0	[]	False	False	False	True	Peter Beilharz	0	0	Peter Beilharz|Beilharz			3262
<http://dbpedia.org/resource/Peter_Blau>	Peter Blau	0.4528358882834927	1	5	6	0	0	0	0	0	0	0	0	0	[]	False	False	False	True	Peter Blau	0	0	Peter Blau|Blau			3263
<http://dbpedia.org/resource/Peter_Burney>	Peter Burney	0.2775	1	1	2	1	3	0	0	0	0	0	0	0	[]	False	False	False	True	Peter Burney	0	0	Peter Burney|Burney			3264
<http://dbpedia.org/resource/Peter_Forsskål>	Peter Forsskål	0.4428354707031251	0	3	3	0	0	0	0	0	0	0	0	0	[]	False	False	False	True	Peter Forsskal	0	0	Peter Forsskal|Forsskal			3265
<http://dbpedia.org/resource/Peter_Fulde>	Peter Fulde	0.2998320454160935	0	0	0	2	1	0	0	0	0	0	0	0	[]	False	False	False	True	Peter Fulde	0	0	Peter Fulde|Fulde			3266
<http://dbpedia.org/resource/Peter_G._Harrison>	Peter G. Harrison	0.3891315398451399	0	0	0	2	1	0	0	0	0	0	0	0	[]	False	False	False	True	Peter G. Harrison	0	0	Peter G. Harrison			3267
<http://dbpedia.org/resource/Peter_Gacs>	Peter Gacs	0.2775	0	0	0	3	1	0	0	0	0	0	0	0	[]	False	False	False	True	Peter Gacs	0	0	Peter Gacs|Gacs			3268
<http://dbpedia.org/resource/Peter_Gelderloos>	Peter Gelderloos	0.5099554933393832	0	1	1	0	0	0	0	0	0	0	0	0	[]	False	False	False	True	Peter Gelderloos	0	0	Peter Gelderloos|Gelderloos			3269
<http://dbpedia.org/resource/Peter_Grünberg>	Peter Grünberg	0.3954375	0	0	0	1	1	0	0	0	0	0	0	0	[]	False	False	False	True	Peter Grunberg	0	0	Peter Grunberg|Grunberg			3270
<http://dbpedia.org/resource/Peter_Gustav_Lejeune_Dirichlet>	Peter Gustav Lejeune Dirichlet	0.3075153689379318	4	0	4	0	1	0	0	0	0	0	0	0	[]	False	False	False	True	Peter Gustav Lejeune Dirichlet	0	0	Peter Gustav Lejeune Dirichlet|Dirichlet			3271
<http://dbpedia.org/resource/Peter_Hallward>	Peter Hallward	0.495652723182089	0	11	11	0	0	0	0	0	0	0	0	0	[]	False	False	False	True	Peter Hallward	0	0	Peter Hallward|Hallward			3272
<http://dbpedia.org/resource/Peter_Hujar>	Peter Hujar	0.2775	1	1	2	0	0	0	0	0	0	0	0	0	[]	False	False	False	True	Peter Hujar	0	0	Peter Hujar|Hujar			3273
<http://dbpedia.org/resource/Peter_Huxley-Blythe__Peter_Huxley-Blythe__1>	Peter Huxley-Blythe  Peter Huxley-Blythe  1	0.3893744879627238	3	2	5	0	0	0	0	0	0	0	0	0	[]	False	False	False	True	Peter Huxley-Blythe	0	0	Peter Huxley-Blythe|Huxley-Blythe			3274
<http://dbpedia.org/resource/Peter_J._Denning>	Peter J. Denning	0.309375	0	0	0	2	4	0	0	0	0	0	0	0	[]	False	False	False	True	Peter J. Denning	0	0	Peter J. Denning|Denning			3275
<http://dbpedia.org/resource/Peter_J._Young>	Peter J. Young	0.2775	0	0	0	1	2	0	0	0	0	0	0	0	[]	False	False	False	True	Peter J. Young	0	0	Peter J. Young			3276
<http://dbpedia.org/resource/Peter_K._Manning>	Peter K. Manning	0.3137041634515252	0	3	3	3	3	0	0	0	0	0	0	0	[]	False	False	False	True	Peter K. Manning	0	0	Peter K. Manning			3277
<http://dbpedia.org/resource/Peter_Kreeft>	Peter Kreeft	1.0857371854159152	0	12	12	0	0	0	0	0	0	0	0	0	[]	False	False	False	True	Peter Kreeft	0	0	Peter Kreeft|Kreeft			3278
<http://dbpedia.org/resource/Peter_Lambeck>	Peter Lambeck	0.5325000000000001	0	3	3	2	0	0	0	0	0	0	0	0	[]	False	False	False	True	Peter Lambeck	0	0	Peter Lambeck|Lambeck			3279
<http://dbpedia.org/resource/Peter_Lamborn_Wilson>	Peter Lamborn Wilson	1.768980821741623	2	11	13	0	0	0	0	0	0	0	0	0	[]	False	False	False	True	Peter Lamborn Wilson	0	0	Peter Lamborn Wilson			3280
<http://dbpedia.org/resource/Peter_Landrock>	Peter Landrock	0.4503981741066682	0	0	0	2	1	0	0	0	0	0	0	0	[]	False	False	False	True	Peter Landrock	0	0	Peter Landrock|Landrock			3281
<http://dbpedia.org/resource/Peter_Lax>	Peter Lax	0.2938274841774729	0	0	0	2	11	0	0	0	0	0	0	0	[]	False	False	False	True	Peter Lax	0	0	Peter Lax			3282
<http://dbpedia.org/resource/Peter_Leeson>	Peter Leeson	0.4280254737477859	0	7	7	2	0	0	0	0	0	0	0	0	[Economics]	False	False	False	True	Peter Leeson	0	0	Peter Leeson|Leeson			3283
<http://dbpedia.org/resource/Peter_Lu>	Peter Lu	0.3563674208426399	0	0	0	2	5	0	0	0	0	0	0	0	[]	False	False	False	True	Peter Lu	0	0	Peter Lu			3284
<http://dbpedia.org/resource/Peter_Montgomery_(mathematician)>	Peter Montgomery (mathematician)	0.2775	0	0	0	2	3	0	0	0	0	0	0	0	[]	False	False	False	True	Peter Montgomery	0	0	Peter Montgomery			3285
<http://dbpedia.org/resource/Peter_Reinhard_Hansen>	Peter Reinhard Hansen	0.4243206434865382	0	4	4	2	0	0	0	0	0	0	0	0	[Econometrics]	False	False	False	True	Peter Reinhard Hansen	0	0	Peter Reinhard Hansen			3286
<http://dbpedia.org/resource/Peter_Rollins>	Peter Rollins	1.0253629688687027	5	15	20	0	0	0	0	0	0	0	0	0	[]	False	False	False	True	Peter Rollins	0	0	Peter Rollins|Rollins			3287
<http://dbpedia.org/resource/Peter_Sarnak>	Peter Sarnak	0.4615754139243938	0	3	3	2	1	0	0	0	0	0	0	0	[]	False	False	False	True	Peter Sarnak	0	0	Peter Sarnak|Sarnak			3288
<http://dbpedia.org/resource/Peter_Schönemann>	Peter Schönemann	5.122426101480103	0	0	0	0	1	0	0	0	0	0	0	0	[]	False	False	False	True	Peter Schonemann	0	0	Peter Schonemann|Schonemann			3289
<http://dbpedia.org/resource/Peter_Sterling_(neuroscientist)>	Peter Sterling (neuroscientist)	0.4130425848369105	0	0	0	3	1	0	0	0	0	0	0	0	[]	False	False	False	True	Peter Sterling	0	0	Peter Sterling|Sterling			3290
<http://dbpedia.org/resource/Peter_Struve>	Peter Struve	0.4565262865616704	4	9	13	0	0	0	0	0	0	0	0	0	[]	False	False	False	True	Peter Struve	0	0	Peter Struve|Struve			3291
<http://dbpedia.org/resource/Peter_Trapa>	Peter Trapa	0.3950140774002425	0	3	3	0	0	0	0	0	0	0	0	0	[]	False	False	False	True	Peter Trapa	0	0	Peter Trapa|Trapa			3292
<http://dbpedia.org/resource/Peter_Weingart>	Peter Weingart	0.2775	1	0	1	1	0	0	0	0	0	0	0	0	[]	False	False	False	True	Peter Weingart	0	0	Peter Weingart|Weingart			3293
<http://dbpedia.org/resource/Peter_Wessel_Zapffe>	Peter Wessel Zapffe	0.3830187123467231	2	6	8	0	0	0	0	0	0	0	0	0	[]	False	False	False	True	Peter Wessel Zapffe	0	0	Peter Wessel Zapffe|Zapffe			3294
<http://dbpedia.org/resource/Peter_Whittle_(mathematician)>	Peter Whittle (mathematician)	0.4056005621202432	3	2	5	2	10	0	0	0	0	0	0	0	[]	False	False	False	True	Peter Whittle	0	0	Peter Whittle|Whittle			3295
<http://dbpedia.org/resource/Petr_Chelčický>	Petr Chelčický	0.6281035708508025	4	5	9	0	0	0	0	0	0	0	0	0	[]	False	False	False	True	Petr Chelcicky	0	0	Petr Chelcicky|Chelcicky			3296
<http://dbpedia.org/resource/Petr_Vaníček>	Petr Vaníček	0.2775	0	0	0	2	3	0	0	0	0	0	0	0	[]	False	False	False	True	Petr Vanicek	0	0	Petr Vanicek|Vanicek			3297
<http://dbpedia.org/resource/Petra_Bonfert-Taylor>	Petra Bonfert-Taylor	0.285489937874377	0	0	0	1	1	0	0	0	0	0	0	0	[]	False	False	False	True	Petra Bonfert-Taylor	0	0	Petra Bonfert-Taylor|Bonfert-Taylor			3298
<http://dbpedia.org/resource/Philip_Coppens_(chemist)>	Philip Coppens (chemist)	0.2866933624133895	0	0	0	1	1	0	0	0	0	0	0	0	[]	False	False	False	True	Philip Coppens	0	0	Philip Coppens|Coppens			3299
<http://dbpedia.org/resource/Philip_Hefner>	Philip Hefner	0.405	0	2	2	0	0	0	0	0	0	0	0	0	[]	False	False	False	True	Philip Hefner	0	0	Philip Hefner|Hefner			3300
<http://dbpedia.org/resource/Philip_Kutzko>	Philip Kutzko	0.2775	0	0	0	1	1	0	0	0	0	0	0	0	[]	False	False	False	True	Philip Kutzko	0	0	Philip Kutzko|Kutzko			3301
<http://dbpedia.org/resource/Philip_Lindholm>	Philip Lindholm	0.3494485779214821	0	3	3	0	0	0	0	0	0	0	0	0	[]	False	False	False	True	Philip Lindholm	0	0	Philip Lindholm|Lindholm			3302
<http://dbpedia.org/resource/Philip_Novak>	Philip Novak	0.3265626795882179	0	1	1	0	0	0	0	0	0	0	0	0	[]	False	False	False	True	Philip Novak	0	0	Philip Novak|Novak			3303
<http://dbpedia.org/resource/Philip_Paul>	Philip Paul	1.8445425214324185	0	0	0	0	1	0	0	0	0	0	0	0	[]	False	False	False	True	Philip Paul	0	0	Philip Paul			3304
<http://dbpedia.org/resource/Philip_Pilkington>	Philip Pilkington	0.3164496757703675	0	6	6	0	0	0	0	0	0	0	0	0	[Monetary economics]	False	False	False	True	Philip Pilkington	0	0	Philip Pilkington|Pilkington			3305
<http://dbpedia.org/resource/Philip_R._Goode>	Philip R. Goode	0.303	0	2	2	2	2	0	0	0	0	0	0	0	[]	False	False	False	True	Philip R. Goode	0	0	Philip R. Goode|Goode			3306
<http://dbpedia.org/resource/Philipp_Heck>	Philipp Heck	0.3137610722001885	0	1	1	0	0	0	0	0	0	0	0	0	[]	False	False	False	True	Philipp Heck	0	0	Philipp Heck			3307
<http://dbpedia.org/resource/Philipp_Koehn>	Philipp Koehn	0.2775	0	0	0	4	2	0	0	0	0	0	0	0	[]	False	False	False	True	Philipp Koehn	0	0	Philipp Koehn|Koehn			3308
<http://dbpedia.org/resource/Philipp_Rosemann>	Philipp Rosemann	0.3022603102036371	0	4	4	0	0	0	0	0	0	0	0	0	[]	False	False	False	True	Philipp Rosemann	0	0	Philipp Rosemann|Rosemann			3309
<http://dbpedia.org/resource/Philippa_Fawcett>	Philippa Fawcett	0.2775	0	0	0	1	1	0	0	0	0	0	0	0	[]	False	False	False	True	Philippa Fawcett	0	0	Philippa Fawcett|Fawcett			3310
<http://dbpedia.org/resource/Philippe_Descola>	Philippe Descola	0.3097871349661656	0	3	3	0	0	0	0	0	0	0	0	0	[]	False	False	False	True	Philippe Descola	0	0	Philippe Descola|Descola			3311
<http://dbpedia.org/resource/Philippe-Joseph_Salazar>	Philippe-Joseph Salazar	0.4388272870375116	0	5	5	0	0	0	0	0	0	0	0	0	[]	False	False	False	True	Philippe-Joseph Salazar	0	0	Philippe-Joseph Salazar			3312
<http://dbpedia.org/resource/Phyllis_Kaberry>	Phyllis Kaberry	0.2986715172846054	1	2	3	0	0	0	0	0	0	0	0	0	[]	False	False	False	True	Phyllis Kaberry	0	0	Phyllis Kaberry|Kaberry			3313
<http://dbpedia.org/resource/Phyllis_Stern>	Phyllis Stern	0.41475344884039	0	2	2	0	0	0	0	0	0	0	0	0	[]	False	False	False	True	Phyllis Stern	0	0	Phyllis Stern|Stern			3314
<http://dbpedia.org/resource/Phyllis_Tickle>	Phyllis Tickle	0.3243116376524768	0	1	1	0	0	0	0	0	0	0	0	0	[]	False	False	False	True	Phyllis Tickle	0	0	Phyllis Tickle|Tickle			3315
<http://dbpedia.org/resource/Pief_Panofsky>	Pief Panofsky	0.2775	0	0	0	1	1	0	0	0	0	0	0	0	[]	False	False	False	True	Pief Panofsky	0	0	Pief Panofsky|Panofsky			3316
<http://dbpedia.org/resource/Pierre_Adet>	Pierre Adet	0.2940675889764386	0	1	1	0	0	0	0	0	0	0	0	0	[]	False	False	False	True	Pierre Adet	0	0	Pierre Adet|Adet			3317
<http://dbpedia.org/resource/Pierre_Antoine_Delalande>	Pierre Antoine Delalande	0.403512526528007	0	2	2	0	0	0	0	0	0	0	0	0	[]	False	False	False	True	Pierre Antoine Delalande	0	0	Pierre Antoine Delalande|Delalande			3318
<http://dbpedia.org/resource/Pierre_Boutang>	Pierre Boutang	0.3372331685513489	0	3	3	0	0	0	0	0	0	0	0	0	[]	False	False	False	True	Pierre Boutang	0	0	Pierre Boutang|Boutang			3319
<http://dbpedia.org/resource/Pierre_Charles_L'Enfant>	Pierre Charles L'Enfant	0.2775	0	0	0	0	1	0	0	0	0	0	0	0	[]	False	False	False	True	Pierre Charles L'Enfant	0	0	Pierre Charles L'Enfant|L'Enfant			3320
<http://dbpedia.org/resource/Pierre_Clastres>	Pierre Clastres	0.3866915988386045	2	8	10	1	1	0	0	0	0	0	0	0	[]	False	False	False	True	Pierre Clastres	0	0	Pierre Clastres|Clastres			3321
<http://dbpedia.org/resource/Pierre_Fatou>	Pierre Fatou	0.2967313025796238	0	0	0	1	3	0	0	0	0	0	0	0	[]	False	False	False	True	Pierre Fatou	0	0	Pierre Fatou|Fatou			3322
<http://dbpedia.org/resource/Pierre_Louis_Maupertuis>	Pierre Louis Maupertuis	0.3784055913695729	5	7	12	0	2	0	0	0	0	0	0	0	[]	False	False	False	True	Pierre Louis Maupertuis	0	0	Pierre Louis Maupertuis|Maupertuis			3323
<http://dbpedia.org/resource/Pieter_Kasteleyn>	Pieter Kasteleyn	0.405	0	0	0	1	4	0	0	0	0	0	0	0	[]	False	False	False	True	Pieter Kasteleyn	0	0	Pieter Kasteleyn|Kasteleyn			3324
<http://dbpedia.org/resource/Pieter_van_Musschenbroek>	Pieter van Musschenbroek	0.387411209552041	1	0	1	1	3	0	0	0	0	0	0	0	[]	False	False	False	True	Pieter van Musschenbroek	0	0	Pieter van Musschenbroek|Musschenbroek			3325
<http://dbpedia.org/resource/Piotr_Piecuch>	Piotr Piecuch	0.51125	0	0	0	1	2	0	0	0	0	0	0	0	[]	False	False	False	True	Piotr Piecuch	0	0	Piotr Piecuch|Piecuch			3326
<http://dbpedia.org/resource/Piotr_Słonimski>	Piotr Słonimski	0.4039375	0	0	0	0	1	0	0	0	0	0	0	0	[]	False	False	False	True	Piotr Słonimski	0	0	Piotr Słonimski|Słonimski			3327
<http://dbpedia.org/resource/Platon_Kostiuk>	Platon Kostiuk	0.2975148285772931	0	1	1	2	0	0	0	0	0	0	0	0	[]	False	False	False	True	Platon Kostiuk	0	0	Platon Kostiuk|Kostiuk			3328
<http://dbpedia.org/resource/Plinio_Corrêa_de_Oliveira>	Plinio Corrêa de Oliveira	1.4273651183220526	1	11	12	0	0	0	0	0	0	0	0	0	[]	False	False	False	True	Plinio Correa de Oliveira	0	0	Plinio Correa de Oliveira|Oliveira			3329
<http://dbpedia.org/resource/Polly_Arnold>	Polly Arnold	0.540758172283578	0	3	3	2	0	0	0	0	0	0	0	0	[]	False	False	False	True	Polly Arnold	0	0	Polly Arnold			3330
<http://dbpedia.org/resource/Polly_Strong>	Polly Strong	0.2775	0	0	0	0	2	0	0	0	0	0	0	0	[]	False	False	False	True	Polly Strong	0	0	Polly Strong|Strong			3331
<http://dbpedia.org/resource/Pran_Nath_(physicist)>	Pran Nath (physicist)	0.2775	0	0	0	2	1	0	0	0	0	0	0	0	[]	False	False	False	True	Pran Nath	0	0	Pran Nath|Nath			3332
<http://dbpedia.org/resource/Prasanta_Chandra_Mahalanobis>	Prasanta Chandra Mahalanobis	0.2775	1	0	1	2	2	0	0	0	0	0	0	0	[]	False	False	False	True	Prasanta Chandra Mahalanobis	0	0	Prasanta Chandra Mahalanobis|Mahalanobis			3333
<http://dbpedia.org/resource/Preda_Mihăilescu>	Preda Mihăilescu	0.3155802866987957	0	0	0	1	1	0	0	0	0	0	0	0	[]	False	False	False	True	Preda Mihailescu	0	0	Preda Mihailescu|Mihailescu			3334
<http://dbpedia.org/resource/Predrag_Finci>	Predrag Finci	0.3531764115778807	0	8	8	0	0	0	0	0	0	0	0	0	[]	False	False	False	True	Predrag Finci	0	0	Predrag Finci|Finci			3335
<http://dbpedia.org/resource/Predrag_Palavestra>	Predrag Palavestra	0.5442580829897417	0	1	1	1	0	0	0	0	0	0	0	0	[]	False	False	False	True	Predrag Palavestra	0	0	Predrag Palavestra|Palavestra			3336
<http://dbpedia.org/resource/Prem_Saran_Satsangi>	Prem Saran Satsangi	0.46875	0	3	3	4	1	0	0	0	0	0	0	0	[]	False	False	False	True	Prem Saran Satsangi	0	0	Prem Saran Satsangi|Satsangi			3337
<http://dbpedia.org/resource/Preston_Cloud>	Preston Cloud	0.2775	0	0	0	2	3	0	0	0	0	0	0	0	[]	False	False	False	True	Preston Cloud	0	0	Preston Cloud|Cloud			3338
<http://dbpedia.org/resource/Primavera_De_Filippi>	Primavera De Filippi	0.4475	0	3	3	3	0	0	0	0	0	0	0	0	[]	False	False	False	True	Primavera De Filippi	0	0	Primavera De Filippi|Filippi			3339
<http://dbpedia.org/resource/Prochoros_Kydones>	Prochoros Kydones	0.5318211700325873	1	1	2	0	0	0	0	0	0	0	0	0	[]	False	False	False	True	Prochoros Kydones	0	0	Prochoros Kydones			3340
<http://dbpedia.org/resource/Prudence_Allen>	Prudence Allen	0.3239097219060476	0	1	1	0	0	0	0	0	0	0	0	0	[]	False	False	False	True	Prudence Allen	0	0	Prudence Allen			3341
<http://dbpedia.org/resource/Pyotr_Gannushkin>	Pyotr Gannushkin	0.7525483745164907	1	5	6	1	1	0	0	0	0	0	0	0	[]	False	False	False	True	Pyotr Gannushkin	0	0	Pyotr Gannushkin|Gannushkin			3342
<http://dbpedia.org/resource/Qasim_Mehdi>	Qasim Mehdi	0.3098022192181487	0	2	2	3	2	0	0	0	0	0	0	0	[]	False	False	False	True	Qasim Mehdi	0	0	Qasim Mehdi|Mehdi			3343
<http://dbpedia.org/resource/R._Graham_Cooks>	R. Graham Cooks	0.2775	0	0	0	2	1	0	0	0	0	0	0	0	[]	False	False	False	True	R. Graham Cooks	0	0	R. Graham Cooks|Cooks			3344
<http://dbpedia.org/resource/R._Palmer_Beasley>	R. Palmer Beasley	0.2775	0	0	0	1	2	0	0	0	0	0	0	0	[]	False	False	False	True	R. Palmer Beasley	0	0	R. Palmer Beasley|Beasley			3345
<http://dbpedia.org/resource/R._Tucker_Abbott>	R. Tucker Abbott	0.3509142500530245	0	1	1	2	0	0	0	0	0	0	0	0	[]	False	False	False	True	R. Tucker Abbott	0	0	R. Tucker Abbott			3346
<http://dbpedia.org/resource/Rachel_Bluwstein>	Rachel Bluwstein	13.94513757763774	0	1	1	0	0	0	0	0	0	0	0	0	[]	False	False	False	True	Rachel Bluwstein	0	0	Rachel Bluwstein|Bluwstein			3347
<http://dbpedia.org/resource/Radoslav_Katičić>	Radoslav Katičić	0.2775	0	1	1	0	0	0	0	0	0	0	0	0	[]	False	False	False	True	Radoslav Katicic	0	0	Radoslav Katicic|Katicic			3348
<http://dbpedia.org/resource/Radovan_Nastić>	Radovan Nastić	0.576861793439825	0	1	1	0	0	0	0	0	0	0	0	0	[]	False	False	False	True	Radovan Nastic	0	0	Radovan Nastic|Nastic			3349
<http://dbpedia.org/resource/Rafael_Gambra_Ciudad>	Rafael Gambra Ciudad	1.050301874433597	0	9	9	0	0	0	0	0	0	0	0	0	[]	False	False	False	True	Rafael Gambra Ciudad	0	0	Rafael Gambra Ciudad|Ciudad			3350
<http://dbpedia.org/resource/Raghavan_Varadarajan>	Raghavan Varadarajan	0.3083457320305234	0	0	0	0	1	0	0	0	0	0	0	0	[]	False	False	False	True	Raghavan Varadarajan	0	0	Raghavan Varadarajan|Varadarajan			3351
<http://dbpedia.org/resource/Ragnar_Fjørtoft>	Ragnar Fjørtoft	0.4527358476560312	3	4	7	0	0	0	0	0	0	0	0	0	[]	False	False	False	True	Ragnar Fjørtoft	0	0	Ragnar Fjørtoft|Fjørtoft			3352
<http://dbpedia.org/resource/Raina_MacIntyre>	Raina MacIntyre	0.405	0	1	1	0	0	0	0	0	0	0	0	0	[]	False	False	False	True	Raina MacIntyre	0	0	Raina MacIntyre			3353
<http://dbpedia.org/resource/Ralf_Dahrendorf__yes__1>	Ralf Dahrendorf  yes  1	0.2837413218977199	0	5	5	0	0	0	0	0	0	0	0	0	[]	False	False	False	True	Ralf Dahrendorf yes	0	0	Ralf Dahrendorf yes			3354
<http://dbpedia.org/resource/Ralph_Abraham_(mathematician)>	Ralph Abraham (mathematician)	0.3272444052546151	0	1	1	1	0	0	0	0	0	0	0	0	[]	False	False	False	True	Ralph Abraham	0	0	Ralph Abraham			3355
<http://dbpedia.org/resource/Ralph_M._Steinman>	Ralph M. Steinman	0.405	1	0	1	2	0	0	0	0	0	0	0	0	[]	False	False	False	True	Ralph M. Steinman	0	0	Ralph M. Steinman|Steinman			3356
<http://dbpedia.org/resource/Ralph_McKenzie>	Ralph McKenzie	0.2829228847925679	0	1	1	1	0	0	0	0	0	0	0	0	[]	False	False	False	True	Ralph McKenzie	0	0	Ralph McKenzie|McKenzie			3357
<http://dbpedia.org/resource/Ralph_W._Gerard>	Ralph W. Gerard	0.4432488682295926	0	4	4	1	3	0	0	0	0	0	0	0	[]	False	False	False	True	Ralph W. Gerard	0	0	Ralph W. Gerard|Gerard			3358
<http://dbpedia.org/resource/Ralph_Walter_Graystone_Wyckoff>	Ralph Walter Graystone Wyckoff	0.2775	1	0	1	2	2	0	0	0	0	0	0	0	[]	False	False	False	True	Ralph Walter Graystone Wyckoff	0	0	Ralph Walter Graystone Wyckoff|Wyckoff			3359
<http://dbpedia.org/resource/Ram_Samudrala>	Ram Samudrala	0.2957142857142857	0	0	0	3	2	0	0	0	0	0	0	0	[]	False	False	False	True	Ram Samudrala	0	0	Ram Samudrala|Samudrala			3360
<http://dbpedia.org/resource/Rama_Cont>	Rama Cont	0.4215693091047258	0	1	1	1	2	0	0	0	0	0	0	0	[]	False	False	False	True	Rama Cont	0	0	Rama Cont|Cont			3361
<http://dbpedia.org/resource/Ramesh_Sitaraman>	Ramesh Sitaraman	0.2946156068590272	0	0	0	2	1	0	0	0	0	0	0	0	[]	False	False	False	True	Ramesh Sitaraman	0	0	Ramesh Sitaraman|Sitaraman			3362
<http://dbpedia.org/resource/Ramón_Rosa>	Ramón Rosa	0.3064964855147427	0	1	1	1	0	0	0	0	0	0	0	0	[]	False	False	False	True	Ramon Rosa	0	0	Ramon Rosa|Rosa			3363
<http://dbpedia.org/resource/Ran_Nathan>	Ran Nathan	0.405	0	0	0	2	1	0	0	0	0	0	0	0	[]	False	False	False	True	Ran Nathan	0	0	Ran Nathan			3364
<http://dbpedia.org/resource/Randall_Kamien>	Randall Kamien	0.2775	0	0	0	2	3	0	0	0	0	0	0	0	[]	False	False	False	True	Randall Kamien	0	0	Randall Kamien|Kamien			3365
<http://dbpedia.org/resource/Randall_Schweller>	Randall Schweller	0.319988585703224	0	2	2	0	0	0	0	0	0	0	0	0	[]	False	False	False	True	Randall Schweller	0	0	Randall Schweller|Schweller			3366
<http://dbpedia.org/resource/Randy_Buckner>	Randy Buckner	0.2775	0	0	0	1	4	0	0	0	0	0	0	0	[]	False	False	False	True	Randy Buckner	0	0	Randy Buckner|Buckner			3367
<http://dbpedia.org/resource/Raoul_Wallenberg>	Raoul Wallenberg	0.2775	0	0	0	1	1	0	0	0	0	0	0	0	[]	False	False	False	True	Raoul Wallenberg	0	0	Raoul Wallenberg|Wallenberg			3368
<http://dbpedia.org/resource/Raphael_Tsu>	Raphael Tsu	0.405	0	0	0	0	1	0	0	0	0	0	0	0	[]	False	False	False	True	Raphael Tsu	0	0	Raphael Tsu			3369
<http://dbpedia.org/resource/Raul_Jimenez_Tellado>	Raul Jimenez Tellado	0.5049109306563122	0	0	0	2	2	0	0	0	0	0	0	0	[]	False	False	False	True	Raul Jimenez Tellado	0	0	Raul Jimenez Tellado|Tellado			3370
<http://dbpedia.org/resource/Ravi_Batra>	Ravi Batra	0.2775	0	1	1	2	0	0	0	0	0	0	0	0	[Macroeconomics, International economics]	False	False	False	True	Ravi Batra	0	0	Ravi Batra|Batra			3371
<http://dbpedia.org/resource/Ray_Brassier>	Ray Brassier	1.268388591927725	1	12	13	0	0	0	0	0	0	0	0	0	[]	False	False	False	True	Ray Brassier	0	0	Ray Brassier|Brassier			3372
<http://dbpedia.org/resource/Ray_Ellin>	Ray Ellin	1.0605625000000003	0	9	9	0	0	0	0	0	0	0	0	0	[]	False	False	False	True	Ray Ellin	0	0	Ray Ellin|Ellin			3373
<http://dbpedia.org/resource/Ray_Lankester>	Ray Lankester	0.3756462713012137	4	3	7	2	1	0	0	0	0	0	0	0	[]	False	False	False	True	Ray Lankester	0	0	Ray Lankester|Lankester			3374
<http://dbpedia.org/resource/Ray_Romano>	Ray Romano	0.3593125	0	2	2	0	0	0	0	0	0	0	0	0	[]	False	False	False	True	Ray Romano	0	0	Ray Romano|Romano			3375
<http://dbpedia.org/resource/Raymond_Cattell>	Raymond Cattell	35.09947836338896	0	0	0	1	3	0	0	0	0	0	0	0	[]	False	False	False	True	Raymond Cattell	0	0	Raymond Cattell|Cattell			3376
<http://dbpedia.org/resource/Raymond_Fancher>	Raymond Fancher	0.3052135769913864	0	2	2	0	0	0	0	0	0	0	0	0	[]	False	False	False	True	Raymond Fancher	0	0	Raymond Fancher|Fancher			3377
<http://dbpedia.org/resource/Raymond_J._Carroll>	Raymond J. Carroll	0.2775	0	0	0	2	2	0	0	0	0	0	0	0	[]	False	False	False	True	Raymond J. Carroll	0	0	Raymond J. Carroll			3378
<http://dbpedia.org/resource/Raymond_O._Faulkner>	Raymond O. Faulkner	0.2775	0	2	2	2	0	0	0	0	0	0	0	0	[]	False	False	False	True	Raymond O. Faulkner	0	0	Raymond O. Faulkner|Faulkner			3379
<http://dbpedia.org/resource/Raymond_Ogden>	Raymond Ogden	0.2775	0	0	0	1	2	0	0	0	0	0	0	0	[]	False	False	False	True	Raymond Ogden	0	0	Raymond Ogden|Ogden			3380
<http://dbpedia.org/resource/Raymond_W._Yeung>	Raymond W. Yeung	0.2775	0	0	0	0	2	0	0	0	0	0	0	0	[]	False	False	False	True	Raymond W. Yeung	0	0	Raymond W. Yeung|Yeung			3381
<http://dbpedia.org/resource/Reginald_Aldworth_Daly>	Reginald Aldworth Daly	0.2775	1	0	1	2	0	0	0	0	0	0	0	0	[]	False	False	False	True	Reginald Aldworth Daly	0	0	Reginald Aldworth Daly|Daly			3382
<http://dbpedia.org/resource/Regnier_de_Graaf>	Regnier de Graaf	0.3165665040535007	1	1	2	0	3	0	0	0	0	0	0	0	[]	False	False	False	True	Regnier de Graaf	0	0	Regnier de Graaf|Graaf			3383
<http://dbpedia.org/resource/Reiner_Grundmann>	Reiner Grundmann	0.6778186980189971	0	4	4	1	0	0	0	0	0	0	0	0	[]	False	False	False	True	Reiner Grundmann	0	0	Reiner Grundmann|Grundmann			3384
<http://dbpedia.org/resource/Rembert_Dodoens>	Rembert Dodoens	0.5325000000000001	0	3	3	1	1	0	0	0	0	0	0	0	[]	False	False	False	True	Rembert Dodoens	0	0	Rembert Dodoens|Dodoens			3385
<http://dbpedia.org/resource/Ren-Chang_Ching>	Ren-Chang Ching	0.405	0	1	1	0	0	0	0	0	0	0	0	0	[]	False	False	False	True	Ren-Chang Ching	0	0	Ren-Chang Ching|Ching			3386
<http://dbpedia.org/resource/René_Girard>	René Girard	0.9294477757482256	8	15	23	0	2	0	0	0	0	0	0	0	[]	False	False	False	True	Rene Girard	0	0	Rene Girard|Girard			3387
<http://dbpedia.org/resource/René_Guénon>	René Guénon	0.4228444278118554	27	9	36	0	0	0	0	0	0	0	0	0	[]	False	False	False	True	Rene Guenon	0	0	Rene Guenon|Guenon			3388
<http://dbpedia.org/resource/Renzo_Novatore>	Renzo Novatore	0.302958597253734	3	8	11	0	0	0	0	0	0	0	0	0	[]	False	False	False	True	Renzo Novatore	0	0	Renzo Novatore|Novatore			3389
<http://dbpedia.org/resource/Rey_Chow>	Rey Chow	0.7542691130094962	0	8	8	0	0	0	0	0	0	0	0	0	[]	False	False	False	True	Rey Chow	0	0	Rey Chow|Chow			3390
<http://dbpedia.org/resource/Reza_Negarestani>	Reza Negarestani	1.697159492830632	0	9	9	0	0	0	0	0	0	0	0	0	[]	False	False	False	True	Reza Negarestani	0	0	Reza Negarestani|Negarestani			3391
<http://dbpedia.org/resource/Rhiju_Das>	Rhiju Das	0.3723193156575521	0	0	0	5	1	0	0	0	0	0	0	0	[]	False	False	False	True	Rhiju Das	0	0	Rhiju Das			3392
<http://dbpedia.org/resource/Ricardo_López_Murphy>	Ricardo López Murphy	0.3064964855147427	0	1	1	2	0	0	0	0	0	0	0	0	[]	False	False	False	True	Ricardo Lopez Murphy	0	0	Ricardo Lopez Murphy			3393
<http://dbpedia.org/resource/Ricardo_Reis>	Ricardo Reis	0.3376314778111542	0	2	2	2	0	0	0	0	0	0	0	0	[Macroeconomics]	False	False	False	True	Ricardo Reis	0	0	Ricardo Reis|Reis			3394
<http://dbpedia.org/resource/Richard_Adolf_Zsigmondy>	Richard Adolf Zsigmondy	0.3004469764230846	1	1	2	2	0	0	0	0	0	0	0	0	[]	False	False	False	True	Richard Adolf Zsigmondy	0	0	Richard Adolf Zsigmondy|Zsigmondy			3395
<http://dbpedia.org/resource/Richard_Alley>	Richard Alley	0.2775	0	0	0	2	3	0	0	0	0	0	0	0	[]	False	False	False	True	Richard Alley	0	0	Richard Alley|Alley			3396
<http://dbpedia.org/resource/Richard_B._Spencer>	Richard B. Spencer	0.8866009368811896	0	1	1	0	0	0	0	0	0	0	0	0	[]	False	False	False	True	Richard B. Spencer	0	0	Richard B. Spencer			3397
<http://dbpedia.org/resource/Richard_Bandler>	Richard Bandler	0.3386724269558736	0	2	2	0	1	0	0	0	0	0	0	0	[]	False	False	False	True	Richard Bandler	0	0	Richard Bandler|Bandler			3398
<http://dbpedia.org/resource/Richard_Baraniuk>	Richard Baraniuk	0.405	0	0	0	3	5	0	0	0	0	0	0	0	[]	False	False	False	True	Richard Baraniuk	0	0	Richard Baraniuk|Baraniuk			3399
<http://dbpedia.org/resource/Richard_Blanton>	Richard Blanton	0.2775	0	0	0	1	1	0	0	0	0	0	0	0	[]	False	False	False	True	Richard Blanton	0	0	Richard Blanton|Blanton			3400
<http://dbpedia.org/resource/Richard_Coates>	Richard Coates	0.915	0	0	0	1	3	0	0	0	0	0	0	0	[]	False	False	False	True	Richard Coates	0	0	Richard Coates|Coates			3401
<http://dbpedia.org/resource/Richard_Cytowic>	Richard Cytowic	0.4360452246085098	0	2	2	3	1	0	0	0	0	0	0	0	[]	False	False	False	True	Richard Cytowic	0	0	Richard Cytowic|Cytowic			3402
<http://dbpedia.org/resource/Richard_D._Wolff>	Richard D. Wolff	0.6019997139620078	2	11	13	2	0	0	0	0	0	0	0	0	[Political economy, Marxian economics, International affairs]	False	False	False	True	Richard D. Wolff	0	0	Richard D. Wolff			3403
<http://dbpedia.org/resource/Richard_Daintree>	Richard Daintree	0.2775	0	0	0	0	1	0	0	0	0	0	0	0	[]	False	False	False	True	Richard Daintree	0	0	Richard Daintree|Daintree			3404
<http://dbpedia.org/resource/Richard_David_Precht>	Richard David Precht	0.2824793590935923	0	2	2	0	0	0	0	0	0	0	0	0	[]	False	False	False	True	Richard David Precht	0	0	Richard David Precht|Precht			3405
<http://dbpedia.org/resource/Richard_Duffin>	Richard Duffin	0.405	0	0	0	1	3	0	0	0	0	0	0	0	[]	False	False	False	True	Richard Duffin	0	0	Richard Duffin|Duffin			3406
<http://dbpedia.org/resource/Richard_Evans_Schultes>	Richard Evans Schultes	0.405	10	3	13	1	3	0	0	0	0	0	0	0	[]	False	False	False	True	Richard Evans Schultes	0	0	Richard Evans Schultes|Schultes			3407
<http://dbpedia.org/resource/Richard_J._Puddephatt>	Richard J. Puddephatt	0.7438183835841092	0	1	1	2	0	0	0	0	0	0	0	0	[]	False	False	False	True	Richard J. Puddephatt	0	0	Richard J. Puddephatt|Puddephatt			3408
<http://dbpedia.org/resource/Richard_J._Rose>	Richard J. Rose	0.29875	0	1	1	1	1	0	0	0	0	0	0	0	[]	False	False	False	True	Richard J. Rose	0	0	Richard J. Rose			3409
<http://dbpedia.org/resource/Richard_Kahn,_Baron_Kahn>	Richard Kahn, Baron Kahn	0.319339487563357	4	2	6	0	0	0	0	0	0	0	0	0	[Political economy]	False	False	False	True	Richard Kahn, Baron Kahn	0	0	Richard Kahn, Baron Kahn|Kahn			3410
<http://dbpedia.org/resource/Richard_L._Hoffman>	Richard L. Hoffman	0.5048750000000001	0	3	3	2	0	0	0	0	0	0	0	0	[]	False	False	False	True	Richard L. Hoffman	0	0	Richard L. Hoffman|Hoffman			3411
<http://dbpedia.org/resource/Richard_Levine_(architect)>	Richard Levine (architect)	0.405	0	2	2	2	3	0	0	0	0	0	0	0	[]	False	False	False	True	Richard Levine	0	0	Richard Levine			3412
<http://dbpedia.org/resource/Richard_Meinertzhagen>	Richard Meinertzhagen	0.3011522834480992	1	0	1	0	0	0	0	0	0	0	0	0	[]	False	False	False	True	Richard Meinertzhagen	0	0	Richard Meinertzhagen|Meinertzhagen			3413
<http://dbpedia.org/resource/Richard_N._Frye>	Richard N. Frye	0.4230625	0	1	1	2	0	0	0	0	0	0	0	0	[]	False	False	False	True	Richard N. Frye	0	0	Richard N. Frye|Frye			3414
<http://dbpedia.org/resource/Richard_Pringle>	Richard Pringle	0.32	0	2	2	2	0	0	0	0	0	0	0	0	[]	False	False	False	True	Richard Pringle	0	0	Richard Pringle|Pringle			3415
<http://dbpedia.org/resource/Richard_R._Schrock>	Richard R. Schrock	0.3199570902154768	0	0	0	2	2	0	0	0	0	0	0	0	[]	False	False	False	True	Richard R. Schrock	0	0	Richard R. Schrock|Schrock			3416
<http://dbpedia.org/resource/Richard_R._Wilk>	Richard R. Wilk	0.3299932739015898	0	2	2	2	0	0	0	0	0	0	0	0	[]	False	False	False	True	Richard R. Wilk	0	0	Richard R. Wilk|Wilk			3417
<http://dbpedia.org/resource/Richard_R._Wright_Jr.>	Richard R. Wright Jr.	0.5750000000000002	4	4	8	3	1	0	0	0	0	0	0	0	[]	False	False	False	True	Richard R. Wright Jr.	0	0	Richard R. Wright Jr.			3418
<http://dbpedia.org/resource/Richard_Ritter_von_Strigl>	Richard Ritter von Strigl	0.5503910104715435	0	5	5	1	0	0	0	0	0	0	0	0	[Political science, Law, Economics, Philosophy]	False	False	False	True	Richard Ritter von Strigl	0	0	Richard Ritter von Strigl|Strigl			3419
<http://dbpedia.org/resource/Richard_S._Hamilton>	Richard S. Hamilton	0.280951746249774	0	0	0	2	1	0	0	0	0	0	0	0	[]	False	False	False	True	Richard S. Hamilton	0	0	Richard S. Hamilton			3420
<http://dbpedia.org/resource/Richard_Stone>	Richard Stone	0.3025886205817055	3	3	6	1	0	0	0	0	0	0	0	0	[Economics]	False	False	False	True	Richard Stone	0	0	Richard Stone			3421
<http://dbpedia.org/resource/Richard_Strohman>	Richard Strohman	0.3346377083333333	0	0	0	1	1	0	0	0	0	0	0	0	[]	False	False	False	True	Richard Strohman	0	0	Richard Strohman|Strohman			3422
<http://dbpedia.org/resource/Richard_Tarnas>	Richard Tarnas	0.7087277786670478	2	8	10	0	0	0	0	0	0	0	0	0	[]	False	False	False	True	Richard Tarnas	0	0	Richard Tarnas|Tarnas			3423
<http://dbpedia.org/resource/Richard_Thomas_Alexander>	Richard Thomas Alexander	0.2847762197659454	2	2	4	0	0	0	0	0	0	0	0	0	[]	False	False	False	True	Richard Thomas Alexander	0	0	Richard Thomas Alexander			3424
<http://dbpedia.org/resource/Richard_Timberlake>	Richard Timberlake	0.3225144287495154	1	3	4	1	0	0	0	0	0	0	0	0	[]	False	False	False	True	Richard Timberlake	0	0	Richard Timberlake|Timberlake			3425
<http://dbpedia.org/resource/Richard_Treisman>	Richard Treisman	0.321747836675385	0	1	1	2	0	0	0	0	0	0	0	0	[]	False	False	False	True	Richard Treisman	0	0	Richard Treisman|Treisman			3426
<http://dbpedia.org/resource/Richard_of_Saint_Victor>	Richard of Saint Victor	0.3390256219118272	2	1	3	0	0	0	0	0	0	0	0	0	[]	False	False	False	True	Richard of Saint Victor	0	0	Richard of Saint Victor			3427
<http://dbpedia.org/resource/Rick_Doblin>	Rick Doblin	0.2853289630669302	0	0	0	2	2	0	0	0	0	0	0	0	[]	False	False	False	True	Rick Doblin	0	0	Rick Doblin|Doblin			3428
<http://dbpedia.org/resource/Rick_Miller_(comedian)>	Rick Miller (comedian)	0.3925378542892236	0	2	2	0	0	0	0	0	0	0	0	0	[]	False	False	False	True	Rick Miller	0	0	Rick Miller			3429
<http://dbpedia.org/resource/Rimhak_Ree>	Rimhak Ree	0.2887400891626696	0	0	0	1	1	0	0	0	0	0	0	0	[]	False	False	False	True	Rimhak Ree	0	0	Rimhak Ree			3430
<http://dbpedia.org/resource/Rivka_Bertisch_Meir>	Rivka Bertisch Meir	0.4367009732018123	0	3	3	2	1	0	0	0	0	0	0	0	[]	False	False	False	True	Rivka Bertisch Meir	0	0	Rivka Bertisch Meir			3431
<http://dbpedia.org/resource/Rob_Bell>	Rob Bell	0.3243116376524768	0	1	1	1	1	0	0	0	0	0	0	0	[]	False	False	False	True	Rob Bell	0	0	Rob Bell			3432
<http://dbpedia.org/resource/Robbie_Bonham>	Robbie Bonham	4.223518750000001	0	12	12	0	0	0	0	0	0	0	0	0	[]	False	False	False	True	Robbie Bonham	0	0	Robbie Bonham|Bonham			3433
<http://dbpedia.org/resource/Robert_Anton_Wilson>	Robert Anton Wilson	2.02160197716094	2	24	26	0	0	0	0	0	0	0	0	0	[]	False	False	False	True	Robert Anton Wilson	0	0	Robert Anton Wilson			3434
<http://dbpedia.org/resource/Robert_Bruce_Lindsay>	Robert Bruce Lindsay	0.3029433501831086	0	0	0	3	1	0	0	0	0	0	0	0	[]	False	False	False	True	Robert Bruce Lindsay	0	0	Robert Bruce Lindsay|Lindsay			3435
<http://dbpedia.org/resource/Robert_Bryant_(mathematician)>	Robert Bryant (mathematician)	0.2832003085523036	0	0	0	2	2	0	0	0	0	0	0	0	[]	False	False	False	True	Robert Bryant	0	0	Robert Bryant			3436
<http://dbpedia.org/resource/Robert_Burnham_Jr.>	Robert Burnham Jr.	0.9612404689154856	0	0	0	0	1	0	0	0	0	0	0	0	[]	False	False	False	True	Robert Burnham Jr.	0	0	Robert Burnham Jr.			3437
<http://dbpedia.org/resource/Robert_Burns_Woodward>	Robert Burns Woodward	0.405	0	0	0	1	10	0	0	0	0	0	0	0	[]	False	False	False	True	Robert Burns Woodward	0	0	Robert Burns Woodward|Woodward			3438
<http://dbpedia.org/resource/Robert_Costanza>	Robert Costanza	0.2775	0	0	0	1	1	0	0	0	0	0	0	0	[]	False	False	False	True	Robert Costanza	0	0	Robert Costanza|Costanza			3439
<http://dbpedia.org/resource/Robert_D._Bullard>	Robert D. Bullard	0.521225577920991	0	2	2	0	0	0	0	0	0	0	0	0	[]	False	False	False	True	Robert D. Bullard	0	0	Robert D. Bullard|Bullard			3440
<http://dbpedia.org/resource/Robert_D._Kaplan>	Robert D. Kaplan	0.3632636423499774	0	2	2	0	0	0	0	0	0	0	0	0	[]	False	False	False	True	Robert D. Kaplan	0	0	Robert D. Kaplan|Kaplan			3441
<http://dbpedia.org/resource/Robert_Dentler>	Robert Dentler	0.3533456361700253	0	2	2	3	0	0	0	0	0	0	0	0	[]	False	False	False	True	Robert Dentler	0	0	Robert Dentler|Dentler			3442
<http://dbpedia.org/resource/Robert_E._Longacre>	Robert E. Longacre	0.3685576134750222	0	0	0	1	1	0	0	0	0	0	0	0	[]	False	False	False	True	Robert E. Longacre	0	0	Robert E. Longacre|Longacre			3443
<http://dbpedia.org/resource/Robert_Edmund_O'Malley>	Robert Edmund O'Malley	0.2775	0	0	0	1	1	0	0	0	0	0	0	0	[]	False	False	False	True	Robert Edmund O'Malley	0	0	Robert Edmund O'Malley|O'Malley			3444
<http://dbpedia.org/resource/Robert_F._Engle>	Robert F. Engle	0.2863444235649023	2	1	3	2	0	0	0	0	0	0	0	0	[Econometrics]	False	False	False	True	Robert F. Engle	0	0	Robert F. Engle|Engle			3445
<http://dbpedia.org/resource/Robert_Florence>	Robert Florence	0.8512500000000001	0	6	6	0	0	0	0	0	0	0	0	0	[]	False	False	False	True	Robert Florence	0	0	Robert Florence|Florence			3446
<http://dbpedia.org/resource/Robert_Francis_Scharff>	Robert Francis Scharff	0.3990919596363877	3	2	5	1	0	0	0	0	0	0	0	0	[]	False	False	False	True	Robert Francis Scharff	0	0	Robert Francis Scharff|Scharff			3447
<http://dbpedia.org/resource/Robert_G._Albion>	Robert G. Albion	0.3475368871650832	0	2	2	3	0	0	0	0	0	0	0	0	[]	False	False	False	True	Robert G. Albion	0	0	Robert G. Albion|Albion			3448
<http://dbpedia.org/resource/Robert_G._Bartle>	Robert G. Bartle	0.2775	0	0	0	1	1	0	0	0	0	0	0	0	[]	False	False	False	True	Robert G. Bartle	0	0	Robert G. Bartle|Bartle			3449
<http://dbpedia.org/resource/Robert_G._Sachs>	Robert G. Sachs	0.3181494012098742	0	1	1	1	3	0	0	0	0	0	0	0	[]	False	False	False	True	Robert G. Sachs	0	0	Robert G. Sachs|Sachs			3450
<http://dbpedia.org/resource/Robert_H._Crabtree>	Robert H. Crabtree	0.5142963858882856	0	0	0	2	1	0	0	0	0	0	0	0	[]	False	False	False	True	Robert H. Crabtree	0	0	Robert H. Crabtree|Crabtree			3451
<http://dbpedia.org/resource/Robert_Higgs>	Robert Higgs	0.4259480682451573	0	6	6	0	0	0	0	0	0	0	0	0	[Economic history, Political economy, Health economics]	False	False	False	True	Robert Higgs	0	0	Robert Higgs|Higgs			3452
<http://dbpedia.org/resource/Robert_J._Behnke>	Robert J. Behnke	0.2775	1	0	1	2	0	0	0	0	0	0	0	0	[]	False	False	False	True	Robert J. Behnke	0	0	Robert J. Behnke|Behnke			3453
<http://dbpedia.org/resource/Robert_J._C._Young>	Robert J. C. Young	0.2782743476455911	0	5	5	0	0	0	0	0	0	0	0	0	[]	False	False	False	True	Robert J. C. Young	0	0	Robert J. C. Young			3454
<http://dbpedia.org/resource/Robert_J._Harrison>	Robert J. Harrison	0.3470087059990061	0	0	0	1	2	0	0	0	0	0	0	0	[]	False	False	False	True	Robert J. Harrison	0	0	Robert J. Harrison			3455
<http://dbpedia.org/resource/Robert_J._LeRoy>	Robert J. LeRoy	0.2886784352285884	1	3	4	0	1	0	0	0	0	0	0	0	[]	False	False	False	True	Robert J. LeRoy	0	0	Robert J. LeRoy|LeRoy			3456
<http://dbpedia.org/resource/Robert_J._Linhardt>	Robert J. Linhardt	0.34524375	1	1	2	3	0	0	0	0	0	0	0	0	[]	False	False	False	True	Robert J. Linhardt	0	0	Robert J. Linhardt|Linhardt			3457
<http://dbpedia.org/resource/Robert_Koch>	Robert Koch	0.376341255928538	4	0	4	1	6	0	0	0	0	0	0	0	[]	False	False	False	True	Robert Koch	0	0	Robert Koch			3458
<http://dbpedia.org/resource/Robert_Kraichnan>	Robert Kraichnan	0.2936139428963724	0	1	1	1	1	0	0	0	0	0	0	0	[]	False	False	False	True	Robert Kraichnan	0	0	Robert Kraichnan|Kraichnan			3459
<http://dbpedia.org/resource/Robert_L._Forward>	Robert L. Forward	0.2961075999836584	0	0	0	2	1	0	0	0	0	0	0	0	[]	False	False	False	True	Robert L. Forward	0	0	Robert L. Forward|Forward			3460
<http://dbpedia.org/resource/Robert_Langlands>	Robert Langlands	0.2879872180857561	1	0	1	2	1	0	0	0	0	0	0	0	[]	False	False	False	True	Robert Langlands	0	0	Robert Langlands|Langlands			3461
<http://dbpedia.org/resource/Robert_Louis_Stevenson>	Robert Louis Stevenson	0.405	0	0	0	1	0	4	0	0	0	0	0	0	[]	False	False	False	True	Robert Louis Stevenson	0	0	Robert Louis Stevenson|Stevenson			3462
<http://dbpedia.org/resource/Robert_McCance>	Robert McCance	0.3368254464285715	0	2	2	1	1	0	0	0	0	0	0	0	[]	False	False	False	True	Robert McCance	0	0	Robert McCance|McCance			3463
<http://dbpedia.org/resource/Robert_Moir>	Robert Moir	0.2775	0	1	1	2	0	0	0	0	0	0	0	0	[]	False	False	False	True	Robert Moir	0	0	Robert Moir|Moir			3464
<http://dbpedia.org/resource/Robert_Moray__Sir_Robert_Moray__1>	Robert Moray  Sir Robert Moray  1	0.34125	4	2	6	1	1	0	0	0	0	0	0	0	[]	False	False	False	True	Robert Moray Sir Robert Moray	0	0	Robert Moray Sir Robert Moray|Moray			3465
<http://dbpedia.org/resource/Robert_P._Murphy>	Robert P. Murphy	0.503473157969377	0	6	6	2	0	0	0	0	0	0	0	0	[Financial Economics, Trade]	False	False	False	True	Robert P. Murphy	0	0	Robert P. Murphy			3466
<http://dbpedia.org/resource/Robert_Paxton>	Robert Paxton	0.405	0	2	2	1	2	0	0	0	0	0	0	0	[]	False	False	False	True	Robert Paxton	0	0	Robert Paxton|Paxton			3467
<http://dbpedia.org/resource/Robert_Phelps>	Robert Phelps	0.3263215187590005	1	0	1	1	3	0	0	0	0	0	0	0	[]	False	False	False	True	Robert Phelps	0	0	Robert Phelps			3468
<http://dbpedia.org/resource/Robert_Plomin>	Robert Plomin	0.3028019046510073	2	1	3	2	1	0	0	0	0	0	0	0	[]	False	False	False	True	Robert Plomin	0	0	Robert Plomin|Plomin			3469
<http://dbpedia.org/resource/Robert_Plonsey>	Robert Plonsey	0.2775	0	0	0	3	1	0	0	0	0	0	0	0	[]	False	False	False	True	Robert Plonsey	0	0	Robert Plonsey|Plonsey			3470
<http://dbpedia.org/resource/Robert_R._Korfhage>	Robert R. Korfhage	0.360403860094547	0	0	0	1	1	0	0	0	0	0	0	0	[]	False	False	False	True	Robert R. Korfhage	0	0	Robert R. Korfhage|Korfhage			3471
<http://dbpedia.org/resource/Robert_Remak>	Robert Remak	0.2867979005023495	0	0	0	1	3	0	0	0	0	0	0	0	[]	False	False	False	True	Robert Remak	0	0	Robert Remak|Remak			3472
<http://dbpedia.org/resource/Robert_S._Barton>	Robert S. Barton	0.3038432851826657	7	2	9	1	2	0	0	0	0	0	0	0	[]	False	False	False	True	Robert S. Barton	0	0	Robert S. Barton|Barton			3473
<http://dbpedia.org/resource/Robert_S._Welch>	Robert S. Welch	0.2986208788650076	0	1	1	2	0	0	0	0	0	0	0	0	[]	False	False	False	True	Robert S. Welch	0	0	Robert S. Welch			3474
<http://dbpedia.org/resource/Robert_Shapiro_(chemist)>	Robert Shapiro (chemist)	0.2775	0	0	0	2	1	0	0	0	0	0	0	0	[]	False	False	False	True	Robert Shapiro	0	0	Robert Shapiro			3475
<http://dbpedia.org/resource/Robert_Thurman>	Robert Thurman	0.2775	1	0	1	3	0	0	0	0	0	0	0	0	[]	False	False	False	True	Robert Thurman	0	0	Robert Thurman|Thurman			3476
<http://dbpedia.org/resource/Robert_Tienwen_Chien>	Robert Tienwen Chien	0.2775	0	0	0	2	2	0	0	0	0	0	0	0	[]	False	False	False	True	Robert Tienwen Chien	0	0	Robert Tienwen Chien|Chien			3477
<http://dbpedia.org/resource/Robert_Truax>	Robert Truax	0.2913677927807053	0	1	1	3	1	0	0	0	0	0	0	0	[]	False	False	False	True	Robert Truax	0	0	Robert Truax|Truax			3478
<http://dbpedia.org/resource/Robert_Wartenberg>	Robert Wartenberg	0.7299125000000002	0	4	4	0	2	0	0	0	0	0	0	0	[]	False	False	False	True	Robert Wartenberg	0	0	Robert Wartenberg|Wartenberg			3479
<http://dbpedia.org/resource/Robert_Willard_Hodgson>	Robert Willard Hodgson	0.2775	0	1	1	0	2	0	0	0	0	0	0	0	[]	False	False	False	True	Robert Willard Hodgson	0	0	Robert Willard Hodgson|Hodgson			3480
<http://dbpedia.org/resource/Roberto_Conti_(mathematician)>	Roberto Conti (mathematician)	0.2931665419690321	0	0	0	1	1	0	0	0	0	0	0	0	[]	False	False	False	True	Roberto Conti	0	0	Roberto Conti|Conti			3481
<http://dbpedia.org/resource/Roberto_Ierusalimschy>	Roberto Ierusalimschy	0.2934375	0	1	1	0	1	0	0	0	0	0	0	0	[]	False	False	False	True	Roberto Ierusalimschy	0	0	Roberto Ierusalimschy|Ierusalimschy			3482
<http://dbpedia.org/resource/Roberto_Malinow>	Roberto Malinow	0.2775	0	0	0	3	1	0	0	0	0	0	0	0	[]	False	False	False	True	Roberto Malinow	0	0	Roberto Malinow|Malinow			3483
<http://dbpedia.org/resource/Roberto_Refinetti>	Roberto Refinetti	0.3091816446853563	0	5	5	1	0	0	0	0	0	0	0	0	[]	False	False	False	True	Roberto Refinetti	0	0	Roberto Refinetti|Refinetti			3484
<http://dbpedia.org/resource/Robin_Clark_(chemist)>	Robin Clark (chemist)	0.4198206902791351	0	0	0	0	1	0	0	0	0	0	0	0	[]	False	False	False	True	Robin Clark	0	0	Robin Clark			3485
<http://dbpedia.org/resource/Robin_Ince>	Robin Ince	0.5496938991557323	0	5	5	0	0	0	0	0	0	0	0	0	[]	False	False	False	True	Robin Ince	0	0	Robin Ince|Ince			3486
<http://dbpedia.org/resource/Robin_Rönnlund>	Robin Rönnlund	0.405	0	0	0	1	1	0	0	0	0	0	0	0	[]	False	False	False	True	Robin Ronnlund	0	0	Robin Ronnlund|Ronnlund			3487
<http://dbpedia.org/resource/Robin_Wilson_(mathematician)>	Robin Wilson (mathematician)	0.3545601681112368	1	1	2	3	0	0	0	0	0	0	0	0	[]	False	False	False	True	Robin Wilson	0	0	Robin Wilson			3488
<http://dbpedia.org/resource/Robion_Kirby>	Robion Kirby	0.2775	0	0	0	1	2	0	0	0	0	0	0	0	[]	False	False	False	True	Robion Kirby	0	0	Robion Kirby			3489
<http://dbpedia.org/resource/Robley_C._Williams>	Robley C. Williams	0.3896587100655253	0	2	2	1	1	0	0	0	0	0	0	0	[]	False	False	False	True	Robley C. Williams	0	0	Robley C. Williams			3490
<http://dbpedia.org/resource/Rodolfo_Llinás>	Rodolfo Llinás	0.2975148285772931	0	1	1	2	5	0	0	0	0	0	0	0	[]	False	False	False	True	Rodolfo Llinas	0	0	Rodolfo Llinas|Llinas			3491
<http://dbpedia.org/resource/Rogelio_Julio_Frigerio>	Rogelio Julio Frigerio	0.2814257020612696	5	4	9	1	0	0	0	0	0	0	0	0	[]	False	False	False	True	Rogelio Julio Frigerio	0	0	Rogelio Julio Frigerio|Frigerio			3492
<http://dbpedia.org/resource/Roger_A._Sheldon>	Roger A. Sheldon	0.2983772395833333	0	1	1	1	2	0	0	0	0	0	0	0	[]	False	False	False	True	Roger A. Sheldon	0	0	Roger A. Sheldon|Sheldon			3493
<http://dbpedia.org/resource/Roger_Adams>	Roger Adams	0.34125	0	0	0	1	1	0	0	0	0	0	0	0	[]	False	False	False	True	Roger Adams	0	0	Roger Adams			3494
<http://dbpedia.org/resource/Roger_Black_(actor)>	Roger Black (actor)	0.405	0	2	2	0	0	0	0	0	0	0	0	0	[]	False	False	False	True	Roger Black	0	0	Roger Black			3495
<http://dbpedia.org/resource/Roger_D._Kornberg>	Roger D. Kornberg	0.2782996862250406	0	0	0	2	1	0	0	0	0	0	0	0	[]	False	False	False	True	Roger D. Kornberg	0	0	Roger D. Kornberg|Kornberg			3496
<http://dbpedia.org/resource/Roger_Edwards_(meteorologist)>	Roger Edwards (meteorologist)	0.3525547249294646	1	3	4	1	2	0	0	0	0	0	0	0	[]	False	False	False	True	Roger Edwards	0	0	Roger Edwards|Edwards			3497
<http://dbpedia.org/resource/Roger_Horn>	Roger Horn	0.2905756972209037	0	2	2	2	2	0	0	0	0	0	0	0	[]	False	False	False	True	Roger Horn	0	0	Roger Horn|Horn			3498
<http://dbpedia.org/resource/Roger_Kirby>	Roger Kirby	0.32	0	2	2	0	4	0	0	0	0	0	0	0	[]	False	False	False	True	Roger Kirby	0	0	Roger Kirby			3499
<http://dbpedia.org/resource/Roger_M._Perlmutter>	Roger M. Perlmutter	0.2775	0	0	0	2	2	0	0	0	0	0	0	0	[]	False	False	False	True	Roger M. Perlmutter	0	0	Roger M. Perlmutter|Perlmutter			3500
<http://dbpedia.org/resource/Roger_Money-Kyrle>	Roger Money-Kyrle	0.348511926856644	2	2	4	0	0	0	0	0	0	0	0	0	[]	False	False	False	True	Roger Money-Kyrle	0	0	Roger Money-Kyrle|Money-Kyrle			3501
<http://dbpedia.org/resource/Roger_Y._Tsien>	Roger Y. Tsien	0.3685828125	1	2	3	0	2	0	0	0	0	0	0	0	[]	False	False	False	True	Roger Y. Tsien	0	0	Roger Y. Tsien|Tsien			3502
<http://dbpedia.org/resource/Rohit_Pappu>	Rohit Pappu	0.2775	0	0	0	2	4	0	0	0	0	0	0	0	[]	False	False	False	True	Rohit Pappu	0	0	Rohit Pappu|Pappu			3503
<http://dbpedia.org/resource/Rolf_Hagedorn>	Rolf Hagedorn	0.2790074936677985	0	0	0	1	3	0	0	0	0	0	0	0	[]	False	False	False	True	Rolf Hagedorn	0	0	Rolf Hagedorn|Hagedorn			3504
<http://dbpedia.org/resource/Rolf_Landauer>	Rolf Landauer	0.2894918201377504	0	0	0	2	2	0	0	0	0	0	0	0	[]	False	False	False	True	Rolf Landauer	0	0	Rolf Landauer|Landauer			3505
<http://dbpedia.org/resource/Rollo_Beck>	Rollo Beck	0.405	0	2	2	0	0	0	0	0	0	0	0	0	[]	False	False	False	True	Rollo Beck	0	0	Rollo Beck			3506
<http://dbpedia.org/resource/Roman_Glazman>	Roman Glazman	0.2775	3	0	3	0	0	0	0	0	0	0	0	0	[]	False	False	False	True	Roman Glazman	0	0	Roman Glazman|Glazman			3507
<http://dbpedia.org/resource/Roman_Inderst>	Roman Inderst	0.3191424176046801	0	1	1	3	0	0	0	0	0	0	0	0	[Financial economics]	False	False	False	True	Roman Inderst	0	0	Roman Inderst|Inderst			3508
<http://dbpedia.org/resource/Roman_Juszkiewicz>	Roman Juszkiewicz	0.32	0	0	0	2	1	0	0	0	0	0	0	0	[]	False	False	False	True	Roman Juszkiewicz	0	0	Roman Juszkiewicz|Juszkiewicz			3509
<http://dbpedia.org/resource/Roman_Kotov>	Roman Kotov	0.3155074981039481	0	0	0	0	1	0	0	0	0	0	0	0	[]	False	False	False	True	Roman Kotov	0	0	Roman Kotov|Kotov			3510
<http://dbpedia.org/resource/Ronald_A._Kuipers>	Ronald A. Kuipers	0.6159323395549611	0	10	10	0	0	0	0	0	0	0	0	0	[]	False	False	False	True	Ronald A. Kuipers	0	0	Ronald A. Kuipers|Kuipers			3511
<http://dbpedia.org/resource/Ronald_Breiger>	Ronald Breiger	0.3118512882871323	0	0	0	2	3	0	0	0	0	0	0	0	[]	False	False	False	True	Ronald Breiger	0	0	Ronald Breiger|Breiger			3512
<http://dbpedia.org/resource/Ronald_MacKeith>	Ronald MacKeith	0.405	2	2	4	1	0	0	0	0	0	0	0	0	[]	False	False	False	True	Ronald MacKeith	0	0	Ronald MacKeith|MacKeith			3513
<http://dbpedia.org/resource/Ronald_S._Weinstein>	Ronald S. Weinstein	0.3454392857142858	0	3	3	2	1	0	0	0	0	0	0	0	[]	False	False	False	True	Ronald S. Weinstein	0	0	Ronald S. Weinstein|Weinstein			3514
<http://dbpedia.org/resource/Ronald_de_Wolf>	Ronald de Wolf	0.2912882136625982	0	0	0	2	3	0	0	0	0	0	0	0	[]	False	False	False	True	Ronald de Wolf	0	0	Ronald de Wolf			3515
<http://dbpedia.org/resource/Rong_Li>	Rong Li	0.2775	0	0	0	3	6	0	0	0	0	0	0	0	[]	False	False	False	True	Rong Li	0	0	Rong Li			3516
<http://dbpedia.org/resource/Ronna_Burger>	Ronna Burger	0.4019027477583232	0	5	5	0	0	0	0	0	0	0	0	0	[]	False	False	False	True	Ronna Burger	0	0	Ronna Burger|Burger			3517
<http://dbpedia.org/resource/Ronny_Reich>	Ronny Reich	0.405	0	0	0	1	2	0	0	0	0	0	0	0	[]	False	False	False	True	Ronny Reich	0	0	Ronny Reich			3518
<http://dbpedia.org/resource/Roozbeh_Ghaffari>	Roozbeh Ghaffari	0.2951765456497225	0	0	0	2	5	0	0	0	0	0	0	0	[]	False	False	False	True	Roozbeh Ghaffari	0	0	Roozbeh Ghaffari|Ghaffari			3519
<http://dbpedia.org/resource/Rory_M._McVeigh>	Rory M. McVeigh	0.6112935122612573	0	2	2	2	2	0	0	0	0	0	0	0	[]	False	False	False	True	Rory M. McVeigh	0	0	Rory M. McVeigh|McVeigh			3520
<http://dbpedia.org/resource/Rose_Laub_Coser>	Rose Laub Coser	0.2889747071097036	0	0	0	1	3	0	0	0	0	0	0	0	[]	False	False	False	True	Rose Laub Coser	0	0	Rose Laub Coser|Coser			3521
<http://dbpedia.org/resource/Rose_Scott-Moncrieff>	Rose Scott-Moncrieff	0.3039916666666666	0	1	1	0	0	0	0	0	0	0	0	0	[]	False	False	False	True	Rose Scott-Moncrieff	0	0	Rose Scott-Moncrieff|Scott-Moncrieff			3522
<http://dbpedia.org/resource/Ross_Ulbricht>	Ross Ulbricht	0.3127046477704169	0	1	1	0	0	0	0	0	0	0	0	0	[]	False	False	False	True	Ross Ulbricht	0	0	Ross Ulbricht|Ulbricht			3523
<http://dbpedia.org/resource/Roy_A._Periana>	Roy A. Periana	0.3285170086241884	0	2	2	2	0	0	0	0	0	0	0	0	[]	False	False	False	True	Roy A. Periana	0	0	Roy A. Periana|Periana			3524
<http://dbpedia.org/resource/Ruben_Safrastyan>	Ruben Safrastyan	0.7875	0	5	5	1	0	0	0	0	0	0	0	0	[]	False	False	False	True	Ruben Safrastyan	0	0	Ruben Safrastyan|Safrastyan			3525
<http://dbpedia.org/resource/Rudi_Schmid>	Rudi Schmid	0.294091869959911	0	0	0	4	2	0	0	0	0	0	0	0	[]	False	False	False	True	Rudi Schmid	0	0	Rudi Schmid|Schmid			3526
<http://dbpedia.org/resource/Rudolf_Christoph_Eucken>	Rudolf Christoph Eucken	0.3075412686312579	4	5	9	0	0	0	0	0	0	0	0	0	[]	False	False	False	True	Rudolf Christoph Eucken	0	0	Rudolf Christoph Eucken|Eucken			3527
<http://dbpedia.org/resource/Rudolf_Haag>	Rudolf Haag	0.3176105374227602	0	0	0	2	4	0	0	0	0	0	0	0	[]	False	False	False	True	Rudolf Haag	0	0	Rudolf Haag|Haag			3528
<http://dbpedia.org/resource/Rudolf_Jaenisch>	Rudolf Jaenisch	0.32	0	1	1	1	3	0	0	0	0	0	0	0	[]	False	False	False	True	Rudolf Jaenisch	0	0	Rudolf Jaenisch|Jaenisch			3529
<http://dbpedia.org/resource/Rudolf_Leuckart>	Rudolf Leuckart	0.3836466739552879	1	0	1	1	2	0	0	0	0	0	0	0	[]	False	False	False	True	Rudolf Leuckart	0	0	Rudolf Leuckart|Leuckart			3530
<http://dbpedia.org/resource/Rudolf_Schmitt>	Rudolf Schmitt	0.2869504896872435	0	0	0	1	1	0	0	0	0	0	0	0	[]	False	False	False	True	Rudolf Schmitt	0	0	Rudolf Schmitt			3531
<http://dbpedia.org/resource/Rudolf_Steiner>	Rudolf Steiner	0.6962671743893605	2	8	10	0	0	0	0	0	0	0	0	0	[]	False	False	False	True	Rudolf Steiner	0	0	Rudolf Steiner			3532
<http://dbpedia.org/resource/Rudolph_Leibel>	Rudolph Leibel	0.2775	0	1	1	2	2	0	0	0	0	0	0	0	[]	False	False	False	True	Rudolph Leibel	0	0	Rudolph Leibel|Leibel			3533
<http://dbpedia.org/resource/Rudolph_Nissen>	Rudolph Nissen	0.310351171875	0	1	1	0	1	0	0	0	0	0	0	0	[]	False	False	False	True	Rudolph Nissen	0	0	Rudolph Nissen|Nissen			3534
<http://dbpedia.org/resource/Russell_L._Ackoff>	Russell L. Ackoff	0.3935329037694967	1	1	2	1	3	0	0	0	0	0	0	0	[]	False	False	False	True	Russell L. Ackoff	0	0	Russell L. Ackoff|Ackoff			3535
<http://dbpedia.org/resource/Ruth_Baker>	Ruth Baker	0.387034453125	0	0	0	0	2	0	0	0	0	0	0	0	[]	False	False	False	True	Ruth Baker	0	0	Ruth Baker			3536
<http://dbpedia.org/resource/Ruth_Kanfer>	Ruth Kanfer	0.2775	0	0	0	4	4	0	0	0	0	0	0	0	[]	False	False	False	True	Ruth Kanfer	0	0	Ruth Kanfer|Kanfer			3537
<http://dbpedia.org/resource/Ryan_Rems>	Ryan Rems	1.3297291666666669	0	3	3	0	0	0	0	0	0	0	0	0	[]	False	False	False	True	Ryan Rems	0	0	Ryan Rems|Rems			3538
<http://dbpedia.org/resource/S._A._Choudum>	S. A. Choudum	0.2775	0	0	0	2	4	0	0	0	0	0	0	0	[]	False	False	False	True	S. A. Choudum	0	0	S. A. Choudum|Choudum			3539
<http://dbpedia.org/resource/S._R._Srinivasa_Varadhan>	S. R. Srinivasa Varadhan	0.3007859195697135	0	1	1	3	0	0	0	0	0	0	0	0	[]	False	False	False	True	S. R. Srinivasa Varadhan	0	0	S. R. Srinivasa Varadhan|Varadhan			3540
<http://dbpedia.org/resource/Sabrina_Gonzalez_Pasterski>	Sabrina Gonzalez Pasterski	0.28546875	0	1	1	2	0	0	0	0	0	0	0	0	[]	False	False	False	True	Sabrina Gonzalez Pasterski	0	0	Sabrina Gonzalez Pasterski|Pasterski			3541
<http://dbpedia.org/resource/Sachi_Sri_Kantha>	Sachi Sri Kantha	0.3116517857142857	0	2	2	4	0	0	0	0	0	0	0	0	[]	False	False	False	True	Sachi Sri Kantha	0	0	Sachi Sri Kantha|Kantha			3542
<http://dbpedia.org/resource/Saddek_Rabah>	Saddek Rabah	0.3874078891246406	0	4	4	0	0	0	0	0	0	0	0	0	[]	False	False	False	True	Saddek Rabah	0	0	Saddek Rabah|Rabah			3543
<http://dbpedia.org/resource/Said_Gafurov>	Said Gafurov	0.4240188465294583	0	4	4	1	0	0	0	0	0	0	0	0	[Political economy, Islamic studies, Philosophy, Probability, Orientalism, International Economics, Securities research]	False	False	False	True	Said Gafurov	0	0	Said Gafurov|Gafurov			3544
<http://dbpedia.org/resource/Salah_Jadid>	Salah Jadid	0.3334285600259123	0	2	2	0	0	0	0	0	0	0	0	1	[]	False	False	False	True	Salah Jadid	0	0	Salah Jadid|Jadid			3545
<http://dbpedia.org/resource/Salah_al-Din_al-Bitar>	Salah al-Din al-Bitar	0.2909285600259123	0	2	2	0	0	0	0	0	0	0	0	0	[]	False	False	False	True	Salah al-Din al-Bitar	0	0	Salah al-Din al-Bitar|al-Bitar			3546
<http://dbpedia.org/resource/Salem_Bland>	Salem Bland	0.5074195040575884	0	2	2	0	0	0	0	0	0	0	0	0	[]	False	False	False	True	Salem Bland	0	0	Salem Bland|Bland			3547
<http://dbpedia.org/resource/Samarendra_Kumar_Mitra>	Samarendra Kumar Mitra	0.4966764135556579	0	5	5	0	1	0	0	0	0	0	0	0	[]	False	False	False	True	Samarendra Kumar Mitra	0	0	Samarendra Kumar Mitra			3548
<http://dbpedia.org/resource/Sambhu_Nath_De>	Sambhu Nath De	0.4346959300579718	0	0	0	4	4	0	0	0	0	0	0	0	[]	False	False	False	True	Sambhu Nath De	0	0	Sambhu Nath De			3549
<http://dbpedia.org/resource/Samer_Hassan>	Samer Hassan	0.3892790953544777	0	3	3	2	0	0	0	0	0	0	0	0	[]	False	False	False	True	Samer Hassan	0	0	Samer Hassan|Hassan			3550
<http://dbpedia.org/resource/Samson_Gemmell>	Samson Gemmell	0.405	0	1	1	1	1	0	0	0	0	0	0	0	[]	False	False	False	True	Samson Gemmell	0	0	Samson Gemmell|Gemmell			3551
<http://dbpedia.org/resource/Samuel_Edward_Konkin_III>	Samuel Edward Konkin III	0.5742517911658487	3	7	10	0	0	0	0	0	0	0	0	0	[]	False	False	False	True	Samuel Edward Konkin III	0	0	Samuel Edward Konkin III			3552
<http://dbpedia.org/resource/Samuel_Francis_Boys>	Samuel Francis Boys	0.2917635935509693	0	0	0	2	2	0	0	0	0	0	0	0	[]	False	False	False	True	Samuel Francis Boys	0	0	Samuel Francis Boys|Boys			3553
<http://dbpedia.org/resource/Samuel_Myers_Jr.>	Samuel Myers Jr.	0.5609891246263857	0	1	1	2	0	0	0	0	0	0	0	0	[]	False	False	False	True	Samuel Myers Jr.	0	0	Samuel Myers Jr.			3554
<http://dbpedia.org/resource/Samuel_S._Wilks>	Samuel S. Wilks	0.347744932283121	0	0	0	1	1	0	0	0	0	0	0	0	[]	False	False	False	True	Samuel S. Wilks	0	0	Samuel S. Wilks|Wilks			3555
<http://dbpedia.org/resource/Sang-Min_Whang>	Sang-Min Whang	0.4220634790497236	0	3	3	2	0	0	0	0	0	0	0	0	[]	False	False	False	True	Sang-Min Whang	0	0	Sang-Min Whang|Whang			3556
<http://dbpedia.org/resource/Sanjiv_Sam_Gambhir>	Sanjiv Sam Gambhir	0.5325000000000001	0	0	0	0	4	0	0	0	0	0	0	0	[]	False	False	False	True	Sanjiv Sam Gambhir	0	0	Sanjiv Sam Gambhir|Gambhir			3557
<http://dbpedia.org/resource/Sara_E._Skrabalak>	Sara E. Skrabalak	0.3000277073317308	0	0	0	0	2	0	0	0	0	0	0	0	[]	False	False	False	True	Sara E. Skrabalak	0	0	Sara E. Skrabalak|Skrabalak			3558
<http://dbpedia.org/resource/Sara_Jaffee>	Sara Jaffee	0.2775	0	0	0	0	1	0	0	0	0	0	0	0	[]	False	False	False	True	Sara Jaffee	0	0	Sara Jaffee|Jaffee			3559
<http://dbpedia.org/resource/Sarah_E._Gergel>	Sarah E. Gergel	0.2775	0	0	0	1	1	0	0	0	0	0	0	0	[]	False	False	False	True	Sarah E. Gergel	0	0	Sarah E. Gergel|Gergel			3560
<http://dbpedia.org/resource/Sarah_Teichmann>	Sarah Teichmann	0.3424298402086093	0	6	6	1	0	0	0	0	0	0	0	0	[]	False	False	False	True	Sarah Teichmann	0	0	Sarah Teichmann|Teichmann			3561
<http://dbpedia.org/resource/Sarah-Jayne_Blakemore>	Sarah-Jayne Blakemore	0.2965672811063857	0	1	1	2	0	0	0	0	0	0	0	0	[]	False	False	False	True	Sarah-Jayne Blakemore	0	0	Sarah-Jayne Blakemore			3562
<http://dbpedia.org/resource/Sarmad_Kashani>	Sarmad Kashani	0.317055138285192	2	2	4	0	0	0	0	0	0	0	0	0	[]	False	False	False	True	Sarmad Kashani	0	0	Sarmad Kashani|Kashani			3563
<http://dbpedia.org/resource/Sasha_Haco>	Sasha Haco	0.2921336367689141	0	1	1	1	1	0	0	0	0	0	0	0	[]	False	False	False	True	Sasha Haco	0	0	Sasha Haco|Haco			3564
<http://dbpedia.org/resource/Saul_B._Cohen>	Saul B. Cohen	0.2775	0	1	1	1	1	0	0	0	0	0	0	0	[]	False	False	False	True	Saul B. Cohen	0	0	Saul B. Cohen			3565
<http://dbpedia.org/resource/Saul_Roseman>	Saul Roseman	0.34125	0	0	0	2	2	0	0	0	0	0	0	0	[]	False	False	False	True	Saul Roseman	0	0	Saul Roseman|Roseman			3566
<http://dbpedia.org/resource/Sayyad_Laal_Shah_Hamdani>	Sayyad Laal Shah Hamdani	0.4122287946428572	2	5	7	0	0	0	0	0	0	0	0	0	[]	False	False	False	True	Sayyad Laal Shah Hamdani	0	0	Sayyad Laal Shah Hamdani|Hamdani			3567
<http://dbpedia.org/resource/Sayyid_Ghulam_Hussain_Shah_Bukhari>	Sayyid Ghulam Hussain Shah Bukhari	0.8047468652343751	0	5	5	0	0	0	0	0	0	0	0	0	[]	False	False	False	True	Sayyid Ghulam Hussain Shah Bukhari	0	0	Sayyid Ghulam Hussain Shah Bukhari|Bukhari			3568
<http://dbpedia.org/resource/Scipione_Ammirato>	Scipione Ammirato	1.205757521550267	8	14	22	0	0	0	0	0	0	0	0	0	[]	False	False	False	True	Scipione Ammirato	0	0	Scipione Ammirato|Ammirato			3569
<http://dbpedia.org/resource/Scott_D._Emr>	Scott D. Emr	0.3723576269267637	0	0	0	2	1	0	0	0	0	0	0	0	[]	False	False	False	True	Scott D. Emr	0	0	Scott D. Emr			3570
<http://dbpedia.org/resource/Scott_Zona>	Scott Zona	0.2999984375	0	0	0	1	4	0	0	0	0	0	0	0	[]	False	False	False	True	Scott Zona	0	0	Scott Zona|Zona			3571
<http://dbpedia.org/resource/Sean_Ekins>	Sean Ekins	0.405	0	0	0	2	3	0	0	0	0	0	0	0	[]	False	False	False	True	Sean Ekins	0	0	Sean Ekins|Ekins			3572
<http://dbpedia.org/resource/Sean_McGrath_(philosopher)>	Sean McGrath (philosopher)	0.4833700919763021	0	6	6	0	0	0	0	0	0	0	0	0	[]	False	False	False	True	Sean McGrath	0	0	Sean McGrath|McGrath			3573
<http://dbpedia.org/resource/Seann_Walsh>	Seann Walsh	0.6026250000000001	0	1	1	0	0	0	0	0	0	0	0	0	[]	False	False	False	True	Seann Walsh	0	0	Seann Walsh			3574
<http://dbpedia.org/resource/Sebastian_Rödl>	Sebastian Rödl	0.3567655687445429	0	6	6	0	0	0	0	0	0	0	0	0	[]	False	False	False	True	Sebastian Rodl	0	0	Sebastian Rodl|Rodl			3575
<http://dbpedia.org/resource/Sebastián_Salinas_Gaete>	Sebastián Salinas Gaete	0.3316875	0	1	1	1	0	0	0	0	0	0	0	0	[]	False	False	False	True	Sebastian Salinas Gaete	0	0	Sebastian Salinas Gaete|Gaete			3576
<http://dbpedia.org/resource/Seigō_Nakano>	Seigō Nakano	0.3074591195636073	0	1	1	0	0	0	0	0	0	0	0	0	[]	False	False	False	True	Seigo Nakano	0	0	Seigo Nakano|Nakano			3577
<http://dbpedia.org/resource/Semyon_Frank>	Semyon Frank	0.5511355224837177	1	9	10	0	0	0	0	0	0	0	0	0	[]	False	False	False	True	Semyon Frank	0	0	Semyon Frank			3578
<http://dbpedia.org/resource/Seny_Kamara>	Seny Kamara	0.2775	0	0	0	2	2	0	0	0	0	0	0	0	[]	False	False	False	True	Seny Kamara	0	0	Seny Kamara|Kamara			3579
<http://dbpedia.org/resource/Seraphim_Rose>	Seraphim Rose	0.4788038894280397	0	2	2	0	0	0	0	0	0	0	0	0	[]	False	False	False	True	Seraphim Rose	0	0	Seraphim Rose			3580
<http://dbpedia.org/resource/Serena_DeBeer>	Serena DeBeer	0.3116368230879935	0	0	0	0	5	0	0	0	0	0	0	0	[]	False	False	False	True	Serena DeBeer	0	0	Serena DeBeer|DeBeer			3581
<http://dbpedia.org/resource/Serge_Tisseron>	Serge Tisseron	0.5119520726359164	0	3	3	0	0	0	0	0	0	0	0	0	[]	False	False	False	True	Serge Tisseron	0	0	Serge Tisseron|Tisseron			3582
<http://dbpedia.org/resource/Sergei_Rytov>	Sergei Rytov	0.2775	0	0	0	1	3	0	0	0	0	0	0	0	[]	False	False	False	True	Sergei Rytov	0	0	Sergei Rytov|Rytov			3583
<http://dbpedia.org/resource/Sergei_Winogradsky>	Sergei Winogradsky	0.4022813510316368	3	4	7	1	3	0	0	0	0	0	0	0	[]	False	False	False	True	Sergei Winogradsky	0	0	Sergei Winogradsky|Winogradsky			3584
<http://dbpedia.org/resource/Sergey_Fomin>	Sergey Fomin	0.2775	0	0	0	1	1	0	0	0	0	0	0	0	[]	False	False	False	True	Sergey Fomin	0	0	Sergey Fomin|Fomin			3585
<http://dbpedia.org/resource/Sergey_Gulev>	Sergey Gulev	0.405	0	0	0	1	4	0	0	0	0	0	0	0	[]	False	False	False	True	Sergey Gulev	0	0	Sergey Gulev|Gulev			3586
<http://dbpedia.org/resource/Sergey_Paramonov_(entomologist)>	Sergey Paramonov (entomologist)	0.5845511830696285	0	5	5	1	1	0	0	0	0	0	0	0	[]	False	False	False	True	Sergey Paramonov	0	0	Sergey Paramonov|Paramonov			3587
<http://dbpedia.org/resource/Sergey_Reformatsky>	Sergey Reformatsky	0.2965194374268246	0	0	0	1	1	0	0	0	0	0	0	0	[]	False	False	False	True	Sergey Reformatsky	0	0	Sergey Reformatsky|Reformatsky			3588
<http://dbpedia.org/resource/Sérgio_Henrique_Ferreira>	Sérgio Henrique Ferreira	0.3098885416666667	0	2	2	1	0	0	0	0	0	0	0	0	[]	False	False	False	True	Sergio Henrique Ferreira	0	0	Sergio Henrique Ferreira			3589
<http://dbpedia.org/resource/Sergiu_Floroaia>	Sergiu Floroaia	0.405	0	2	2	0	0	0	0	0	0	0	0	0	[]	False	False	False	True	Sergiu Floroaia	0	0	Sergiu Floroaia|Floroaia			3590
<http://dbpedia.org/resource/Seth_Carlo_Chandler>	Seth Carlo Chandler	0.2775	0	1	1	0	1	0	0	0	0	0	0	0	[]	False	False	False	True	Seth Carlo Chandler	0	0	Seth Carlo Chandler			3591
<http://dbpedia.org/resource/Seth_Darst>	Seth Darst	0.2775	0	0	0	1	1	0	0	0	0	0	0	0	[]	False	False	False	True	Seth Darst	0	0	Seth Darst|Darst			3592
<http://dbpedia.org/resource/Seth_Neddermeyer>	Seth Neddermeyer	0.2775	0	0	0	2	2	0	0	0	0	0	0	0	[]	False	False	False	True	Seth Neddermeyer	0	0	Seth Neddermeyer|Neddermeyer			3593
<http://dbpedia.org/resource/Seyed_Javad_Miri>	Seyed Javad Miri	0.4213908058204277	0	3	3	0	0	0	0	0	0	0	0	0	[]	False	False	False	True	Seyed Javad Miri	0	0	Seyed Javad Miri|Miri			3594
<http://dbpedia.org/resource/Seymour_Ginsburg>	Seymour Ginsburg	0.2775	0	0	0	2	4	0	0	0	0	0	0	0	[]	False	False	False	True	Seymour Ginsburg	0	0	Seymour Ginsburg|Ginsburg			3595
<http://dbpedia.org/resource/Sharon_Lloyd>	Sharon Lloyd	0.3761481663276323	0	4	4	0	0	0	0	0	0	0	0	0	[]	False	False	False	True	Sharon Lloyd	0	0	Sharon Lloyd|Lloyd			3596
<http://dbpedia.org/resource/Shaun_Cole>	Shaun Cole	0.3086066046905553	1	2	3	2	2	0	0	0	0	0	0	0	[]	False	False	False	True	Shaun Cole	0	0	Shaun Cole|Cole			3597
<http://dbpedia.org/resource/Sheikh_Mujibur_Rahman>	Sheikh Mujibur Rahman	0.4168114231274633	0	1	1	2	0	0	0	0	0	0	0	0	[]	False	False	False	True	Sheikh Mujibur Rahman	0	0	Sheikh Mujibur Rahman|Rahman			3598
<http://dbpedia.org/resource/Sheila_Scott_Macintyre>	Sheila Scott Macintyre	0.2775	0	0	0	3	1	0	0	0	0	0	0	0	[]	False	False	False	True	Sheila Scott Macintyre	0	0	Sheila Scott Macintyre			3599
<http://dbpedia.org/resource/Sheldon_C._Reed>	Sheldon C. Reed	0.2780599921876062	0	2	2	1	1	0	0	0	0	0	0	0	[]	False	False	False	True	Sheldon C. Reed	0	0	Sheldon C. Reed			3600
<http://dbpedia.org/resource/Sherwin_Carlquist>	Sherwin Carlquist	0.3529375	0	2	2	1	0	0	0	0	0	0	0	0	[]	False	False	False	True	Sherwin Carlquist	0	0	Sherwin Carlquist|Carlquist			3601
<http://dbpedia.org/resource/Sherwood_Washburn>	Sherwood Washburn	0.646490729498088	0	3	3	1	0	0	0	0	0	0	0	0	[]	False	False	False	True	Sherwood Washburn	0	0	Sherwood Washburn|Washburn			3602
<http://dbpedia.org/resource/Shields_Warren>	Shields Warren	0.5957187500000001	2	3	5	3	1	0	0	0	0	0	0	0	[]	False	False	False	True	Shields Warren	0	0	Shields Warren			3603
<http://dbpedia.org/resource/Shin-Tson_Wu>	Shin-Tson Wu	0.2775	0	0	0	2	1	0	0	0	0	0	0	0	[]	False	False	False	True	Shin-Tson Wu	0	0	Shin-Tson Wu			3604
<http://dbpedia.org/resource/Shiraz_Minwalla>	Shiraz Minwalla	0.4684430555555556	0	1	1	2	0	0	0	0	0	0	0	0	[]	False	False	False	True	Shiraz Minwalla	0	0	Shiraz Minwalla|Minwalla			3605
<http://dbpedia.org/resource/Shirley_Ann_Jackson>	Shirley Ann Jackson	0.2877983677962584	0	1	1	0	0	0	0	0	0	0	0	0	[]	False	False	False	True	Shirley Ann Jackson	0	0	Shirley Ann Jackson			3606
<http://dbpedia.org/resource/Shirley_R._Steinberg>	Shirley R. Steinberg	1.1657989831876152	0	8	8	1	0	0	0	0	0	0	0	0	[]	False	False	False	True	Shirley R. Steinberg	0	0	Shirley R. Steinberg			3607
<http://dbpedia.org/resource/Shiu-Ying_Hu>	Shiu-Ying Hu	0.405	0	1	1	3	0	0	0	0	0	0	0	0	[]	False	False	False	True	Shiu-Ying Hu	0	0	Shiu-Ying Hu			3608
<http://dbpedia.org/resource/Shlomi_Dolev>	Shlomi Dolev	0.2921286931818182	0	1	1	0	0	0	0	0	0	0	0	0	[]	False	False	False	True	Shlomi Dolev	0	0	Shlomi Dolev|Dolev			3609
<http://dbpedia.org/resource/Shoshana_Kamin>	Shoshana Kamin	0.2883497018102549	0	0	0	1	4	0	0	0	0	0	0	0	[]	False	False	False	True	Shoshana Kamin	0	0	Shoshana Kamin			3610
<http://dbpedia.org/resource/Shoshichi_Kobayashi>	Shoshichi Kobayashi	0.3154581850473471	0	0	0	0	2	0	0	0	0	0	0	0	[]	False	False	False	True	Shoshichi Kobayashi	0	0	Shoshichi Kobayashi|Kobayashi			3611
<http://dbpedia.org/resource/Shou-Wu_Zhang>	Shou-Wu Zhang	0.3845101429043333	0	3	3	0	0	0	0	0	0	0	0	0	[]	False	False	False	True	Shou-Wu Zhang	0	0	Shou-Wu Zhang			3612
<http://dbpedia.org/resource/Shuming_Nie>	Shuming Nie	0.2987438196614085	0	0	0	2	2	0	0	0	0	0	0	0	[]	False	False	False	True	Shuming Nie	0	0	Shuming Nie			3613
<http://dbpedia.org/resource/Sibawayh>	Sibawayh	0.8512500000000002	3	6	9	0	0	0	0	0	0	0	0	0	[]	False	False	False	True	Sibawayh	0	0	Sibawayh			3614
<http://dbpedia.org/resource/Sidney_Blatt>	Sidney Blatt	0.3057046650470088	0	2	2	2	0	0	0	0	0	0	0	0	[]	False	False	False	True	Sidney Blatt	0	0	Sidney Blatt|Blatt			3615
<http://dbpedia.org/resource/Sidney_Loeb>	Sidney Loeb	0.405	0	0	0	3	1	0	0	0	0	0	0	0	[]	False	False	False	True	Sidney Loeb	0	0	Sidney Loeb|Loeb			3616
<http://dbpedia.org/resource/Sikhulile_Moyo>	Sikhulile Moyo	0.405	0	0	0	4	1	0	0	0	0	0	0	0	[]	False	False	False	True	Sikhulile Moyo	0	0	Sikhulile Moyo|Moyo			3617
<http://dbpedia.org/resource/Simon_Hayhoe>	Simon Hayhoe	0.2775	0	0	0	1	3	0	0	0	0	0	0	0	[]	False	False	False	True	Simon Hayhoe	0	0	Simon Hayhoe|Hayhoe			3618
<http://dbpedia.org/resource/Simon_I._Hay>	Simon I. Hay	0.2957142857142857	0	2	2	2	0	0	0	0	0	0	0	0	[]	False	False	False	True	Simon I. Hay	0	0	Simon I. Hay			3619
<http://dbpedia.org/resource/Simon_J._Bending>	Simon J. Bending	0.3754438359686641	1	0	1	1	2	0	0	0	0	0	0	0	[]	False	False	False	True	Simon J. Bending	0	0	Simon J. Bending|Bending			3620
<http://dbpedia.org/resource/Sirarpie_Der_Nersessian>	Sirarpie Der Nersessian	0.5325000000000001	0	3	3	1	0	0	0	0	0	0	0	0	[]	False	False	False	True	Sirarpie Der Nersessian	0	0	Sirarpie Der Nersessian|Nersessian			3621
<http://dbpedia.org/resource/Sisir_Kumar_Mitra>	Sisir Kumar Mitra	0.3479433369253872	0	0	0	1	1	0	0	0	0	0	0	0	[]	False	False	False	True	Sisir Kumar Mitra	0	0	Sisir Kumar Mitra			3622
<http://dbpedia.org/resource/Snell_Putney>	Snell Putney	0.5638843250489249	0	10	10	1	0	0	0	0	0	0	0	0	[]	False	False	False	True	Snell Putney	0	0	Snell Putney|Putney			3623
<http://dbpedia.org/resource/Solomon_Mikhlin>	Solomon Mikhlin	1.9323425296076664	0	0	0	1	3	0	0	0	0	0	0	0	[]	False	False	False	True	Solomon Mikhlin	0	0	Solomon Mikhlin|Mikhlin			3624
<http://dbpedia.org/resource/Sonja_Berndt>	Sonja Berndt	0.32	0	1	1	3	0	0	0	0	0	0	0	0	[]	False	False	False	True	Sonja Berndt	0	0	Sonja Berndt|Berndt			3625
<http://dbpedia.org/resource/Sophie_Oluwole>	Sophie Oluwole	0.2989397458624111	0	3	3	0	0	0	0	0	0	0	0	0	[]	False	False	False	True	Sophie Oluwole	0	0	Sophie Oluwole|Oluwole			3626
<http://dbpedia.org/resource/Sphaerus>	Sphaerus	0.3664759870791422	0	2	2	0	0	0	0	0	0	0	0	0	[]	False	False	False	True	Sphaerus	0	0	Sphaerus			3627
<http://dbpedia.org/resource/St._George_Littledale>	St. George Littledale	0.427046875	0	2	2	0	1	0	0	0	0	0	0	0	[]	False	False	False	True	St. George Littledale	0	0	St. George Littledale|Littledale			3628
<http://dbpedia.org/resource/Stamatios_D._Krinos>	Stamatios D. Krinos	0.29875	3	2	5	2	0	0	0	0	0	0	0	0	[]	False	False	False	True	Stamatios D. Krinos	0	0	Stamatios D. Krinos|Krinos			3629
<http://dbpedia.org/resource/Stan_Zin>	Stan Zin	0.3821419746116379	0	6	6	3	0	0	0	0	0	0	0	0	[Macroeconomics, Finance]	False	False	False	True	Stan Zin	0	0	Stan Zin			3630
<http://dbpedia.org/resource/Stanislavs_Ladusãns>	Stanislavs Ladusãns	0.772639456990706	0	1	1	0	0	0	0	0	0	0	0	0	[]	False	False	False	True	Stanislavs Ladusans	0	0	Stanislavs Ladusans|Ladusans			3631
<http://dbpedia.org/resource/Stanley_Cohen_(biochemist)>	Stanley Cohen (biochemist)	0.2775	0	0	0	3	1	0	0	0	0	0	0	0	[]	False	False	False	True	Stanley Cohen	0	0	Stanley Cohen			3632
<http://dbpedia.org/resource/Stanley_Deser>	Stanley Deser	0.2831339496660375	0	0	0	1	5	0	0	0	0	0	0	0	[]	False	False	False	True	Stanley Deser	0	0	Stanley Deser|Deser			3633
<http://dbpedia.org/resource/Stefan_Burr>	Stefan Burr	0.325006241785665	0	0	0	2	2	0	0	0	0	0	0	0	[]	False	False	False	True	Stefan Burr	0	0	Stefan Burr|Burr			3634
<http://dbpedia.org/resource/Stefano_Bloch>	Stefano Bloch	0.5684576286807306	0	4	4	0	0	0	0	0	0	0	0	0	[]	False	False	False	True	Stefano Bloch	0	0	Stefano Bloch			3635
<http://dbpedia.org/resource/Stella_Chess>	Stella Chess	0.2775	0	1	1	0	1	0	0	0	0	0	0	0	[]	False	False	False	True	Stella Chess	0	0	Stella Chess|Chess			3636
<http://dbpedia.org/resource/Stella_Kramrisch>	Stella Kramrisch	0.303	0	1	1	0	0	0	0	0	0	0	0	0	[]	False	False	False	True	Stella Kramrisch	0	0	Stella Kramrisch|Kramrisch			3637
<http://dbpedia.org/resource/Stephany_Griffith-Jones>	Stephany Griffith-Jones	0.3591102903865931	0	6	6	2	0	0	0	0	0	0	0	0	[Financial economics, Development economics]	False	False	False	True	Stephany Griffith-Jones	0	0	Stephany Griffith-Jones|Griffith-Jones			3638
<http://dbpedia.org/resource/Stephen_A._Mitchell_(psychologist)>	Stephen A. Mitchell (psychologist)	0.3845249136491284	1	3	4	0	1	0	0	0	0	0	0	0	[]	False	False	False	True	Stephen A. Mitchell	0	0	Stephen A. Mitchell|Mitchell			3639
<http://dbpedia.org/resource/Stephen_A._Webb>	Stephen A. Webb	0.3412715866411933	0	5	5	0	0	0	0	0	0	0	0	0	[]	False	False	False	True	Stephen A. Webb	0	0	Stephen A. Webb|Webb			3640
<http://dbpedia.org/resource/Stephen_Batchelor_(author)>	Stephen Batchelor (author)	0.405	1	2	3	0	0	0	0	0	0	0	0	0	[]	False	False	False	True	Stephen Batchelor	0	0	Stephen Batchelor|Batchelor			3641
<http://dbpedia.org/resource/Stephen_Benton>	Stephen Benton	0.32	0	2	2	2	0	0	0	0	0	0	0	0	[]	False	False	False	True	Stephen Benton	0	0	Stephen Benton|Benton			3642
<http://dbpedia.org/resource/Stephen_D._Krasner>	Stephen D. Krasner	0.405880144783301	0	2	2	3	0	0	0	0	0	0	0	0	[]	False	False	False	True	Stephen D. Krasner	0	0	Stephen D. Krasner|Krasner			3643
<http://dbpedia.org/resource/Stephen_Daniel>	Stephen Daniel	0.3080601696808118	0	3	3	0	0	0	0	0	0	0	0	0	[]	False	False	False	True	Stephen Daniel	0	0	Stephen Daniel|Daniel			3644
<http://dbpedia.org/resource/Stephen_Gilfus>	Stephen Gilfus	0.2810205778581969	0	0	0	1	3	0	0	0	0	0	0	0	[]	False	False	False	True	Stephen Gilfus	0	0	Stephen Gilfus|Gilfus			3645
<http://dbpedia.org/resource/Stephen_H._Wright>	Stephen H. Wright	0.3468774545029855	0	2	2	1	0	0	0	0	0	0	0	0	[]	False	False	False	True	Stephen H. Wright	0	0	Stephen H. Wright			3646
<http://dbpedia.org/resource/Stephen_J._Benkovic>	Stephen J. Benkovic	0.2775	1	0	1	3	0	0	0	0	0	0	0	0	[]	False	False	False	True	Stephen J. Benkovic	0	0	Stephen J. Benkovic|Benkovic			3647
<http://dbpedia.org/resource/Stephen_Kowalczykowski>	Stephen Kowalczykowski	0.405	0	0	0	3	7	0	0	0	0	0	0	0	[]	False	False	False	True	Stephen Kowalczykowski	0	0	Stephen Kowalczykowski|Kowalczykowski			3648
<http://dbpedia.org/resource/Stephen_L._Brusatte>	Stephen L. Brusatte	0.34652265625	0	0	0	3	1	0	0	0	0	0	0	0	[]	False	False	False	True	Stephen L. Brusatte	0	0	Stephen L. Brusatte|Brusatte			3649
<http://dbpedia.org/resource/Stephen_Lynch_(musician)>	Stephen Lynch (musician)	0.9885250000000002	2	6	8	0	0	0	0	0	0	0	0	0	[]	False	False	False	True	Stephen Lynch	0	0	Stephen Lynch			3650
<http://dbpedia.org/resource/Stephen_P._Boyd>	Stephen P. Boyd	0.3388593750000001	0	0	0	2	1	0	0	0	0	0	0	0	[]	False	False	False	True	Stephen P. Boyd	0	0	Stephen P. Boyd			3651
<http://dbpedia.org/resource/Stephen_R._Barley>	Stephen R. Barley	0.4329535431009091	4	4	8	3	1	0	0	0	0	0	0	0	[]	False	False	False	True	Stephen R. Barley	0	0	Stephen R. Barley|Barley			3652
<http://dbpedia.org/resource/Stephen_Selkowitz>	Stephen Selkowitz	0.2838767836701508	0	1	1	2	2	0	0	0	0	0	0	0	[]	False	False	False	True	Stephen Selkowitz	0	0	Stephen Selkowitz|Selkowitz			3653
<http://dbpedia.org/resource/Stephen_Turnham_Pratt>	Stephen Turnham Pratt	0.2775	0	0	0	2	2	0	0	0	0	0	0	0	[]	False	False	False	True	Stephen Turnham Pratt	0	0	Stephen Turnham Pratt|Pratt			3654
<http://dbpedia.org/resource/Steve_Bannon>	Steve Bannon	0.9343616547936072	0	2	2	0	0	0	0	0	0	0	0	0	[]	False	False	False	True	Steve Bannon	0	0	Steve Bannon|Bannon			3655
<http://dbpedia.org/resource/Steve_Furber>	Steve Furber	0.3757311011099268	0	4	4	2	6	0	0	0	0	0	0	0	[]	False	False	False	True	Steve Furber	0	0	Steve Furber|Furber			3656
<http://dbpedia.org/resource/Steve_Hanke>	Steve Hanke	0.4823002823517981	0	6	6	1	0	0	0	0	0	0	0	0	[Financial economics, Monetary economics, International economics, Natural resource economics]	False	False	False	True	Steve Hanke	0	0	Steve Hanke|Hanke			3657
<http://dbpedia.org/resource/Steve_Keen>	Steve Keen	0.6650995226343521	0	14	14	0	0	0	0	0	0	0	0	0	[]	False	False	False	True	Steve Keen	0	0	Steve Keen			3658
<http://dbpedia.org/resource/Steve_Vickers_(computer_scientist)>	Steve Vickers (computer scientist)	0.2775	0	0	0	2	1	0	0	0	0	0	0	0	[]	False	False	False	True	Steve Vickers	0	0	Steve Vickers|Vickers			3659
<http://dbpedia.org/resource/Steven_K._Feiner>	Steven K. Feiner	0.2775	0	0	0	1	1	0	0	0	0	0	0	0	[]	False	False	False	True	Steven K. Feiner	0	0	Steven K. Feiner|Feiner			3660
<http://dbpedia.org/resource/Steven_Levitt>	Steven Levitt	0.3718708878437474	2	2	4	2	0	0	0	0	0	0	0	0	[Social economics]	False	False	False	True	Steven Levitt	0	0	Steven Levitt|Levitt			3661
<http://dbpedia.org/resource/Steven_M._Weinreb>	Steven M. Weinreb	0.2775	0	0	0	2	1	0	0	0	0	0	0	0	[]	False	False	False	True	Steven M. Weinreb	0	0	Steven M. Weinreb|Weinreb			3662
<http://dbpedia.org/resource/Steven_Marcus>	Steven Marcus	0.3000414523018334	2	3	5	0	0	0	0	0	0	0	0	0	[]	False	False	False	True	Steven Marcus	0	0	Steven Marcus|Marcus			3663
<http://dbpedia.org/resource/Steven_N._S._Cheung>	Steven N. S. Cheung	0.3637833714411946	0	6	6	3	0	0	0	0	0	0	0	0	[Property rights, Transaction cost]	False	False	False	True	Steven N. S. Cheung	0	0	Steven N. S. Cheung			3664
<http://dbpedia.org/resource/Steven_Novella>	Steven Novella	0.5468113894049834	0	6	6	1	2	0	0	0	0	0	0	0	[]	False	False	False	True	Steven Novella	0	0	Steven Novella|Novella			3665
<http://dbpedia.org/resource/Steven_Soter>	Steven Soter	0.4894232262941313	0	2	2	2	2	0	0	0	0	0	0	0	[]	False	False	False	True	Steven Soter	0	0	Steven Soter|Soter			3666
<http://dbpedia.org/resource/Stuart_Piggott>	Stuart Piggott	0.322125	0	1	1	0	0	0	0	0	0	0	0	0	[]	False	False	False	True	Stuart Piggott	0	0	Stuart Piggott|Piggott			3667
<http://dbpedia.org/resource/Suchitra_Sebastian>	Suchitra Sebastian	0.34125	0	1	1	3	0	0	0	0	0	0	0	0	[]	False	False	False	True	Suchitra Sebastian	0	0	Suchitra Sebastian|Sebastian			3668
<http://dbpedia.org/resource/Suisheng_Zhao>	Suisheng Zhao	0.4305	2	3	5	0	0	0	0	0	0	0	0	0	[]	False	False	False	True	Suisheng Zhao	0	0	Suisheng Zhao|Zhao			3669
<http://dbpedia.org/resource/Suri_Sehgal>	Suri Sehgal	0.3023739216751397	0	1	1	1	2	0	0	0	0	0	0	0	[]	False	False	False	True	Suri Sehgal	0	0	Suri Sehgal|Sehgal			3670
<http://dbpedia.org/resource/Susan_B._Davidson>	Susan B. Davidson	0.2961873340009755	0	0	0	2	2	0	0	0	0	0	0	0	[]	False	False	False	True	Susan B. Davidson	0	0	Susan B. Davidson			3671
<http://dbpedia.org/resource/Susan_Gerhart>	Susan Gerhart	0.3139996043776044	0	1	1	3	0	0	0	0	0	0	0	0	[]	False	False	False	True	Susan Gerhart	0	0	Susan Gerhart|Gerhart			3672
<http://dbpedia.org/resource/Susan_Houde-Walter>	Susan Houde-Walter	0.2775	0	0	0	3	1	0	0	0	0	0	0	0	[]	False	False	False	True	Susan Houde-Walter	0	0	Susan Houde-Walter|Houde-Walter			3673
<http://dbpedia.org/resource/Susan_M._Kauzlarich>	Susan M. Kauzlarich	0.303	0	0	0	2	5	0	0	0	0	0	0	0	[]	False	False	False	True	Susan M. Kauzlarich	0	0	Susan M. Kauzlarich|Kauzlarich			3674
<http://dbpedia.org/resource/Susan_Nolen-Hoeksema>	Susan Nolen-Hoeksema	0.2775	0	0	0	2	2	0	0	0	0	0	0	0	[]	False	False	False	True	Susan Nolen-Hoeksema	0	0	Susan Nolen-Hoeksema|Nolen-Hoeksema			3675
<http://dbpedia.org/resource/Susan_Petrilli>	Susan Petrilli	1.5230228155728398	0	9	9	0	0	0	0	0	0	0	0	0	[]	False	False	False	True	Susan Petrilli	0	0	Susan Petrilli|Petrilli			3676
<http://dbpedia.org/resource/Suzanne_Eaton>	Suzanne Eaton	0.3625	0	2	2	2	0	0	0	0	0	0	0	0	[]	False	False	False	True	Suzanne Eaton	0	0	Suzanne Eaton			3677
<http://dbpedia.org/resource/Svante_Janson>	Svante Janson	0.3797888333347817	0	3	3	1	2	0	0	0	0	0	0	0	[]	False	False	False	True	Svante Janson	0	0	Svante Janson|Janson			3678
<http://dbpedia.org/resource/Svein_Haugsgjerd>	Svein Haugsgjerd	0.4033998457479391	0	1	1	0	0	0	0	0	0	0	0	0	[]	False	False	False	True	Svein Haugsgjerd	0	0	Svein Haugsgjerd|Haugsgjerd			3679
<http://dbpedia.org/resource/Svetozar_Marković>	Svetozar Marković	0.3381932865590868	2	3	5	0	0	0	0	0	0	0	0	0	[]	False	False	False	True	Svetozar Markovic	0	0	Svetozar Markovic|Markovic			3680
<http://dbpedia.org/resource/Sybil_Cooper>	Sybil Cooper	0.3230009328875867	0	2	2	2	0	0	0	0	0	0	0	0	[]	False	False	False	True	Sybil Cooper	0	0	Sybil Cooper			3681
<http://dbpedia.org/resource/Sydney_Kustu>	Sydney Kustu	0.2775	0	0	0	1	2	0	0	0	0	0	0	0	[]	False	False	False	True	Sydney Kustu	0	0	Sydney Kustu|Kustu			3682
<http://dbpedia.org/resource/Syed_Ahmad_Khan>	Syed Ahmad Khan	0.4752351432934232	7	4	11	0	0	0	0	0	0	0	0	0	[]	False	False	False	True	Syed Ahmad Khan	0	0	Syed Ahmad Khan			3683
<http://dbpedia.org/resource/Syed_Sadatullah_Husaini>	Syed Sadatullah Husaini	0.2937332007159395	0	3	3	0	0	0	0	0	0	0	0	0	[]	False	False	False	True	Syed Sadatullah Husaini	0	0	Syed Sadatullah Husaini|Husaini			3684
<http://dbpedia.org/resource/Syed_Shujaat_Ali_Qadri>	Syed Shujaat Ali Qadri	0.5962500000000002	1	4	5	0	0	0	0	0	0	0	0	0	[]	False	False	False	True	Syed Shujaat Ali Qadri	0	0	Syed Shujaat Ali Qadri|Qadri			3685
<http://dbpedia.org/resource/Syed_Tajammul_Hussain>	Syed Tajammul Hussain	0.2775	1	1	2	1	0	0	0	0	0	0	0	0	[]	False	False	False	True	Syed Tajammul Hussain	0	0	Syed Tajammul Hussain|Hussain			3686
<http://dbpedia.org/resource/Søren_Johansen>	Søren Johansen	0.4159628535404672	1	5	6	1	0	0	0	0	0	0	0	0	[Econometrics]	False	False	False	True	Søren Johansen	0	0	Søren Johansen|Johansen			3687
<http://dbpedia.org/resource/T._D._J._Nagabhushanam>	T. D. J. Nagabhushanam	0.8822473193020375	1	0	1	4	0	0	0	0	0	0	0	0	[]	False	False	False	True	T. D. J. Nagabhushanam	0	0	T. D. J. Nagabhushanam|Nagabhushanam			3688
<http://dbpedia.org/resource/T._K._Seung>	T. K. Seung	0.2822312290457258	3	7	10	0	0	0	0	0	0	0	0	0	[]	False	False	False	True	T. K. Seung	0	0	T. K. Seung|Seung			3689
<http://dbpedia.org/resource/T._N._Ananthakrishnan>	T. N. Ananthakrishnan	0.2775	0	1	1	1	0	0	0	0	0	0	0	0	[]	False	False	False	True	T. N. Ananthakrishnan	0	0	T. N. Ananthakrishnan|Ananthakrishnan			3690
<http://dbpedia.org/resource/T._V._Mahalingam>	T. V. Mahalingam	0.46396875	0	3	3	0	0	0	0	0	0	0	0	0	[]	False	False	False	True	T. V. Mahalingam	0	0	T. V. Mahalingam|Mahalingam			3691
<http://dbpedia.org/resource/T._V._Venkatachala_Sastry>	T. V. Venkatachala Sastry	0.5325000000000001	0	3	3	1	0	0	0	0	0	0	0	0	[]	False	False	False	True	T. V. Venkatachala Sastry	0	0	T. V. Venkatachala Sastry|Sastry			3692
<http://dbpedia.org/resource/Tadashi_Nagano>	Tadashi Nagano	0.4328685906065758	1	4	5	0	0	0	0	0	0	0	0	0	[]	False	False	False	True	Tadashi Nagano	0	0	Tadashi Nagano|Nagano			3693
<http://dbpedia.org/resource/Tadatsugu_Taniguchi>	Tadatsugu Taniguchi	0.2775	0	0	0	2	2	0	0	0	0	0	0	0	[]	False	False	False	True	Tadatsugu Taniguchi	0	0	Tadatsugu Taniguchi|Taniguchi			3694
<http://dbpedia.org/resource/Tadeusz_Swietochowski>	Tadeusz Swietochowski	0.2775	0	0	0	2	1	0	0	0	0	0	0	0	[]	False	False	False	True	Tadeusz Swietochowski	0	0	Tadeusz Swietochowski|Swietochowski			3695
<http://dbpedia.org/resource/Taha_Hussein>	Taha Hussein	0.4110158854059197	2	3	5	0	0	0	0	0	0	0	0	0	[]	False	False	False	True	Taha Hussein	0	0	Taha Hussein			3696
<http://dbpedia.org/resource/Tahar_Ben_Jelloun>	Tahar Ben Jelloun	0.3246816935209535	0	1	1	1	0	2	0	0	0	0	0	0	[]	False	False	False	True	Tahar Ben Jelloun	0	0	Tahar Ben Jelloun|Jelloun			3697
<http://dbpedia.org/resource/Tak_Wah_Mak>	Tak Wah Mak	0.371085	0	0	0	3	3	0	0	0	0	0	0	0	[]	False	False	False	True	Tak Wah Mak	0	0	Tak Wah Mak			3698
<http://dbpedia.org/resource/Tamaki_Saitō>	Tamaki Saitō	1.218095669863814	0	1	1	0	0	0	0	0	0	0	0	0	[]	False	False	False	True	Tamaki Saito	0	0	Tamaki Saito|Saito			3699
<http://dbpedia.org/resource/Tamás_Erdélyi_(mathematician)>	Tamás Erdélyi (mathematician)	0.2775	1	1	2	1	2	0	0	0	0	0	0	0	[]	False	False	False	True	Tamas Erdelyi	0	0	Tamas Erdelyi|Erdelyi			3700
<http://dbpedia.org/resource/Tan_Malaka>	Tan Malaka	1.4254216977520433	12	19	31	0	0	0	0	0	0	0	0	0	[]	False	False	False	True	Tan Malaka	0	0	Tan Malaka|Malaka			3701
<http://dbpedia.org/resource/Tanakadate_Aikitsu>	Tanakadate Aikitsu	0.3167777896689704	0	1	1	3	3	0	0	0	0	0	0	0	[]	False	False	False	True	Tanakadate Aikitsu	0	0	Tanakadate Aikitsu|Aikitsu			3702
<http://dbpedia.org/resource/Tanhum_of_Jerusalem>	Tanhum of Jerusalem	0.8676260821980257	2	7	9	0	0	0	0	0	0	0	0	0	[]	False	False	False	True	Tanhum of Jerusalem	0	0	Tanhum of Jerusalem|Jerusalem			3703
<http://dbpedia.org/resource/Tao_Kwok_Cheung>	Tao Kwok Cheung	0.3747332349013265	0	2	2	0	0	0	0	0	0	0	0	0	[]	False	False	False	True	Tao Kwok Cheung	0	0	Tao Kwok Cheung			3704
<http://dbpedia.org/resource/Tara_Smith_(philosopher)>	Tara Smith (philosopher)	0.8873662906427878	0	9	9	0	0	0	0	0	0	0	0	0	[]	False	False	False	True	Tara Smith	0	0	Tara Smith			3705
<http://dbpedia.org/resource/Ted_Hill_(mathematician)>	Ted Hill (mathematician)	0.2840160481077528	0	0	0	3	3	0	0	0	0	0	0	0	[]	False	False	False	True	Ted Hill	0	0	Ted Hill			3706
<http://dbpedia.org/resource/Ted_Kaczynski>	Ted Kaczynski	0.3879453981535589	0	2	2	0	0	0	0	0	0	0	0	0	[]	False	False	False	True	Ted Kaczynski	0	0	Ted Kaczynski|Kaczynski			3707
<http://dbpedia.org/resource/Ted_Kaehler>	Ted Kaehler	0.2904682333621853	0	2	2	0	3	0	0	0	0	0	0	0	[]	False	False	False	True	Ted Kaehler	0	0	Ted Kaehler|Kaehler			3708
<http://dbpedia.org/resource/Ted_Noten>	Ted Noten	0.9612404689154856	0	0	0	0	0	1	0	0	0	0	0	0	[]	False	False	False	True	Ted Noten	0	0	Ted Noten|Noten			3709
<http://dbpedia.org/resource/Ted_Ringwood>	Ted Ringwood	0.3008242850488281	0	1	1	1	0	0	0	0	0	0	0	0	[]	False	False	False	True	Ted Ringwood	0	0	Ted Ringwood|Ringwood			3710
<http://dbpedia.org/resource/Tehran_Von_Ghasri>	Tehran Von Ghasri	0.6179250000000002	0	4	4	0	0	0	0	0	0	0	0	0	[]	False	False	False	True	Tehran Von Ghasri	0	0	Tehran Von Ghasri|Ghasri			3711
<http://dbpedia.org/resource/Tejinder_Virdee>	Tejinder Virdee	0.2775	0	0	0	2	1	0	0	0	0	0	0	0	[]	False	False	False	True	Tejinder Virdee	0	0	Tejinder Virdee|Virdee			3712
<http://dbpedia.org/resource/Telauges>	Telauges	0.4097716713727679	0	1	1	0	0	0	0	0	0	0	0	0	[]	False	False	False	True	Telauges	0	0	Telauges			3713
<http://dbpedia.org/resource/Teófilo_Herrera_Suárez>	Teófilo Herrera Suárez	0.2775	0	0	0	1	1	0	0	0	0	0	0	0	[]	False	False	False	True	Teofilo Herrera Suarez	0	0	Teofilo Herrera Suarez			3714
<http://dbpedia.org/resource/Teuku_Jacob>	Teuku Jacob	0.436875	0	2	2	1	1	0	0	0	0	0	0	0	[]	False	False	False	True	Teuku Jacob	0	0	Teuku Jacob|Jacob			3715
<http://dbpedia.org/resource/Theodor_Bilharz>	Theodor Bilharz	0.2922523556952039	0	1	1	1	2	0	0	0	0	0	0	0	[]	False	False	False	True	Theodor Bilharz	0	0	Theodor Bilharz|Bilharz			3716
<http://dbpedia.org/resource/Theodor_Eimer>	Theodor Eimer	0.3376949374199293	1	3	4	0	1	0	0	0	0	0	0	0	[]	False	False	False	True	Theodor Eimer	0	0	Theodor Eimer|Eimer			3717
<http://dbpedia.org/resource/Theodor_Escherich>	Theodor Escherich	0.2775	0	0	0	3	1	0	0	0	0	0	0	0	[]	False	False	False	True	Theodor Escherich	0	0	Theodor Escherich			3718
<http://dbpedia.org/resource/Theodor_Zwinger>	Theodor Zwinger	0.6770104985647866	2	0	2	4	0	0	0	0	0	0	0	0	[]	False	False	False	True	Theodor Zwinger	0	0	Theodor Zwinger|Zwinger			3719
<http://dbpedia.org/resource/Theodore_Drange>	Theodore Drange	0.4481188739302797	0	2	2	0	0	0	0	0	0	0	0	0	[]	False	False	False	True	Theodore Drange	0	0	Theodore Drange|Drange			3720
<http://dbpedia.org/resource/Theodore_Motzkin>	Theodore Motzkin	0.2843218273256386	0	0	0	1	5	0	0	0	0	0	0	0	[]	False	False	False	True	Theodore Motzkin	0	0	Theodore Motzkin|Motzkin			3721
<http://dbpedia.org/resource/Theodore_Reich>	Theodore Reich	0.34125	0	2	2	1	0	0	0	0	0	0	0	0	[]	False	False	False	True	Theodore Reich	0	0	Theodore Reich			3722
<http://dbpedia.org/resource/Theognostus_of_Alexandria>	Theognostus of Alexandria	0.3621971176570776	2	3	5	0	0	0	0	0	0	0	0	0	[]	False	False	False	True	Theognostus of Alexandria	0	0	Theognostus of Alexandria			3723
<http://dbpedia.org/resource/Theoklitos_Farmakidis>	Theoklitos Farmakidis	0.6798835292264267	0	4	4	0	0	0	0	0	0	0	0	0	[]	False	False	False	True	Theoklitos Farmakidis	0	0	Theoklitos Farmakidis|Farmakidis			3724
<http://dbpedia.org/resource/Theophilos_Kairis>	Theophilos Kairis	0.4587344580225097	1	5	6	0	0	0	0	0	0	0	0	0	[]	False	False	False	True	Theophilos Kairis	0	0	Theophilos Kairis|Kairis			3725
<http://dbpedia.org/resource/Theresa_Clay>	Theresa Clay	0.533479342471475	0	2	2	1	2	0	0	0	0	0	0	0	[]	False	False	False	True	Theresa Clay	0	0	Theresa Clay|Clay			3726
<http://dbpedia.org/resource/Thiruvalluvar>	Thiruvalluvar	0.6504375000000002	14	4	18	0	0	0	0	0	0	0	0	0	[]	False	False	False	True	Thiruvalluvar	0	0	Thiruvalluvar			3727
<http://dbpedia.org/resource/Thomas_Bartholin>	Thomas Bartholin	0.3663770964837797	0	0	0	1	1	0	0	0	0	0	0	0	[]	False	False	False	True	Thomas Bartholin	0	0	Thomas Bartholin|Bartholin			3728
<http://dbpedia.org/resource/Thomas_Blackwell_(scholar)>	Thomas Blackwell (scholar)	0.3437772278133304	1	1	2	2	0	0	0	0	0	0	0	0	[]	False	False	False	True	Thomas Blackwell	0	0	Thomas Blackwell|Blackwell			3729
<http://dbpedia.org/resource/Thomas_Cajetan>	Thomas Cajetan	0.5532470717303455	12	7	19	0	0	0	0	0	0	0	0	0	[]	False	False	False	True	Thomas Cajetan	0	0	Thomas Cajetan|Cajetan			3730
<http://dbpedia.org/resource/Thomas_DiLorenzo>	Thomas DiLorenzo	0.2990431715573461	0	2	2	0	0	0	0	0	0	0	0	0	[Economic history, Abraham Lincoln, American history]	False	False	False	True	Thomas DiLorenzo	0	0	Thomas DiLorenzo|DiLorenzo			3731
<http://dbpedia.org/resource/Thomas_E._Anderson>	Thomas E. Anderson	0.309375	0	0	0	2	3	0	0	0	0	0	0	0	[]	False	False	False	True	Thomas E. Anderson	0	0	Thomas E. Anderson			3732
<http://dbpedia.org/resource/Thomas_Edison>	Thomas Edison	0.4619274662981361	1	1	2	0	20	0	0	0	0	0	0	0	[]	False	False	False	True	Thomas Edison	0	0	Thomas Edison|Edison			3733
<http://dbpedia.org/resource/Thomas_Gordon_(writer)>	Thomas Gordon (writer)	0.2781117227011428	0	1	1	0	0	0	0	0	0	0	0	0	[]	False	False	False	True	Thomas Gordon	0	0	Thomas Gordon			3734
<http://dbpedia.org/resource/Thomas_H._Heaton>	Thomas H. Heaton	0.2775	0	0	0	1	1	0	0	0	0	0	0	0	[]	False	False	False	True	Thomas H. Heaton	0	0	Thomas H. Heaton|Heaton			3735
<http://dbpedia.org/resource/Thomas_J._J._Altizer>	Thomas J. J. Altizer	0.5242951279689779	0	1	1	0	0	0	0	0	0	0	0	0	[]	False	False	False	True	Thomas J. J. Altizer	0	0	Thomas J. J. Altizer|Altizer			3736
<http://dbpedia.org/resource/Thomas_J._Sargent>	Thomas J. Sargent	0.4259675909525319	4	5	9	2	0	0	0	0	0	0	0	0	[Macroeconomics, Monetary economics]	False	False	False	True	Thomas J. Sargent	0	0	Thomas J. Sargent|Sargent			3737
<http://dbpedia.org/resource/Thomas_Kilduff>	Thomas Kilduff	0.5962500000000002	0	0	0	2	1	0	0	0	0	0	0	0	[]	False	False	False	True	Thomas Kilduff	0	0	Thomas Kilduff|Kilduff			3738
<http://dbpedia.org/resource/Thomas_Lemke_(sociologist)>	Thomas Lemke (sociologist)	0.4211120596340884	0	1	1	1	3	0	0	0	0	0	0	0	[]	False	False	False	True	Thomas Lemke	0	0	Thomas Lemke|Lemke			3739
<http://dbpedia.org/resource/Thomas_Ligotti>	Thomas Ligotti	0.3347801017823603	0	2	2	1	0	0	0	0	0	0	0	0	[]	False	False	False	True	Thomas Ligotti	0	0	Thomas Ligotti|Ligotti			3740
<http://dbpedia.org/resource/Thomas_Meehan_(botanist)>	Thomas Meehan (botanist)	1.279365601532523	0	11	11	0	0	0	0	0	0	0	0	0	[]	False	False	False	True	Thomas Meehan	0	0	Thomas Meehan|Meehan			3741
<http://dbpedia.org/resource/Thomas_Muffet>	Thomas Muffet	0.288205239156939	0	2	2	1	1	0	0	0	0	0	0	0	[]	False	False	False	True	Thomas Muffet	0	0	Thomas Muffet|Muffet			3742
<http://dbpedia.org/resource/Thomas_Nail>	Thomas Nail	0.3671164814980026	0	5	5	0	0	0	0	0	0	0	0	0	[]	False	False	False	True	Thomas Nail	0	0	Thomas Nail|Nail			3743
<http://dbpedia.org/resource/Thomas_Reardon>	Thomas Reardon	0.4322885416666667	0	0	0	0	3	0	0	0	0	0	0	0	[]	False	False	False	True	Thomas Reardon	0	0	Thomas Reardon|Reardon			3744
<http://dbpedia.org/resource/Thomas_Todhunter_Shields>	Thomas Todhunter Shields	0.2775	0	1	1	0	0	0	0	0	0	0	0	0	[]	False	False	False	True	Thomas Todhunter Shields	0	0	Thomas Todhunter Shields			3745
<http://dbpedia.org/resource/Thomas_Verner_Moore>	Thomas Verner Moore	0.2865977677129332	0	0	0	1	1	0	0	0	0	0	0	0	[]	False	False	False	True	Thomas Verner Moore	0	0	Thomas Verner Moore			3746
<http://dbpedia.org/resource/Thressa_Stadtman>	Thressa Stadtman	0.2775	0	0	0	2	2	0	0	0	0	0	0	0	[]	False	False	False	True	Thressa Stadtman	0	0	Thressa Stadtman|Stadtman			3747
<http://dbpedia.org/resource/Tibor_Šalát>	Tibor Šalát	0.3421938212834642	0	2	2	1	2	0	0	0	0	0	0	0	[]	False	False	False	True	Tibor Salat	0	0	Tibor Salat|Salat			3748
<http://dbpedia.org/resource/Tiger_Lim>	Tiger Lim	0.2775	0	1	1	0	0	0	0	0	0	0	0	0	[]	False	False	False	True	Tiger Lim	0	0	Tiger Lim			3749
<http://dbpedia.org/resource/Tim_Kane>	Tim Kane	0.7265941991146612	0	4	4	3	0	0	0	0	0	0	0	0	[]	False	False	False	True	Tim Kane	0	0	Tim Kane|Kane			3750
<http://dbpedia.org/resource/Tim_Poston>	Tim Poston	0.2942148827892204	0	0	0	2	2	0	0	0	0	0	0	0	[]	False	False	False	True	Tim Poston	0	0	Tim Poston|Poston			3751
<http://dbpedia.org/resource/Timothy_Lee_Barnwell>	Timothy Lee Barnwell	0.6175	0	5	5	1	0	0	0	0	0	0	0	0	[]	False	False	False	True	Timothy Lee Barnwell	0	0	Timothy Lee Barnwell|Barnwell			3752
<http://dbpedia.org/resource/Timothy_M._P._Tait>	Timothy M. P. Tait	35.72828102127536	0	0	0	2	1	0	0	0	0	0	0	0	[]	False	False	False	True	Timothy M. P. Tait	0	0	Timothy M. P. Tait|Tait			3753
<http://dbpedia.org/resource/Tina_Beattie>	Tina Beattie	0.3221656565393688	0	1	1	1	8	0	0	0	0	0	0	0	[]	False	False	False	True	Tina Beattie	0	0	Tina Beattie|Beattie			3754
<http://dbpedia.org/resource/Tina_Besley>	Tina Besley	0.3997737773550637	0	7	7	1	0	0	0	0	0	0	0	0	[]	False	False	False	True	Tina Besley	0	0	Tina Besley|Besley			3755
<http://dbpedia.org/resource/Tito_Livio_Ferreira>	Tito Livio Ferreira	0.772639456990706	0	1	1	0	0	0	0	0	0	0	0	0	[]	False	False	False	True	Tito Livio Ferreira	0	0	Tito Livio Ferreira			3756
<http://dbpedia.org/resource/Titus_Burckhardt>	Titus Burckhardt	0.455864622948329	2	4	6	0	0	0	0	0	0	0	0	0	[]	False	False	False	True	Titus Burckhardt	0	0	Titus Burckhardt|Burckhardt			3757
<http://dbpedia.org/resource/Todd_Martínez>	Todd Martínez	0.3049603311048867	0	0	0	2	1	0	0	0	0	0	0	0	[]	False	False	False	True	Todd Martinez	0	0	Todd Martinez|Martinez			3758
<http://dbpedia.org/resource/Tom_Flanagan_(political_scientist)>	Tom Flanagan (political scientist)	0.300875	0	1	1	0	0	0	0	0	0	0	0	0	[]	False	False	False	True	Tom Flanagan	0	0	Tom Flanagan|Flanagan			3759
<http://dbpedia.org/resource/Tomas_Batuecas>	Tomas Batuecas	0.2775	0	0	0	1	1	0	0	0	0	0	0	0	[]	False	False	False	True	Tomas Batuecas	0	0	Tomas Batuecas|Batuecas			3760
<http://dbpedia.org/resource/Tomasz_Robert_Taylor>	Tomasz Robert Taylor	0.2775	0	0	0	1	1	0	0	0	0	0	0	0	[]	False	False	False	True	Tomasz Robert Taylor	0	0	Tomasz Robert Taylor			3761
<http://dbpedia.org/resource/Tommaso_Palamidessi>	Tommaso Palamidessi	1.6194113713553628	0	5	5	0	0	0	0	0	0	0	0	0	[]	False	False	False	True	Tommaso Palamidessi	0	0	Tommaso Palamidessi|Palamidessi			3762
<http://dbpedia.org/resource/Tommy_Hadden>	Tommy Hadden	0.9612404689154856	0	0	0	0	1	0	0	0	0	0	0	0	[]	False	False	False	True	Tommy Hadden	0	0	Tommy Hadden|Hadden			3763
<http://dbpedia.org/resource/Tony_Lancaster>	Tony Lancaster	0.322125	0	1	1	2	0	0	0	0	0	0	0	0	[Bayesian econometrics]	False	False	False	True	Tony Lancaster	0	0	Tony Lancaster|Lancaster			3764
<http://dbpedia.org/resource/Tony_Laubach>	Tony Laubach	0.66	0	4	4	2	2	0	0	0	0	0	0	0	[]	False	False	False	True	Tony Laubach	0	0	Tony Laubach|Laubach			3765
<http://dbpedia.org/resource/Torbern_Bergman>	Torbern Bergman	0.405	0	1	1	1	1	0	0	0	0	0	0	0	[]	False	False	False	True	Torbern Bergman	0	0	Torbern Bergman|Bergman			3766
<http://dbpedia.org/resource/Toshiko_Mayeda>	Toshiko Mayeda	0.308386875	0	0	0	1	2	0	0	0	0	0	0	0	[]	False	False	False	True	Toshiko Mayeda	0	0	Toshiko Mayeda|Mayeda			3767
<http://dbpedia.org/resource/Tova_Milo>	Tova Milo	0.2775	0	0	0	1	2	0	0	0	0	0	0	0	[]	False	False	False	True	Tova Milo	0	0	Tova Milo|Milo			3768
<http://dbpedia.org/resource/Traian_Brăileanu>	Traian Brăileanu	0.3275928904477033	0	6	6	0	0	0	0	0	0	0	0	0	[]	False	False	False	True	Traian Braileanu	0	0	Traian Braileanu|Braileanu			3769
<http://dbpedia.org/resource/Trevor_Wooley>	Trevor Wooley	0.3138375	0	0	0	2	3	0	0	0	0	0	0	0	[]	False	False	False	True	Trevor Wooley	0	0	Trevor Wooley|Wooley			3770
<http://dbpedia.org/resource/Tristan_Garcia>	Tristan Garcia	0.4050017107105788	0	3	3	0	0	0	0	0	0	0	0	0	[]	False	False	False	True	Tristan Garcia	0	0	Tristan Garcia|Garcia			3771
<http://dbpedia.org/resource/Tsutomu_Katsuki>	Tsutomu Katsuki	0.3057738275343154	0	0	0	1	2	0	0	0	0	0	0	0	[]	False	False	False	True	Tsutomu Katsuki	0	0	Tsutomu Katsuki|Katsuki			3772
<http://dbpedia.org/resource/Tzvetan_Todorov>	Tzvetan Todorov	0.3423152367295218	0	2	2	0	0	0	0	0	0	0	0	0	[]	False	False	False	True	Tzvetan Todorov	0	0	Tzvetan Todorov|Todorov			3773
<http://dbpedia.org/resource/Ugo_Fano>	Ugo Fano	0.6699293292589384	1	3	4	1	5	0	0	0	0	0	0	0	[]	False	False	False	True	Ugo Fano	0	0	Ugo Fano|Fano			3774
<http://dbpedia.org/resource/Ulf_Hohmann>	Ulf Hohmann	0.2775	0	0	0	3	1	0	0	0	0	0	0	0	[]	False	False	False	True	Ulf Hohmann	0	0	Ulf Hohmann|Hohmann			3775
<http://dbpedia.org/resource/Ulrich_Kortz>	Ulrich Kortz	0.3373703571428572	0	0	0	1	2	0	0	0	0	0	0	0	[]	False	False	False	True	Ulrich Kortz	0	0	Ulrich Kortz|Kortz			3776
<http://dbpedia.org/resource/Umran_Inan>	Umran Inan	0.3091617423451114	0	0	0	3	1	0	0	0	0	0	0	0	[]	False	False	False	True	Umran Inan	0	0	Umran Inan|Inan			3777
<http://dbpedia.org/resource/Uri_Gordon_(anarchist)>	Uri Gordon (anarchist)	0.5099554933393832	0	1	1	0	0	0	0	0	0	0	0	0	[]	False	False	False	True	Uri Gordon	0	0	Uri Gordon			3778
<http://dbpedia.org/resource/Ursula_Franklin>	Ursula Franklin	0.4620438520335682	0	5	5	2	4	0	0	0	0	0	0	0	[]	False	False	False	True	Ursula Franklin	0	0	Ursula Franklin			3779
<http://dbpedia.org/resource/Ursula_McConnel>	Ursula McConnel	0.4827587038064208	0	4	4	1	2	0	0	0	0	0	0	0	[]	False	False	False	True	Ursula McConnel	0	0	Ursula McConnel|McConnel			3780
<http://dbpedia.org/resource/V._Gordon_Childe>	V. Gordon Childe	0.3640195309315449	2	3	5	0	0	0	0	0	0	0	0	0	[]	False	False	False	True	V. Gordon Childe	0	0	V. Gordon Childe|Childe			3781
<http://dbpedia.org/resource/Vaklush_Tolev>	Vaklush Tolev	488.2483169206686	0	8	8	1	4	0	0	0	0	0	0	0	[]	False	False	False	True	Vaklush Tolev	0	0	Vaklush Tolev|Tolev			3782
<http://dbpedia.org/resource/Valerie_Flint>	Valerie Flint	0.5325000000000001	0	0	0	1	1	0	0	0	0	0	0	0	[]	False	False	False	True	Valerie Flint	0	0	Valerie Flint|Flint			3783
<http://dbpedia.org/resource/Varghese_Mathai>	Varghese Mathai	0.2924952268217457	0	0	0	2	3	0	0	0	0	0	0	0	[]	False	False	False	True	Varghese Mathai	0	0	Varghese Mathai|Mathai			3784
<http://dbpedia.org/resource/Vasant_Honavar>	Vasant Honavar	0.4991458652846136	0	4	4	4	0	0	0	0	0	0	0	0	[]	False	False	False	True	Vasant Honavar	0	0	Vasant Honavar|Honavar			3785
<http://dbpedia.org/resource/Vasile_Pogor>	Vasile Pogor	0.3475167573611529	3	4	7	0	0	0	0	0	0	0	0	0	[]	False	False	False	True	Vasile Pogor	0	0	Vasile Pogor|Pogor			3786
<http://dbpedia.org/resource/Vasile_Pușcaș>	Vasile Pușcaș	0.2775	1	1	2	1	0	0	0	0	0	0	0	0	[]	False	False	False	True	Vasile Puscas	0	0	Vasile Puscas|Puscas			3787
<http://dbpedia.org/resource/Vasily_Davydov>	Vasily Davydov	0.3386999298659519	0	1	1	0	0	0	0	0	0	0	0	0	[]	False	False	False	True	Vasily Davydov	0	0	Vasily Davydov|Davydov			3788
<http://dbpedia.org/resource/Vasily_Vladimirov>	Vasily Vladimirov	0.318177569021392	0	0	0	1	8	0	0	0	0	0	0	0	[]	False	False	False	True	Vasily Vladimirov	0	0	Vasily Vladimirov|Vladimirov			3789
<http://dbpedia.org/resource/Vatroslav_Jagić>	Vatroslav Jagić	0.405	1	1	2	1	0	0	0	0	0	0	0	0	[]	False	False	False	True	Vatroslav Jagic	0	0	Vatroslav Jagic|Jagic			3790
<http://dbpedia.org/resource/Venkat_Chandrasekaran>	Venkat Chandrasekaran	0.34125	0	0	0	2	3	0	0	0	0	0	0	0	[]	False	False	False	True	Venkat Chandrasekaran	0	0	Venkat Chandrasekaran|Chandrasekaran			3791
<http://dbpedia.org/resource/Venkatesh_K._R._Kodur>	Venkatesh K. R. Kodur	15.498878038752505	0	0	0	2	5	0	0	0	0	0	0	0	[]	False	False	False	True	Venkatesh K. R. Kodur	0	0	Venkatesh K. R. Kodur|Kodur			3792
<http://dbpedia.org/resource/Victor_Albert_Bailey>	Victor Albert Bailey	0.2925251929012346	1	0	1	1	2	0	0	0	0	0	0	0	[]	False	False	False	True	Victor Albert Bailey	0	0	Victor Albert Bailey			3793
<http://dbpedia.org/resource/Victor_Conrad>	Victor Conrad	0.3284649375	0	2	2	1	0	0	0	0	0	0	0	0	[]	False	False	False	True	Victor Conrad	0	0	Victor Conrad|Conrad			3794
<http://dbpedia.org/resource/Victor_Ernest_Shelford>	Victor Ernest Shelford	0.5619843750000001	2	3	5	2	2	0	0	0	0	0	0	0	[]	False	False	False	True	Victor Ernest Shelford	0	0	Victor Ernest Shelford|Shelford			3795
<http://dbpedia.org/resource/Victor_Grignard>	Victor Grignard	0.2775	0	0	0	1	2	0	0	0	0	0	0	0	[]	False	False	False	True	Victor Grignard	0	0	Victor Grignard|Grignard			3796
<http://dbpedia.org/resource/Victor_H._Mair>	Victor H. Mair	0.3741875	0	0	0	4	2	0	0	0	0	0	0	0	[]	False	False	False	True	Victor H. Mair	0	0	Victor H. Mair|Mair			3797
<http://dbpedia.org/resource/Victor_Klee>	Victor Klee	0.2871854377196186	0	1	1	0	3	0	0	0	0	0	0	0	[]	False	False	False	True	Victor Klee	0	0	Victor Klee|Klee			3798
<http://dbpedia.org/resource/Victor_Koman>	Victor Koman	0.3127046477704169	0	1	1	0	0	0	0	0	0	0	0	0	[]	False	False	False	True	Victor Koman	0	0	Victor Koman|Koman			3799
<http://dbpedia.org/resource/Victor_Polterovich>	Victor Polterovich	0.2775	0	1	1	2	0	0	0	0	0	0	0	0	[]	False	False	False	True	Victor Polterovich	0	0	Victor Polterovich|Polterovich			3800
<http://dbpedia.org/resource/Victoria_Kaspi>	Victoria Kaspi	0.2957142857142857	0	0	0	2	1	0	0	0	0	0	0	0	[]	False	False	False	True	Victoria Kaspi	0	0	Victoria Kaspi|Kaspi			3801
<http://dbpedia.org/resource/Victoria_Ocampo>	Victoria Ocampo	0.3064964855147427	0	1	1	1	0	0	0	0	0	0	0	0	[]	False	False	False	True	Victoria Ocampo	0	0	Victoria Ocampo|Ocampo			3802
<http://dbpedia.org/resource/Vijay_S._Pande>	Vijay S. Pande	0.3113365384615385	0	0	0	1	2	0	0	0	0	0	0	0	[]	False	False	False	True	Vijay S. Pande	0	0	Vijay S. Pande|Pande			3803
<http://dbpedia.org/resource/Vijayalakshmi_Ravindranath>	Vijayalakshmi Ravindranath	0.2775	0	0	0	2	1	0	0	0	0	0	0	0	[]	False	False	False	True	Vijayalakshmi Ravindranath	0	0	Vijayalakshmi Ravindranath|Ravindranath			3804
<http://dbpedia.org/resource/Vikram_Adve>	Vikram Adve	0.2955625	1	0	1	1	1	0	0	0	0	0	0	0	[]	False	False	False	True	Vikram Adve	0	0	Vikram Adve|Adve			3805
<http://dbpedia.org/resource/Viktor_Bunyakovsky>	Viktor Bunyakovsky	0.2890909090909091	0	0	0	1	7	0	0	0	0	0	0	0	[]	False	False	False	True	Viktor Bunyakovsky	0	0	Viktor Bunyakovsky|Bunyakovsky			3806
<http://dbpedia.org/resource/Vincent_Blondel>	Vincent Blondel	0.2775	0	0	0	2	1	0	0	0	0	0	0	0	[]	False	False	False	True	Vincent Blondel	0	0	Vincent Blondel			3807
<http://dbpedia.org/resource/Vincent_Browne>	Vincent Browne	0.2775	0	0	0	1	1	0	0	0	0	0	0	0	[]	False	False	False	True	Vincent Browne	0	0	Vincent Browne|Browne			3808
<http://dbpedia.org/resource/Vincenzo_Caglioti>	Vincenzo Caglioti	0.2775	0	0	0	1	1	0	0	0	0	0	0	0	[]	False	False	False	True	Vincenzo Caglioti	0	0	Vincenzo Caglioti|Caglioti			3809
<http://dbpedia.org/resource/Vincenzo_Di_Nicola>	Vincenzo Di Nicola	1.2113504549164988	0	7	7	0	2	0	0	0	0	0	0	0	[]	False	False	False	True	Vincenzo Di Nicola	0	0	Vincenzo Di Nicola|Nicola			3810
<http://dbpedia.org/resource/Vinod_Johri>	Vinod Johri	0.2775	0	0	0	2	2	0	0	0	0	0	0	0	[]	False	False	False	True	Vinod Johri	0	0	Vinod Johri|Johri			3811
<http://dbpedia.org/resource/Virgil_Earp>	Virgil Earp	0.34125	0	0	0	0	3	0	0	0	0	0	0	0	[]	False	False	False	True	Virgil Earp	0	0	Virgil Earp|Earp			3812
<http://dbpedia.org/resource/Virginia_Louise_Trimble>	Virginia Louise Trimble	0.673804780381554	0	6	6	0	0	0	0	0	0	0	0	0	[]	False	False	False	True	Virginia Louise Trimble	0	0	Virginia Louise Trimble|Trimble			3813
<http://dbpedia.org/resource/Vitello>	Vitello	0.3512359302573282	0	2	2	0	0	0	0	0	0	0	0	0	[]	False	False	False	True	Vitello	0	0	Vitello			3814
<http://dbpedia.org/resource/Vivian_Irish>	Vivian Irish	0.34125	0	0	0	2	1	0	0	0	0	0	0	0	[]	False	False	False	True	Vivian Irish	0	0	Vivian Irish|Irish			3815
<http://dbpedia.org/resource/Vlad_Voroninski>	Vlad Voroninski	0.405	0	0	0	2	1	0	0	0	0	0	0	0	[]	False	False	False	True	Vlad Voroninski	0	0	Vlad Voroninski|Voroninski			3816
<http://dbpedia.org/resource/Vladimir_Govyrin>	Vladimir Govyrin	0.3103310659164602	0	0	0	1	1	0	0	0	0	0	0	0	[]	False	False	False	True	Vladimir Govyrin	0	0	Vladimir Govyrin|Govyrin			3817
<http://dbpedia.org/resource/Vladimir_Prelog>	Vladimir Prelog	0.3330782172782755	0	3	3	1	6	0	0	0	0	0	0	0	[]	False	False	False	True	Vladimir Prelog	0	0	Vladimir Prelog|Prelog			3818
<http://dbpedia.org/resource/Vladimir_Vernadsky>	Vladimir Vernadsky	0.3367662824648859	1	3	4	1	2	0	0	0	0	0	0	0	[]	False	False	False	True	Vladimir Vernadsky	0	0	Vladimir Vernadsky			3819
<http://dbpedia.org/resource/Vojtěch_Jarník>	Vojtěch Jarník	0.3044415741851523	1	0	1	0	4	0	0	0	0	0	0	0	[]	False	False	False	True	Vojtech Jarnik	0	0	Vojtech Jarnik|Jarnik			3820
<http://dbpedia.org/resource/Vyacheslav_Baburin>	Vyacheslav Baburin	0.405	0	2	2	1	0	0	0	0	0	0	0	0	[]	False	False	False	True	Vyacheslav Baburin	0	0	Vyacheslav Baburin|Baburin			3821
<http://dbpedia.org/resource/W._I._Thomas>	W. I. Thomas	0.4231797675407938	1	1	2	0	1	0	0	0	0	0	0	0	[]	False	False	False	True	W. I. Thomas	0	0	W. I. Thomas			3822
<http://dbpedia.org/resource/W._Lloyd_Warner>	W. Lloyd Warner	0.4475	2	3	5	0	0	0	0	0	0	0	0	0	[]	False	False	False	True	W. Lloyd Warner	0	0	W. Lloyd Warner|Warner			3823
<http://dbpedia.org/resource/W._Ross_Ashby>	W. Ross Ashby	0.4075901001545337	8	3	11	0	3	0	0	0	0	0	0	0	[]	False	False	False	True	W. Ross Ashby	0	0	W. Ross Ashby|Ashby			3824
<http://dbpedia.org/resource/Waldo_Rudolph_Wedel>	Waldo Rudolph Wedel	0.32	0	2	2	1	1	0	0	0	0	0	0	0	[]	False	False	False	True	Waldo Rudolph Wedel	0	0	Waldo Rudolph Wedel|Wedel			3825
<http://dbpedia.org/resource/Walter_Block>	Walter Block	0.6640956970101247	1	11	12	0	0	0	0	0	0	0	0	0	[Political economy, Political philosophy, Environmental economics, Transport economics]	False	False	False	True	Walter Block	0	0	Walter Block			3826
<http://dbpedia.org/resource/Walter_Daelemans>	Walter Daelemans	0.405	0	0	0	1	2	0	0	0	0	0	0	0	[]	False	False	False	True	Walter Daelemans	0	0	Walter Daelemans|Daelemans			3827
<http://dbpedia.org/resource/Walter_Feit>	Walter Feit	0.3378436918625137	0	0	0	2	1	0	0	0	0	0	0	0	[]	False	False	False	True	Walter Feit	0	0	Walter Feit|Feit			3828
<http://dbpedia.org/resource/Walter_Fricke>	Walter Fricke	0.4351442940468261	0	4	4	0	1	0	0	0	0	0	0	0	[]	False	False	False	True	Walter Fricke	0	0	Walter Fricke|Fricke			3829
<http://dbpedia.org/resource/Walter_Murray_Wonham>	Walter Murray Wonham	0.2775	0	0	0	2	2	0	0	0	0	0	0	0	[]	False	False	False	True	Walter Murray Wonham	0	0	Walter Murray Wonham|Wonham			3830
<http://dbpedia.org/resource/Walter_Noll>	Walter Noll	0.2945874949978335	0	0	0	1	1	0	0	0	0	0	0	0	[]	False	False	False	True	Walter Noll	0	0	Walter Noll|Noll			3831
<http://dbpedia.org/resource/Walter_Rudin>	Walter Rudin	0.3084934908690398	0	0	0	0	2	0	0	0	0	0	0	0	[]	False	False	False	True	Walter Rudin	0	0	Walter Rudin|Rudin			3832
<http://dbpedia.org/resource/Walter_S._Huxford>	Walter S. Huxford	0.3300764692293174	0	2	2	3	1	0	0	0	0	0	0	0	[]	False	False	False	True	Walter S. Huxford	0	0	Walter S. Huxford|Huxford			3833
<http://dbpedia.org/resource/Walter_Thiel_(chemist)>	Walter Thiel (chemist)	0.29025	0	0	0	1	2	0	0	0	0	0	0	0	[]	False	False	False	True	Walter Thiel	0	0	Walter Thiel|Thiel			3834
<http://dbpedia.org/resource/Wander_Johannes_de_Haas>	Wander Johannes de Haas	0.2961270299985867	0	0	0	1	3	0	0	0	0	0	0	0	[]	False	False	False	True	Wander Johannes de Haas	0	0	Wander Johannes de Haas|Haas			3835
<http://dbpedia.org/resource/Wang_Zhongshu>	Wang Zhongshu	0.303	0	2	2	2	0	0	0	0	0	0	0	0	[]	False	False	False	True	Wang Zhongshu	0	0	Wang Zhongshu|Zhongshu			3836
<http://dbpedia.org/resource/Warren_H._Wagner>	Warren H. Wagner	0.3529375	0	1	1	1	0	0	0	0	0	0	0	0	[]	False	False	False	True	Warren H. Wagner	0	0	Warren H. Wagner			3837
<http://dbpedia.org/resource/Warren_Samuels>	Warren Samuels	0.310915625	0	0	0	1	2	0	0	0	0	0	0	0	[]	False	False	False	True	Warren Samuels	0	0	Warren Samuels|Samuels			3838
<http://dbpedia.org/resource/Wassily_Leontief>	Wassily Leontief	0.2886549351730125	6	1	7	2	1	0	0	0	0	0	0	0	[]	False	False	False	True	Wassily Leontief	0	0	Wassily Leontief|Leontief			3839
<http://dbpedia.org/resource/Wayne_Hankey>	Wayne Hankey	0.2876421747612471	0	1	1	0	0	0	0	0	0	0	0	0	[]	False	False	False	True	Wayne Hankey	0	0	Wayne Hankey|Hankey			3840
<http://dbpedia.org/resource/Wayne_Osgood>	Wayne Osgood	0.2775	0	0	0	0	1	0	0	0	0	0	0	0	[]	False	False	False	True	Wayne Osgood	0	0	Wayne Osgood|Osgood			3841
<http://dbpedia.org/resource/Wendell_Mitchell_Latimer>	Wendell Mitchell Latimer	0.307995255862337	0	0	0	2	1	0	0	0	0	0	0	0	[]	False	False	False	True	Wendell Mitchell Latimer	0	0	Wendell Mitchell Latimer|Latimer			3842
<http://dbpedia.org/resource/Wendy_Johnson>	Wendy Johnson	0.351082259468731	0	0	0	0	2	0	0	0	0	0	0	0	[]	False	False	False	True	Wendy Johnson	0	0	Wendy Johnson			3843
<http://dbpedia.org/resource/Wendy_Suzuki>	Wendy Suzuki	0.3362916666666667	0	0	0	2	3	0	0	0	0	0	0	0	[]	False	False	False	True	Wendy Suzuki	0	0	Wendy Suzuki|Suzuki			3844
<http://dbpedia.org/resource/Werner_De_Bondt>	Werner De Bondt	0.4876039156378077	0	7	7	1	0	0	0	0	0	0	0	0	[Behavioral finance, Behavioral economics]	False	False	False	True	Werner De Bondt	0	0	Werner De Bondt|Bondt			3845
<http://dbpedia.org/resource/Werner_E._Reichardt>	Werner E. Reichardt	0.4239084049684301	0	1	1	0	0	0	0	0	0	0	0	0	[]	False	False	False	True	Werner E. Reichardt	0	0	Werner E. Reichardt|Reichardt			3846
<http://dbpedia.org/resource/Werner_Landgraf>	Werner Landgraf	0.7427421985677083	0	5	5	0	0	0	0	0	0	0	0	0	[]	False	False	False	True	Werner Landgraf	0	0	Werner Landgraf|Landgraf			3847
<http://dbpedia.org/resource/Werner_Rolfinck>	Werner Rolfinck	0.3918171976198263	0	0	0	0	2	0	0	0	0	0	0	0	[]	False	False	False	True	Werner Rolfinck	0	0	Werner Rolfinck|Rolfinck			3848
<http://dbpedia.org/resource/Wiktor_Eckhaus>	Wiktor Eckhaus	0.2775	0	0	0	1	2	0	0	0	0	0	0	0	[]	False	False	False	True	Wiktor Eckhaus	0	0	Wiktor Eckhaus|Eckhaus			3849
<http://dbpedia.org/resource/Wil_van_der_Aalst>	Wil van der Aalst	0.3364687500000001	0	0	0	0	2	0	0	0	0	0	0	0	[]	False	False	False	True	Wil van der Aalst	0	0	Wil van der Aalst|Aalst			3850
<http://dbpedia.org/resource/Wilfred_Stein>	Wilfred Stein	0.5325000000000001	12	3	15	0	0	0	0	0	0	0	0	0	[]	False	False	False	True	Wilfred Stein	0	0	Wilfred Stein			3851
<http://dbpedia.org/resource/Wilfred_Talbot_Smith>	Wilfred Talbot Smith	0.321844342643487	1	2	3	0	0	0	0	0	0	0	0	0	[]	False	False	False	True	Wilfred Talbot Smith	0	0	Wilfred Talbot Smith			3852
<http://dbpedia.org/resource/Wilhelm_Eduard_Weber>	Wilhelm Eduard Weber	0.4517216242166076	0	0	0	2	4	0	0	0	0	0	0	0	[]	False	False	False	True	Wilhelm Eduard Weber	0	0	Wilhelm Eduard Weber			3853
<http://dbpedia.org/resource/Wilhelm_Georg_Friedrich_Roscher>	Wilhelm Georg Friedrich Roscher	0.6078849413172435	0	3	3	0	0	0	0	0	0	0	0	0	[Economics]	False	False	False	True	Wilhelm Georg Friedrich Roscher	0	0	Wilhelm Georg Friedrich Roscher|Roscher			3854
<http://dbpedia.org/resource/Wilhelm_Grube>	Wilhelm Grube	0.2775	0	0	0	0	1	0	0	0	0	0	0	0	[]	False	False	False	True	Wilhelm Grube	0	0	Wilhelm Grube|Grube			3855
<http://dbpedia.org/resource/Wilhelm_Kühne>	Wilhelm Kühne	0.38817690569935	0	1	1	1	4	0	0	0	0	0	0	0	[]	False	False	False	True	Wilhelm Kuhne	0	0	Wilhelm Kuhne|Kuhne			3856
<http://dbpedia.org/resource/Wilhelmine_Key>	Wilhelmine Key	0.4132454583640481	0	1	1	0	0	0	0	0	0	0	0	0	[]	False	False	False	True	Wilhelmine Key	0	0	Wilhelmine Key			3857
<http://dbpedia.org/resource/Willebrord_Snellius>	Willebrord Snellius	0.3625	0	1	1	1	1	0	0	0	0	0	0	0	[]	False	False	False	True	Willebrord Snellius	0	0	Willebrord Snellius|Snellius			3858
<http://dbpedia.org/resource/Willem_'s_Gravesande>	Willem 's Gravesande	0.2973023497367266	1	1	2	1	1	0	0	0	0	0	0	0	[]	False	False	False	True	Willem 's Gravesande	0	0	Willem 's Gravesande|Gravesande			3859
<http://dbpedia.org/resource/William_A._Barnett>	William A. Barnett	0.3143691328389814	1	5	6	3	0	0	0	0	0	0	0	0	[Macroeconomics]	False	False	False	True	William A. Barnett	0	0	William A. Barnett|Barnett			3860
<http://dbpedia.org/resource/William_A._Catterall>	William A. Catterall	0.2775	0	1	1	2	1	0	0	0	0	0	0	0	[]	False	False	False	True	William A. Catterall	0	0	William A. Catterall|Catterall			3861
<http://dbpedia.org/resource/William_A._Earle>	William A. Earle	0.3804191914034533	3	4	7	0	0	0	0	0	0	0	0	0	[]	False	False	False	True	William A. Earle	0	0	William A. Earle|Earle			3862
<http://dbpedia.org/resource/William_Aaron_Woods>	William Aaron Woods	0.2775	0	0	0	2	3	0	0	0	0	0	0	0	[]	False	False	False	True	William Aaron Woods	0	0	William Aaron Woods			3863
<http://dbpedia.org/resource/William_Aiton>	William Aiton	0.2775	1	1	2	0	1	0	0	0	0	0	0	0	[]	False	False	False	True	William Aiton	0	0	William Aiton|Aiton			3864
<http://dbpedia.org/resource/William_Baumol>	William Baumol	0.2850850093310071	5	2	7	2	0	0	0	0	0	0	0	0	[Entrepreneurship, Microeconomics, Industrial organization]	False	False	False	True	William Baumol	0	0	William Baumol|Baumol			3865
<http://dbpedia.org/resource/William_Blakely>	William Blakely	0.2775	0	1	1	0	0	0	0	0	0	0	0	0	[]	False	False	False	True	William Blakely	0	0	William Blakely|Blakely			3866
<http://dbpedia.org/resource/William_Clinger_(computer_scientist)>	William Clinger (computer scientist)	0.3055646322472531	0	2	2	0	2	0	0	0	0	0	0	0	[]	False	False	False	True	William Clinger	0	0	William Clinger|Clinger			3867
<http://dbpedia.org/resource/William_Clyde_Martin_Jr.>	William Clyde Martin Jr.	0.558454866186105	0	3	3	2	0	0	0	0	0	0	0	0	[]	False	False	False	True	William Clyde Martin Jr.	0	0	William Clyde Martin Jr.			3868
<http://dbpedia.org/resource/William_Conklin_Cusick>	William Conklin Cusick	0.4315873724157821	0	3	3	0	0	0	0	0	0	0	0	0	[]	False	False	False	True	William Conklin Cusick	0	0	William Conklin Cusick|Cusick			3869
<http://dbpedia.org/resource/William_Couper_(naturalist)>	William Couper (naturalist)	0.2775	2	1	3	0	0	0	0	0	0	0	0	0	[]	False	False	False	True	William Couper	0	0	William Couper|Couper			3870
<http://dbpedia.org/resource/William_D._Sellers>	William D. Sellers	0.2927855234375	0	0	0	2	3	0	0	0	0	0	0	0	[]	False	False	False	True	William D. Sellers	0	0	William D. Sellers|Sellers			3871
<http://dbpedia.org/resource/William_E._Blackstone>	William E. Blackstone	0.5325000000000001	1	3	4	0	0	0	0	0	0	0	0	0	[]	False	False	False	True	William E. Blackstone	0	0	William E. Blackstone			3872
<http://dbpedia.org/resource/William_E._Castle>	William E. Castle	0.2775	1	1	2	0	1	0	0	0	0	0	0	0	[]	False	False	False	True	William E. Castle	0	0	William E. Castle|Castle			3873
<http://dbpedia.org/resource/William_E._Connolly>	William E. Connolly	0.3465450664439478	1	4	5	0	0	0	0	0	0	0	0	0	[]	False	False	False	True	William E. Connolly	0	0	William E. Connolly|Connolly			3874
<http://dbpedia.org/resource/William_E._Moerner>	William E. Moerner	0.32	1	0	1	2	0	0	0	0	0	0	0	0	[]	False	False	False	True	William E. Moerner	0	0	William E. Moerner|Moerner			3875
<http://dbpedia.org/resource/William_Eaton_(scientist)>	William Eaton (scientist)	0.7685143987790434	2	8	10	1	0	0	0	0	0	0	0	0	[]	False	False	False	True	William Eaton	0	0	William Eaton			3876
<http://dbpedia.org/resource/William_F._Buckley_Jr.>	William F. Buckley Jr.	0.3276955610926916	0	3	3	1	0	0	0	0	0	0	0	0	[]	False	False	False	True	William F. Buckley Jr.	0	0	William F. Buckley Jr.			3877
<http://dbpedia.org/resource/William_Feller__William_Feller__1>	William Feller  William Feller  1	0.2846225605815946	0	1	1	2	10	0	0	0	0	0	0	0	[]	False	False	False	True	William Feller	0	0	William Feller			3878
<http://dbpedia.org/resource/William_Fletcher_Shaw>	William Fletcher Shaw	0.385875	0	1	1	0	1	0	0	0	0	0	0	0	[]	False	False	False	True	William Fletcher Shaw	0	0	William Fletcher Shaw			3879
<http://dbpedia.org/resource/William_G._Pollard>	William G. Pollard	0.2775	0	1	1	0	3	0	0	0	0	0	0	0	[]	False	False	False	True	William G. Pollard	0	0	William G. Pollard			3880
<http://dbpedia.org/resource/William_H._Poteat>	William H. Poteat	0.6632970319216303	0	8	8	0	0	0	0	0	0	0	0	0	[]	False	False	False	True	William H. Poteat	0	0	William H. Poteat|Poteat			3881
<http://dbpedia.org/resource/William_Healey_Dall>	William Healey Dall	0.4318486193655607	4	6	10	0	1	0	0	0	0	0	0	0	[]	False	False	False	True	William Healey Dall	0	0	William Healey Dall|Dall			3882
<http://dbpedia.org/resource/William_Henry_Chamberlin_(philosopher)>	William Henry Chamberlin (philosopher)	0.2961282271256166	1	2	3	0	0	0	0	0	0	0	0	0	[]	False	False	False	True	William Henry Chamberlin	0	0	William Henry Chamberlin|Chamberlin			3883
<http://dbpedia.org/resource/William_Henry_Long>	William Henry Long	0.2775	0	0	0	0	2	0	0	0	0	0	0	0	[]	False	False	False	True	William Henry Long	0	0	William Henry Long			3884
<http://dbpedia.org/resource/William_Irwin_Thompson>	William Irwin Thompson	0.2886608070263483	0	3	3	0	0	0	0	0	0	0	0	0	[]	False	False	False	True	William Irwin Thompson	0	0	William Irwin Thompson			3885
<http://dbpedia.org/resource/William_J._Clench>	William J. Clench	0.3320416666666667	0	1	1	2	0	0	0	0	0	0	0	0	[]	False	False	False	True	William J. Clench	0	0	William J. Clench|Clench			3886
<http://dbpedia.org/resource/William_J._McGuire>	William J. McGuire	0.2775	0	1	1	0	2	0	0	0	0	0	0	0	[]	False	False	False	True	William J. McGuire	0	0	William J. McGuire|McGuire			3887
<http://dbpedia.org/resource/William_J._Samarin>	William J. Samarin	0.2775	0	0	0	1	2	0	0	0	0	0	0	0	[]	False	False	False	True	William J. Samarin	0	0	William J. Samarin|Samarin			3888
<http://dbpedia.org/resource/William_Kaye_Estes>	William Kaye Estes	0.3100456219068665	2	1	3	1	1	0	0	0	0	0	0	0	[]	False	False	False	True	William Kaye Estes	0	0	William Kaye Estes|Estes			3889
<http://dbpedia.org/resource/William_Keeton>	William Keeton	0.2775	0	0	0	3	2	0	0	0	0	0	0	0	[]	False	False	False	True	William Keeton	0	0	William Keeton|Keeton			3890
<http://dbpedia.org/resource/William_Louis_Culberson>	William Louis Culberson	0.324675	0	1	1	3	0	0	0	0	0	0	0	0	[]	False	False	False	True	William Louis Culberson	0	0	William Louis Culberson|Culberson			3891
<http://dbpedia.org/resource/William_M._Boothby>	William M. Boothby	0.2868666001648066	0	0	0	0	1	0	0	0	0	0	0	0	[]	False	False	False	True	William M. Boothby	0	0	William M. Boothby|Boothby			3892
<http://dbpedia.org/resource/William_Monroe_Trotter>	William Monroe Trotter	0.34125	0	2	2	1	0	0	0	0	0	0	0	0	[]	False	False	False	True	William Monroe Trotter	0	0	William Monroe Trotter|Trotter			3893
<http://dbpedia.org/resource/William_Poole>	William Poole	0.34125	0	0	0	0	5	0	0	0	0	0	0	0	[]	False	False	False	True	William Poole	0	0	William Poole|Poole			3894
<http://dbpedia.org/resource/William_T._G._Morton>	William T. G. Morton	0.34125	0	2	2	0	0	0	0	0	0	0	0	0	[]	False	False	False	True	William T. G. Morton	0	0	William T. G. Morton			3895
<http://dbpedia.org/resource/William_T._Stearn>	William T. Stearn	0.5076139499289772	6	6	12	0	3	0	0	0	0	0	0	0	[]	False	False	False	True	William T. Stearn	0	0	William T. Stearn|Stearn			3896
<http://dbpedia.org/resource/Wim_Crusio>	Wim Crusio	0.456	0	2	2	1	2	0	0	0	0	0	0	0	[]	False	False	False	True	Wim Crusio	0	0	Wim Crusio|Crusio			3897
<http://dbpedia.org/resource/Wincenty_Lutosławski>	Wincenty Lutosławski	1.5078240957701083	1	11	12	0	0	0	0	0	0	0	0	0	[]	False	False	False	True	Wincenty Lutosławski	0	0	Wincenty Lutosławski|Lutosławski			3898
<http://dbpedia.org/resource/Winifred_Rushforth>	Winifred Rushforth	0.4071372828416355	2	2	4	1	1	0	0	0	0	0	0	0	[]	False	False	False	True	Winifred Rushforth	0	0	Winifred Rushforth|Rushforth			3899
<http://dbpedia.org/resource/Wolfgang_Amadeus_Mozart>	Wolfgang Amadeus Mozart	0.2775	1	0	1	0	0	0	0	0	0	0	0	0	[]	False	False	False	True	Wolfgang Amadeus Mozart	0	0	Wolfgang Amadeus Mozart|Mozart			3900
<http://dbpedia.org/resource/Wolfgang_Kasper>	Wolfgang Kasper	0.495686899642913	0	5	5	2	0	0	0	0	0	0	0	0	[Political economy, Institutional economics]	False	False	False	True	Wolfgang Kasper	0	0	Wolfgang Kasper|Kasper			3901
<http://dbpedia.org/resource/Wolfgang_Ketterle>	Wolfgang Ketterle	0.4294673828125001	0	1	1	4	3	0	0	0	0	0	0	0	[]	False	False	False	True	Wolfgang Ketterle	0	0	Wolfgang Ketterle|Ketterle			3902
<http://dbpedia.org/resource/Wolfgang_Pree>	Wolfgang Pree	0.2775	0	0	0	1	1	0	0	0	0	0	0	0	[]	False	False	False	True	Wolfgang Pree	0	0	Wolfgang Pree|Pree			3903
<http://dbpedia.org/resource/Wolfgang_Steglich>	Wolfgang Steglich	0.2775	0	0	0	1	3	0	0	0	0	0	0	0	[]	False	False	False	True	Wolfgang Steglich	0	0	Wolfgang Steglich|Steglich			3904
<http://dbpedia.org/resource/Wolfgang_Tillmans>	Wolfgang Tillmans	0.385875	0	1	1	0	0	0	0	0	0	0	0	0	[]	False	False	False	True	Wolfgang Tillmans	0	0	Wolfgang Tillmans|Tillmans			3905
<http://dbpedia.org/resource/Wright_brothers>	Wright brothers	0.46875	0	0	0	0	3	0	0	0	0	0	0	0	[]	False	False	False	True	Wright brothers	0	0	Wright brothers|brothers			3906
<http://dbpedia.org/resource/Wynne_Godley>	Wynne Godley	0.4498046459035554	6	4	10	0	0	0	0	0	0	0	0	0	[Monetary economics]	False	False	False	True	Wynne Godley	0	0	Wynne Godley|Godley			3907
<http://dbpedia.org/resource/Władysław_Ślebodziński>	Władysław Ślebodziński	0.2926095549242424	0	0	0	1	1	0	0	0	0	0	0	0	[]	False	False	False	True	Władysław Slebodzinski	0	0	Władysław Slebodzinski|Slebodzinski			3908
<http://dbpedia.org/resource/Władysław_Turowicz>	Władysław Turowicz	0.2775	1	0	1	2	2	0	0	0	0	0	0	0	[]	False	False	False	True	Władysław Turowicz	0	0	Władysław Turowicz|Turowicz			3909
<http://dbpedia.org/resource/Xu_Zidong>	Xu Zidong	0.66	5	4	9	3	0	0	0	0	0	0	0	0	[]	False	False	False	True	Xu Zidong	0	0	Xu Zidong|Zidong			3910
<http://dbpedia.org/resource/Yakov_Zeldovich>	Yakov Zeldovich	0.29875	1	1	2	1	21	0	0	0	0	0	0	0	[]	False	False	False	True	Yakov Zeldovich	0	0	Yakov Zeldovich|Zeldovich			3911
<http://dbpedia.org/resource/Yana_Milev>	Yana Milev	0.2907346867081024	0	1	1	0	0	0	0	0	0	0	0	0	[]	False	False	False	True	Yana Milev	0	0	Yana Milev|Milev			3912
<http://dbpedia.org/resource/Yang_Kuan>	Yang Kuan	0.3646250000000001	0	2	2	1	1	0	0	0	0	0	0	0	[]	False	False	False	True	Yang Kuan	0	0	Yang Kuan|Kuan			3913
<http://dbpedia.org/resource/Yaşar_Nuri_Öztürk>	Yaşar Nuri Öztürk	3.0894358951177363	4	22	26	0	0	0	0	0	0	0	0	0	[]	False	False	False	True	Yasar Nuri Ozturk	0	0	Yasar Nuri Ozturk|Ozturk			3914
<http://dbpedia.org/resource/Yasutomi_Nishizuka>	Yasutomi Nishizuka	0.2957142857142857	0	0	0	1	1	0	0	0	0	0	0	0	[]	False	False	False	True	Yasutomi Nishizuka	0	0	Yasutomi Nishizuka|Nishizuka			3915
<http://dbpedia.org/resource/Yi_Zhang_(biochemist)>	Yi Zhang (biochemist)	0.2775	0	0	0	0	4	0	0	0	0	0	0	0	[]	False	False	False	True	Yi Zhang	0	0	Yi Zhang			3916
<http://dbpedia.org/resource/Yigal_Meir>	Yigal Meir	0.3762288676052353	0	0	0	1	4	0	0	0	0	0	0	0	[]	False	False	False	True	Yigal Meir	0	0	Yigal Meir			3917
<http://dbpedia.org/resource/Yihui_Xie>	Yihui Xie	0.3570043572704273	0	0	0	2	2	0	0	0	0	0	0	0	[]	False	False	False	True	Yihui Xie	0	0	Yihui Xie			3918
<http://dbpedia.org/resource/Yitzhak_Mastai>	Yitzhak Mastai	0.405	0	0	0	2	1	0	0	0	0	0	0	0	[]	False	False	False	True	Yitzhak Mastai	0	0	Yitzhak Mastai|Mastai			3919
<http://dbpedia.org/resource/Yōji_Takikawa>	Yōji Takikawa	0.405	2	2	4	3	0	0	0	0	0	0	0	0	[]	False	False	False	True	Yoji Takikawa	0	0	Yoji Takikawa|Takikawa			3920
<http://dbpedia.org/resource/Yongjie_Jessica_Zhang>	Yongjie Jessica Zhang	0.3055268027459021	0	0	0	2	3	0	0	0	0	0	0	0	[]	False	False	False	True	Yongjie Jessica Zhang	0	0	Yongjie Jessica Zhang			3921
<http://dbpedia.org/resource/Yu_Deuk-gong>	Yu Deuk-gong	0.289006250201215	0	1	1	0	0	0	0	0	0	0	0	0	[]	False	False	False	True	Yu Deuk-gong	0	0	Yu Deuk-gong|Deuk-gong			3922
<http://dbpedia.org/resource/Yu_Min_(physicist)>	Yu Min (physicist)	0.3256867059754404	0	2	2	0	0	0	0	0	0	0	0	0	[]	False	False	False	True	Yu Min	0	0	Yu Min			3923
<http://dbpedia.org/resource/Yuri_Isakov>	Yuri Isakov	0.34433125	0	1	1	1	0	0	0	0	0	0	0	0	[]	False	False	False	True	Yuri Isakov	0	0	Yuri Isakov|Isakov			3924
<http://dbpedia.org/resource/Yuri_Lazurkin>	Yuri Lazurkin	0.2775	0	0	0	0	1	0	0	0	0	0	0	0	[]	False	False	False	True	Yuri Lazurkin	0	0	Yuri Lazurkin|Lazurkin			3925
<http://dbpedia.org/resource/Yvonne_Agazarian>	Yvonne Agazarian	0.304612561525365	0	2	2	1	1	0	0	0	0	0	0	0	[]	False	False	False	True	Yvonne Agazarian	0	0	Yvonne Agazarian|Agazarian			3926
<http://dbpedia.org/resource/Zdzisław_Bubnicki>	Zdzisław Bubnicki	0.2775	0	0	0	1	5	0	0	0	0	0	0	0	[]	False	False	False	True	Zdzisław Bubnicki	0	0	Zdzisław Bubnicki|Bubnicki			3927
<http://dbpedia.org/resource/Zena_Werb>	Zena Werb	0.4446208463541666	0	1	1	0	1	0	0	0	0	0	0	0	[]	False	False	False	True	Zena Werb	0	0	Zena Werb|Werb			3928
<http://dbpedia.org/resource/Zhang_Weiwei_(professor)>	Zhang Weiwei (professor)	0.7040616883745537	0	8	8	0	0	0	0	0	0	0	0	0	[]	False	False	False	True	Zhang Weiwei	0	0	Zhang Weiwei|Weiwei			3929
<http://dbpedia.org/resource/Zhiming_Liu_(computer_scientist)>	Zhiming Liu (computer scientist)	0.3084278802488344	0	3	3	2	1	0	0	0	0	0	0	0	[]	False	False	False	True	Zhiming Liu	0	0	Zhiming Liu			3930
<http://dbpedia.org/resource/Ziya_Gökalp>	Ziya Gökalp	0.3560583804557702	3	3	6	0	0	0	0	0	0	0	0	0	[]	False	False	False	True	Ziya Gokalp	0	0	Ziya Gokalp|Gokalp			3931
<http://dbpedia.org/resource/Zlatko_Tesanovic>	Zlatko Tesanovic	0.2775	8	1	9	2	0	0	0	0	0	0	0	0	[]	False	False	False	True	Zlatko Tesanovic	0	0	Zlatko Tesanovic|Tesanovic			3932
<http://dbpedia.org/resource/Zoilus>	Zoilus	0.34125	0	2	2	0	0	0	0	0	0	0	0	0	[]	False	False	False	True	Zoilus	0	0	Zoilus			3933
<http://dbpedia.org/resource/Zygmunt_Bauman>	Zygmunt Bauman	0.3052240760208016	2	5	7	0	0	0	0	0	0	0	0	0	[]	False	False	False	True	Zygmunt Bauman	0	0	Zygmunt Bauman|Bauman			3934
<http://dbpedia.org/resource/Zygmunt_Ziembiński>	Zygmunt Ziembiński	0.3988965216466064	0	3	3	1	1	0	0	0	0	0	0	0	[]	False	False	False	True	Zygmunt Ziembinski	0	0	Zygmunt Ziembinski|Ziembinski			3935
<http://dbpedia.org/resource/Øystein_Sørensen>	Øystein Sørensen	0.385875	0	1	1	0	0	0	0	0	0	0	0	0	[]	False	False	False	True	Øystein Sørensen	0	0	Øystein Sørensen|Sørensen			3936
